/*******************************************************************************
 * Size: 26 px
 * Bpp: 4
 * Opts: --font /fonts/Fraunces_72pt-SemiBold.ttf -o /fonts/disp_26_data.c --size 26 --bpp 4 --format lvgl --no-compress --range 0x20-0x7F,0xC0-0xFF,0x11E-0x11F,0x130-0x131,0x15E-0x15F
 ******************************************************************************/

#ifdef __has_include
    #if __has_include("lvgl.h")
        #ifndef LV_LVGL_H_INCLUDE_SIMPLE
            #define LV_LVGL_H_INCLUDE_SIMPLE
        #endif
    #endif
#endif

#ifdef LV_LVGL_H_INCLUDE_SIMPLE
    #include "lvgl.h"
#else
    #include "lvgl/lvgl.h"
#endif



#ifndef DISP_26_DATA
#define DISP_26_DATA 1
#endif

#if DISP_26_DATA

/*-----------------
 *    BITMAPS
 *----------------*/

/*Store the image of the glyphs*/
static LV_ATTRIBUTE_LARGE_CONST const uint8_t glyph_bitmap[] = {
    /* U+0020 " " */

    /* U+0021 "!" */
    0x0b, 0xfe, 0x46, 0xff, 0xfc, 0x6f, 0xff, 0xc3,
    0xff, 0xf9, 0x0f, 0xff, 0x70, 0xef, 0xf4, 0x0b,
    0xff, 0x20, 0x9f, 0xf0, 0x06, 0xfc, 0x00, 0x4f,
    0xa0, 0x02, 0xf7, 0x00, 0x0f, 0x50, 0x00, 0xc2,
    0x00, 0x01, 0x00, 0x00, 0x31, 0x01, 0xdf, 0xf4,
    0x6f, 0xff, 0xb5, 0xff, 0xfa, 0x09, 0xfc, 0x10,

    /* U+0022 "\"" */
    0x1c, 0xe5, 0x07, 0xeb, 0x06, 0xff, 0xb0, 0xef,
    0xf3, 0x5f, 0xfa, 0x0d, 0xff, 0x23, 0xff, 0x70,
    0xbf, 0xf0, 0x0f, 0xf5, 0x08, 0xfd, 0x00, 0xef,
    0x20, 0x6f, 0xa0, 0x0b, 0xf0, 0x03, 0xf7, 0x00,
    0x9c, 0x00, 0x1f, 0x40, 0x06, 0x80, 0x00, 0xd1,
    0x00,

    /* U+0023 "#" */
    0x00, 0x00, 0x00, 0x00, 0x00, 0x00, 0x00, 0x00,
    0x00, 0x00, 0x00, 0x05, 0x80, 0x00, 0xb2, 0x00,
    0x00, 0x00, 0x00, 0x0a, 0x50, 0x00, 0xe0, 0x00,
    0x00, 0x00, 0x00, 0x0d, 0x10, 0x04, 0xa0, 0x00,
    0x00, 0x00, 0x00, 0x1c, 0x00, 0x08, 0x50, 0x00,
    0x00, 0x00, 0x00, 0x58, 0x00, 0x0c, 0x10, 0x00,
    0x00, 0x00, 0x00, 0x93, 0x00, 0x0c, 0x00, 0x00,
    0x06, 0xcc, 0xcc, 0xfc, 0xcc, 0xdd, 0xcc, 0xc5,
    0x00, 0x00, 0x01, 0xa0, 0x00, 0x83, 0x00, 0x00,
    0x00, 0x00, 0x06, 0x50, 0x00, 0xb0, 0x00, 0x00,
    0x00, 0x00, 0x0a, 0x10, 0x01, 0x90, 0x00, 0x00,
    0x00, 0x00, 0x0b, 0x00, 0x05, 0x50, 0x00, 0x00,
    0x5c, 0xcc, 0xde, 0xcc, 0xcf, 0xdc, 0xcc, 0x70,
    0x00, 0x00, 0x94, 0x00, 0x0c, 0x00, 0x00, 0x00,
    0x00, 0x00, 0xd0, 0x00, 0x49, 0x00, 0x00, 0x00,
    0x00, 0x03, 0xb0, 0x00, 0x94, 0x00, 0x00, 0x00,
    0x00, 0x07, 0x70, 0x00, 0xe0, 0x00, 0x00, 0x00,
    0x00, 0x0c, 0x30, 0x03, 0xc0, 0x00, 0x00, 0x00,
    0x00, 0x0e, 0x00, 0x07, 0x70, 0x00, 0x00, 0x00,
    0x00, 0x00, 0x00, 0x00, 0x00, 0x00, 0x00, 0x00,

    /* U+0024 "$" */
    0x00, 0x00, 0x00, 0x0d, 0x20, 0x00, 0x00, 0x00,
    0x00, 0x00, 0x0e, 0x30, 0x00, 0x00, 0x00, 0x00,
    0x6b, 0x9e, 0xac, 0xa3, 0x00, 0x00, 0x2d, 0xf3,
    0x0d, 0x22, 0xff, 0x90, 0x00, 0xef, 0x80, 0x0c,
    0x10, 0x9f, 0xf6, 0x07, 0xff, 0x60, 0x0b, 0x00,
    0x7f, 0xfb, 0x0b, 0xff, 0x80, 0x0a, 0x00, 0x7f,
    0xfc, 0x0b, 0xff, 0xe1, 0x09, 0x00, 0x1a, 0xc4,
    0x08, 0xff, 0xfe, 0x49, 0x00, 0x00, 0x00, 0x02,
    0xff, 0xff, 0xff, 0x71, 0x00, 0x00, 0x00, 0x4f,
    0xff, 0xff, 0xff, 0xa1, 0x00, 0x00, 0x02, 0xaf,
    0xff, 0xff, 0xff, 0x40, 0x00, 0x00, 0x02, 0x8f,
    0xff, 0xff, 0xf2, 0x00, 0x00, 0x00, 0x09, 0x5e,
    0xff, 0xf9, 0x07, 0xd9, 0x00, 0x09, 0x01, 0xef,
    0xfd, 0x0f, 0xff, 0x30, 0x0a, 0x00, 0x8f, 0xfd,
    0x0f, 0xff, 0x30, 0x0c, 0x00, 0x6f, 0xf9, 0x08,
    0xff, 0x50, 0x0d, 0x00, 0x8f, 0xf2, 0x00, 0xaf,
    0xd1, 0x1e, 0x02, 0xff, 0x40, 0x00, 0x03, 0x9c,
    0xaf, 0x9c, 0x71, 0x00, 0x00, 0x00, 0x00, 0x2f,
    0x00, 0x00, 0x00, 0x00, 0x00, 0x00, 0x1e, 0x00,
    0x00, 0x00,

    /* U+0025 "%" */
    0x00, 0x00, 0x00, 0x00, 0x00, 0x00, 0x00, 0x10,
    0x00, 0x00, 0x4c, 0xaa, 0xc4, 0x00, 0x00, 0x02,
    0xf5, 0x00, 0x05, 0xfb, 0x00, 0xcf, 0x50, 0x00,
    0x0b, 0xd0, 0x00, 0x0e, 0xf6, 0x00, 0x7f, 0xe0,
    0x00, 0x5f, 0x20, 0x00, 0x3f, 0xf5, 0x00, 0x5f,
    0xf2, 0x00, 0xe6, 0x00, 0x00, 0x4f, 0xf4, 0x00,
    0x5f, 0xf4, 0x08, 0xb0, 0x00, 0x00, 0x4f, 0xf5,
    0x00, 0x5f, 0xf3, 0x2e, 0x10, 0x00, 0x00, 0x1f,
    0xf7, 0x00, 0x8f, 0xf0, 0xb4, 0x00, 0x00, 0x00,
    0x0a, 0xfd, 0x00, 0xdf, 0x85, 0x80, 0x00, 0x00,
    0x00, 0x00, 0xbf, 0xdd, 0xf9, 0x04, 0x01, 0x56,
    0x30, 0x00, 0x00, 0x02, 0x55, 0x20, 0x40, 0x7f,
    0xec, 0xfd, 0x20, 0x00, 0x00, 0x00, 0x04, 0x95,
    0xff, 0x10, 0x9f, 0xd0, 0x00, 0x00, 0x00, 0x1d,
    0x1c, 0xfb, 0x00, 0x4f, 0xf4, 0x00, 0x00, 0x00,
    0xb6, 0x0f, 0xf9, 0x00, 0x1f, 0xf7, 0x00, 0x00,
    0x06, 0xc0, 0x0f, 0xf8, 0x00, 0x1f, 0xf8, 0x00,
    0x00, 0x2f, 0x30, 0x0f, 0xf9, 0x00, 0x1f, 0xf6,
    0x00, 0x00, 0xd9, 0x00, 0x0b, 0xfb, 0x00, 0x3f,
    0xf1, 0x00, 0x09, 0xe1, 0x00, 0x02, 0xfe, 0x00,
    0x8f, 0x80, 0x00, 0x1f, 0x60, 0x00, 0x00, 0x3b,
    0xb9, 0xc6, 0x00, 0x00, 0x03, 0x00, 0x00, 0x00,
    0x00, 0x00, 0x00, 0x00,

    /* U+0026 "&" */
    0x00, 0x00, 0x27, 0xaa, 0xaa, 0xaa, 0xa6, 0x10,
    0x00, 0x00, 0x00, 0x00, 0x01, 0x9e, 0x50, 0x00,
    0x00, 0x00, 0x5a, 0x81, 0x00, 0x00, 0x00, 0x01,
    0xde, 0x10, 0x00, 0x00, 0x00, 0x00, 0x03, 0xb4,
    0x00, 0x00, 0x00, 0xaf, 0x90, 0x00, 0x02, 0x9b,
    0xad, 0x80, 0x00, 0xa6, 0x00, 0x00, 0x1f, 0xf7,
    0x00, 0x04, 0xfe, 0x10, 0xcf, 0xc0, 0x00, 0x96,
    0x00, 0x03, 0xff, 0xc0, 0x00, 0xef, 0x90, 0x08,
    0xff, 0x40, 0x00, 0xb3, 0x00, 0x3f, 0xff, 0x30,
    0x6f, 0xf7, 0x00, 0x8f, 0xf5, 0x00, 0x01, 0xc0,
    0x00, 0xef, 0xf3, 0x09, 0xff, 0x80, 0x0b, 0xff,
    0x20, 0x00, 0x08, 0x50, 0x02, 0x74, 0x00, 0x9f,
    0xfa, 0x03, 0xff, 0x70, 0x00, 0x00, 0x1b, 0x00,
    0x00, 0x00, 0x08, 0xff, 0xe7, 0xeb, 0x30, 0x5f,
    0xe2, 0x00, 0xb0, 0x00, 0x04, 0xad, 0xbf, 0xff,
    0x50, 0x00, 0x0b, 0xff, 0x80, 0x08, 0x30, 0x0b,
    0xff, 0x31, 0xff, 0xfb, 0x00, 0x00, 0x8f, 0xf7,
    0x00, 0x65, 0x0b, 0xff, 0x90, 0x0a, 0xff, 0xf5,
    0x00, 0x04, 0xff, 0x30, 0x05, 0x52, 0xff, 0xf5,
    0x00, 0x2f, 0xff, 0xe1, 0x00, 0x6f, 0xb0, 0x00,
    0x64, 0x6f, 0xff, 0x50, 0x00, 0x9f, 0xff, 0xb0,
    0x0d, 0xc1, 0x00, 0x09, 0x25, 0xff, 0xf8, 0x00,
    0x00, 0xdf, 0xff, 0x9a, 0x80, 0x00, 0x01, 0xb0,
    0x1f, 0xff, 0xf2, 0x00, 0x02, 0xff, 0xff, 0xa0,
    0x00, 0x00, 0xb4, 0x00, 0x8f, 0xff, 0xe8, 0x57,
    0xc6, 0xdf, 0xff, 0xd7, 0x57, 0xd6, 0x00, 0x00,
    0x5b, 0xff, 0xfc, 0x71, 0x00, 0x6b, 0xef, 0xfd,
    0x92, 0x00, 0x00,

    /* U+0027 "'" */
    0x1c, 0xe5, 0x6f, 0xfb, 0x5f, 0xfa, 0x3f, 0xf7,
    0x0f, 0xf5, 0x0e, 0xf2, 0x0b, 0xf0, 0x09, 0xc0,
    0x06, 0x80,

    /* U+0028 "(" */
    0x00, 0x00, 0x00, 0x66, 0x00, 0x00, 0x2c, 0xd0,
    0x00, 0x02, 0xef, 0x20, 0x00, 0x0d, 0xf8, 0x00,
    0x00, 0x7f, 0xf1, 0x00, 0x01, 0xff, 0xa0, 0x00,
    0x06, 0xff, 0x50, 0x00, 0x0c, 0xff, 0x10, 0x00,
    0x0f, 0xfe, 0x00, 0x00, 0x2f, 0xfc, 0x00, 0x00,
    0x3f, 0xfb, 0x00, 0x00, 0x3f, 0xfb, 0x00, 0x00,
    0x2f, 0xfc, 0x00, 0x00, 0x0f, 0xfd, 0x00, 0x00,
    0x0d, 0xff, 0x00, 0x00, 0x08, 0xff, 0x40, 0x00,
    0x02, 0xff, 0x80, 0x00, 0x00, 0xbf, 0xe0, 0x00,
    0x00, 0x2f, 0xf5, 0x00, 0x00, 0x05, 0xfd, 0x00,
    0x00, 0x00, 0x6f, 0x90, 0x00, 0x00, 0x03, 0xc6,
    0x00, 0x00, 0x00, 0x00,

    /* U+0029 ")" */
    0x74, 0x00, 0x00, 0x00, 0x2e, 0xa0, 0x00, 0x00,
    0x05, 0xfc, 0x00, 0x00, 0x00, 0xbf, 0xa0, 0x00,
    0x00, 0x3f, 0xf4, 0x00, 0x00, 0x0d, 0xfd, 0x00,
    0x00, 0x08, 0xff, 0x30, 0x00, 0x04, 0xff, 0x90,
    0x00, 0x01, 0xff, 0xc0, 0x00, 0x00, 0xff, 0xf0,
    0x00, 0x00, 0xef, 0xf0, 0x00, 0x00, 0xef, 0xf0,
    0x00, 0x00, 0xff, 0xf0, 0x00, 0x00, 0xff, 0xd0,
    0x00, 0x03, 0xff, 0xa0, 0x00, 0x06, 0xff, 0x60,
    0x00, 0x0b, 0xff, 0x00, 0x00, 0x1f, 0xf8, 0x00,
    0x00, 0x8f, 0xe0, 0x00, 0x01, 0xff, 0x30, 0x00,
    0x0b, 0xf4, 0x00, 0x00, 0x8b, 0x20, 0x00, 0x00,
    0x00, 0x00, 0x00, 0x00,

    /* U+002A "*" */
    0x00, 0x00, 0x00, 0x4c, 0xa0, 0x00, 0x00, 0x00,
    0x00, 0x00, 0x0c, 0xff, 0x50, 0x00, 0x00, 0x00,
    0x00, 0x00, 0x9f, 0xf2, 0x00, 0x00, 0x00, 0x00,
    0x00, 0x02, 0xfc, 0x00, 0x00, 0x00, 0x06, 0xe9,
    0x00, 0x0c, 0x50, 0x03, 0xcd, 0x10, 0xef, 0xfc,
    0x10, 0x81, 0x05, 0xff, 0xf7, 0x0a, 0xff, 0xfe,
    0x66, 0x2a, 0xff, 0xff, 0x40, 0x00, 0x00, 0x00,
    0x97, 0x00, 0x01, 0x00, 0x00, 0x00, 0x01, 0xb1,
    0x85, 0x00, 0x00, 0x00, 0x00, 0x06, 0xeb, 0x02,
    0xfb, 0x20, 0x00, 0x00, 0x0a, 0xff, 0x70, 0x0e,
    0xff, 0x30, 0x00, 0x00, 0xff, 0xf3, 0x00, 0xaf,
    0xf9, 0x00, 0x00, 0x06, 0xfa, 0x00, 0x02, 0xec,
    0x20, 0x00, 0x00, 0x00, 0x00, 0x00, 0x00, 0x00,
    0x00,

    /* U+002B "+" */
    0x00, 0x00, 0x06, 0x00, 0x00, 0x00, 0x00, 0x00,
    0xd1, 0x00, 0x00, 0x00, 0x00, 0x0d, 0x10, 0x00,
    0x00, 0x00, 0x00, 0xd1, 0x00, 0x00, 0x00, 0x00,
    0x0d, 0x10, 0x00, 0x06, 0xee, 0xee, 0xfe, 0xee,
    0xeb, 0x00, 0x00, 0x0d, 0x10, 0x00, 0x00, 0x00,
    0x00, 0xd1, 0x00, 0x00, 0x00, 0x00, 0x0d, 0x10,
    0x00, 0x00, 0x00, 0x00, 0xd1, 0x00, 0x00, 0x00,
    0x00, 0x04, 0x00, 0x00, 0x00,

    /* U+002C "," */
    0x2c, 0xe8, 0x0b, 0xff, 0xf4, 0xcf, 0xff, 0x84,
    0xef, 0xf8, 0x00, 0x0b, 0x60, 0x00, 0xd1, 0x00,
    0x88, 0x04, 0xb8, 0x00, 0x31, 0x00, 0x00,

    /* U+002D "-" */
    0x00, 0x11, 0x11, 0x11, 0x0e, 0xff, 0xff, 0xfc,
    0x1f, 0xff, 0xff, 0xf8,

    /* U+002E "." */
    0x02, 0x30, 0x07, 0xff, 0xa0, 0xff, 0xff, 0x2e,
    0xff, 0xf1, 0x4e, 0xf6, 0x00,

    /* U+002F "/" */
    0x00, 0x00, 0x00, 0x00, 0x01, 0x00, 0x00, 0x00,
    0x00, 0x00, 0xe9, 0x00, 0x00, 0x00, 0x00, 0x5f,
    0x50, 0x00, 0x00, 0x00, 0x0b, 0xe0, 0x00, 0x00,
    0x00, 0x01, 0xf7, 0x00, 0x00, 0x00, 0x00, 0x7f,
    0x10, 0x00, 0x00, 0x00, 0x0c, 0x90, 0x00, 0x00,
    0x00, 0x02, 0xf2, 0x00, 0x00, 0x00, 0x00, 0x8b,
    0x00, 0x00, 0x00, 0x00, 0x0e, 0x30, 0x00, 0x00,
    0x00, 0x04, 0xc0, 0x00, 0x00, 0x00, 0x00, 0xa5,
    0x00, 0x00, 0x00, 0x00, 0x1e, 0x00, 0x00, 0x00,
    0x00, 0x08, 0x80, 0x00, 0x00, 0x00, 0x00, 0xe2,
    0x00, 0x00, 0x00, 0x00, 0x6c, 0x00, 0x00, 0x00,
    0x00, 0x0d, 0x60, 0x00, 0x00, 0x00, 0x04, 0xf1,
    0x00, 0x00, 0x00, 0x00, 0xbb, 0x00, 0x00, 0x00,
    0x00, 0x2f, 0x50, 0x00, 0x00, 0x00, 0x09, 0xe0,
    0x00, 0x00, 0x00, 0x01, 0xf9, 0x00, 0x00, 0x00,
    0x00, 0x6f, 0x30, 0x00, 0x00, 0x00, 0x02, 0x60,
    0x00, 0x00, 0x00, 0x00,

    /* U+0030 "0" */
    0x00, 0x00, 0x07, 0xcc, 0xbd, 0xc6, 0x00, 0x00,
    0x00, 0x03, 0xef, 0x70, 0x00, 0xbf, 0xd2, 0x00,
    0x00, 0x2f, 0xfb, 0x00, 0x00, 0x1f, 0xfe, 0x10,
    0x00, 0xcf, 0xf5, 0x00, 0x00, 0x0b, 0xff, 0xb0,
    0x04, 0xff, 0xf2, 0x00, 0x00, 0x07, 0xff, 0xf2,
    0x0a, 0xff, 0xf0, 0x00, 0x00, 0x04, 0xff, 0xf7,
    0x0e, 0xff, 0xe0, 0x00, 0x00, 0x02, 0xff, 0xfb,
    0x0f, 0xff, 0xd0, 0x00, 0x00, 0x01, 0xff, 0xfd,
    0x1f, 0xff, 0xd0, 0x00, 0x00, 0x00, 0xff, 0xfe,
    0x1f, 0xff, 0xd0, 0x00, 0x00, 0x00, 0xff, 0xfe,
    0x0f, 0xff, 0xe0, 0x00, 0x00, 0x00, 0xff, 0xfd,
    0x0e, 0xff, 0xf0, 0x00, 0x00, 0x01, 0xff, 0xfb,
    0x0a, 0xff, 0xf1, 0x00, 0x00, 0x02, 0xff, 0xf7,
    0x05, 0xff, 0xf4, 0x00, 0x00, 0x05, 0xff, 0xf2,
    0x00, 0xdf, 0xf8, 0x00, 0x00, 0x09, 0xff, 0xa0,
    0x00, 0x3f, 0xfe, 0x00, 0x00, 0x0e, 0xfd, 0x10,
    0x00, 0x04, 0xff, 0x90, 0x00, 0x9f, 0xc1, 0x00,
    0x00, 0x00, 0x18, 0xcd, 0xbc, 0xb6, 0x00, 0x00,

    /* U+0031 "1" */
    0x00, 0x00, 0x03, 0xba, 0x00, 0x00, 0xbe, 0xef,
    0xff, 0xa0, 0x00, 0x00, 0x03, 0xff, 0xfa, 0x00,
    0x00, 0x00, 0x3f, 0xff, 0xa0, 0x00, 0x00, 0x03,
    0xff, 0xfa, 0x00, 0x00, 0x00, 0x3f, 0xff, 0xa0,
    0x00, 0x00, 0x03, 0xff, 0xfa, 0x00, 0x00, 0x00,
    0x3f, 0xff, 0xa0, 0x00, 0x00, 0x03, 0xff, 0xfa,
    0x00, 0x00, 0x00, 0x3f, 0xff, 0xa0, 0x00, 0x00,
    0x03, 0xff, 0xfa, 0x00, 0x00, 0x00, 0x3f, 0xff,
    0xa0, 0x00, 0x00, 0x03, 0xff, 0xfa, 0x00, 0x00,
    0x00, 0x3f, 0xff, 0xa0, 0x00, 0x00, 0x03, 0xff,
    0xfa, 0x00, 0x00, 0x00, 0x3f, 0xff, 0xa0, 0x00,
    0x00, 0x05, 0xff, 0xfc, 0x00, 0x00, 0xce, 0xff,
    0xff, 0xff, 0xd3,

    /* U+0032 "2" */
    0x00, 0x00, 0x7b, 0xa9, 0xed, 0x93, 0x00, 0x00,
    0x03, 0xef, 0x60, 0x01, 0xef, 0xf7, 0x00, 0x01,
    0xef, 0xf0, 0x00, 0x07, 0xff, 0xf3, 0x00, 0x8f,
    0xfe, 0x00, 0x00, 0x4f, 0xff, 0xa0, 0x0a, 0xff,
    0xe0, 0x00, 0x02, 0xff, 0xfc, 0x00, 0x7f, 0xfa,
    0x00, 0x00, 0x2f, 0xff, 0xc0, 0x00, 0x55, 0x00,
    0x00, 0x04, 0xff, 0xf8, 0x00, 0x00, 0x00, 0x00,
    0x00, 0x8f, 0xfe, 0x10, 0x00, 0x00, 0x00, 0x00,
    0x0e, 0xff, 0x40, 0x00, 0x00, 0x00, 0x00, 0x09,
    0xfe, 0x30, 0x00, 0x00, 0x00, 0x00, 0x07, 0xfb,
    0x10, 0x00, 0x00, 0x00, 0x00, 0x09, 0xe5, 0x00,
    0x00, 0x00, 0x00, 0x00, 0x2c, 0x80, 0x00, 0x00,
    0x00, 0x30, 0x05, 0xbf, 0xeb, 0x72, 0x00, 0x00,
    0x69, 0x08, 0xff, 0x90, 0xcf, 0xfd, 0x97, 0x9f,
    0x60, 0xff, 0xf6, 0x02, 0xff, 0xff, 0xff, 0xf2,
    0x0f, 0xff, 0x30, 0x06, 0xff, 0xff, 0xfa, 0x00,
    0x9f, 0xa0, 0x00, 0x05, 0xdf, 0xe9, 0x00,

    /* U+0033 "3" */
    0x00, 0xef, 0xff, 0xff, 0xff, 0xff, 0xf8, 0x02,
    0xff, 0xff, 0xff, 0xff, 0xff, 0xb0, 0x04, 0xff,
    0xee, 0xee, 0xee, 0xfb, 0x00, 0x05, 0xd0, 0x00,
    0x00, 0x05, 0xa0, 0x00, 0x07, 0x80, 0x00, 0x00,
    0x6a, 0x00, 0x00, 0x02, 0x10, 0x00, 0x06, 0xa0,
    0x00, 0x00, 0x00, 0x00, 0x00, 0x6a, 0x00, 0x00,
    0x00, 0x00, 0x00, 0x06, 0xb1, 0x00, 0x00, 0x00,
    0x00, 0x00, 0x0b, 0xbe, 0xfd, 0x81, 0x00, 0x00,
    0x00, 0x00, 0x00, 0x7f, 0xfe, 0x30, 0x00, 0x00,
    0x00, 0x00, 0x0b, 0xff, 0xd0, 0x00, 0x00, 0x00,
    0x00, 0x06, 0xff, 0xf3, 0x08, 0xfd, 0x10, 0x00,
    0x04, 0xff, 0xf5, 0x1f, 0xff, 0x50, 0x00, 0x04,
    0xff, 0xf4, 0x1f, 0xff, 0x50, 0x00, 0x05, 0xff,
    0xf0, 0x0c, 0xff, 0x60, 0x00, 0x09, 0xff, 0x70,
    0x02, 0xef, 0xc0, 0x00, 0x3f, 0xf8, 0x00, 0x00,
    0x07, 0xcd, 0xaa, 0xd9, 0x30, 0x00,

    /* U+0034 "4" */
    0x00, 0x00, 0x00, 0x4d, 0xfc, 0x20, 0x00, 0x00,
    0x00, 0x00, 0x0f, 0xff, 0xfb, 0x00, 0x00, 0x00,
    0x00, 0x00, 0xff, 0xff, 0xc0, 0x00, 0x00, 0x00,
    0x00, 0x0a, 0xff, 0xf8, 0x00, 0x00, 0x00, 0x00,
    0x00, 0x1f, 0xfc, 0x00, 0x00, 0x00, 0x00, 0x00,
    0x00, 0xfd, 0x10, 0x00, 0x00, 0x00, 0x00, 0x00,
    0x7d, 0x10, 0x4c, 0x00, 0x00, 0x00, 0x00, 0x6d,
    0x10, 0x5f, 0xe0, 0x00, 0x00, 0x00, 0x5e, 0x20,
    0x7f, 0xfe, 0x00, 0x00, 0x00, 0x4e, 0x20, 0x0e,
    0xff, 0xe0, 0x00, 0x00, 0x3d, 0x20, 0x00, 0xef,
    0xfe, 0x00, 0x00, 0x2d, 0x30, 0x00, 0x0e, 0xff,
    0xe0, 0x00, 0x1d, 0x30, 0x00, 0x00, 0xef, 0xfe,
    0x00, 0x08, 0xdc, 0xcc, 0xcc, 0xcf, 0xff, 0xfc,
    0xc6, 0x00, 0x00, 0x00, 0x00, 0xef, 0xfe, 0x00,
    0x00, 0x00, 0x00, 0x00, 0x0e, 0xff, 0xe0, 0x00,
    0x00, 0x00, 0x00, 0x00, 0xff, 0xfe, 0x00, 0x00,
    0x00, 0x00, 0x2c, 0xff, 0xff, 0xff, 0xc0,

    /* U+0035 "5" */
    0x00, 0x00, 0x00, 0x00, 0x00, 0x04, 0x60, 0xbe,
    0xa7, 0x54, 0x33, 0x5a, 0xf6, 0x0d, 0xff, 0xff,
    0xff, 0xff, 0xff, 0x10, 0xdf, 0xff, 0xff, 0xff,
    0xff, 0x60, 0x0d, 0x37, 0xbe, 0xff, 0xeb, 0x40,
    0x00, 0xd1, 0x00, 0x00, 0x00, 0x00, 0x00, 0x0d,
    0x10, 0x00, 0x00, 0x00, 0x00, 0x00, 0xd1, 0x00,
    0x00, 0x00, 0x00, 0x00, 0x0d, 0x10, 0x59, 0xbb,
    0x83, 0x00, 0x00, 0xd3, 0xb7, 0x34, 0xcf, 0xfb,
    0x10, 0x0d, 0xc2, 0x00, 0x00, 0xdf, 0xfb, 0x00,
    0x83, 0x00, 0x00, 0x06, 0xff, 0xf4, 0x00, 0x00,
    0x00, 0x00, 0x3f, 0xff, 0x80, 0x78, 0x10, 0x00,
    0x01, 0xff, 0xfa, 0x9f, 0xfa, 0x00, 0x00, 0x2f,
    0xff, 0x8c, 0xff, 0xc0, 0x00, 0x03, 0xff, 0xf4,
    0x7f, 0xfc, 0x00, 0x00, 0x8f, 0xfb, 0x00, 0xbf,
    0xf1, 0x00, 0x2f, 0xfb, 0x00, 0x00, 0x5b, 0xd9,
    0x9d, 0xa4, 0x00, 0x00,

    /* U+0036 "6" */
    0x00, 0x00, 0x05, 0xbc, 0xad, 0xd9, 0x20, 0x00,
    0x00, 0x1c, 0xfa, 0x00, 0x0e, 0xff, 0x50, 0x00,
    0x1d, 0xfe, 0x00, 0x00, 0xbf, 0xff, 0x00, 0x0a,
    0xff, 0x80, 0x00, 0x0b, 0xff, 0xf3, 0x02, 0xff,
    0xf4, 0x00, 0x00, 0x9f, 0xff, 0x20, 0x8f, 0xff,
    0x00, 0x00, 0x01, 0xab, 0x60, 0x0c, 0xff, 0xe0,
    0x00, 0x00, 0x00, 0x00, 0x00, 0xff, 0xfd, 0x01,
    0x69, 0x98, 0x30, 0x00, 0x0f, 0xff, 0xc6, 0xb8,
    0x9f, 0xff, 0xc1, 0x01, 0xff, 0xff, 0x60, 0x00,
    0x2e, 0xff, 0xd0, 0x0f, 0xff, 0xc0, 0x00, 0x00,
    0x6f, 0xff, 0x50, 0xff, 0xfc, 0x00, 0x00, 0x01,
    0xff, 0xf9, 0x0c, 0xff, 0xe0, 0x00, 0x00, 0x0f,
    0xff, 0xa0, 0x7f, 0xff, 0x00, 0x00, 0x00, 0xff,
    0xf8, 0x01, 0xff, 0xf3, 0x00, 0x00, 0x2f, 0xff,
    0x40, 0x06, 0xff, 0x90, 0x00, 0x06, 0xff, 0xb0,
    0x00, 0x07, 0xff, 0x40, 0x02, 0xef, 0xb0, 0x00,
    0x00, 0x02, 0x9d, 0xba, 0xda, 0x40, 0x00,

    /* U+0037 "7" */
    0x0a, 0xff, 0xff, 0xff, 0xff, 0xff, 0xf3, 0x0d,
    0xff, 0xff, 0xff, 0xff, 0xff, 0xc0, 0x0f, 0xff,
    0xff, 0xff, 0xff, 0xff, 0x20, 0x1f, 0x51, 0x11,
    0x11, 0x11, 0xc7, 0x00, 0x2e, 0x00, 0x00, 0x00,
    0x07, 0xc0, 0x00, 0x26, 0x00, 0x00, 0x00, 0x3e,
    0x20, 0x00, 0x00, 0x00, 0x00, 0x00, 0xd7, 0x00,
    0x00, 0x00, 0x00, 0x00, 0x09, 0xb0, 0x00, 0x00,
    0x00, 0x00, 0x00, 0x5f, 0x10, 0x00, 0x00, 0x00,
    0x00, 0x02, 0xe7, 0x00, 0x00, 0x00, 0x00, 0x00,
    0x0c, 0xf1, 0x00, 0x00, 0x00, 0x00, 0x00, 0x5f,
    0xd0, 0x00, 0x00, 0x00, 0x00, 0x00, 0xdf, 0xe0,
    0x00, 0x00, 0x00, 0x00, 0x03, 0xff, 0xf4, 0x00,
    0x00, 0x00, 0x00, 0x06, 0xff, 0xfe, 0x00, 0x00,
    0x00, 0x00, 0x06, 0xff, 0xff, 0x40, 0x00, 0x00,
    0x00, 0x03, 0xff, 0xff, 0x30, 0x00, 0x00, 0x00,
    0x00, 0x7f, 0xf8, 0x00, 0x00, 0x00,

    /* U+0038 "8" */
    0x00, 0x06, 0xbb, 0x9b, 0xeb, 0x50, 0x00, 0x03,
    0xef, 0x70, 0x00, 0x4f, 0xfc, 0x10, 0x1e, 0xfd,
    0x00, 0x00, 0x09, 0xff, 0xb0, 0x9f, 0xfa, 0x00,
    0x00, 0x05, 0xff, 0xf2, 0xdf, 0xfa, 0x00, 0x00,
    0x03, 0xff, 0xf4, 0xef, 0xfe, 0x00, 0x00, 0x03,
    0xff, 0xf3, 0xbf, 0xff, 0x80, 0x00, 0x07, 0xff,
    0xd0, 0x4f, 0xff, 0xfa, 0x10, 0x0d, 0xfe, 0x20,
    0x07, 0xff, 0xff, 0xfb, 0xaf, 0x91, 0x00, 0x00,
    0x4c, 0xff, 0xff, 0xfe, 0x80, 0x00, 0x00, 0x6d,
    0xc9, 0xef, 0xff, 0xfd, 0x10, 0x0c, 0xff, 0x20,
    0x06, 0xef, 0xff, 0xc0, 0x8f, 0xfc, 0x00, 0x00,
    0x2f, 0xff, 0xf3, 0xdf, 0xfb, 0x00, 0x00, 0x09,
    0xff, 0xf4, 0xcf, 0xfc, 0x00, 0x00, 0x07, 0xff,
    0xf1, 0x7f, 0xff, 0x00, 0x00, 0x09, 0xff, 0x90,
    0x0a, 0xff, 0x90, 0x00, 0x2f, 0xfa, 0x00, 0x00,
    0x4a, 0xdc, 0x9a, 0xc9, 0x30, 0x00,

    /* U+0039 "9" */
    0x00, 0x00, 0x6c, 0xca, 0xcc, 0x60, 0x00, 0x00,
    0x03, 0xdf, 0x90, 0x00, 0x9f, 0xd2, 0x00, 0x01,
    0xef, 0xf0, 0x00, 0x00, 0xff, 0xe1, 0x00, 0x9f,
    0xfb, 0x00, 0x00, 0x0a, 0xff, 0xa0, 0x0f, 0xff,
    0x90, 0x00, 0x00, 0x6f, 0xff, 0x11, 0xff, 0xf9,
    0x00, 0x00, 0x04, 0xff, 0xf6, 0x1f, 0xff, 0xb0,
    0x00, 0x00, 0x2f, 0xff, 0x80, 0xef, 0xff, 0x00,
    0x00, 0x03, 0xff, 0xfa, 0x08, 0xff, 0xfa, 0x00,
    0x01, 0xcf, 0xff, 0xa0, 0x0c, 0xff, 0xfd, 0x9a,
    0xf8, 0xff, 0xfa, 0x00, 0x07, 0xdf, 0xff, 0xb3,
    0x3f, 0xff, 0x80, 0x00, 0x00, 0x00, 0x00, 0x04,
    0xff, 0xf6, 0x00, 0x35, 0x10, 0x00, 0x00, 0x6f,
    0xff, 0x20, 0x6f, 0xfe, 0x00, 0x00, 0x0a, 0xff,
    0xc0, 0x0b, 0xff, 0xf3, 0x00, 0x00, 0xef, 0xf3,
    0x00, 0x8f, 0xff, 0x30, 0x00, 0x5f, 0xf8, 0x00,
    0x00, 0xcf, 0xf7, 0x00, 0x2e, 0xf7, 0x00, 0x00,
    0x00, 0x6b, 0xeb, 0xac, 0x92, 0x00, 0x00,

    /* U+003A ":" */
    0x04, 0xee, 0x60, 0x0e, 0xff, 0xf1, 0x0f, 0xff,
    0xf2, 0x09, 0xff, 0xb0, 0x00, 0x55, 0x00, 0x00,
    0x00, 0x00, 0x00, 0x00, 0x00, 0x00, 0x22, 0x00,
    0x07, 0xff, 0xa0, 0x0f, 0xff, 0xf1, 0x0e, 0xff,
    0xf1, 0x04, 0xee, 0x60,

    /* U+003B ";" */
    0x2d, 0xf8, 0x0b, 0xff, 0xf3, 0xcf, 0xff, 0x45,
    0xff, 0xc0, 0x01, 0x30, 0x00, 0x00, 0x00, 0x00,
    0x00, 0x00, 0x00, 0x00, 0x3d, 0xe7, 0x0c, 0xff,
    0xf3, 0xdf, 0xff, 0x74, 0xef, 0xf7, 0x00, 0x0c,
    0x50, 0x00, 0xe0, 0x00, 0x97, 0x04, 0xb7, 0x00,
    0x31, 0x00, 0x00,

    /* U+003C "<" */
    0x00, 0x00, 0x00, 0x00, 0x00, 0x50, 0x00, 0x00,
    0x00, 0x00, 0x6e, 0x80, 0x00, 0x00, 0x00, 0x4d,
    0xa2, 0x00, 0x00, 0x00, 0x2b, 0xd4, 0x00, 0x00,
    0x00, 0x08, 0xe6, 0x00, 0x00, 0x00, 0x06, 0xe8,
    0x10, 0x00, 0x00, 0x00, 0x0e, 0xb1, 0x00, 0x00,
    0x00, 0x00, 0x00, 0x8e, 0x60, 0x00, 0x00, 0x00,
    0x00, 0x02, 0xad, 0x40, 0x00, 0x00, 0x00, 0x00,
    0x03, 0xcb, 0x20, 0x00, 0x00, 0x00, 0x00, 0x06,
    0xe9, 0x10, 0x00, 0x00, 0x00, 0x00, 0x08, 0xd0,

    /* U+003D "=" */
    0x5e, 0xee, 0xee, 0xee, 0xee, 0xc0, 0x00, 0x00,
    0x00, 0x00, 0x00, 0x00, 0x00, 0x00, 0x00, 0x00,
    0x00, 0x00, 0x00, 0x00, 0x00, 0x00, 0x5d, 0xdd,
    0xdd, 0xdd, 0xdd, 0xb0,

    /* U+003E ">" */
    0x32, 0x00, 0x00, 0x00, 0x00, 0x05, 0xe8, 0x10,
    0x00, 0x00, 0x00, 0x00, 0x8e, 0x60, 0x00, 0x00,
    0x00, 0x00, 0x2a, 0xd4, 0x00, 0x00, 0x00, 0x00,
    0x03, 0xcb, 0x20, 0x00, 0x00, 0x00, 0x00, 0x6e,
    0x90, 0x00, 0x00, 0x00, 0x00, 0x5f, 0x40, 0x00,
    0x00, 0x02, 0xbc, 0x30, 0x00, 0x00, 0x19, 0xe6,
    0x00, 0x00, 0x00, 0x6e, 0x80, 0x00, 0x00, 0x04,
    0xda, 0x20, 0x00, 0x00, 0x07, 0xc3, 0x00, 0x00,
    0x00, 0x00,

    /* U+003F "?" */
    0x00, 0x04, 0xad, 0xbd, 0xea, 0x40, 0x00, 0x0a,
    0xfe, 0x10, 0x0c, 0xff, 0x90, 0x09, 0xff, 0xa0,
    0x00, 0x5f, 0xff, 0x50, 0xff, 0xf9, 0x00, 0x02,
    0xff, 0xfb, 0x1f, 0xff, 0x80, 0x00, 0x2f, 0xff,
    0xd0, 0xbf, 0xf2, 0x00, 0x03, 0xff, 0xfb, 0x00,
    0x20, 0x00, 0x00, 0x7f, 0xff, 0x60, 0x00, 0x00,
    0x00, 0x0d, 0xff, 0xc0, 0x00, 0x00, 0x00, 0x2c,
    0xff, 0x90, 0x00, 0x00, 0x00, 0x6f, 0xa5, 0x10,
    0x00, 0x00, 0x00, 0x09, 0xb0, 0x00, 0x00, 0x00,
    0x00, 0x00, 0x7a, 0x00, 0x00, 0x00, 0x00, 0x00,
    0x06, 0x80, 0x00, 0x00, 0x00, 0x00, 0x00, 0x00,
    0x00, 0x00, 0x00, 0x00, 0x00, 0x06, 0x70, 0x00,
    0x00, 0x00, 0x00, 0x0c, 0xff, 0xc0, 0x00, 0x00,
    0x00, 0x01, 0xff, 0xff, 0x10, 0x00, 0x00, 0x00,
    0x0d, 0xff, 0xd0, 0x00, 0x00, 0x00, 0x00, 0x29,
    0xa2, 0x00, 0x00, 0x00,

    /* U+0040 "@" */
    0x00, 0x00, 0x00, 0x16, 0xab, 0xaa, 0xbb, 0x72,
    0x00, 0x00, 0x00, 0x00, 0x00, 0x7b, 0x50, 0x00,
    0x00, 0x04, 0xa9, 0x00, 0x00, 0x00, 0x00, 0xb6,
    0x00, 0x00, 0x00, 0x00, 0x00, 0x4c, 0x10, 0x00,
    0x00, 0xb4, 0x00, 0x00, 0x00, 0x00, 0x00, 0x00,
    0x3c, 0x00, 0x00, 0x86, 0x00, 0x00, 0x02, 0x55,
    0x41, 0x00, 0x00, 0x68, 0x00, 0x1c, 0x00, 0x00,
    0x4d, 0xe5, 0x5e, 0xf9, 0x00, 0x00, 0xc1, 0x07,
    0x60, 0x00, 0x2f, 0xf9, 0x00, 0x8f, 0xf7, 0x00,
    0x07, 0x60, 0xc1, 0x00, 0x07, 0xff, 0x80, 0x06,
    0xff, 0xb0, 0x00, 0x3a, 0x0d, 0x00, 0x00, 0x3d,
    0xc2, 0x00, 0x6f, 0xfc, 0x00, 0x00, 0xc2, 0xb0,
    0x00, 0x00, 0x00, 0x00, 0x06, 0xff, 0xc0, 0x00,
    0x0d, 0x2a, 0x00, 0x00, 0x00, 0x58, 0x98, 0xbf,
    0xfc, 0x00, 0x00, 0xc2, 0xb0, 0x00, 0x03, 0xef,
    0xb0, 0x07, 0xff, 0xc0, 0x00, 0x3a, 0x0d, 0x00,
    0x00, 0xdf, 0xf3, 0x00, 0x6f, 0xfc, 0x00, 0x07,
    0x60, 0xc1, 0x00, 0x0f, 0xff, 0x30, 0x06, 0xff,
    0xc0, 0x01, 0xd1, 0x07, 0x60, 0x00, 0xdf, 0xfb,
    0x11, 0xaf, 0xfd, 0x03, 0xc5, 0x00, 0x1d, 0x00,
    0x02, 0xcf, 0xff, 0xb2, 0xaf, 0xff, 0xd4, 0x00,
    0x00, 0x78, 0x00, 0x00, 0x12, 0x00, 0x00, 0x12,
    0x10, 0x05, 0x60, 0x00, 0xb6, 0x00, 0x00, 0x00,
    0x00, 0x00, 0x00, 0x05, 0xa0, 0x00, 0x00, 0xa9,
    0x00, 0x00, 0x00, 0x00, 0x00, 0x19, 0x90, 0x00,
    0x00, 0x00, 0x5c, 0x83, 0x00, 0x00, 0x04, 0x9b,
    0x30, 0x00, 0x00, 0x00, 0x00, 0x03, 0x8b, 0xbb,
    0xba, 0x72, 0x00, 0x00, 0x00,

    /* U+0041 "A" */
    0x00, 0x00, 0x05, 0xff, 0xff, 0xfd, 0x10, 0x00,
    0x00, 0x00, 0x00, 0x00, 0x9f, 0xff, 0xf5, 0x00,
    0x00, 0x00, 0x00, 0x00, 0x00, 0xb9, 0xff, 0xfa,
    0x00, 0x00, 0x00, 0x00, 0x00, 0x01, 0xe0, 0xff,
    0xff, 0x00, 0x00, 0x00, 0x00, 0x00, 0x06, 0xa0,
    0xaf, 0xff, 0x50, 0x00, 0x00, 0x00, 0x00, 0x0b,
    0x50, 0x5f, 0xff, 0xa0, 0x00, 0x00, 0x00, 0x00,
    0x0e, 0x00, 0x0f, 0xff, 0xf0, 0x00, 0x00, 0x00,
    0x00, 0x5b, 0x00, 0x0b, 0xff, 0xf4, 0x00, 0x00,
    0x00, 0x00, 0xa6, 0x00, 0x06, 0xff, 0xfa, 0x00,
    0x00, 0x00, 0x00, 0xe1, 0x00, 0x01, 0xff, 0xfe,
    0x00, 0x00, 0x00, 0x04, 0xc0, 0x00, 0x00, 0xbf,
    0xff, 0x40, 0x00, 0x00, 0x09, 0xfd, 0xdd, 0xdd,
    0xef, 0xff, 0x90, 0x00, 0x00, 0x0e, 0x20, 0x00,
    0x00, 0x1f, 0xff, 0xe0, 0x00, 0x00, 0x3d, 0x00,
    0x00, 0x00, 0x0c, 0xff, 0xf4, 0x00, 0x00, 0x88,
    0x00, 0x00, 0x00, 0x06, 0xff, 0xf9, 0x00, 0x00,
    0xd3, 0x00, 0x00, 0x00, 0x01, 0xff, 0xfe, 0x00,
    0x06, 0xf6, 0x00, 0x00, 0x00, 0x00, 0xdf, 0xff,
    0x40, 0x9f, 0xff, 0xd1, 0x00, 0x00, 0x1c, 0xff,
    0xff, 0xf5,

    /* U+0042 "B" */
    0x9f, 0xff, 0xff, 0xcc, 0xed, 0xa5, 0x00, 0x00,
    0x00, 0x1f, 0xff, 0xc0, 0x00, 0x7f, 0xfd, 0x30,
    0x00, 0x00, 0xff, 0xfc, 0x00, 0x00, 0x6f, 0xff,
    0x20, 0x00, 0x0f, 0xff, 0xc0, 0x00, 0x00, 0xef,
    0xfa, 0x00, 0x00, 0xff, 0xfc, 0x00, 0x00, 0x0a,
    0xff, 0xe0, 0x00, 0x0f, 0xff, 0xc0, 0x00, 0x00,
    0x9f, 0xff, 0x00, 0x00, 0xff, 0xfc, 0x00, 0x00,
    0x0a, 0xff, 0xc0, 0x00, 0x0f, 0xff, 0xc0, 0x00,
    0x00, 0xef, 0xf3, 0x00, 0x00, 0xff, 0xfc, 0x00,
    0x00, 0xaf, 0xd3, 0x00, 0x00, 0x0f, 0xff, 0xe8,
    0x89, 0xef, 0xb3, 0x00, 0x00, 0x00, 0xff, 0xfc,
    0x00, 0x00, 0x6f, 0xfd, 0x30, 0x00, 0x0f, 0xff,
    0xc0, 0x00, 0x00, 0x5f, 0xff, 0x40, 0x00, 0xff,
    0xfc, 0x00, 0x00, 0x00, 0xef, 0xfd, 0x00, 0x0f,
    0xff, 0xc0, 0x00, 0x00, 0x0c, 0xff, 0xf0, 0x00,
    0xff, 0xfc, 0x00, 0x00, 0x00, 0xef, 0xff, 0x00,
    0x0f, 0xff, 0xc0, 0x00, 0x00, 0x3f, 0xff, 0x90,
    0x01, 0xff, 0xfd, 0x00, 0x00, 0x3e, 0xff, 0xb0,
    0x09, 0xff, 0xff, 0xfd, 0xcc, 0xdf, 0xda, 0x40,
    0x00,

    /* U+0043 "C" */
    0x00, 0x00, 0x01, 0x7c, 0xef, 0xec, 0x70, 0x96,
    0x00, 0x00, 0x06, 0xff, 0xc4, 0x00, 0x16, 0xef,
    0xb0, 0x00, 0x08, 0xff, 0xb0, 0x00, 0x00, 0x02,
    0xef, 0x00, 0x06, 0xff, 0xe1, 0x00, 0x00, 0x00,
    0x03, 0xf4, 0x01, 0xff, 0xf7, 0x00, 0x00, 0x00,
    0x00, 0x09, 0x90, 0x7f, 0xff, 0x20, 0x00, 0x00,
    0x00, 0x00, 0x28, 0x0c, 0xff, 0xf0, 0x00, 0x00,
    0x00, 0x00, 0x00, 0x00, 0xff, 0xfe, 0x00, 0x00,
    0x00, 0x00, 0x00, 0x00, 0x1f, 0xff, 0xe0, 0x00,
    0x00, 0x00, 0x00, 0x00, 0x01, 0xff, 0xff, 0x00,
    0x00, 0x00, 0x00, 0x00, 0x00, 0x0f, 0xff, 0xf1,
    0x00, 0x00, 0x00, 0x00, 0x00, 0x00, 0xdf, 0xff,
    0x40, 0x00, 0x00, 0x00, 0x00, 0x00, 0x09, 0xff,
    0xfa, 0x00, 0x00, 0x00, 0x00, 0x00, 0x70, 0x2f,
    0xff, 0xf3, 0x00, 0x00, 0x00, 0x00, 0x4a, 0x00,
    0x9f, 0xff, 0xe2, 0x00, 0x00, 0x00, 0x1e, 0x40,
    0x00, 0xbf, 0xff, 0xe6, 0x10, 0x00, 0x5e, 0x90,
    0x00, 0x00, 0x8f, 0xff, 0xff, 0xdd, 0xff, 0x80,
    0x00, 0x00, 0x00, 0x28, 0xce, 0xff, 0xd9, 0x20,
    0x00,

    /* U+0044 "D" */
    0x9f, 0xff, 0xff, 0xdd, 0xed, 0xa5, 0x00, 0x00,
    0x00, 0x01, 0xff, 0xfd, 0x00, 0x04, 0xbf, 0xe6,
    0x00, 0x00, 0x00, 0xff, 0xfd, 0x00, 0x00, 0x08,
    0xff, 0xb0, 0x00, 0x00, 0xff, 0xfd, 0x00, 0x00,
    0x00, 0xaf, 0xfb, 0x00, 0x00, 0xff, 0xfd, 0x00,
    0x00, 0x00, 0x1f, 0xff, 0x70, 0x00, 0xff, 0xfd,
    0x00, 0x00, 0x00, 0x0a, 0xff, 0xf1, 0x00, 0xff,
    0xfd, 0x00, 0x00, 0x00, 0x06, 0xff, 0xf6, 0x00,
    0xff, 0xfd, 0x00, 0x00, 0x00, 0x03, 0xff, 0xfb,
    0x00, 0xff, 0xfd, 0x00, 0x00, 0x00, 0x02, 0xff,
    0xfd, 0x00, 0xff, 0xfd, 0x00, 0x00, 0x00, 0x01,
    0xff, 0xfe, 0x00, 0xff, 0xfd, 0x00, 0x00, 0x00,
    0x02, 0xff, 0xfe, 0x00, 0xff, 0xfd, 0x00, 0x00,
    0x00, 0x03, 0xff, 0xfc, 0x00, 0xff, 0xfd, 0x00,
    0x00, 0x00, 0x06, 0xff, 0xf7, 0x00, 0xff, 0xfd,
    0x00, 0x00, 0x00, 0x0a, 0xff, 0xf1, 0x00, 0xff,
    0xfd, 0x00, 0x00, 0x00, 0x2f, 0xff, 0x70, 0x00,
    0xff, 0xfd, 0x00, 0x00, 0x00, 0xcf, 0xf9, 0x00,
    0x01, 0xff, 0xfe, 0x00, 0x00, 0x4d, 0xfe, 0x60,
    0x00, 0x9f, 0xff, 0xff, 0xed, 0xde, 0xda, 0x60,
    0x00, 0x00,

    /* U+0045 "E" */
    0x9e, 0xff, 0xff, 0xdd, 0xdd, 0xff, 0xf3, 0x00,
    0x0f, 0xff, 0xd0, 0x00, 0x01, 0xbf, 0x80, 0x00,
    0xff, 0xfd, 0x00, 0x00, 0x00, 0xcd, 0x00, 0x0f,
    0xff, 0xd0, 0x00, 0x00, 0x02, 0xf1, 0x00, 0xff,
    0xfd, 0x00, 0x00, 0x00, 0x06, 0x30, 0x0f, 0xff,
    0xd0, 0x00, 0x00, 0x00, 0x00, 0x00, 0xff, 0xfd,
    0x00, 0x00, 0x84, 0x00, 0x00, 0x0f, 0xff, 0xd0,
    0x00, 0x0d, 0x80, 0x00, 0x00, 0xff, 0xff, 0xaa,
    0xad, 0xfd, 0x00, 0x00, 0x0f, 0xff, 0xd3, 0x33,
    0x3a, 0xf1, 0x00, 0x00, 0xff, 0xfd, 0x00, 0x00,
    0x0a, 0x50, 0x00, 0x0f, 0xff, 0xd0, 0x00, 0x00,
    0x00, 0x00, 0x00, 0xff, 0xfd, 0x00, 0x00, 0x00,
    0x00, 0x70, 0x0f, 0xff, 0xd0, 0x00, 0x00, 0x00,
    0x8a, 0x00, 0xff, 0xfd, 0x00, 0x00, 0x00, 0x1f,
    0x50, 0x0f, 0xff, 0xd0, 0x00, 0x00, 0x0b, 0xf1,
    0x01, 0xff, 0xfe, 0x00, 0x00, 0x0a, 0xfd, 0x09,
    0xff, 0xff, 0xfe, 0xdd, 0xdf, 0xff, 0x80,

    /* U+0046 "F" */
    0x9f, 0xff, 0xff, 0xdd, 0xdf, 0xff, 0x90, 0x01,
    0xff, 0xfd, 0x00, 0x00, 0x6f, 0xe0, 0x00, 0xff,
    0xfd, 0x00, 0x00, 0x06, 0xf3, 0x00, 0xff, 0xfd,
    0x00, 0x00, 0x00, 0xb7, 0x00, 0xff, 0xfd, 0x00,
    0x00, 0x00, 0x28, 0x00, 0xff, 0xfd, 0x00, 0x00,
    0x00, 0x00, 0x00, 0xff, 0xfd, 0x00, 0x00, 0x40,
    0x00, 0x00, 0xff, 0xfd, 0x00, 0x00, 0xc4, 0x00,
    0x00, 0xff, 0xfd, 0x33, 0x37, 0xf8, 0x00, 0x00,
    0xff, 0xff, 0x99, 0x9b, 0xfc, 0x00, 0x00, 0xff,
    0xfd, 0x00, 0x00, 0x3f, 0x00, 0x00, 0xff, 0xfd,
    0x00, 0x00, 0x05, 0x10, 0x00, 0xff, 0xfd, 0x00,
    0x00, 0x00, 0x00, 0x00, 0xff, 0xfd, 0x00, 0x00,
    0x00, 0x00, 0x00, 0xff, 0xfd, 0x00, 0x00, 0x00,
    0x00, 0x00, 0xff, 0xfd, 0x00, 0x00, 0x00, 0x00,
    0x01, 0xff, 0xfd, 0x00, 0x00, 0x00, 0x00, 0x9f,
    0xff, 0xff, 0xfc, 0x10, 0x00, 0x00,

    /* U+0047 "G" */
    0x00, 0x00, 0x00, 0x5b, 0xee, 0xdd, 0x92, 0x3e,
    0x10, 0x00, 0x00, 0x04, 0xef, 0xb3, 0x00, 0x04,
    0xcf, 0xf4, 0x00, 0x00, 0x07, 0xff, 0xa0, 0x00,
    0x00, 0x00, 0xaf, 0x80, 0x00, 0x05, 0xff, 0xe0,
    0x00, 0x00, 0x00, 0x00, 0xdc, 0x00, 0x00, 0xef,
    0xf7, 0x00, 0x00, 0x00, 0x00, 0x03, 0xf0, 0x00,
    0x6f, 0xff, 0x20, 0x00, 0x00, 0x00, 0x00, 0x0b,
    0x20, 0x0c, 0xff, 0xf0, 0x00, 0x00, 0x00, 0x00,
    0x00, 0x00, 0x00, 0xff, 0xfd, 0x00, 0x00, 0x00,
    0x00, 0x00, 0x00, 0x00, 0x1f, 0xff, 0xd0, 0x00,
    0x00, 0x00, 0x00, 0x00, 0x00, 0x01, 0xff, 0xfd,
    0x00, 0x00, 0x00, 0x46, 0x66, 0x66, 0x62, 0x0f,
    0xff, 0xf0, 0x00, 0x00, 0x03, 0x7e, 0xff, 0xf7,
    0x10, 0xdf, 0xff, 0x20, 0x00, 0x00, 0x00, 0xaf,
    0xfd, 0x00, 0x09, 0xff, 0xf6, 0x00, 0x00, 0x00,
    0x0a, 0xff, 0xd0, 0x00, 0x2f, 0xff, 0xd0, 0x00,
    0x00, 0x00, 0xaf, 0xfd, 0x00, 0x00, 0x9f, 0xff,
    0x70, 0x00, 0x00, 0x0a, 0xff, 0xd0, 0x00, 0x00,
    0xbf, 0xff, 0x60, 0x00, 0x00, 0xcf, 0xfd, 0x00,
    0x00, 0x00, 0x8f, 0xff, 0xc6, 0x45, 0xbd, 0xdf,
    0xd0, 0x00, 0x00, 0x00, 0x28, 0xce, 0xff, 0xc5,
    0x00, 0x8c, 0x00,

    /* U+0048 "H" */
    0x9f, 0xff, 0xff, 0xe7, 0x00, 0x07, 0xef, 0xff,
    0xff, 0x90, 0x0f, 0xff, 0xe0, 0x00, 0x00, 0x00,
    0xef, 0xff, 0x00, 0x00, 0xff, 0xfd, 0x00, 0x00,
    0x00, 0x0e, 0xff, 0xf0, 0x00, 0x0f, 0xff, 0xd0,
    0x00, 0x00, 0x00, 0xef, 0xff, 0x00, 0x00, 0xff,
    0xfd, 0x00, 0x00, 0x00, 0x0e, 0xff, 0xf0, 0x00,
    0x0f, 0xff, 0xd0, 0x00, 0x00, 0x00, 0xef, 0xff,
    0x00, 0x00, 0xff, 0xfd, 0x00, 0x00, 0x00, 0x0e,
    0xff, 0xf0, 0x00, 0x0f, 0xff, 0xd0, 0x00, 0x00,
    0x00, 0xef, 0xff, 0x00, 0x00, 0xff, 0xfd, 0x00,
    0x00, 0x00, 0x0e, 0xff, 0xf0, 0x00, 0x0f, 0xff,
    0xfd, 0xdd, 0xdd, 0xdd, 0xff, 0xff, 0x00, 0x00,
    0xff, 0xfd, 0x00, 0x00, 0x00, 0x0e, 0xff, 0xf0,
    0x00, 0x0f, 0xff, 0xd0, 0x00, 0x00, 0x00, 0xef,
    0xff, 0x00, 0x00, 0xff, 0xfd, 0x00, 0x00, 0x00,
    0x0e, 0xff, 0xf0, 0x00, 0x0f, 0xff, 0xd0, 0x00,
    0x00, 0x00, 0xef, 0xff, 0x00, 0x00, 0xff, 0xfd,
    0x00, 0x00, 0x00, 0x0e, 0xff, 0xf0, 0x00, 0x0f,
    0xff, 0xd0, 0x00, 0x00, 0x00, 0xef, 0xff, 0x00,
    0x00, 0xff, 0xfe, 0x00, 0x00, 0x00, 0x0e, 0xff,
    0xf0, 0x08, 0xff, 0xff, 0xfe, 0x70, 0x00, 0x7e,
    0xff, 0xff, 0xf9,

    /* U+0049 "I" */
    0x9f, 0xff, 0xff, 0xe6, 0x01, 0xff, 0xfd, 0x00,
    0x00, 0xff, 0xfd, 0x00, 0x00, 0xff, 0xfd, 0x00,
    0x00, 0xff, 0xfd, 0x00, 0x00, 0xff, 0xfd, 0x00,
    0x00, 0xff, 0xfd, 0x00, 0x00, 0xff, 0xfd, 0x00,
    0x00, 0xff, 0xfd, 0x00, 0x00, 0xff, 0xfd, 0x00,
    0x00, 0xff, 0xfd, 0x00, 0x00, 0xff, 0xfd, 0x00,
    0x00, 0xff, 0xfd, 0x00, 0x00, 0xff, 0xfd, 0x00,
    0x00, 0xff, 0xfd, 0x00, 0x00, 0xff, 0xfd, 0x00,
    0x01, 0xff, 0xfd, 0x00, 0x9f, 0xff, 0xff, 0xe6,

    /* U+004A "J" */
    0x00, 0x0a, 0xef, 0xff, 0xfe, 0x70, 0x00, 0x00,
    0xff, 0xfe, 0x00, 0x00, 0x00, 0x0f, 0xff, 0xe0,
    0x00, 0x00, 0x00, 0xff, 0xfe, 0x00, 0x00, 0x00,
    0x0f, 0xff, 0xe0, 0x00, 0x00, 0x00, 0xff, 0xfe,
    0x00, 0x00, 0x00, 0x0f, 0xff, 0xe0, 0x00, 0x00,
    0x00, 0xff, 0xfe, 0x00, 0x00, 0x00, 0x0f, 0xff,
    0xe0, 0x00, 0x00, 0x00, 0xff, 0xfe, 0x00, 0x00,
    0x00, 0x0e, 0xff, 0xf0, 0x00, 0x00, 0x00, 0xaf,
    0xff, 0x30, 0x00, 0x00, 0x04, 0xff, 0xf9, 0x00,
    0x8c, 0x60, 0x0b, 0xff, 0xf0, 0x3f, 0xff, 0x00,
    0x3f, 0xff, 0x13, 0xff, 0xf0, 0x00, 0xff, 0xf0,
    0x0c, 0xff, 0x20, 0x3f, 0xf6, 0x00, 0x08, 0xdd,
    0xbd, 0xa3, 0x00,

    /* U+004B "K" */
    0x9f, 0xff, 0xff, 0xe7, 0x00, 0x06, 0xef, 0xff,
    0xf5, 0x00, 0x1f, 0xff, 0xd0, 0x00, 0x00, 0x00,
    0xef, 0xa1, 0x00, 0x00, 0xff, 0xfd, 0x00, 0x00,
    0x00, 0x1f, 0x80, 0x00, 0x00, 0x0f, 0xff, 0xd0,
    0x00, 0x00, 0x0c, 0x80, 0x00, 0x00, 0x00, 0xff,
    0xfd, 0x00, 0x00, 0x0b, 0x80, 0x00, 0x00, 0x00,
    0x0f, 0xff, 0xd0, 0x00, 0x0b, 0x80, 0x00, 0x00,
    0x00, 0x00, 0xff, 0xfd, 0x00, 0x0a, 0xf1, 0x00,
    0x00, 0x00, 0x00, 0x0f, 0xff, 0xd0, 0x0a, 0xff,
    0x90, 0x00, 0x00, 0x00, 0x00, 0xff, 0xfd, 0x09,
    0xff, 0xff, 0x30, 0x00, 0x00, 0x00, 0x0f, 0xff,
    0xd9, 0x99, 0xff, 0xfc, 0x00, 0x00, 0x00, 0x00,
    0xff, 0xff, 0x90, 0x1f, 0xff, 0xf5, 0x00, 0x00,
    0x00, 0x0f, 0xff, 0xe0, 0x00, 0x7f, 0xff, 0xe0,
    0x00, 0x00, 0x00, 0xff, 0xfd, 0x00, 0x00, 0xdf,
    0xff, 0x80, 0x00, 0x00, 0x0f, 0xff, 0xd0, 0x00,
    0x04, 0xff, 0xff, 0x20, 0x00, 0x00, 0xff, 0xfd,
    0x00, 0x00, 0x0a, 0xff, 0xfb, 0x00, 0x00, 0x0f,
    0xff, 0xd0, 0x00, 0x00, 0x2f, 0xff, 0xf4, 0x00,
    0x01, 0xff, 0xfd, 0x00, 0x00, 0x00, 0x9f, 0xff,
    0xd1, 0x09, 0xff, 0xff, 0xfe, 0x50, 0x00, 0xaf,
    0xff, 0xff, 0xf4,

    /* U+004C "L" */
    0x9f, 0xff, 0xff, 0xe6, 0x00, 0x00, 0x00, 0x00,
    0x1f, 0xff, 0xd0, 0x00, 0x00, 0x00, 0x00, 0x00,
    0xff, 0xfd, 0x00, 0x00, 0x00, 0x00, 0x00, 0x0f,
    0xff, 0xd0, 0x00, 0x00, 0x00, 0x00, 0x00, 0xff,
    0xfd, 0x00, 0x00, 0x00, 0x00, 0x00, 0x0f, 0xff,
    0xd0, 0x00, 0x00, 0x00, 0x00, 0x00, 0xff, 0xfd,
    0x00, 0x00, 0x00, 0x00, 0x00, 0x0f, 0xff, 0xd0,
    0x00, 0x00, 0x00, 0x00, 0x00, 0xff, 0xfd, 0x00,
    0x00, 0x00, 0x00, 0x00, 0x0f, 0xff, 0xd0, 0x00,
    0x00, 0x00, 0x00, 0x00, 0xff, 0xfd, 0x00, 0x00,
    0x00, 0x00, 0x00, 0x0f, 0xff, 0xd0, 0x00, 0x00,
    0x00, 0x00, 0x00, 0xff, 0xfd, 0x00, 0x00, 0x00,
    0x09, 0x10, 0x0f, 0xff, 0xd0, 0x00, 0x00, 0x03,
    0xf0, 0x00, 0xff, 0xfd, 0x00, 0x00, 0x00, 0xab,
    0x00, 0x0f, 0xff, 0xd0, 0x00, 0x00, 0x3f, 0x70,
    0x01, 0xff, 0xfd, 0x00, 0x00, 0x2e, 0xf3, 0x09,
    0xff, 0xff, 0xfd, 0xdd, 0xdf, 0xfe, 0x00,

    /* U+004D "M" */
    0x02, 0xdf, 0xff, 0xf2, 0x00, 0x00, 0x00, 0x02,
    0xff, 0xff, 0xd1, 0x00, 0x00, 0x8f, 0xff, 0x90,
    0x00, 0x00, 0x00, 0x9f, 0xff, 0x70, 0x00, 0x00,
    0x07, 0xff, 0xff, 0x00, 0x00, 0x00, 0x0f, 0xff,
    0xf7, 0x00, 0x00, 0x00, 0x8f, 0xff, 0xf6, 0x00,
    0x00, 0x05, 0xff, 0xff, 0x80, 0x00, 0x00, 0x0a,
    0x9f, 0xff, 0xc0, 0x00, 0x00, 0xb9, 0xff, 0xf9,
    0x00, 0x00, 0x00, 0xb3, 0xdf, 0xff, 0x30, 0x00,
    0x2e, 0x3f, 0xff, 0xa0, 0x00, 0x00, 0x0c, 0x27,
    0xff, 0xf9, 0x00, 0x08, 0x91, 0xff, 0xfb, 0x00,
    0x00, 0x00, 0xd0, 0x1f, 0xff, 0xf0, 0x00, 0xe3,
    0x0f, 0xff, 0xd0, 0x00, 0x00, 0x0e, 0x00, 0xaf,
    0xff, 0x60, 0x4d, 0x00, 0xff, 0xfe, 0x00, 0x00,
    0x00, 0xe0, 0x04, 0xff, 0xfd, 0x0a, 0x70, 0x0e,
    0xff, 0xf0, 0x00, 0x00, 0x1d, 0x00, 0x0d, 0xff,
    0xf4, 0xf1, 0x00, 0xdf, 0xff, 0x00, 0x00, 0x03,
    0xb0, 0x00, 0x7f, 0xff, 0xeb, 0x00, 0x0b, 0xff,
    0xf1, 0x00, 0x00, 0x4a, 0x00, 0x01, 0xff, 0xff,
    0x50, 0x00, 0xaf, 0xff, 0x30, 0x00, 0x05, 0x90,
    0x00, 0x0a, 0xff, 0xe0, 0x00, 0x09, 0xff, 0xf4,
    0x00, 0x00, 0x68, 0x00, 0x00, 0x3f, 0xf9, 0x00,
    0x00, 0x8f, 0xff, 0x50, 0x00, 0x08, 0x60, 0x00,
    0x00, 0xdf, 0x30, 0x00, 0x07, 0xff, 0xf6, 0x00,
    0x01, 0xdb, 0x00, 0x00, 0x05, 0xb0, 0x00, 0x00,
    0x6f, 0xff, 0x80, 0x07, 0xff, 0xff, 0x70, 0x00,
    0x00, 0x00, 0x01, 0xdf, 0xff, 0xff, 0xd2,

    /* U+004E "N" */
    0x09, 0xff, 0xfc, 0x00, 0x00, 0x00, 0x2d, 0xff,
    0xfe, 0x20, 0x1e, 0xff, 0xf8, 0x00, 0x00, 0x00,
    0x04, 0xf7, 0x00, 0x00, 0x5f, 0xff, 0xf3, 0x00,
    0x00, 0x00, 0x0d, 0x10, 0x00, 0x00, 0xff, 0xff,
    0xd0, 0x00, 0x00, 0x00, 0xd1, 0x00, 0x00, 0x0e,
    0xdf, 0xff, 0x90, 0x00, 0x00, 0x0d, 0x10, 0x00,
    0x00, 0xe2, 0xff, 0xff, 0x40, 0x00, 0x00, 0xd1,
    0x00, 0x00, 0x0e, 0x07, 0xff, 0xfe, 0x10, 0x00,
    0x0d, 0x10, 0x00, 0x00, 0xe0, 0x0c, 0xff, 0xfa,
    0x00, 0x00, 0xd1, 0x00, 0x00, 0x0e, 0x00, 0x2f,
    0xff, 0xf5, 0x00, 0x0d, 0x10, 0x00, 0x00, 0xe0,
    0x00, 0x6f, 0xff, 0xe1, 0x00, 0xd1, 0x00, 0x00,
    0x0e, 0x00, 0x00, 0xbf, 0xff, 0xb0, 0x0d, 0x10,
    0x00, 0x00, 0xe0, 0x00, 0x01, 0xef, 0xff, 0x60,
    0xd1, 0x00, 0x00, 0x0e, 0x00, 0x00, 0x05, 0xff,
    0xff, 0x2d, 0x10, 0x00, 0x00, 0xe0, 0x00, 0x00,
    0x0a, 0xff, 0xfc, 0xd1, 0x00, 0x00, 0x0e, 0x00,
    0x00, 0x00, 0x1e, 0xff, 0xff, 0x10, 0x00, 0x00,
    0xe0, 0x00, 0x00, 0x00, 0x4f, 0xff, 0xf3, 0x00,
    0x00, 0x5f, 0x50, 0x00, 0x00, 0x00, 0x9f, 0xff,
    0xd0, 0x01, 0xdf, 0xff, 0xe3, 0x00, 0x00, 0x00,
    0xff, 0xff, 0x60,

    /* U+004F "O" */
    0x00, 0x00, 0x00, 0x6b, 0xde, 0xfe, 0xb6, 0x00,
    0x00, 0x00, 0x00, 0x00, 0x6e, 0xc3, 0x00, 0x3c,
    0xff, 0xe5, 0x00, 0x00, 0x00, 0x09, 0xfd, 0x00,
    0x00, 0x00, 0xcf, 0xff, 0x80, 0x00, 0x00, 0x6f,
    0xf5, 0x00, 0x00, 0x00, 0x1e, 0xff, 0xf6, 0x00,
    0x01, 0xff, 0xf1, 0x00, 0x00, 0x00, 0x07, 0xff,
    0xfe, 0x10, 0x08, 0xff, 0xe0, 0x00, 0x00, 0x00,
    0x00, 0xff, 0xff, 0x70, 0x0d, 0xff, 0xd0, 0x00,
    0x00, 0x00, 0x00, 0x9f, 0xff, 0xc0, 0x0f, 0xff,
    0xe0, 0x00, 0x00, 0x00, 0x00, 0x5f, 0xff, 0xf0,
    0x1f, 0xff, 0xf0, 0x00, 0x00, 0x00, 0x00, 0x1f,
    0xff, 0xf0, 0x1f, 0xff, 0xf1, 0x00, 0x00, 0x00,
    0x00, 0x0f, 0xff, 0xf0, 0x0f, 0xff, 0xf5, 0x00,
    0x00, 0x00, 0x00, 0x0e, 0xff, 0xf0, 0x0c, 0xff,
    0xf9, 0x00, 0x00, 0x00, 0x00, 0x0d, 0xff, 0xc0,
    0x07, 0xff, 0xff, 0x00, 0x00, 0x00, 0x00, 0x0e,
    0xff, 0x70, 0x01, 0xff, 0xff, 0x60, 0x00, 0x00,
    0x00, 0x1f, 0xff, 0x10, 0x00, 0x6f, 0xff, 0xe1,
    0x00, 0x00, 0x00, 0x5f, 0xf6, 0x00, 0x00, 0x08,
    0xff, 0xfc, 0x00, 0x00, 0x00, 0xdf, 0x80, 0x00,
    0x00, 0x00, 0x6e, 0xff, 0xc3, 0x00, 0x2c, 0xe6,
    0x00, 0x00, 0x00, 0x00, 0x00, 0x6b, 0xef, 0xec,
    0xb6, 0x00, 0x00, 0x00,

    /* U+0050 "P" */
    0x9f, 0xff, 0xff, 0xdd, 0xec, 0x83, 0x00, 0x00,
    0x01, 0xff, 0xfd, 0x00, 0x18, 0xff, 0xb1, 0x00,
    0x00, 0xff, 0xfd, 0x00, 0x00, 0x5f, 0xfe, 0x20,
    0x00, 0xff, 0xfd, 0x00, 0x00, 0x0b, 0xff, 0xd0,
    0x00, 0xff, 0xfd, 0x00, 0x00, 0x05, 0xff, 0xf5,
    0x00, 0xff, 0xfd, 0x00, 0x00, 0x02, 0xff, 0xf9,
    0x00, 0xff, 0xfd, 0x00, 0x00, 0x01, 0xff, 0xfb,
    0x00, 0xff, 0xfd, 0x00, 0x00, 0x02, 0xff, 0xfa,
    0x00, 0xff, 0xfd, 0x00, 0x00, 0x05, 0xff, 0xf6,
    0x00, 0xff, 0xfd, 0x00, 0x00, 0x0c, 0xff, 0xd0,
    0x00, 0xff, 0xfd, 0x00, 0x00, 0xaf, 0xfe, 0x20,
    0x00, 0xff, 0xff, 0xba, 0xbf, 0xfe, 0x81, 0x00,
    0x00, 0xff, 0xfd, 0x01, 0x33, 0x10, 0x00, 0x00,
    0x00, 0xff, 0xfd, 0x00, 0x00, 0x00, 0x00, 0x00,
    0x00, 0xff, 0xfd, 0x00, 0x00, 0x00, 0x00, 0x00,
    0x00, 0xff, 0xfd, 0x00, 0x00, 0x00, 0x00, 0x00,
    0x01, 0xff, 0xfd, 0x00, 0x00, 0x00, 0x00, 0x00,
    0x9f, 0xff, 0xff, 0xea, 0x00, 0x00, 0x00, 0x00,

    /* U+0051 "Q" */
    0x00, 0x00, 0x00, 0x6b, 0xcd, 0xfe, 0xb6, 0x00,
    0x00, 0x00, 0x00, 0x00, 0x6e, 0xc2, 0x00, 0x2c,
    0xff, 0xe5, 0x00, 0x00, 0x00, 0x09, 0xfd, 0x00,
    0x00, 0x00, 0xbf, 0xff, 0x80, 0x00, 0x00, 0x7f,
    0xf5, 0x00, 0x00, 0x00, 0x1e, 0xff, 0xf7, 0x00,
    0x01, 0xff, 0xf1, 0x00, 0x00, 0x00, 0x06, 0xff,
    0xff, 0x10, 0x08, 0xff, 0xe0, 0x00, 0x00, 0x00,
    0x00, 0xef, 0xff, 0x80, 0x0d, 0xff, 0xd0, 0x00,
    0x00, 0x00, 0x00, 0x9f, 0xff, 0xd0, 0x0f, 0xff,
    0xe0, 0x00, 0x00, 0x00, 0x00, 0x4f, 0xff, 0xf0,
    0x2f, 0xff, 0xf0, 0x00, 0x00, 0x00, 0x00, 0x1f,
    0xff, 0xf2, 0x1f, 0xff, 0xf1, 0x00, 0x00, 0x00,
    0x00, 0x0e, 0xff, 0xf2, 0x0f, 0xff, 0xf5, 0x00,
    0x00, 0x00, 0x00, 0x0d, 0xff, 0xf0, 0x0d, 0xff,
    0xf9, 0x00, 0x00, 0x00, 0x00, 0x0d, 0xff, 0xd0,
    0x08, 0xff, 0xff, 0x00, 0x00, 0x32, 0x00, 0x0e,
    0xff, 0x80, 0x01, 0xff, 0xff, 0x60, 0x00, 0x49,
    0x00, 0x0f, 0xff, 0x10, 0x00, 0x7f, 0xff, 0xe1,
    0x00, 0x0d, 0x00, 0x5f, 0xf7, 0x00, 0x00, 0x09,
    0xff, 0xfb, 0x00, 0x0a, 0x50, 0xdf, 0x90, 0x00,
    0x00, 0x00, 0x6e, 0xff, 0xc2, 0x03, 0xdb, 0xf6,
    0x00, 0x00, 0x00, 0x00, 0x00, 0x6b, 0xef, 0xdc,
    0xed, 0x10, 0x00, 0x00, 0x00, 0x00, 0x00, 0x00,
    0x00, 0x00, 0x3f, 0xb4, 0x00, 0x26, 0x00, 0x00,
    0x00, 0x00, 0x00, 0x00, 0x06, 0xff, 0xff, 0xf4,
    0x00, 0x00, 0x00, 0x00, 0x00, 0x00, 0x00, 0x5e,
    0xff, 0xb0, 0x00, 0x00, 0x00, 0x00, 0x00, 0x00,
    0x00, 0x00, 0x23, 0x00,

    /* U+0052 "R" */
    0x9f, 0xff, 0xff, 0xcc, 0xec, 0x94, 0x00, 0x00,
    0x00, 0x01, 0xff, 0xfd, 0x00, 0x07, 0xff, 0xd4,
    0x00, 0x00, 0x00, 0xff, 0xfd, 0x00, 0x00, 0x5f,
    0xff, 0x60, 0x00, 0x00, 0xff, 0xfd, 0x00, 0x00,
    0x0a, 0xff, 0xf2, 0x00, 0x00, 0xff, 0xfd, 0x00,
    0x00, 0x04, 0xff, 0xfa, 0x00, 0x00, 0xff, 0xfd,
    0x00, 0x00, 0x00, 0xff, 0xfe, 0x00, 0x00, 0xff,
    0xfd, 0x00, 0x00, 0x00, 0xff, 0xff, 0x00, 0x00,
    0xff, 0xfd, 0x00, 0x00, 0x00, 0xff, 0xfd, 0x00,
    0x00, 0xff, 0xfd, 0x00, 0x00, 0x03, 0xff, 0xf8,
    0x00, 0x00, 0xff, 0xfd, 0x00, 0x00, 0x0a, 0xff,
    0xe1, 0x00, 0x00, 0xff, 0xfe, 0x20, 0x02, 0xaf,
    0xfc, 0x20, 0x00, 0x00, 0xff, 0xfe, 0xac, 0xef,
    0xff, 0xb0, 0x00, 0x00, 0x00, 0xff, 0xfd, 0x00,
    0x0c, 0xff, 0xf3, 0x00, 0x00, 0x00, 0xff, 0xfd,
    0x00, 0x03, 0xff, 0xfd, 0x00, 0x00, 0x00, 0xff,
    0xfd, 0x00, 0x00, 0x8f, 0xff, 0x80, 0x00, 0x00,
    0xff, 0xfd, 0x00, 0x00, 0x0e, 0xff, 0xf3, 0x00,
    0x01, 0xff, 0xfd, 0x00, 0x00, 0x05, 0xff, 0xfd,
    0x00, 0x9f, 0xff, 0xff, 0xe7, 0x00, 0x1c, 0xff,
    0xff, 0xe4,

    /* U+0053 "S" */
    0x00, 0x18, 0xde, 0xdd, 0x92, 0x5e, 0x00, 0x05,
    0xff, 0x80, 0x00, 0x4d, 0xff, 0x30, 0x2f, 0xfb,
    0x00, 0x00, 0x00, 0xbf, 0x80, 0xaf, 0xf8, 0x00,
    0x00, 0x00, 0x0d, 0xc0, 0xdf, 0xf9, 0x00, 0x00,
    0x00, 0x03, 0xf1, 0xdf, 0xff, 0x20, 0x00, 0x00,
    0x00, 0x93, 0xaf, 0xff, 0xe5, 0x00, 0x00, 0x00,
    0x00, 0x4f, 0xff, 0xff, 0xd7, 0x10, 0x00, 0x00,
    0x08, 0xff, 0xff, 0xff, 0xfa, 0x20, 0x00, 0x00,
    0x4d, 0xff, 0xff, 0xff, 0xf7, 0x00, 0x00, 0x00,
    0x5b, 0xff, 0xff, 0xff, 0x60, 0x00, 0x00, 0x00,
    0x17, 0xef, 0xff, 0xe0, 0x45, 0x00, 0x00, 0x00,
    0x1d, 0xff, 0xf2, 0x4e, 0x00, 0x00, 0x00, 0x03,
    0xff, 0xf3, 0x1f, 0x90, 0x00, 0x00, 0x00, 0xff,
    0xf0, 0x0e, 0xf6, 0x00, 0x00, 0x03, 0xff, 0x80,
    0x0b, 0xff, 0x91, 0x00, 0x2c, 0xfb, 0x00, 0x07,
    0xa0, 0x5b, 0xdd, 0xeb, 0x50, 0x00,

    /* U+0054 "T" */
    0x08, 0xff, 0xed, 0xef, 0xff, 0xed, 0xef, 0xfc,
    0x00, 0xcf, 0x80, 0x05, 0xff, 0xf9, 0x00, 0x4f,
    0xf0, 0x0f, 0xb0, 0x00, 0x5f, 0xff, 0x90, 0x00,
    0x6f, 0x32, 0xf2, 0x00, 0x05, 0xff, 0xf9, 0x00,
    0x00, 0xd7, 0x6a, 0x00, 0x00, 0x5f, 0xff, 0x90,
    0x00, 0x06, 0xa1, 0x10, 0x00, 0x05, 0xff, 0xf9,
    0x00, 0x00, 0x02, 0x00, 0x00, 0x00, 0x5f, 0xff,
    0x90, 0x00, 0x00, 0x00, 0x00, 0x00, 0x05, 0xff,
    0xf9, 0x00, 0x00, 0x00, 0x00, 0x00, 0x00, 0x5f,
    0xff, 0x90, 0x00, 0x00, 0x00, 0x00, 0x00, 0x05,
    0xff, 0xf9, 0x00, 0x00, 0x00, 0x00, 0x00, 0x00,
    0x5f, 0xff, 0x90, 0x00, 0x00, 0x00, 0x00, 0x00,
    0x05, 0xff, 0xf9, 0x00, 0x00, 0x00, 0x00, 0x00,
    0x00, 0x5f, 0xff, 0x90, 0x00, 0x00, 0x00, 0x00,
    0x00, 0x05, 0xff, 0xf9, 0x00, 0x00, 0x00, 0x00,
    0x00, 0x00, 0x5f, 0xff, 0x90, 0x00, 0x00, 0x00,
    0x00, 0x00, 0x05, 0xff, 0xf9, 0x00, 0x00, 0x00,
    0x00, 0x00, 0x00, 0x5f, 0xff, 0x90, 0x00, 0x00,
    0x00, 0x00, 0x00, 0xcf, 0xff, 0xff, 0xd3, 0x00,
    0x00,

    /* U+0055 "U" */
    0xae, 0xff, 0xff, 0xe9, 0x00, 0x08, 0xff, 0xff,
    0x90, 0x0f, 0xff, 0xe0, 0x00, 0x00, 0x00, 0xbc,
    0x10, 0x00, 0xff, 0xfd, 0x00, 0x00, 0x00, 0x06,
    0x90, 0x00, 0x0f, 0xff, 0xc0, 0x00, 0x00, 0x00,
    0x4a, 0x00, 0x01, 0xff, 0xfb, 0x00, 0x00, 0x00,
    0x03, 0xb0, 0x00, 0x2f, 0xff, 0xa0, 0x00, 0x00,
    0x00, 0x2c, 0x00, 0x03, 0xff, 0xf9, 0x00, 0x00,
    0x00, 0x01, 0xd0, 0x00, 0x4f, 0xff, 0x80, 0x00,
    0x00, 0x00, 0x0e, 0x00, 0x05, 0xff, 0xf7, 0x00,
    0x00, 0x00, 0x00, 0xf0, 0x00, 0x6f, 0xff, 0x60,
    0x00, 0x00, 0x00, 0x0f, 0x00, 0x07, 0xff, 0xf5,
    0x00, 0x00, 0x00, 0x00, 0xe1, 0x00, 0x8f, 0xff,
    0x50, 0x00, 0x00, 0x00, 0x0d, 0x20, 0x09, 0xff,
    0xf5, 0x00, 0x00, 0x00, 0x00, 0xc2, 0x00, 0x8f,
    0xff, 0x60, 0x00, 0x00, 0x00, 0x0d, 0x10, 0x04,
    0xff, 0xf9, 0x00, 0x00, 0x00, 0x02, 0xd0, 0x00,
    0x0c, 0xff, 0xf2, 0x00, 0x00, 0x00, 0xb6, 0x00,
    0x00, 0x1b, 0xff, 0xe5, 0x00, 0x04, 0xc8, 0x00,
    0x00, 0x00, 0x04, 0x9d, 0xff, 0xfd, 0x93, 0x00,
    0x00,

    /* U+0056 "V" */
    0x9f, 0xff, 0xff, 0xd3, 0x00, 0x00, 0x8e, 0xff,
    0xe3, 0x07, 0xff, 0xfb, 0x00, 0x00, 0x00, 0x00,
    0xdb, 0x00, 0x01, 0xff, 0xff, 0x00, 0x00, 0x00,
    0x00, 0xc3, 0x00, 0x00, 0xbf, 0xff, 0x50, 0x00,
    0x00, 0x01, 0xe0, 0x00, 0x00, 0x6f, 0xff, 0xa0,
    0x00, 0x00, 0x06, 0x90, 0x00, 0x00, 0x1f, 0xff,
    0xf0, 0x00, 0x00, 0x0b, 0x30, 0x00, 0x00, 0x0b,
    0xff, 0xf5, 0x00, 0x00, 0x1e, 0x00, 0x00, 0x00,
    0x06, 0xff, 0xfa, 0x00, 0x00, 0x69, 0x00, 0x00,
    0x00, 0x01, 0xff, 0xff, 0x00, 0x00, 0xb4, 0x00,
    0x00, 0x00, 0x00, 0xbf, 0xff, 0x50, 0x00, 0xe0,
    0x00, 0x00, 0x00, 0x00, 0x6f, 0xff, 0xa0, 0x05,
    0x90, 0x00, 0x00, 0x00, 0x00, 0x1f, 0xff, 0xf0,
    0x0a, 0x40, 0x00, 0x00, 0x00, 0x00, 0x0b, 0xff,
    0xf4, 0x0e, 0x00, 0x00, 0x00, 0x00, 0x00, 0x05,
    0xff, 0xfa, 0x5a, 0x00, 0x00, 0x00, 0x00, 0x00,
    0x00, 0xff, 0xff, 0xa5, 0x00, 0x00, 0x00, 0x00,
    0x00, 0x00, 0xbf, 0xff, 0xf0, 0x00, 0x00, 0x00,
    0x00, 0x00, 0x00, 0x6f, 0xff, 0xc0, 0x00, 0x00,
    0x00, 0x00, 0x00, 0x00, 0x4f, 0xff, 0xa0, 0x00,
    0x00, 0x00,

    /* U+0057 "W" */
    0x8f, 0xff, 0xff, 0xc2, 0x00, 0x5e, 0xff, 0xff,
    0xd3, 0x00, 0x0a, 0xff, 0xfb, 0x04, 0xff, 0xfb,
    0x00, 0x00, 0x02, 0xff, 0xfe, 0x00, 0x00, 0x00,
    0x2f, 0x60, 0x00, 0xff, 0xff, 0x00, 0x00, 0x00,
    0xdf, 0xff, 0x20, 0x00, 0x00, 0x1e, 0x00, 0x00,
    0xbf, 0xff, 0x30, 0x00, 0x00, 0x9f, 0xff, 0x60,
    0x00, 0x00, 0x59, 0x00, 0x00, 0x7f, 0xff, 0x80,
    0x00, 0x00, 0x6f, 0xff, 0xa0, 0x00, 0x00, 0x95,
    0x00, 0x00, 0x2f, 0xff, 0xc0, 0x00, 0x00, 0xaf,
    0xff, 0xe0, 0x00, 0x00, 0xd1, 0x00, 0x00, 0x0e,
    0xff, 0xf1, 0x00, 0x00, 0xec, 0xff, 0xf3, 0x00,
    0x02, 0xd0, 0x00, 0x00, 0x09, 0xff, 0xf5, 0x00,
    0x03, 0xb7, 0xff, 0xf7, 0x00, 0x06, 0x80, 0x00,
    0x00, 0x05, 0xff, 0xf9, 0x00, 0x08, 0x63, 0xff,
    0xfb, 0x00, 0x0a, 0x40, 0x00, 0x00, 0x00, 0xff,
    0xfe, 0x00, 0x0d, 0x10, 0xef, 0xff, 0x00, 0x0e,
    0x00, 0x00, 0x00, 0x00, 0xcf, 0xff, 0x20, 0x2d,
    0x00, 0xaf, 0xff, 0x40, 0x3b, 0x00, 0x00, 0x00,
    0x00, 0x7f, 0xff, 0x70, 0x78, 0x00, 0x5f, 0xff,
    0x80, 0x77, 0x00, 0x00, 0x00, 0x00, 0x3f, 0xff,
    0xb0, 0xb3, 0x00, 0x1f, 0xff, 0xd0, 0xb3, 0x00,
    0x00, 0x00, 0x00, 0x0e, 0xff, 0xf1, 0xe0, 0x00,
    0x0d, 0xff, 0xf2, 0xe0, 0x00, 0x00, 0x00, 0x00,
    0x0a, 0xff, 0xfa, 0x90, 0x00, 0x08, 0xff, 0xfa,
    0xa0, 0x00, 0x00, 0x00, 0x00, 0x05, 0xff, 0xff,
    0x50, 0x00, 0x04, 0xff, 0xff, 0x60, 0x00, 0x00,
    0x00, 0x00, 0x01, 0xff, 0xff, 0x00, 0x00, 0x00,
    0xff, 0xff, 0x20, 0x00, 0x00, 0x00, 0x00, 0x00,
    0xff, 0xff, 0x00, 0x00, 0x00, 0xef, 0xff, 0x10,
    0x00, 0x00,

    /* U+0058 "X" */
    0x4e, 0xff, 0xff, 0xfc, 0x20, 0x00, 0xcf, 0xff,
    0xd0, 0x00, 0xdf, 0xff, 0xb0, 0x00, 0x00, 0x06,
    0xf7, 0x00, 0x00, 0x3f, 0xff, 0xf4, 0x00, 0x00,
    0x09, 0x90, 0x00, 0x00, 0x09, 0xff, 0xfd, 0x00,
    0x00, 0x4d, 0x00, 0x00, 0x00, 0x00, 0xef, 0xff,
    0x80, 0x01, 0xd2, 0x00, 0x00, 0x00, 0x00, 0x5f,
    0xff, 0xf2, 0x0a, 0x70, 0x00, 0x00, 0x00, 0x00,
    0x0b, 0xff, 0xfc, 0x5b, 0x00, 0x00, 0x00, 0x00,
    0x00, 0x01, 0xff, 0xff, 0xe1, 0x00, 0x00, 0x00,
    0x00, 0x00, 0x00, 0x6f, 0xff, 0xf1, 0x00, 0x00,
    0x00, 0x00, 0x00, 0x00, 0x0e, 0xff, 0xfa, 0x00,
    0x00, 0x00, 0x00, 0x00, 0x00, 0x6c, 0xff, 0xff,
    0x40, 0x00, 0x00, 0x00, 0x00, 0x02, 0xe1, 0x8f,
    0xff, 0xe0, 0x00, 0x00, 0x00, 0x00, 0x0c, 0x50,
    0x0e, 0xff, 0xf8, 0x00, 0x00, 0x00, 0x00, 0x7a,
    0x00, 0x04, 0xff, 0xff, 0x30, 0x00, 0x00, 0x03,
    0xd1, 0x00, 0x00, 0xaf, 0xff, 0xc0, 0x00, 0x00,
    0x0d, 0x40, 0x00, 0x00, 0x1f, 0xff, 0xf7, 0x00,
    0x01, 0xcf, 0x00, 0x00, 0x00, 0x09, 0xff, 0xff,
    0x20, 0x6f, 0xff, 0xe7, 0x00, 0x00, 0xcf, 0xff,
    0xff, 0xf9,

    /* U+0059 "Y" */
    0x7f, 0xff, 0xff, 0xe6, 0x00, 0x01, 0xdf, 0xff,
    0x90, 0x2f, 0xff, 0xf0, 0x00, 0x00, 0x00, 0x6f,
    0x50, 0x00, 0xaf, 0xff, 0x60, 0x00, 0x00, 0x05,
    0xb0, 0x00, 0x03, 0xff, 0xfd, 0x00, 0x00, 0x00,
    0xc4, 0x00, 0x00, 0x0b, 0xff, 0xf4, 0x00, 0x00,
    0x3c, 0x00, 0x00, 0x00, 0x3f, 0xff, 0xc0, 0x00,
    0x0a, 0x50, 0x00, 0x00, 0x00, 0xcf, 0xff, 0x30,
    0x02, 0xd0, 0x00, 0x00, 0x00, 0x04, 0xff, 0xfa,
    0x00, 0x96, 0x00, 0x00, 0x00, 0x00, 0x0c, 0xff,
    0xf2, 0x1e, 0x00, 0x00, 0x00, 0x00, 0x00, 0x5f,
    0xff, 0x97, 0x80, 0x00, 0x00, 0x00, 0x00, 0x00,
    0xdf, 0xff, 0xe1, 0x00, 0x00, 0x00, 0x00, 0x00,
    0x06, 0xff, 0xfa, 0x00, 0x00, 0x00, 0x00, 0x00,
    0x00, 0x3f, 0xff, 0x90, 0x00, 0x00, 0x00, 0x00,
    0x00, 0x03, 0xff, 0xf9, 0x00, 0x00, 0x00, 0x00,
    0x00, 0x00, 0x3f, 0xff, 0x90, 0x00, 0x00, 0x00,
    0x00, 0x00, 0x03, 0xff, 0xf9, 0x00, 0x00, 0x00,
    0x00, 0x00, 0x00, 0x4f, 0xff, 0xa0, 0x00, 0x00,
    0x00, 0x00, 0x00, 0xcf, 0xff, 0xff, 0xd4, 0x00,
    0x00,

    /* U+005A "Z" */
    0x00, 0xff, 0xfd, 0xdd, 0xdd, 0xef, 0xff, 0xe0,
    0x03, 0xfd, 0x20, 0x00, 0x00, 0xcf, 0xff, 0x60,
    0x06, 0xf2, 0x00, 0x00, 0x06, 0xff, 0xfd, 0x00,
    0x09, 0x90, 0x00, 0x00, 0x1e, 0xff, 0xf3, 0x00,
    0x09, 0x20, 0x00, 0x00, 0x9f, 0xff, 0x90, 0x00,
    0x00, 0x00, 0x00, 0x03, 0xff, 0xfe, 0x10, 0x00,
    0x00, 0x00, 0x00, 0x0c, 0xff, 0xf6, 0x00, 0x00,
    0x00, 0x00, 0x00, 0x6f, 0xff, 0xc0, 0x00, 0x00,
    0x00, 0x00, 0x01, 0xff, 0xff, 0x30, 0x00, 0x00,
    0x00, 0x00, 0x0a, 0xff, 0xf9, 0x00, 0x00, 0x00,
    0x00, 0x00, 0x4f, 0xff, 0xe1, 0x00, 0x00, 0x00,
    0x00, 0x00, 0xdf, 0xff, 0x60, 0x00, 0x00, 0x00,
    0x00, 0x07, 0xff, 0xfc, 0x00, 0x00, 0x00, 0x50,
    0x00, 0x1f, 0xff, 0xf2, 0x00, 0x00, 0x01, 0xf0,
    0x00, 0xaf, 0xff, 0x80, 0x00, 0x00, 0x08, 0xd0,
    0x04, 0xff, 0xfe, 0x00, 0x00, 0x00, 0x1f, 0xa0,
    0x0d, 0xff, 0xf5, 0x00, 0x00, 0x02, 0xdf, 0x70,
    0x5f, 0xff, 0xfd, 0xdd, 0xdd, 0xdf, 0xff, 0x30,

    /* U+005B "[" */
    0xdf, 0xfc, 0xcc, 0x4e, 0xfe, 0x00, 0x00, 0xef,
    0xe0, 0x00, 0x0e, 0xfe, 0x00, 0x00, 0xef, 0xe0,
    0x00, 0x0e, 0xfe, 0x00, 0x00, 0xef, 0xe0, 0x00,
    0x0e, 0xfe, 0x00, 0x00, 0xef, 0xe0, 0x00, 0x0e,
    0xfe, 0x00, 0x00, 0xef, 0xe0, 0x00, 0x0e, 0xfe,
    0x00, 0x00, 0xef, 0xe0, 0x00, 0x0e, 0xfe, 0x00,
    0x00, 0xef, 0xe0, 0x00, 0x0e, 0xfe, 0x00, 0x00,
    0xef, 0xe0, 0x00, 0x0e, 0xfe, 0x00, 0x00, 0xef,
    0xe0, 0x00, 0x0e, 0xfe, 0x00, 0x00, 0xef, 0xe0,
    0x00, 0x0b, 0xee, 0xcc, 0xc4,

    /* U+005C "\\" */
    0x10, 0x00, 0x00, 0x00, 0x00, 0x0c, 0xb0, 0x00,
    0x00, 0x00, 0x00, 0x8f, 0x20, 0x00, 0x00, 0x00,
    0x01, 0xf8, 0x00, 0x00, 0x00, 0x00, 0x0a, 0xe0,
    0x00, 0x00, 0x00, 0x00, 0x3f, 0x30, 0x00, 0x00,
    0x00, 0x00, 0xc9, 0x00, 0x00, 0x00, 0x00, 0x05,
    0xf0, 0x00, 0x00, 0x00, 0x00, 0x0d, 0x50, 0x00,
    0x00, 0x00, 0x00, 0x7b, 0x00, 0x00, 0x00, 0x00,
    0x00, 0xe1, 0x00, 0x00, 0x00, 0x00, 0x08, 0x70,
    0x00, 0x00, 0x00, 0x00, 0x2d, 0x00, 0x00, 0x00,
    0x00, 0x00, 0xb5, 0x00, 0x00, 0x00, 0x00, 0x05,
    0xc0, 0x00, 0x00, 0x00, 0x00, 0x0f, 0x30, 0x00,
    0x00, 0x00, 0x00, 0x9a, 0x00, 0x00, 0x00, 0x00,
    0x04, 0xf1, 0x00, 0x00, 0x00, 0x00, 0x0e, 0x80,
    0x00, 0x00, 0x00, 0x00, 0x8e, 0x00, 0x00, 0x00,
    0x00, 0x02, 0xf6, 0x00, 0x00, 0x00, 0x00, 0x0c,
    0xd0, 0x00, 0x00, 0x00, 0x00, 0x6f, 0x30, 0x00,
    0x00, 0x00, 0x00, 0x70,

    /* U+005D "]" */
    0x7c, 0xcd, 0xff, 0x80, 0x00, 0x3f, 0xf9, 0x00,
    0x03, 0xff, 0x90, 0x00, 0x3f, 0xf9, 0x00, 0x03,
    0xff, 0x90, 0x00, 0x3f, 0xf9, 0x00, 0x03, 0xff,
    0x90, 0x00, 0x3f, 0xf9, 0x00, 0x03, 0xff, 0x90,
    0x00, 0x3f, 0xf9, 0x00, 0x03, 0xff, 0x90, 0x00,
    0x3f, 0xf9, 0x00, 0x03, 0xff, 0x90, 0x00, 0x3f,
    0xf9, 0x00, 0x03, 0xff, 0x90, 0x00, 0x3f, 0xf9,
    0x00, 0x03, 0xff, 0x90, 0x00, 0x3f, 0xf9, 0x00,
    0x03, 0xff, 0x90, 0x00, 0x3f, 0xf9, 0x00, 0x03,
    0xff, 0x97, 0xcc, 0xce, 0xe7,

    /* U+005E "^" */
    0x00, 0x00, 0x7d, 0x00, 0x00, 0x00, 0x01, 0xff,
    0x70, 0x00, 0x00, 0x08, 0xc6, 0xe0, 0x00, 0x00,
    0x1f, 0x40, 0xd6, 0x00, 0x00, 0x8b, 0x00, 0x5d,
    0x00, 0x01, 0xe2, 0x00, 0x0d, 0x50, 0x08, 0xa0,
    0x00, 0x04, 0xd0, 0x0e, 0x10, 0x00, 0x00, 0xc4,
    0x03, 0x00, 0x00, 0x00, 0x11,

    /* U+005F "_" */
    0xef, 0xff, 0xff, 0xff, 0xff, 0xf1, 0x12, 0x22,
    0x22, 0x22, 0x22, 0x20,

    /* U+0060 "`" */
    0x06, 0x60, 0x00, 0x3f, 0xf7, 0x00, 0x0d, 0xff,
    0x00, 0x00, 0x9f, 0x70, 0x00, 0x04, 0xc0,

    /* U+0061 "a" */
    0x00, 0x06, 0xba, 0x9e, 0xd8, 0x00, 0x00, 0x0c,
    0xfc, 0x00, 0x3f, 0xfc, 0x00, 0x07, 0xff, 0xb0,
    0x00, 0xff, 0xf3, 0x00, 0x6f, 0xf7, 0x00, 0x0f,
    0xff, 0x50, 0x00, 0x32, 0x00, 0x00, 0xff, 0xf5,
    0x00, 0x00, 0x01, 0x33, 0x1f, 0xff, 0x50, 0x00,
    0x7e, 0xf8, 0x68, 0xff, 0xf5, 0x00, 0x9f, 0xf8,
    0x00, 0x0f, 0xff, 0x50, 0x1f, 0xff, 0x50, 0x00,
    0xff, 0xf5, 0x01, 0xff, 0xf7, 0x00, 0x0f, 0xff,
    0x50, 0x0b, 0xff, 0xf8, 0x6b, 0xef, 0xfb, 0xa0,
    0x09, 0xef, 0xe9, 0x24, 0xdf, 0xd4,

    /* U+0062 "b" */
    0x01, 0x6b, 0xe0, 0x00, 0x00, 0x00, 0x00, 0x7e,
    0xff, 0xf0, 0x00, 0x00, 0x00, 0x00, 0x06, 0xff,
    0xf0, 0x00, 0x00, 0x00, 0x00, 0x06, 0xff, 0xf0,
    0x00, 0x00, 0x00, 0x00, 0x06, 0xff, 0xf0, 0x00,
    0x00, 0x00, 0x00, 0x06, 0xff, 0xf0, 0x00, 0x00,
    0x00, 0x00, 0x06, 0xff, 0xf0, 0x00, 0x00, 0x00,
    0x00, 0x06, 0xff, 0xf0, 0x7d, 0xff, 0xb3, 0x00,
    0x06, 0xff, 0xfa, 0x74, 0x8f, 0xff, 0x50, 0x06,
    0xff, 0xf2, 0x00, 0x06, 0xff, 0xf1, 0x06, 0xff,
    0xf0, 0x00, 0x00, 0xff, 0xf8, 0x06, 0xff, 0xf0,
    0x00, 0x00, 0xcf, 0xfc, 0x06, 0xff, 0xf0, 0x00,
    0x00, 0xbf, 0xfd, 0x06, 0xff, 0xf0, 0x00, 0x00,
    0xbf, 0xfc, 0x06, 0xff, 0xf0, 0x00, 0x00, 0xcf,
    0xfa, 0x06, 0xff, 0xf0, 0x00, 0x00, 0xef, 0xf5,
    0x06, 0xff, 0xf0, 0x00, 0x05, 0xff, 0xc0, 0x06,
    0xff, 0xe8, 0x00, 0x3e, 0xfd, 0x10, 0x05, 0xe6,
    0x05, 0xce, 0xfc, 0x70, 0x00,

    /* U+0063 "c" */
    0x00, 0x01, 0x8d, 0xce, 0xd9, 0x10, 0x00, 0x4f,
    0xd1, 0x01, 0xdf, 0xe2, 0x02, 0xff, 0x40, 0x00,
    0x9f, 0xf9, 0x0b, 0xff, 0x00, 0x00, 0x8f, 0xfa,
    0x1f, 0xfe, 0x00, 0x00, 0x1b, 0xb2, 0x3f, 0xfe,
    0x00, 0x00, 0x00, 0x00, 0x4f, 0xff, 0x00, 0x00,
    0x00, 0x00, 0x2f, 0xff, 0x50, 0x00, 0x00, 0x02,
    0x0e, 0xff, 0xe1, 0x00, 0x00, 0x3a, 0x06, 0xff,
    0xfe, 0x63, 0x37, 0xf4, 0x00, 0x8f, 0xff, 0xff,
    0xff, 0x80, 0x00, 0x04, 0xae, 0xfe, 0xb4, 0x00,

    /* U+0064 "d" */
    0x00, 0x00, 0x00, 0x00, 0x01, 0x6b, 0xf0, 0x00,
    0x00, 0x00, 0x00, 0x07, 0xef, 0xff, 0x00, 0x00,
    0x00, 0x00, 0x00, 0x06, 0xff, 0xf0, 0x00, 0x00,
    0x00, 0x00, 0x00, 0x6f, 0xff, 0x00, 0x00, 0x00,
    0x00, 0x00, 0x06, 0xff, 0xf0, 0x00, 0x00, 0x00,
    0x00, 0x00, 0x6f, 0xff, 0x00, 0x00, 0x00, 0x00,
    0x00, 0x06, 0xff, 0xf0, 0x00, 0x00, 0x29, 0xef,
    0xea, 0x8f, 0xff, 0x00, 0x00, 0x5f, 0xfb, 0x20,
    0x3d, 0xff, 0xf0, 0x00, 0x2f, 0xfe, 0x00, 0x00,
    0x6f, 0xff, 0x00, 0x0b, 0xff, 0x90, 0x00, 0x06,
    0xff, 0xf0, 0x00, 0xff, 0xf6, 0x00, 0x00, 0x6f,
    0xff, 0x00, 0x3f, 0xff, 0x40, 0x00, 0x06, 0xff,
    0xf0, 0x03, 0xff, 0xf4, 0x00, 0x00, 0x6f, 0xff,
    0x00, 0x2f, 0xff, 0x50, 0x00, 0x06, 0xff, 0xf0,
    0x00, 0xef, 0xf8, 0x00, 0x00, 0x6f, 0xff, 0x00,
    0x07, 0xff, 0xe0, 0x00, 0x06, 0xff, 0xf0, 0x00,
    0x0a, 0xff, 0xb2, 0x06, 0xcf, 0xff, 0x00, 0x00,
    0x06, 0xdf, 0xfb, 0x42, 0xff, 0xfd, 0x20,

    /* U+0065 "e" */
    0x00, 0x02, 0x9d, 0xcf, 0xc6, 0x00, 0x00, 0x06,
    0xfc, 0x10, 0x4f, 0xfb, 0x00, 0x04, 0xff, 0x30,
    0x00, 0xbf, 0xf7, 0x00, 0xcf, 0xf0, 0x00, 0x07,
    0xff, 0xd0, 0x1f, 0xfd, 0x00, 0x00, 0x6f, 0xff,
    0x04, 0xff, 0xfa, 0xaa, 0xab, 0xdd, 0xa0, 0x4f,
    0xff, 0x00, 0x00, 0x00, 0x00, 0x02, 0xff, 0xf3,
    0x00, 0x00, 0x00, 0x30, 0x0e, 0xff, 0xc0, 0x00,
    0x00, 0x1d, 0x00, 0x5f, 0xff, 0xc4, 0x00, 0x4d,
    0x80, 0x00, 0x8f, 0xff, 0xff, 0xff, 0xb0, 0x00,
    0x00, 0x3a, 0xef, 0xfc, 0x60, 0x00,

    /* U+0066 "f" */
    0x00, 0x4b, 0xad, 0xe8, 0x00, 0x4f, 0x60, 0x2f,
    0xfa, 0x0a, 0xf5, 0x01, 0xff, 0xd0, 0xaf, 0xc0,
    0x07, 0xb5, 0x03, 0xff, 0xa0, 0x00, 0x00, 0x09,
    0xff, 0x80, 0x00, 0x2d, 0xff, 0xff, 0xdd, 0x50,
    0x07, 0xff, 0xe0, 0x00, 0x00, 0x7f, 0xfe, 0x00,
    0x00, 0x07, 0xff, 0xe0, 0x00, 0x00, 0x7f, 0xfe,
    0x00, 0x00, 0x07, 0xff, 0xe0, 0x00, 0x00, 0x7f,
    0xfe, 0x00, 0x00, 0x07, 0xff, 0xe0, 0x00, 0x00,
    0x7f, 0xfe, 0x00, 0x00, 0x07, 0xff, 0xe0, 0x00,
    0x00, 0x7f, 0xff, 0x00, 0x00, 0xbf, 0xff, 0xfe,
    0xb1,

    /* U+0067 "g" */
    0x00, 0x00, 0x00, 0x00, 0x00, 0x00, 0x10, 0x00,
    0x00, 0x00, 0x00, 0x00, 0x05, 0xff, 0xc0, 0x00,
    0x00, 0x00, 0x00, 0x04, 0xde, 0xff, 0x20, 0x00,
    0x3a, 0xcb, 0xed, 0xd2, 0x2d, 0xd0, 0x00, 0x8f,
    0xe1, 0x02, 0xef, 0xf4, 0x00, 0x00, 0x5f, 0xf9,
    0x00, 0x07, 0xff, 0xf1, 0x00, 0x0c, 0xff, 0x70,
    0x00, 0x2f, 0xff, 0x70, 0x00, 0xff, 0xf8, 0x00,
    0x00, 0xff, 0xf9, 0x00, 0x0e, 0xff, 0xa0, 0x00,
    0x0f, 0xff, 0x70, 0x00, 0x9f, 0xfe, 0x00, 0x00,
    0xff, 0xf1, 0x00, 0x00, 0xcf, 0xf8, 0x00, 0x5f,
    0xf5, 0x00, 0x00, 0x00, 0x7e, 0xfc, 0xaf, 0xa3,
    0x00, 0x00, 0x00, 0x09, 0xf4, 0x22, 0x00, 0x00,
    0x00, 0x00, 0x08, 0xff, 0xc6, 0x20, 0x00, 0x00,
    0x00, 0x00, 0x8f, 0xff, 0xff, 0xfd, 0x94, 0x00,
    0x00, 0x01, 0xcf, 0xff, 0xff, 0xff, 0xfc, 0x00,
    0x07, 0xf8, 0x02, 0x58, 0xbf, 0xff, 0xf6, 0x04,
    0xff, 0x10, 0x00, 0x00, 0x1b, 0xff, 0x80, 0x6f,
    0xf4, 0x00, 0x00, 0x00, 0x5f, 0xf3, 0x01, 0xef,
    0xe4, 0x00, 0x00, 0x1c, 0xf6, 0x00, 0x00, 0x7b,
    0xee, 0xcc, 0xcc, 0x82, 0x00, 0x00,

    /* U+0068 "h" */
    0x00, 0x49, 0xe6, 0x00, 0x00, 0x00, 0x00, 0x00,
    0x2c, 0xff, 0xf7, 0x00, 0x00, 0x00, 0x00, 0x00,
    0x00, 0xef, 0xf7, 0x00, 0x00, 0x00, 0x00, 0x00,
    0x00, 0xef, 0xf7, 0x00, 0x00, 0x00, 0x00, 0x00,
    0x00, 0xef, 0xf7, 0x00, 0x00, 0x00, 0x00, 0x00,
    0x00, 0xef, 0xf7, 0x00, 0x00, 0x00, 0x00, 0x00,
    0x00, 0xef, 0xf7, 0x00, 0x00, 0x00, 0x00, 0x00,
    0x00, 0xef, 0xf7, 0x04, 0xbf, 0xe8, 0x00, 0x00,
    0x00, 0xef, 0xf8, 0x9d, 0xef, 0xff, 0x60, 0x00,
    0x00, 0xef, 0xfd, 0x30, 0x0c, 0xff, 0xc0, 0x00,
    0x00, 0xef, 0xf7, 0x00, 0x07, 0xff, 0xf0, 0x00,
    0x00, 0xef, 0xf7, 0x00, 0x05, 0xff, 0xf1, 0x00,
    0x00, 0xef, 0xf7, 0x00, 0x03, 0xff, 0xf3, 0x00,
    0x00, 0xef, 0xf7, 0x00, 0x01, 0xff, 0xf5, 0x00,
    0x00, 0xef, 0xf7, 0x00, 0x00, 0xff, 0xf7, 0x00,
    0x00, 0xef, 0xf7, 0x00, 0x00, 0xdf, 0xf9, 0x00,
    0x00, 0xef, 0xf7, 0x00, 0x00, 0xbf, 0xfb, 0x00,
    0x00, 0xef, 0xf8, 0x00, 0x00, 0xaf, 0xfd, 0x00,
    0x1c, 0xff, 0xff, 0x70, 0x09, 0xff, 0xff, 0xb0,

    /* U+0069 "i" */
    0x00, 0xbf, 0xd2, 0x00, 0x6f, 0xff, 0xa0, 0x05,
    0xff, 0xf9, 0x00, 0x07, 0xb9, 0x10, 0x00, 0x00,
    0x00, 0x00, 0x00, 0x00, 0x00, 0x00, 0x49, 0xe7,
    0x01, 0xcf, 0xff, 0x80, 0x00, 0xef, 0xf8, 0x00,
    0x0e, 0xff, 0x80, 0x00, 0xef, 0xf8, 0x00, 0x0e,
    0xff, 0x80, 0x00, 0xef, 0xf8, 0x00, 0x0e, 0xff,
    0x80, 0x00, 0xef, 0xf8, 0x00, 0x0e, 0xff, 0x80,
    0x00, 0xef, 0xf8, 0x01, 0xcf, 0xff, 0xf8,

    /* U+006A "j" */
    0x00, 0x0b, 0xfc, 0x20, 0x00, 0x7f, 0xff, 0xa0,
    0x00, 0x5f, 0xff, 0x90, 0x00, 0x07, 0xb9, 0x00,
    0x00, 0x00, 0x00, 0x00, 0x00, 0x00, 0x00, 0x00,
    0x00, 0x04, 0x9e, 0x70, 0x01, 0xcf, 0xff, 0x80,
    0x00, 0x0e, 0xff, 0x80, 0x00, 0x0e, 0xff, 0x80,
    0x00, 0x0e, 0xff, 0x80, 0x00, 0x0e, 0xff, 0x80,
    0x00, 0x0e, 0xff, 0x80, 0x00, 0x0e, 0xff, 0x80,
    0x00, 0x0e, 0xff, 0x80, 0x00, 0x0e, 0xff, 0x80,
    0x00, 0x0e, 0xff, 0x90, 0x00, 0x0a, 0xff, 0xc0,
    0x00, 0x01, 0xef, 0xf1, 0x04, 0x30, 0x5f, 0xf7,
    0x6f, 0xf3, 0x0a, 0xfa, 0x9f, 0xf7, 0x04, 0xfa,
    0x4f, 0xf8, 0x05, 0xf4, 0x04, 0xce, 0xab, 0x50,

    /* U+006B "k" */
    0x00, 0x49, 0xe6, 0x00, 0x00, 0x00, 0x00, 0x01,
    0xbf, 0xff, 0x70, 0x00, 0x00, 0x00, 0x00, 0x00,
    0xef, 0xf7, 0x00, 0x00, 0x00, 0x00, 0x00, 0x0e,
    0xff, 0x70, 0x00, 0x00, 0x00, 0x00, 0x00, 0xef,
    0xf7, 0x00, 0x00, 0x00, 0x00, 0x00, 0x0e, 0xff,
    0x70, 0x00, 0x00, 0x00, 0x00, 0x00, 0xef, 0xf7,
    0x00, 0x00, 0x00, 0x00, 0x00, 0x0e, 0xff, 0x70,
    0x01, 0xcf, 0xff, 0xd1, 0x00, 0xef, 0xf7, 0x00,
    0x00, 0xcc, 0x30, 0x00, 0x0e, 0xff, 0x70, 0x00,
    0x7a, 0x00, 0x00, 0x00, 0xef, 0xf7, 0x00, 0x99,
    0x00, 0x00, 0x00, 0x0e, 0xff, 0x70, 0xaf, 0x80,
    0x00, 0x00, 0x00, 0xef, 0xf8, 0xbf, 0xff, 0x30,
    0x00, 0x00, 0x0e, 0xff, 0xe4, 0xef, 0xfc, 0x00,
    0x00, 0x00, 0xef, 0xf7, 0x05, 0xff, 0xf7, 0x00,
    0x00, 0x0e, 0xff, 0x70, 0x0b, 0xff, 0xf2, 0x00,
    0x00, 0xef, 0xf7, 0x00, 0x2f, 0xff, 0xb0, 0x00,
    0x0e, 0xff, 0x80, 0x00, 0x8f, 0xff, 0x60, 0x1c,
    0xff, 0xff, 0x70, 0x4d, 0xff, 0xff, 0x80,

    /* U+006C "l" */
    0x00, 0x49, 0xe7, 0x01, 0xcf, 0xff, 0x80, 0x00,
    0xdf, 0xf8, 0x00, 0x0d, 0xff, 0x80, 0x00, 0xdf,
    0xf8, 0x00, 0x0d, 0xff, 0x80, 0x00, 0xdf, 0xf8,
    0x00, 0x0d, 0xff, 0x80, 0x00, 0xdf, 0xf8, 0x00,
    0x0d, 0xff, 0x80, 0x00, 0xdf, 0xf8, 0x00, 0x0d,
    0xff, 0x80, 0x00, 0xdf, 0xf8, 0x00, 0x0d, 0xff,
    0x80, 0x00, 0xdf, 0xf8, 0x00, 0x0d, 0xff, 0x80,
    0x00, 0xdf, 0xf8, 0x00, 0x0d, 0xff, 0x90, 0x1b,
    0xff, 0xff, 0x80,

    /* U+006D "m" */
    0x00, 0x49, 0xe6, 0x04, 0xbf, 0xfb, 0x20, 0x06,
    0xdf, 0xd4, 0x00, 0x02, 0xcf, 0xff, 0x89, 0xee,
    0xff, 0xfd, 0x1c, 0xef, 0xff, 0xf2, 0x00, 0x00,
    0xef, 0xfd, 0x30, 0x08, 0xff, 0xfb, 0x20, 0x2f,
    0xff, 0x90, 0x00, 0x0e, 0xff, 0x70, 0x00, 0x1f,
    0xff, 0x50, 0x00, 0xaf, 0xfc, 0x00, 0x00, 0xef,
    0xf7, 0x00, 0x00, 0xff, 0xf6, 0x00, 0x08, 0xff,
    0xe0, 0x00, 0x0e, 0xff, 0x70, 0x00, 0x0f, 0xff,
    0x60, 0x00, 0x6f, 0xff, 0x00, 0x00, 0xef, 0xf7,
    0x00, 0x00, 0xff, 0xf6, 0x00, 0x04, 0xff, 0xf2,
    0x00, 0x0e, 0xff, 0x70, 0x00, 0x0f, 0xff, 0x60,
    0x00, 0x2f, 0xff, 0x40, 0x00, 0xef, 0xf7, 0x00,
    0x00, 0xff, 0xf6, 0x00, 0x00, 0xff, 0xf6, 0x00,
    0x0e, 0xff, 0x70, 0x00, 0x0f, 0xff, 0x60, 0x00,
    0x0f, 0xff, 0x80, 0x00, 0xef, 0xf7, 0x00, 0x00,
    0xff, 0xf6, 0x00, 0x00, 0xdf, 0xfa, 0x01, 0xcf,
    0xff, 0xf7, 0x02, 0xcf, 0xff, 0xe5, 0x00, 0xbf,
    0xff, 0xf9,

    /* U+006E "n" */
    0x00, 0x49, 0xe6, 0x04, 0xbf, 0xe8, 0x00, 0x00,
    0x2c, 0xff, 0xf8, 0x9e, 0xff, 0xff, 0x60, 0x00,
    0x00, 0xef, 0xfd, 0x40, 0x0d, 0xff, 0xc0, 0x00,
    0x00, 0xef, 0xf7, 0x00, 0x07, 0xff, 0xf0, 0x00,
    0x00, 0xef, 0xf7, 0x00, 0x05, 0xff, 0xf1, 0x00,
    0x00, 0xef, 0xf7, 0x00, 0x03, 0xff, 0xf3, 0x00,
    0x00, 0xef, 0xf7, 0x00, 0x01, 0xff, 0xf5, 0x00,
    0x00, 0xef, 0xf7, 0x00, 0x00, 0xff, 0xf7, 0x00,
    0x00, 0xef, 0xf7, 0x00, 0x00, 0xdf, 0xf9, 0x00,
    0x00, 0xef, 0xf7, 0x00, 0x00, 0xbf, 0xfb, 0x00,
    0x00, 0xef, 0xf8, 0x00, 0x00, 0xaf, 0xfd, 0x00,
    0x1c, 0xff, 0xff, 0x70, 0x09, 0xff, 0xff, 0xb0,

    /* U+006F "o" */
    0x00, 0x01, 0x8c, 0xcf, 0xea, 0x30, 0x00, 0x00,
    0x4e, 0xe2, 0x01, 0xbf, 0xf8, 0x00, 0x02, 0xff,
    0x70, 0x00, 0x1f, 0xff, 0x70, 0x0b, 0xff, 0x40,
    0x00, 0x09, 0xff, 0xf1, 0x1f, 0xff, 0x30, 0x00,
    0x04, 0xff, 0xf6, 0x3f, 0xff, 0x40, 0x00, 0x01,
    0xff, 0xf8, 0x3f, 0xff, 0x60, 0x00, 0x00, 0xff,
    0xf8, 0x1f, 0xff, 0x80, 0x00, 0x00, 0xdf, 0xf6,
    0x0c, 0xff, 0xd0, 0x00, 0x00, 0xef, 0xf1, 0x03,
    0xff, 0xf3, 0x00, 0x01, 0xff, 0x70, 0x00, 0x4f,
    0xfc, 0x00, 0x08, 0xf8, 0x00, 0x00, 0x01, 0x8d,
    0xd8, 0x89, 0x30, 0x00,

    /* U+0070 "p" */
    0x00, 0x5a, 0xf3, 0x3b, 0xff, 0xd6, 0x00, 0x03,
    0xcf, 0xff, 0xb9, 0x45, 0xdf, 0xfb, 0x00, 0x01,
    0xff, 0xf8, 0x00, 0x01, 0xff, 0xf7, 0x00, 0x1f,
    0xff, 0x50, 0x00, 0x09, 0xff, 0xe0, 0x01, 0xff,
    0xf5, 0x00, 0x00, 0x6f, 0xff, 0x20, 0x1f, 0xff,
    0x50, 0x00, 0x04, 0xff, 0xf3, 0x01, 0xff, 0xf5,
    0x00, 0x00, 0x4f, 0xff, 0x20, 0x1f, 0xff, 0x50,
    0x00, 0x05, 0xff, 0xf0, 0x01, 0xff, 0xf5, 0x00,
    0x00, 0x9f, 0xfb, 0x00, 0x1f, 0xff, 0x50, 0x00,
    0x0e, 0xff, 0x20, 0x01, 0xff, 0xfd, 0x30, 0x1b,
    0xff, 0x50, 0x00, 0x1f, 0xff, 0x7a, 0xef, 0xe9,
    0x20, 0x00, 0x01, 0xff, 0xf5, 0x00, 0x00, 0x00,
    0x00, 0x00, 0x1f, 0xff, 0x50, 0x00, 0x00, 0x00,
    0x00, 0x01, 0xff, 0xf5, 0x00, 0x00, 0x00, 0x00,
    0x00, 0x1f, 0xff, 0x50, 0x00, 0x00, 0x00, 0x00,
    0x01, 0xff, 0xf5, 0x00, 0x00, 0x00, 0x00, 0x02,
    0xdf, 0xff, 0xe8, 0x00, 0x00, 0x00, 0x00,

    /* U+0071 "q" */
    0x00, 0x02, 0x9e, 0xfe, 0xa2, 0x19, 0xe0, 0x00,
    0x04, 0xff, 0xb1, 0x02, 0xcf, 0xff, 0x00, 0x02,
    0xff, 0xe0, 0x00, 0x05, 0xff, 0xf0, 0x00, 0xaf,
    0xf9, 0x00, 0x00, 0x5f, 0xff, 0x00, 0x0f, 0xff,
    0x60, 0x00, 0x05, 0xff, 0xf0, 0x02, 0xff, 0xf5,
    0x00, 0x00, 0x5f, 0xff, 0x00, 0x3f, 0xff, 0x50,
    0x00, 0x05, 0xff, 0xf0, 0x01, 0xff, 0xf6, 0x00,
    0x00, 0x5f, 0xff, 0x00, 0x0e, 0xff, 0xa0, 0x00,
    0x05, 0xff, 0xf0, 0x00, 0x7f, 0xff, 0x10, 0x00,
    0x7f, 0xff, 0x00, 0x00, 0xaf, 0xfd, 0x64, 0x9c,
    0xff, 0xf0, 0x00, 0x00, 0x6d, 0xff, 0xb4, 0x5f,
    0xff, 0x00, 0x00, 0x00, 0x00, 0x00, 0x05, 0xff,
    0xf0, 0x00, 0x00, 0x00, 0x00, 0x00, 0x5f, 0xff,
    0x00, 0x00, 0x00, 0x00, 0x00, 0x05, 0xff, 0xf0,
    0x00, 0x00, 0x00, 0x00, 0x00, 0x5f, 0xff, 0x00,
    0x00, 0x00, 0x00, 0x00, 0x06, 0xff, 0xf0, 0x00,
    0x00, 0x00, 0x00, 0x09, 0xef, 0xff, 0xd2,

    /* U+0072 "r" */
    0x00, 0x39, 0xe5, 0x1a, 0xfe, 0x50, 0x2d, 0xff,
    0xf6, 0xcf, 0xff, 0xf0, 0x00, 0xef, 0xfc, 0x41,
    0xff, 0xf1, 0x00, 0xef, 0xfb, 0x00, 0xff, 0xe0,
    0x00, 0xef, 0xf8, 0x00, 0x49, 0x30, 0x00, 0xef,
    0xf8, 0x00, 0x00, 0x00, 0x00, 0xef, 0xf8, 0x00,
    0x00, 0x00, 0x00, 0xef, 0xf8, 0x00, 0x00, 0x00,
    0x00, 0xef, 0xf8, 0x00, 0x00, 0x00, 0x00, 0xef,
    0xf8, 0x00, 0x00, 0x00, 0x00, 0xef, 0xf8, 0x00,
    0x00, 0x00, 0x1c, 0xff, 0xff, 0xc5, 0x00, 0x00,

    /* U+0073 "s" */
    0x00, 0x5c, 0xdb, 0xdf, 0xfc, 0x00, 0x8f, 0xa0,
    0x00, 0x4e, 0xf1, 0x1f, 0xf6, 0x00, 0x00, 0x2f,
    0x53, 0xff, 0xc1, 0x00, 0x00, 0x68, 0x1f, 0xff,
    0xfa, 0x61, 0x00, 0x10, 0xaf, 0xff, 0xff, 0xfa,
    0x10, 0x00, 0x8f, 0xff, 0xff, 0xfd, 0x00, 0x00,
    0x05, 0xaf, 0xff, 0xf6, 0x09, 0x40, 0x00, 0x09,
    0xff, 0x80, 0x7d, 0x10, 0x00, 0x1f, 0xf5, 0x04,
    0xfd, 0x20, 0x05, 0xfc, 0x00, 0x1f, 0xff, 0xcc,
    0xd8, 0x00,

    /* U+0074 "t" */
    0x00, 0x00, 0xc3, 0x00, 0x00, 0x00, 0xbf, 0x40,
    0x00, 0x00, 0x9f, 0xf4, 0x00, 0x06, 0xef, 0xff,
    0xdd, 0xc6, 0x01, 0xff, 0xf4, 0x00, 0x00, 0x1f,
    0xff, 0x40, 0x00, 0x01, 0xff, 0xf4, 0x00, 0x00,
    0x1f, 0xff, 0x40, 0x00, 0x01, 0xff, 0xf4, 0x00,
    0x00, 0x1f, 0xff, 0x40, 0x00, 0x01, 0xff, 0xf4,
    0x00, 0x00, 0x1f, 0xff, 0x40, 0x00, 0x00, 0xff,
    0xf7, 0x01, 0x70, 0x0b, 0xff, 0xfa, 0xe4, 0x00,
    0x1a, 0xef, 0xd5, 0x00,

    /* U+0075 "u" */
    0x00, 0x5a, 0xf3, 0x00, 0x01, 0x6b, 0xf1, 0x04,
    0xdf, 0xff, 0x40, 0x06, 0xef, 0xff, 0x10, 0x02,
    0xff, 0xf4, 0x00, 0x05, 0xff, 0xf1, 0x00, 0x2f,
    0xff, 0x40, 0x00, 0x5f, 0xff, 0x10, 0x02, 0xff,
    0xf4, 0x00, 0x05, 0xff, 0xf1, 0x00, 0x2f, 0xff,
    0x40, 0x00, 0x5f, 0xff, 0x10, 0x02, 0xff, 0xf4,
    0x00, 0x05, 0xff, 0xf1, 0x00, 0x2f, 0xff, 0x40,
    0x00, 0x5f, 0xff, 0x10, 0x01, 0xff, 0xf4, 0x00,
    0x05, 0xff, 0xf1, 0x00, 0x0f, 0xff, 0x80, 0x00,
    0x9f, 0xff, 0x10, 0x00, 0x9f, 0xff, 0xa9, 0xb7,
    0xff, 0xf1, 0x00, 0x00, 0x9e, 0xfc, 0x70, 0x1e,
    0xff, 0xd3,

    /* U+0076 "v" */
    0x0b, 0xff, 0xff, 0xe6, 0x00, 0xaf, 0xfd, 0x20,
    0x0a, 0xff, 0xf0, 0x00, 0x00, 0x5d, 0x00, 0x00,
    0x3f, 0xff, 0x40, 0x00, 0x08, 0x60, 0x00, 0x00,
    0xdf, 0xfa, 0x00, 0x00, 0xe1, 0x00, 0x00, 0x07,
    0xff, 0xf1, 0x00, 0x4a, 0x00, 0x00, 0x00, 0x1f,
    0xff, 0x70, 0x0a, 0x40, 0x00, 0x00, 0x00, 0xbf,
    0xfd, 0x00, 0xd0, 0x00, 0x00, 0x00, 0x04, 0xff,
    0xf3, 0x68, 0x00, 0x00, 0x00, 0x00, 0x0e, 0xff,
    0x9b, 0x20, 0x00, 0x00, 0x00, 0x00, 0x8f, 0xff,
    0xc0, 0x00, 0x00, 0x00, 0x00, 0x02, 0xff, 0xf6,
    0x00, 0x00, 0x00, 0x00, 0x00, 0x0b, 0xfe, 0x10,
    0x00, 0x00,

    /* U+0077 "w" */
    0x0b, 0xff, 0xff, 0xc3, 0x0a, 0xff, 0xff, 0xc2,
    0x09, 0xff, 0xb0, 0x00, 0xaf, 0xff, 0x00, 0x00,
    0xbf, 0xfe, 0x00, 0x00, 0x7a, 0x00, 0x00, 0x4f,
    0xff, 0x40, 0x00, 0x7f, 0xff, 0x20, 0x00, 0xa4,
    0x00, 0x00, 0x0e, 0xff, 0x90, 0x00, 0xbf, 0xff,
    0x70, 0x00, 0xd0, 0x00, 0x00, 0x09, 0xff, 0xe0,
    0x00, 0xdb, 0xff, 0xc0, 0x04, 0xa0, 0x00, 0x00,
    0x04, 0xff, 0xf4, 0x05, 0x85, 0xff, 0xf1, 0x09,
    0x40, 0x00, 0x00, 0x00, 0xef, 0xf9, 0x0a, 0x20,
    0xff, 0xf6, 0x0d, 0x00, 0x00, 0x00, 0x00, 0x9f,
    0xfe, 0x1c, 0x00, 0xbf, 0xfc, 0x3a, 0x00, 0x00,
    0x00, 0x00, 0x4f, 0xff, 0x98, 0x00, 0x5f, 0xff,
    0x95, 0x00, 0x00, 0x00, 0x00, 0x0e, 0xff, 0xf2,
    0x00, 0x0f, 0xff, 0xf0, 0x00, 0x00, 0x00, 0x00,
    0x09, 0xff, 0xd0, 0x00, 0x0b, 0xff, 0xa0, 0x00,
    0x00, 0x00, 0x00, 0x03, 0xff, 0x70, 0x00, 0x05,
    0xff, 0x40, 0x00, 0x00,

    /* U+0078 "x" */
    0x7f, 0xff, 0xfe, 0x70, 0x4d, 0xff, 0x80, 0x04,
    0xff, 0xf9, 0x00, 0x01, 0xf4, 0x00, 0x00, 0x9f,
    0xff, 0x30, 0x07, 0x70, 0x00, 0x00, 0x0e, 0xff,
    0xd0, 0x2b, 0x00, 0x00, 0x00, 0x04, 0xff, 0xf9,
    0xb2, 0x00, 0x00, 0x00, 0x00, 0x9f, 0xff, 0x80,
    0x00, 0x00, 0x00, 0x00, 0x5f, 0xff, 0xe1, 0x00,
    0x00, 0x00, 0x01, 0xc4, 0xff, 0xfa, 0x00, 0x00,
    0x00, 0x0a, 0x30, 0x8f, 0xff, 0x60, 0x00, 0x00,
    0x68, 0x00, 0x0d, 0xff, 0xf2, 0x00, 0x04, 0xf1,
    0x00, 0x03, 0xff, 0xfc, 0x00, 0x8f, 0xfe, 0x40,
    0x5d, 0xff, 0xff, 0xd0,

    /* U+0079 "y" */
    0x0b, 0xff, 0xff, 0xd6, 0x00, 0x6e, 0xff, 0x50,
    0x09, 0xff, 0xf2, 0x00, 0x00, 0x1f, 0x10, 0x00,
    0x1f, 0xff, 0x70, 0x00, 0x04, 0x80, 0x00, 0x00,
    0xaf, 0xfe, 0x00, 0x00, 0xb2, 0x00, 0x00, 0x03,
    0xff, 0xf5, 0x00, 0x1b, 0x00, 0x00, 0x00, 0x0b,
    0xff, 0xb0, 0x07, 0x50, 0x00, 0x00, 0x00, 0x4f,
    0xff, 0x20, 0xc0, 0x00, 0x00, 0x00, 0x00, 0xdf,
    0xf8, 0x48, 0x00, 0x00, 0x00, 0x00, 0x06, 0xff,
    0xeb, 0x20, 0x00, 0x00, 0x00, 0x00, 0x0e, 0xff,
    0xc0, 0x00, 0x00, 0x00, 0x00, 0x00, 0x8f, 0xf5,
    0x00, 0x00, 0x00, 0x00, 0x00, 0x01, 0xfe, 0x00,
    0x00, 0x00, 0x00, 0x00, 0x00, 0x0a, 0x80, 0x00,
    0x00, 0x00, 0x00, 0x00, 0x00, 0xb2, 0x00, 0x00,
    0x00, 0x03, 0xec, 0x00, 0x2b, 0x00, 0x00, 0x00,
    0x00, 0x8f, 0xf4, 0x09, 0x50, 0x00, 0x00, 0x00,
    0x05, 0xff, 0xc6, 0xc0, 0x00, 0x00, 0x00, 0x00,
    0x07, 0xef, 0xb1, 0x00, 0x00, 0x00, 0x00,

    /* U+007A "z" */
    0x07, 0xff, 0xbb, 0xbe, 0xff, 0xf1, 0x0b, 0xe1,
    0x00, 0x1f, 0xff, 0x90, 0x0e, 0x40, 0x00, 0xbf,
    0xfe, 0x10, 0x1b, 0x00, 0x05, 0xff, 0xf5, 0x00,
    0x00, 0x00, 0x1e, 0xff, 0xb0, 0x00, 0x00, 0x00,
    0xaf, 0xff, 0x10, 0x00, 0x00, 0x04, 0xff, 0xf7,
    0x00, 0x00, 0x00, 0x0d, 0xff, 0xc0, 0x00, 0x11,
    0x00, 0x8f, 0xff, 0x30, 0x00, 0xa5, 0x03, 0xff,
    0xf8, 0x00, 0x03, 0xf1, 0x0c, 0xff, 0xd0, 0x00,
    0x2e, 0xe0, 0x4f, 0xff, 0xdb, 0xbc, 0xff, 0xa0,

    /* U+007B "{" */
    0x00, 0x06, 0xcf, 0xdc, 0x20, 0x0b, 0xff, 0x50,
    0x00, 0x04, 0xff, 0xb0, 0x00, 0x00, 0x7f, 0xf9,
    0x00, 0x00, 0x04, 0xff, 0xd0, 0x00, 0x00, 0x0d,
    0xff, 0x60, 0x00, 0x00, 0x3f, 0xff, 0x10, 0x00,
    0x00, 0x6f, 0xf9, 0x00, 0x00, 0x00, 0xef, 0xc0,
    0x00, 0x10, 0x2f, 0xf4, 0x00, 0x8f, 0xfa, 0x40,
    0x00, 0x07, 0xe5, 0x5f, 0xc2, 0x00, 0x00, 0x00,
    0xdf, 0xb0, 0x00, 0x00, 0x3f, 0xfb, 0x00, 0x00,
    0x0d, 0xff, 0x50, 0x00, 0x08, 0xff, 0xb0, 0x00,
    0x01, 0xff, 0xf2, 0x00, 0x00, 0x6f, 0xfb, 0x00,
    0x00, 0x06, 0xff, 0x90, 0x00, 0x00, 0x3f, 0xfc,
    0x00, 0x00, 0x00, 0x8f, 0xf7, 0x00, 0x00, 0x00,
    0x4a, 0xdd, 0xb2,

    /* U+007C "|" */
    0x5e, 0x07, 0xf1, 0x6f, 0x16, 0xf0, 0x5f, 0x05,
    0xf0, 0x4e, 0x03, 0xe0, 0x3d, 0x02, 0xd0, 0x1c,
    0x01, 0xc0, 0x2c, 0x02, 0xd0, 0x3d, 0x03, 0xe0,
    0x4f, 0x05, 0xf0, 0x5f, 0x06, 0xf1, 0x6f, 0x17,
    0xf1, 0x29, 0x00,

    /* U+007D "}" */
    0x3c, 0xee, 0xb5, 0x00, 0x00, 0x00, 0x7f, 0xf9,
    0x00, 0x00, 0x00, 0xdf, 0xf2, 0x00, 0x00, 0x0b,
    0xff, 0x40, 0x00, 0x00, 0xff, 0xf2, 0x00, 0x00,
    0x9f, 0xfb, 0x00, 0x00, 0x3f, 0xfe, 0x10, 0x00,
    0x0c, 0xff, 0x40, 0x00, 0x00, 0xef, 0xc0, 0x00,
    0x00, 0x06, 0xfd, 0x10, 0x10, 0x00, 0x01, 0x5b,
    0xff, 0x50, 0x03, 0xde, 0x47, 0xf5, 0x00, 0xdf,
    0xb0, 0x00, 0x00, 0x0e, 0xff, 0x10, 0x00, 0x00,
    0x7f, 0xfb, 0x00, 0x00, 0x00, 0xdf, 0xf6, 0x00,
    0x00, 0x04, 0xff, 0xe0, 0x00, 0x00, 0x0d, 0xff,
    0x30, 0x00, 0x00, 0xbf, 0xf4, 0x00, 0x00, 0x0e,
    0xff, 0x10, 0x00, 0x09, 0xff, 0x60, 0x03, 0xcd,
    0xc9, 0x30, 0x00,

    /* U+007E "~" */
    0x05, 0xdf, 0xc4, 0x00, 0x00, 0x06, 0x63, 0xe3,
    0x04, 0xd8, 0x00, 0x00, 0xa5, 0x96, 0x00, 0x00,
    0xac, 0x30, 0x6e, 0x0a, 0x20, 0x00, 0x00, 0x5d,
    0xfc, 0x30,

    /* U+00C0 "À" */
    0x00, 0x00, 0x00, 0x00, 0x00, 0x00, 0x00, 0x00,
    0x00, 0x00, 0x00, 0x05, 0xfc, 0x10, 0x00, 0x00,
    0x00, 0x00, 0x00, 0x00, 0x07, 0xff, 0xa0, 0x00,
    0x00, 0x00, 0x00, 0x00, 0x00, 0x00, 0x8f, 0xf6,
    0x00, 0x00, 0x00, 0x00, 0x00, 0x00, 0x00, 0x00,
    0x7d, 0x10, 0x00, 0x00, 0x00, 0x00, 0x00, 0x00,
    0x00, 0x00, 0x00, 0x00, 0x00, 0x00, 0x00, 0x00,
    0x05, 0xff, 0xff, 0xfd, 0x10, 0x00, 0x00, 0x00,
    0x00, 0x00, 0x9f, 0xff, 0xf5, 0x00, 0x00, 0x00,
    0x00, 0x00, 0x00, 0xb9, 0xff, 0xfa, 0x00, 0x00,
    0x00, 0x00, 0x00, 0x01, 0xe0, 0xff, 0xff, 0x00,
    0x00, 0x00, 0x00, 0x00, 0x06, 0xa0, 0xaf, 0xff,
    0x50, 0x00, 0x00, 0x00, 0x00, 0x0b, 0x50, 0x5f,
    0xff, 0xa0, 0x00, 0x00, 0x00, 0x00, 0x0e, 0x00,
    0x0f, 0xff, 0xf0, 0x00, 0x00, 0x00, 0x00, 0x5b,
    0x00, 0x0b, 0xff, 0xf4, 0x00, 0x00, 0x00, 0x00,
    0xa6, 0x00, 0x06, 0xff, 0xfa, 0x00, 0x00, 0x00,
    0x00, 0xe1, 0x00, 0x01, 0xff, 0xfe, 0x00, 0x00,
    0x00, 0x04, 0xc0, 0x00, 0x00, 0xbf, 0xff, 0x40,
    0x00, 0x00, 0x09, 0xfd, 0xdd, 0xdd, 0xef, 0xff,
    0x90, 0x00, 0x00, 0x0e, 0x20, 0x00, 0x00, 0x1f,
    0xff, 0xe0, 0x00, 0x00, 0x3d, 0x00, 0x00, 0x00,
    0x0c, 0xff, 0xf4, 0x00, 0x00, 0x88, 0x00, 0x00,
    0x00, 0x06, 0xff, 0xf9, 0x00, 0x00, 0xd3, 0x00,
    0x00, 0x00, 0x01, 0xff, 0xfe, 0x00, 0x06, 0xf6,
    0x00, 0x00, 0x00, 0x00, 0xdf, 0xff, 0x40, 0x9f,
    0xff, 0xd1, 0x00, 0x00, 0x1c, 0xff, 0xff, 0xf5,

    /* U+00C1 "Á" */
    0x00, 0x00, 0x00, 0x00, 0x00, 0x00, 0x00, 0x00,
    0x00, 0x00, 0x00, 0x00, 0x00, 0x00, 0x5f, 0xb0,
    0x00, 0x00, 0x00, 0x00, 0x00, 0x00, 0x03, 0xff,
    0xe0, 0x00, 0x00, 0x00, 0x00, 0x00, 0x00, 0x0d,
    0xfc, 0x30, 0x00, 0x00, 0x00, 0x00, 0x00, 0x00,
    0x8a, 0x30, 0x00, 0x00, 0x00, 0x00, 0x00, 0x00,
    0x00, 0x00, 0x00, 0x00, 0x00, 0x00, 0x00, 0x00,
    0x05, 0xff, 0xff, 0xfd, 0x10, 0x00, 0x00, 0x00,
    0x00, 0x00, 0x9f, 0xff, 0xf5, 0x00, 0x00, 0x00,
    0x00, 0x00, 0x00, 0xb9, 0xff, 0xfa, 0x00, 0x00,
    0x00, 0x00, 0x00, 0x01, 0xe0, 0xff, 0xff, 0x00,
    0x00, 0x00, 0x00, 0x00, 0x06, 0xa0, 0xaf, 0xff,
    0x50, 0x00, 0x00, 0x00, 0x00, 0x0b, 0x50, 0x5f,
    0xff, 0xa0, 0x00, 0x00, 0x00, 0x00, 0x0e, 0x00,
    0x0f, 0xff, 0xf0, 0x00, 0x00, 0x00, 0x00, 0x5b,
    0x00, 0x0b, 0xff, 0xf4, 0x00, 0x00, 0x00, 0x00,
    0xa6, 0x00, 0x06, 0xff, 0xfa, 0x00, 0x00, 0x00,
    0x00, 0xe1, 0x00, 0x01, 0xff, 0xfe, 0x00, 0x00,
    0x00, 0x04, 0xc0, 0x00, 0x00, 0xbf, 0xff, 0x40,
    0x00, 0x00, 0x09, 0xfd, 0xdd, 0xdd, 0xef, 0xff,
    0x90, 0x00, 0x00, 0x0e, 0x20, 0x00, 0x00, 0x1f,
    0xff, 0xe0, 0x00, 0x00, 0x3d, 0x00, 0x00, 0x00,
    0x0c, 0xff, 0xf4, 0x00, 0x00, 0x88, 0x00, 0x00,
    0x00, 0x06, 0xff, 0xf9, 0x00, 0x00, 0xd3, 0x00,
    0x00, 0x00, 0x01, 0xff, 0xfe, 0x00, 0x06, 0xf6,
    0x00, 0x00, 0x00, 0x00, 0xdf, 0xff, 0x40, 0x9f,
    0xff, 0xd1, 0x00, 0x00, 0x1c, 0xff, 0xff, 0xf5,

    /* U+00C2 "Â" */
    0x00, 0x00, 0x00, 0x01, 0xd9, 0x00, 0x00, 0x00,
    0x00, 0x00, 0x00, 0x00, 0x1d, 0xff, 0x80, 0x00,
    0x00, 0x00, 0x00, 0x00, 0x00, 0xcf, 0x9b, 0xf7,
    0x00, 0x00, 0x00, 0x00, 0x00, 0x09, 0x91, 0x00,
    0x4c, 0x40, 0x00, 0x00, 0x00, 0x00, 0x00, 0x00,
    0x00, 0x00, 0x00, 0x00, 0x00, 0x00, 0x00, 0x05,
    0xff, 0xff, 0xfd, 0x10, 0x00, 0x00, 0x00, 0x00,
    0x00, 0x9f, 0xff, 0xf5, 0x00, 0x00, 0x00, 0x00,
    0x00, 0x00, 0xb9, 0xff, 0xfa, 0x00, 0x00, 0x00,
    0x00, 0x00, 0x01, 0xe0, 0xff, 0xff, 0x00, 0x00,
    0x00, 0x00, 0x00, 0x06, 0xa0, 0xaf, 0xff, 0x50,
    0x00, 0x00, 0x00, 0x00, 0x0b, 0x50, 0x5f, 0xff,
    0xa0, 0x00, 0x00, 0x00, 0x00, 0x0e, 0x00, 0x0f,
    0xff, 0xf0, 0x00, 0x00, 0x00, 0x00, 0x5b, 0x00,
    0x0b, 0xff, 0xf4, 0x00, 0x00, 0x00, 0x00, 0xa6,
    0x00, 0x06, 0xff, 0xfa, 0x00, 0x00, 0x00, 0x00,
    0xe1, 0x00, 0x01, 0xff, 0xfe, 0x00, 0x00, 0x00,
    0x04, 0xc0, 0x00, 0x00, 0xbf, 0xff, 0x40, 0x00,
    0x00, 0x09, 0xfd, 0xdd, 0xdd, 0xef, 0xff, 0x90,
    0x00, 0x00, 0x0e, 0x20, 0x00, 0x00, 0x1f, 0xff,
    0xe0, 0x00, 0x00, 0x3d, 0x00, 0x00, 0x00, 0x0c,
    0xff, 0xf4, 0x00, 0x00, 0x88, 0x00, 0x00, 0x00,
    0x06, 0xff, 0xf9, 0x00, 0x00, 0xd3, 0x00, 0x00,
    0x00, 0x01, 0xff, 0xfe, 0x00, 0x06, 0xf6, 0x00,
    0x00, 0x00, 0x00, 0xdf, 0xff, 0x40, 0x9f, 0xff,
    0xd1, 0x00, 0x00, 0x1c, 0xff, 0xff, 0xf5,

    /* U+00C3 "Ã" */
    0x00, 0x00, 0x00, 0xbf, 0xc5, 0x07, 0x40, 0x00,
    0x00, 0x00, 0x00, 0x06, 0xdd, 0xff, 0xef, 0x20,
    0x00, 0x00, 0x00, 0x00, 0x08, 0x20, 0x5d, 0xf9,
    0x00, 0x00, 0x00, 0x00, 0x00, 0x00, 0x00, 0x00,
    0x00, 0x00, 0x00, 0x00, 0x00, 0x00, 0x05, 0xff,
    0xff, 0xfd, 0x10, 0x00, 0x00, 0x00, 0x00, 0x00,
    0x9f, 0xff, 0xf5, 0x00, 0x00, 0x00, 0x00, 0x00,
    0x00, 0xb9, 0xff, 0xfa, 0x00, 0x00, 0x00, 0x00,
    0x00, 0x01, 0xe0, 0xff, 0xff, 0x00, 0x00, 0x00,
    0x00, 0x00, 0x06, 0xa0, 0xaf, 0xff, 0x50, 0x00,
    0x00, 0x00, 0x00, 0x0b, 0x50, 0x5f, 0xff, 0xa0,
    0x00, 0x00, 0x00, 0x00, 0x0e, 0x00, 0x0f, 0xff,
    0xf0, 0x00, 0x00, 0x00, 0x00, 0x5b, 0x00, 0x0b,
    0xff, 0xf4, 0x00, 0x00, 0x00, 0x00, 0xa6, 0x00,
    0x06, 0xff, 0xfa, 0x00, 0x00, 0x00, 0x00, 0xe1,
    0x00, 0x01, 0xff, 0xfe, 0x00, 0x00, 0x00, 0x04,
    0xc0, 0x00, 0x00, 0xbf, 0xff, 0x40, 0x00, 0x00,
    0x09, 0xfd, 0xdd, 0xdd, 0xef, 0xff, 0x90, 0x00,
    0x00, 0x0e, 0x20, 0x00, 0x00, 0x1f, 0xff, 0xe0,
    0x00, 0x00, 0x3d, 0x00, 0x00, 0x00, 0x0c, 0xff,
    0xf4, 0x00, 0x00, 0x88, 0x00, 0x00, 0x00, 0x06,
    0xff, 0xf9, 0x00, 0x00, 0xd3, 0x00, 0x00, 0x00,
    0x01, 0xff, 0xfe, 0x00, 0x06, 0xf6, 0x00, 0x00,
    0x00, 0x00, 0xdf, 0xff, 0x40, 0x9f, 0xff, 0xd1,
    0x00, 0x00, 0x1c, 0xff, 0xff, 0xf5,

    /* U+00C4 "Ä" */
    0x00, 0x00, 0x01, 0x30, 0x00, 0x13, 0x00, 0x00,
    0x00, 0x00, 0x00, 0x2f, 0xfc, 0x03, 0xff, 0xa0,
    0x00, 0x00, 0x00, 0x00, 0x5f, 0xff, 0x17, 0xff,
    0xf0, 0x00, 0x00, 0x00, 0x00, 0x0c, 0xf9, 0x02,
    0xdf, 0x70, 0x00, 0x00, 0x00, 0x00, 0x00, 0x00,
    0x00, 0x00, 0x00, 0x00, 0x00, 0x00, 0x00, 0x05,
    0xff, 0xff, 0xfd, 0x10, 0x00, 0x00, 0x00, 0x00,
    0x00, 0x9f, 0xff, 0xf5, 0x00, 0x00, 0x00, 0x00,
    0x00, 0x00, 0xb9, 0xff, 0xfa, 0x00, 0x00, 0x00,
    0x00, 0x00, 0x01, 0xe0, 0xff, 0xff, 0x00, 0x00,
    0x00, 0x00, 0x00, 0x06, 0xa0, 0xaf, 0xff, 0x50,
    0x00, 0x00, 0x00, 0x00, 0x0b, 0x50, 0x5f, 0xff,
    0xa0, 0x00, 0x00, 0x00, 0x00, 0x0e, 0x00, 0x0f,
    0xff, 0xf0, 0x00, 0x00, 0x00, 0x00, 0x5b, 0x00,
    0x0b, 0xff, 0xf4, 0x00, 0x00, 0x00, 0x00, 0xa6,
    0x00, 0x06, 0xff, 0xfa, 0x00, 0x00, 0x00, 0x00,
    0xe1, 0x00, 0x01, 0xff, 0xfe, 0x00, 0x00, 0x00,
    0x04, 0xc0, 0x00, 0x00, 0xbf, 0xff, 0x40, 0x00,
    0x00, 0x09, 0xfd, 0xdd, 0xdd, 0xef, 0xff, 0x90,
    0x00, 0x00, 0x0e, 0x20, 0x00, 0x00, 0x1f, 0xff,
    0xe0, 0x00, 0x00, 0x3d, 0x00, 0x00, 0x00, 0x0c,
    0xff, 0xf4, 0x00, 0x00, 0x88, 0x00, 0x00, 0x00,
    0x06, 0xff, 0xf9, 0x00, 0x00, 0xd3, 0x00, 0x00,
    0x00, 0x01, 0xff, 0xfe, 0x00, 0x06, 0xf6, 0x00,
    0x00, 0x00, 0x00, 0xdf, 0xff, 0x40, 0x9f, 0xff,
    0xd1, 0x00, 0x00, 0x1c, 0xff, 0xff, 0xf5,

    /* U+00C5 "Å" */
    0x00, 0x00, 0x00, 0x1b, 0xcd, 0x80, 0x00, 0x00,
    0x00, 0x00, 0x00, 0x00, 0xae, 0x03, 0xf5, 0x00,
    0x00, 0x00, 0x00, 0x00, 0x00, 0xcc, 0x01, 0xf7,
    0x00, 0x00, 0x00, 0x00, 0x00, 0x00, 0x5f, 0x26,
    0xe2, 0x00, 0x00, 0x00, 0x00, 0x00, 0x00, 0x02,
    0x65, 0x10, 0x00, 0x00, 0x00, 0x00, 0x00, 0x05,
    0xff, 0xff, 0xfd, 0x10, 0x00, 0x00, 0x00, 0x00,
    0x00, 0x9f, 0xff, 0xf5, 0x00, 0x00, 0x00, 0x00,
    0x00, 0x00, 0xb9, 0xff, 0xfa, 0x00, 0x00, 0x00,
    0x00, 0x00, 0x01, 0xe0, 0xff, 0xff, 0x00, 0x00,
    0x00, 0x00, 0x00, 0x06, 0xa0, 0xaf, 0xff, 0x50,
    0x00, 0x00, 0x00, 0x00, 0x0b, 0x50, 0x5f, 0xff,
    0xa0, 0x00, 0x00, 0x00, 0x00, 0x0e, 0x00, 0x0f,
    0xff, 0xf0, 0x00, 0x00, 0x00, 0x00, 0x5b, 0x00,
    0x0b, 0xff, 0xf4, 0x00, 0x00, 0x00, 0x00, 0xa6,
    0x00, 0x06, 0xff, 0xfa, 0x00, 0x00, 0x00, 0x00,
    0xe1, 0x00, 0x01, 0xff, 0xfe, 0x00, 0x00, 0x00,
    0x04, 0xc0, 0x00, 0x00, 0xbf, 0xff, 0x40, 0x00,
    0x00, 0x09, 0xfd, 0xdd, 0xdd, 0xef, 0xff, 0x90,
    0x00, 0x00, 0x0e, 0x20, 0x00, 0x00, 0x1f, 0xff,
    0xe0, 0x00, 0x00, 0x3d, 0x00, 0x00, 0x00, 0x0c,
    0xff, 0xf4, 0x00, 0x00, 0x88, 0x00, 0x00, 0x00,
    0x06, 0xff, 0xf9, 0x00, 0x00, 0xd3, 0x00, 0x00,
    0x00, 0x01, 0xff, 0xfe, 0x00, 0x06, 0xf6, 0x00,
    0x00, 0x00, 0x00, 0xdf, 0xff, 0x40, 0x9f, 0xff,
    0xd1, 0x00, 0x00, 0x1c, 0xff, 0xff, 0xf5,

    /* U+00C6 "Æ" */
    0x00, 0x00, 0x00, 0x00, 0x02, 0xef, 0xff, 0xff,
    0xee, 0xee, 0xff, 0xf8, 0x00, 0x00, 0x00, 0x00,
    0x00, 0x00, 0x4e, 0x9f, 0xff, 0x50, 0x00, 0x08,
    0xfe, 0x00, 0x00, 0x00, 0x00, 0x00, 0x00, 0x97,
    0x8f, 0xff, 0x50, 0x00, 0x00, 0x8f, 0x20, 0x00,
    0x00, 0x00, 0x00, 0x02, 0xd0, 0x8f, 0xff, 0x50,
    0x00, 0x00, 0x0c, 0x70, 0x00, 0x00, 0x00, 0x00,
    0x0b, 0x50, 0x8f, 0xff, 0x50, 0x00, 0x00, 0x03,
    0x80, 0x00, 0x00, 0x00, 0x00, 0x4c, 0x00, 0x8f,
    0xff, 0x50, 0x00, 0x00, 0x00, 0x00, 0x00, 0x00,
    0x00, 0x00, 0xd3, 0x00, 0x8f, 0xff, 0x50, 0x00,
    0x39, 0x00, 0x00, 0x00, 0x00, 0x00, 0x06, 0xb0,
    0x00, 0x8f, 0xff, 0x50, 0x00, 0xae, 0x00, 0x00,
    0x00, 0x00, 0x00, 0x0e, 0x20, 0x00, 0x8f, 0xff,
    0xec, 0xcd, 0xff, 0x30, 0x00, 0x00, 0x00, 0x00,
    0x89, 0x00, 0x00, 0x8f, 0xff, 0x50, 0x00, 0x2d,
    0x80, 0x00, 0x00, 0x00, 0x01, 0xfd, 0xdd, 0xdd,
    0xef, 0xff, 0x50, 0x00, 0x02, 0x90, 0x00, 0x00,
    0x00, 0x0a, 0x70, 0x00, 0x00, 0x8f, 0xff, 0x50,
    0x00, 0x00, 0x00, 0x00, 0x00, 0x00, 0x3e, 0x00,
    0x00, 0x00, 0x8f, 0xff, 0x50, 0x00, 0x00, 0x00,
    0x71, 0x00, 0x00, 0xb6, 0x00, 0x00, 0x00, 0x8f,
    0xff, 0x50, 0x00, 0x00, 0x02, 0xf0, 0x00, 0x04,
    0xd0, 0x00, 0x00, 0x00, 0x8f, 0xff, 0x50, 0x00,
    0x00, 0x0b, 0xb0, 0x00, 0x0d, 0x50, 0x00, 0x00,
    0x00, 0x8f, 0xff, 0x50, 0x00, 0x00, 0x5f, 0x70,
    0x00, 0x9f, 0x50, 0x00, 0x00, 0x00, 0x8f, 0xff,
    0x60, 0x00, 0x05, 0xff, 0x30, 0x0d, 0xff, 0xfb,
    0x00, 0x00, 0x2d, 0xff, 0xff, 0xfd, 0xdd, 0xef,
    0xfe, 0x00,

    /* U+00C7 "Ç" */
    0x00, 0x00, 0x01, 0x7c, 0xef, 0xec, 0x70, 0x96,
    0x00, 0x00, 0x06, 0xff, 0xc4, 0x00, 0x16, 0xef,
    0xb0, 0x00, 0x08, 0xff, 0xb0, 0x00, 0x00, 0x02,
    0xef, 0x00, 0x06, 0xff, 0xe1, 0x00, 0x00, 0x00,
    0x03, 0xf4, 0x01, 0xff, 0xf7, 0x00, 0x00, 0x00,
    0x00, 0x09, 0x90, 0x7f, 0xff, 0x20, 0x00, 0x00,
    0x00, 0x00, 0x28, 0x0c, 0xff, 0xf0, 0x00, 0x00,
    0x00, 0x00, 0x00, 0x00, 0xff, 0xfe, 0x00, 0x00,
    0x00, 0x00, 0x00, 0x00, 0x1f, 0xff, 0xe0, 0x00,
    0x00, 0x00, 0x00, 0x00, 0x01, 0xff, 0xff, 0x00,
    0x00, 0x00, 0x00, 0x00, 0x00, 0x0f, 0xff, 0xf1,
    0x00, 0x00, 0x00, 0x00, 0x00, 0x00, 0xdf, 0xff,
    0x40, 0x00, 0x00, 0x00, 0x00, 0x00, 0x09, 0xff,
    0xfa, 0x00, 0x00, 0x00, 0x00, 0x00, 0x70, 0x2f,
    0xff, 0xf3, 0x00, 0x00, 0x00, 0x00, 0x4a, 0x00,
    0x9f, 0xff, 0xe2, 0x00, 0x00, 0x00, 0x1e, 0x40,
    0x00, 0xbf, 0xff, 0xe6, 0x10, 0x00, 0x5e, 0x90,
    0x00, 0x00, 0x8f, 0xff, 0xff, 0xdd, 0xff, 0x80,
    0x00, 0x00, 0x00, 0x28, 0xcf, 0xff, 0xd9, 0x20,
    0x00, 0x00, 0x00, 0x00, 0x00, 0x63, 0x00, 0x00,
    0x00, 0x00, 0x00, 0x00, 0x00, 0x07, 0xcd, 0x40,
    0x00, 0x00, 0x00, 0x00, 0x00, 0x00, 0x02, 0xfe,
    0x00, 0x00, 0x00, 0x00, 0x00, 0x01, 0x70, 0x3f,
    0xd0, 0x00, 0x00, 0x00, 0x00, 0x00, 0x06, 0xac,
    0xa2, 0x00, 0x00, 0x00,

    /* U+00C8 "È" */
    0x00, 0x00, 0x00, 0x00, 0x00, 0x00, 0x00, 0x00,
    0x00, 0x0a, 0xf7, 0x00, 0x00, 0x00, 0x00, 0x00,
    0x00, 0xdf, 0xf4, 0x00, 0x00, 0x00, 0x00, 0x00,
    0x02, 0xbf, 0xe1, 0x00, 0x00, 0x00, 0x00, 0x00,
    0x00, 0x29, 0xa0, 0x00, 0x00, 0x00, 0x00, 0x00,
    0x00, 0x00, 0x00, 0x00, 0x00, 0x9e, 0xff, 0xff,
    0xdd, 0xdd, 0xff, 0xf3, 0x00, 0x0f, 0xff, 0xd0,
    0x00, 0x01, 0xbf, 0x80, 0x00, 0xff, 0xfd, 0x00,
    0x00, 0x00, 0xcd, 0x00, 0x0f, 0xff, 0xd0, 0x00,
    0x00, 0x02, 0xf1, 0x00, 0xff, 0xfd, 0x00, 0x00,
    0x00, 0x06, 0x30, 0x0f, 0xff, 0xd0, 0x00, 0x00,
    0x00, 0x00, 0x00, 0xff, 0xfd, 0x00, 0x00, 0x84,
    0x00, 0x00, 0x0f, 0xff, 0xd0, 0x00, 0x0d, 0x80,
    0x00, 0x00, 0xff, 0xff, 0xaa, 0xad, 0xfd, 0x00,
    0x00, 0x0f, 0xff, 0xd3, 0x33, 0x3a, 0xf1, 0x00,
    0x00, 0xff, 0xfd, 0x00, 0x00, 0x0a, 0x50, 0x00,
    0x0f, 0xff, 0xd0, 0x00, 0x00, 0x00, 0x00, 0x00,
    0xff, 0xfd, 0x00, 0x00, 0x00, 0x00, 0x70, 0x0f,
    0xff, 0xd0, 0x00, 0x00, 0x00, 0x8a, 0x00, 0xff,
    0xfd, 0x00, 0x00, 0x00, 0x1f, 0x50, 0x0f, 0xff,
    0xd0, 0x00, 0x00, 0x0b, 0xf1, 0x01, 0xff, 0xfe,
    0x00, 0x00, 0x0a, 0xfd, 0x09, 0xff, 0xff, 0xfe,
    0xdd, 0xdf, 0xff, 0x80,

    /* U+00C9 "É" */
    0x00, 0x00, 0x00, 0x00, 0x00, 0x00, 0x00, 0x00,
    0x00, 0x00, 0x00, 0x01, 0xcf, 0x40, 0x00, 0x00,
    0x00, 0x00, 0x00, 0xbf, 0xf6, 0x00, 0x00, 0x00,
    0x00, 0x00, 0x6f, 0xf8, 0x00, 0x00, 0x00, 0x00,
    0x00, 0x1d, 0x70, 0x00, 0x00, 0x00, 0x00, 0x00,
    0x00, 0x00, 0x00, 0x00, 0x00, 0x9e, 0xff, 0xff,
    0xdd, 0xdd, 0xff, 0xf3, 0x00, 0x0f, 0xff, 0xd0,
    0x00, 0x01, 0xbf, 0x80, 0x00, 0xff, 0xfd, 0x00,
    0x00, 0x00, 0xcd, 0x00, 0x0f, 0xff, 0xd0, 0x00,
    0x00, 0x02, 0xf1, 0x00, 0xff, 0xfd, 0x00, 0x00,
    0x00, 0x06, 0x30, 0x0f, 0xff, 0xd0, 0x00, 0x00,
    0x00, 0x00, 0x00, 0xff, 0xfd, 0x00, 0x00, 0x84,
    0x00, 0x00, 0x0f, 0xff, 0xd0, 0x00, 0x0d, 0x80,
    0x00, 0x00, 0xff, 0xff, 0xaa, 0xad, 0xfd, 0x00,
    0x00, 0x0f, 0xff, 0xd3, 0x33, 0x3a, 0xf1, 0x00,
    0x00, 0xff, 0xfd, 0x00, 0x00, 0x0a, 0x50, 0x00,
    0x0f, 0xff, 0xd0, 0x00, 0x00, 0x00, 0x00, 0x00,
    0xff, 0xfd, 0x00, 0x00, 0x00, 0x00, 0x70, 0x0f,
    0xff, 0xd0, 0x00, 0x00, 0x00, 0x8a, 0x00, 0xff,
    0xfd, 0x00, 0x00, 0x00, 0x1f, 0x50, 0x0f, 0xff,
    0xd0, 0x00, 0x00, 0x0b, 0xf1, 0x01, 0xff, 0xfe,
    0x00, 0x00, 0x0a, 0xfd, 0x09, 0xff, 0xff, 0xfe,
    0xdd, 0xdf, 0xff, 0x80,

    /* U+00CA "Ê" */
    0x00, 0x00, 0x00, 0x8f, 0x50, 0x00, 0x00, 0x00,
    0x00, 0x00, 0x9f, 0xff, 0x60, 0x00, 0x00, 0x00,
    0x00, 0x9d, 0x50, 0x7e, 0x60, 0x00, 0x00, 0x00,
    0x16, 0x00, 0x00, 0x07, 0x00, 0x00, 0x00, 0x00,
    0x00, 0x00, 0x00, 0x00, 0x00, 0x09, 0xef, 0xff,
    0xfd, 0xdd, 0xdf, 0xff, 0x30, 0x00, 0xff, 0xfd,
    0x00, 0x00, 0x1b, 0xf8, 0x00, 0x0f, 0xff, 0xd0,
    0x00, 0x00, 0x0c, 0xd0, 0x00, 0xff, 0xfd, 0x00,
    0x00, 0x00, 0x2f, 0x10, 0x0f, 0xff, 0xd0, 0x00,
    0x00, 0x00, 0x63, 0x00, 0xff, 0xfd, 0x00, 0x00,
    0x00, 0x00, 0x00, 0x0f, 0xff, 0xd0, 0x00, 0x08,
    0x40, 0x00, 0x00, 0xff, 0xfd, 0x00, 0x00, 0xd8,
    0x00, 0x00, 0x0f, 0xff, 0xfa, 0xaa, 0xdf, 0xd0,
    0x00, 0x00, 0xff, 0xfd, 0x33, 0x33, 0xaf, 0x10,
    0x00, 0x0f, 0xff, 0xd0, 0x00, 0x00, 0xa5, 0x00,
    0x00, 0xff, 0xfd, 0x00, 0x00, 0x00, 0x00, 0x00,
    0x0f, 0xff, 0xd0, 0x00, 0x00, 0x00, 0x07, 0x00,
    0xff, 0xfd, 0x00, 0x00, 0x00, 0x08, 0xa0, 0x0f,
    0xff, 0xd0, 0x00, 0x00, 0x01, 0xf5, 0x00, 0xff,
    0xfd, 0x00, 0x00, 0x00, 0xbf, 0x10, 0x1f, 0xff,
    0xe0, 0x00, 0x00, 0xaf, 0xd0, 0x9f, 0xff, 0xff,
    0xed, 0xdd, 0xff, 0xf8, 0x00,

    /* U+00CB "Ë" */
    0x00, 0x04, 0xee, 0x40, 0x6f, 0xd2, 0x00, 0x00,
    0x00, 0xbf, 0xfa, 0x0d, 0xff, 0x80, 0x00, 0x00,
    0x07, 0xff, 0x60, 0x9f, 0xf4, 0x00, 0x00, 0x00,
    0x02, 0x20, 0x00, 0x32, 0x00, 0x00, 0x00, 0x00,
    0x00, 0x00, 0x00, 0x00, 0x00, 0x09, 0xef, 0xff,
    0xfd, 0xdd, 0xdf, 0xff, 0x30, 0x00, 0xff, 0xfd,
    0x00, 0x00, 0x1b, 0xf8, 0x00, 0x0f, 0xff, 0xd0,
    0x00, 0x00, 0x0c, 0xd0, 0x00, 0xff, 0xfd, 0x00,
    0x00, 0x00, 0x2f, 0x10, 0x0f, 0xff, 0xd0, 0x00,
    0x00, 0x00, 0x63, 0x00, 0xff, 0xfd, 0x00, 0x00,
    0x00, 0x00, 0x00, 0x0f, 0xff, 0xd0, 0x00, 0x08,
    0x40, 0x00, 0x00, 0xff, 0xfd, 0x00, 0x00, 0xd8,
    0x00, 0x00, 0x0f, 0xff, 0xfa, 0xaa, 0xdf, 0xd0,
    0x00, 0x00, 0xff, 0xfd, 0x33, 0x33, 0xaf, 0x10,
    0x00, 0x0f, 0xff, 0xd0, 0x00, 0x00, 0xa5, 0x00,
    0x00, 0xff, 0xfd, 0x00, 0x00, 0x00, 0x00, 0x00,
    0x0f, 0xff, 0xd0, 0x00, 0x00, 0x00, 0x07, 0x00,
    0xff, 0xfd, 0x00, 0x00, 0x00, 0x08, 0xa0, 0x0f,
    0xff, 0xd0, 0x00, 0x00, 0x01, 0xf5, 0x00, 0xff,
    0xfd, 0x00, 0x00, 0x00, 0xbf, 0x10, 0x1f, 0xff,
    0xe0, 0x00, 0x00, 0xaf, 0xd0, 0x9f, 0xff, 0xff,
    0xed, 0xdd, 0xff, 0xf8, 0x00,

    /* U+00CC "Ì" */
    0x00, 0x00, 0x00, 0x00, 0x3f, 0xd1, 0x00, 0x00,
    0x5f, 0xfc, 0x00, 0x00, 0x07, 0xef, 0x80, 0x00,
    0x00, 0x06, 0xc2, 0x00, 0x00, 0x00, 0x00, 0x00,
    0x9f, 0xff, 0xff, 0xe6, 0x01, 0xff, 0xfd, 0x00,
    0x00, 0xff, 0xfd, 0x00, 0x00, 0xff, 0xfd, 0x00,
    0x00, 0xff, 0xfd, 0x00, 0x00, 0xff, 0xfd, 0x00,
    0x00, 0xff, 0xfd, 0x00, 0x00, 0xff, 0xfd, 0x00,
    0x00, 0xff, 0xfd, 0x00, 0x00, 0xff, 0xfd, 0x00,
    0x00, 0xff, 0xfd, 0x00, 0x00, 0xff, 0xfd, 0x00,
    0x00, 0xff, 0xfd, 0x00, 0x00, 0xff, 0xfd, 0x00,
    0x00, 0xff, 0xfd, 0x00, 0x00, 0xff, 0xfd, 0x00,
    0x01, 0xff, 0xfd, 0x00, 0x9f, 0xff, 0xff, 0xe6,

    /* U+00CD "Í" */
    0x00, 0x00, 0x00, 0x00, 0x00, 0x00, 0x00, 0x6f,
    0xb0, 0x00, 0x00, 0x3f, 0xfe, 0x00, 0x00, 0x0e,
    0xfc, 0x30, 0x00, 0x09, 0xa3, 0x00, 0x00, 0x00,
    0x00, 0x00, 0x00, 0x9f, 0xff, 0xff, 0xe6, 0x00,
    0x1f, 0xff, 0xd0, 0x00, 0x00, 0xff, 0xfd, 0x00,
    0x00, 0x0f, 0xff, 0xd0, 0x00, 0x00, 0xff, 0xfd,
    0x00, 0x00, 0x0f, 0xff, 0xd0, 0x00, 0x00, 0xff,
    0xfd, 0x00, 0x00, 0x0f, 0xff, 0xd0, 0x00, 0x00,
    0xff, 0xfd, 0x00, 0x00, 0x0f, 0xff, 0xd0, 0x00,
    0x00, 0xff, 0xfd, 0x00, 0x00, 0x0f, 0xff, 0xd0,
    0x00, 0x00, 0xff, 0xfd, 0x00, 0x00, 0x0f, 0xff,
    0xd0, 0x00, 0x00, 0xff, 0xfd, 0x00, 0x00, 0x0f,
    0xff, 0xd0, 0x00, 0x01, 0xff, 0xfd, 0x00, 0x09,
    0xff, 0xff, 0xfe, 0x60,

    /* U+00CE "Î" */
    0x00, 0x1d, 0xa0, 0x00, 0x00, 0xcf, 0xf9, 0x00,
    0x0b, 0xfa, 0xbf, 0x80, 0x8a, 0x20, 0x03, 0xb5,
    0x00, 0x00, 0x00, 0x00, 0x9f, 0xff, 0xff, 0xe6,
    0x01, 0xff, 0xfd, 0x00, 0x00, 0xff, 0xfd, 0x00,
    0x00, 0xff, 0xfd, 0x00, 0x00, 0xff, 0xfd, 0x00,
    0x00, 0xff, 0xfd, 0x00, 0x00, 0xff, 0xfd, 0x00,
    0x00, 0xff, 0xfd, 0x00, 0x00, 0xff, 0xfd, 0x00,
    0x00, 0xff, 0xfd, 0x00, 0x00, 0xff, 0xfd, 0x00,
    0x00, 0xff, 0xfd, 0x00, 0x00, 0xff, 0xfd, 0x00,
    0x00, 0xff, 0xfd, 0x00, 0x00, 0xff, 0xfd, 0x00,
    0x00, 0xff, 0xfd, 0x00, 0x01, 0xff, 0xfd, 0x00,
    0x9f, 0xff, 0xff, 0xe6,

    /* U+00CF "Ï" */
    0x00, 0x30, 0x00, 0x13, 0x00, 0x1e, 0xfd, 0x02,
    0xff, 0xc0, 0x3f, 0xff, 0x25, 0xff, 0xf0, 0x0b,
    0xfa, 0x01, 0xcf, 0x80, 0x00, 0x00, 0x00, 0x00,
    0x00, 0x09, 0xff, 0xff, 0xfe, 0x60, 0x00, 0x1f,
    0xff, 0xd0, 0x00, 0x00, 0x0f, 0xff, 0xd0, 0x00,
    0x00, 0x0f, 0xff, 0xd0, 0x00, 0x00, 0x0f, 0xff,
    0xd0, 0x00, 0x00, 0x0f, 0xff, 0xd0, 0x00, 0x00,
    0x0f, 0xff, 0xd0, 0x00, 0x00, 0x0f, 0xff, 0xd0,
    0x00, 0x00, 0x0f, 0xff, 0xd0, 0x00, 0x00, 0x0f,
    0xff, 0xd0, 0x00, 0x00, 0x0f, 0xff, 0xd0, 0x00,
    0x00, 0x0f, 0xff, 0xd0, 0x00, 0x00, 0x0f, 0xff,
    0xd0, 0x00, 0x00, 0x0f, 0xff, 0xd0, 0x00, 0x00,
    0x0f, 0xff, 0xd0, 0x00, 0x00, 0x0f, 0xff, 0xd0,
    0x00, 0x00, 0x1f, 0xff, 0xd0, 0x00, 0x09, 0xff,
    0xff, 0xfe, 0x60,

    /* U+00D0 "Ð" */
    0x09, 0xff, 0xff, 0xfc, 0xce, 0xd9, 0x50, 0x00,
    0x00, 0x00, 0x01, 0xff, 0xfd, 0x00, 0x03, 0xbf,
    0xe6, 0x00, 0x00, 0x00, 0x0f, 0xff, 0xd0, 0x00,
    0x00, 0x7f, 0xfb, 0x00, 0x00, 0x00, 0xff, 0xfd,
    0x00, 0x00, 0x00, 0xaf, 0xfb, 0x00, 0x00, 0x0f,
    0xff, 0xd0, 0x00, 0x00, 0x01, 0xff, 0xf7, 0x00,
    0x00, 0xff, 0xfd, 0x00, 0x00, 0x00, 0x0a, 0xff,
    0xf1, 0x00, 0x0f, 0xff, 0xd0, 0x00, 0x00, 0x00,
    0x6f, 0xff, 0x60, 0x00, 0xff, 0xfd, 0x00, 0x00,
    0x00, 0x03, 0xff, 0xfa, 0x09, 0xaf, 0xff, 0xfa,
    0xaa, 0x40, 0x00, 0x2f, 0xff, 0xd0, 0x00, 0xff,
    0xfd, 0x00, 0x00, 0x00, 0x01, 0xff, 0xfe, 0x00,
    0x0f, 0xff, 0xd0, 0x00, 0x00, 0x00, 0x2f, 0xff,
    0xe0, 0x00, 0xff, 0xfd, 0x00, 0x00, 0x00, 0x03,
    0xff, 0xfc, 0x00, 0x0f, 0xff, 0xd0, 0x00, 0x00,
    0x00, 0x6f, 0xff, 0x70, 0x00, 0xff, 0xfd, 0x00,
    0x00, 0x00, 0x0b, 0xff, 0xf1, 0x00, 0x0f, 0xff,
    0xd0, 0x00, 0x00, 0x02, 0xff, 0xf7, 0x00, 0x00,
    0xff, 0xfd, 0x00, 0x00, 0x00, 0xcf, 0xf9, 0x00,
    0x00, 0x1f, 0xff, 0xe0, 0x00, 0x05, 0xdf, 0xe6,
    0x00, 0x00, 0x9f, 0xff, 0xff, 0xed, 0xde, 0xda,
    0x60, 0x00, 0x00,

    /* U+00D1 "Ñ" */
    0x00, 0x00, 0x00, 0x0b, 0xfd, 0x50, 0x55, 0x00,
    0x00, 0x00, 0x00, 0x00, 0x05, 0xfe, 0xff, 0xef,
    0x40, 0x00, 0x00, 0x00, 0x00, 0x00, 0x64, 0x05,
    0xdf, 0xa0, 0x00, 0x00, 0x00, 0x00, 0x00, 0x00,
    0x00, 0x00, 0x00, 0x00, 0x00, 0x00, 0x09, 0xff,
    0xfc, 0x00, 0x00, 0x00, 0x2d, 0xff, 0xfe, 0x20,
    0x1e, 0xff, 0xf8, 0x00, 0x00, 0x00, 0x04, 0xf7,
    0x00, 0x00, 0x5f, 0xff, 0xf3, 0x00, 0x00, 0x00,
    0x0d, 0x10, 0x00, 0x00, 0xff, 0xff, 0xd0, 0x00,
    0x00, 0x00, 0xd1, 0x00, 0x00, 0x0e, 0xdf, 0xff,
    0x90, 0x00, 0x00, 0x0d, 0x10, 0x00, 0x00, 0xe2,
    0xff, 0xff, 0x40, 0x00, 0x00, 0xd1, 0x00, 0x00,
    0x0e, 0x07, 0xff, 0xfe, 0x10, 0x00, 0x0d, 0x10,
    0x00, 0x00, 0xe0, 0x0c, 0xff, 0xfa, 0x00, 0x00,
    0xd1, 0x00, 0x00, 0x0e, 0x00, 0x2f, 0xff, 0xf5,
    0x00, 0x0d, 0x10, 0x00, 0x00, 0xe0, 0x00, 0x6f,
    0xff, 0xe1, 0x00, 0xd1, 0x00, 0x00, 0x0e, 0x00,
    0x00, 0xbf, 0xff, 0xb0, 0x0d, 0x10, 0x00, 0x00,
    0xe0, 0x00, 0x01, 0xef, 0xff, 0x60, 0xd1, 0x00,
    0x00, 0x0e, 0x00, 0x00, 0x05, 0xff, 0xff, 0x2d,
    0x10, 0x00, 0x00, 0xe0, 0x00, 0x00, 0x0a, 0xff,
    0xfc, 0xd1, 0x00, 0x00, 0x0e, 0x00, 0x00, 0x00,
    0x1e, 0xff, 0xff, 0x10, 0x00, 0x00, 0xe0, 0x00,
    0x00, 0x00, 0x4f, 0xff, 0xf3, 0x00, 0x00, 0x5f,
    0x50, 0x00, 0x00, 0x00, 0x9f, 0xff, 0xd0, 0x01,
    0xdf, 0xff, 0xe3, 0x00, 0x00, 0x00, 0xff, 0xff,
    0x60,

    /* U+00D2 "Ò" */
    0x00, 0x00, 0x00, 0x00, 0x00, 0x00, 0x00, 0x00,
    0x00, 0x00, 0x00, 0x00, 0x00, 0x4f, 0xd1, 0x00,
    0x00, 0x00, 0x00, 0x00, 0x00, 0x00, 0x00, 0x6f,
    0xfb, 0x00, 0x00, 0x00, 0x00, 0x00, 0x00, 0x00,
    0x00, 0x07, 0xef, 0x70, 0x00, 0x00, 0x00, 0x00,
    0x00, 0x00, 0x00, 0x00, 0x06, 0xd2, 0x00, 0x00,
    0x00, 0x00, 0x00, 0x00, 0x00, 0x00, 0x00, 0x00,
    0x00, 0x00, 0x00, 0x00, 0x00, 0x00, 0x00, 0x6b,
    0xde, 0xfe, 0xb6, 0x00, 0x00, 0x00, 0x00, 0x00,
    0x6e, 0xc3, 0x00, 0x3c, 0xff, 0xe5, 0x00, 0x00,
    0x00, 0x09, 0xfd, 0x00, 0x00, 0x00, 0xcf, 0xff,
    0x80, 0x00, 0x00, 0x6f, 0xf5, 0x00, 0x00, 0x00,
    0x1e, 0xff, 0xf6, 0x00, 0x01, 0xff, 0xf1, 0x00,
    0x00, 0x00, 0x07, 0xff, 0xfe, 0x10, 0x08, 0xff,
    0xe0, 0x00, 0x00, 0x00, 0x00, 0xff, 0xff, 0x70,
    0x0d, 0xff, 0xd0, 0x00, 0x00, 0x00, 0x00, 0x9f,
    0xff, 0xc0, 0x0f, 0xff, 0xe0, 0x00, 0x00, 0x00,
    0x00, 0x5f, 0xff, 0xf0, 0x1f, 0xff, 0xf0, 0x00,
    0x00, 0x00, 0x00, 0x1f, 0xff, 0xf0, 0x1f, 0xff,
    0xf1, 0x00, 0x00, 0x00, 0x00, 0x0f, 0xff, 0xf0,
    0x0f, 0xff, 0xf5, 0x00, 0x00, 0x00, 0x00, 0x0e,
    0xff, 0xf0, 0x0c, 0xff, 0xf9, 0x00, 0x00, 0x00,
    0x00, 0x0d, 0xff, 0xc0, 0x07, 0xff, 0xff, 0x00,
    0x00, 0x00, 0x00, 0x0e, 0xff, 0x70, 0x01, 0xff,
    0xff, 0x60, 0x00, 0x00, 0x00, 0x1f, 0xff, 0x10,
    0x00, 0x6f, 0xff, 0xe1, 0x00, 0x00, 0x00, 0x5f,
    0xf6, 0x00, 0x00, 0x08, 0xff, 0xfc, 0x00, 0x00,
    0x00, 0xdf, 0x80, 0x00, 0x00, 0x00, 0x6e, 0xff,
    0xc3, 0x00, 0x2c, 0xe6, 0x00, 0x00, 0x00, 0x00,
    0x00, 0x6b, 0xef, 0xec, 0xb6, 0x00, 0x00, 0x00,

    /* U+00D3 "Ó" */
    0x00, 0x00, 0x00, 0x00, 0x00, 0x00, 0x00, 0x00,
    0x00, 0x00, 0x00, 0x00, 0x00, 0x00, 0x00, 0x05,
    0xfc, 0x00, 0x00, 0x00, 0x00, 0x00, 0x00, 0x00,
    0x00, 0x2f, 0xff, 0x00, 0x00, 0x00, 0x00, 0x00,
    0x00, 0x00, 0x00, 0xdf, 0xc4, 0x00, 0x00, 0x00,
    0x00, 0x00, 0x00, 0x00, 0x08, 0xb4, 0x00, 0x00,
    0x00, 0x00, 0x00, 0x00, 0x00, 0x00, 0x00, 0x00,
    0x00, 0x00, 0x00, 0x00, 0x00, 0x00, 0x00, 0x6b,
    0xde, 0xfe, 0xb6, 0x00, 0x00, 0x00, 0x00, 0x00,
    0x6e, 0xc3, 0x00, 0x3c, 0xff, 0xe5, 0x00, 0x00,
    0x00, 0x09, 0xfd, 0x00, 0x00, 0x00, 0xcf, 0xff,
    0x80, 0x00, 0x00, 0x6f, 0xf5, 0x00, 0x00, 0x00,
    0x1e, 0xff, 0xf6, 0x00, 0x01, 0xff, 0xf1, 0x00,
    0x00, 0x00, 0x07, 0xff, 0xfe, 0x10, 0x08, 0xff,
    0xe0, 0x00, 0x00, 0x00, 0x00, 0xff, 0xff, 0x70,
    0x0d, 0xff, 0xd0, 0x00, 0x00, 0x00, 0x00, 0x9f,
    0xff, 0xc0, 0x0f, 0xff, 0xe0, 0x00, 0x00, 0x00,
    0x00, 0x5f, 0xff, 0xf0, 0x1f, 0xff, 0xf0, 0x00,
    0x00, 0x00, 0x00, 0x1f, 0xff, 0xf0, 0x1f, 0xff,
    0xf1, 0x00, 0x00, 0x00, 0x00, 0x0f, 0xff, 0xf0,
    0x0f, 0xff, 0xf5, 0x00, 0x00, 0x00, 0x00, 0x0e,
    0xff, 0xf0, 0x0c, 0xff, 0xf9, 0x00, 0x00, 0x00,
    0x00, 0x0d, 0xff, 0xc0, 0x07, 0xff, 0xff, 0x00,
    0x00, 0x00, 0x00, 0x0e, 0xff, 0x70, 0x01, 0xff,
    0xff, 0x60, 0x00, 0x00, 0x00, 0x1f, 0xff, 0x10,
    0x00, 0x6f, 0xff, 0xe1, 0x00, 0x00, 0x00, 0x5f,
    0xf6, 0x00, 0x00, 0x08, 0xff, 0xfc, 0x00, 0x00,
    0x00, 0xdf, 0x80, 0x00, 0x00, 0x00, 0x6e, 0xff,
    0xc3, 0x00, 0x2c, 0xe6, 0x00, 0x00, 0x00, 0x00,
    0x00, 0x6b, 0xef, 0xec, 0xb6, 0x00, 0x00, 0x00,

    /* U+00D4 "Ô" */
    0x00, 0x00, 0x00, 0x00, 0x1d, 0xc1, 0x00, 0x00,
    0x00, 0x00, 0x00, 0x00, 0x00, 0x01, 0xdf, 0xfd,
    0x10, 0x00, 0x00, 0x00, 0x00, 0x00, 0x00, 0x2d,
    0xa2, 0x2a, 0xd2, 0x00, 0x00, 0x00, 0x00, 0x00,
    0x00, 0x53, 0x00, 0x00, 0x35, 0x00, 0x00, 0x00,
    0x00, 0x00, 0x00, 0x00, 0x00, 0x00, 0x00, 0x00,
    0x00, 0x00, 0x00, 0x00, 0x00, 0x6b, 0xde, 0xfe,
    0xb6, 0x00, 0x00, 0x00, 0x00, 0x00, 0x6e, 0xc3,
    0x00, 0x3c, 0xff, 0xe5, 0x00, 0x00, 0x00, 0x09,
    0xfd, 0x00, 0x00, 0x00, 0xcf, 0xff, 0x80, 0x00,
    0x00, 0x6f, 0xf5, 0x00, 0x00, 0x00, 0x1e, 0xff,
    0xf6, 0x00, 0x01, 0xff, 0xf1, 0x00, 0x00, 0x00,
    0x07, 0xff, 0xfe, 0x10, 0x08, 0xff, 0xe0, 0x00,
    0x00, 0x00, 0x00, 0xff, 0xff, 0x70, 0x0d, 0xff,
    0xd0, 0x00, 0x00, 0x00, 0x00, 0x9f, 0xff, 0xc0,
    0x0f, 0xff, 0xe0, 0x00, 0x00, 0x00, 0x00, 0x5f,
    0xff, 0xf0, 0x1f, 0xff, 0xf0, 0x00, 0x00, 0x00,
    0x00, 0x1f, 0xff, 0xf0, 0x1f, 0xff, 0xf1, 0x00,
    0x00, 0x00, 0x00, 0x0f, 0xff, 0xf0, 0x0f, 0xff,
    0xf5, 0x00, 0x00, 0x00, 0x00, 0x0e, 0xff, 0xf0,
    0x0c, 0xff, 0xf9, 0x00, 0x00, 0x00, 0x00, 0x0d,
    0xff, 0xc0, 0x07, 0xff, 0xff, 0x00, 0x00, 0x00,
    0x00, 0x0e, 0xff, 0x70, 0x01, 0xff, 0xff, 0x60,
    0x00, 0x00, 0x00, 0x1f, 0xff, 0x10, 0x00, 0x6f,
    0xff, 0xe1, 0x00, 0x00, 0x00, 0x5f, 0xf6, 0x00,
    0x00, 0x08, 0xff, 0xfc, 0x00, 0x00, 0x00, 0xdf,
    0x80, 0x00, 0x00, 0x00, 0x6e, 0xff, 0xc3, 0x00,
    0x2c, 0xe6, 0x00, 0x00, 0x00, 0x00, 0x00, 0x6b,
    0xef, 0xec, 0xb6, 0x00, 0x00, 0x00,

    /* U+00D5 "Õ" */
    0x00, 0x00, 0x00, 0x02, 0x74, 0x00, 0x12, 0x00,
    0x00, 0x00, 0x00, 0x00, 0x00, 0x1f, 0xff, 0xa1,
    0x76, 0x00, 0x00, 0x00, 0x00, 0x00, 0x00, 0x5c,
    0xaf, 0xff, 0xf3, 0x00, 0x00, 0x00, 0x00, 0x00,
    0x00, 0x53, 0x02, 0xad, 0x70, 0x00, 0x00, 0x00,
    0x00, 0x00, 0x00, 0x00, 0x00, 0x00, 0x00, 0x00,
    0x00, 0x00, 0x00, 0x00, 0x00, 0x6b, 0xde, 0xfe,
    0xb6, 0x00, 0x00, 0x00, 0x00, 0x00, 0x6e, 0xc3,
    0x00, 0x3c, 0xff, 0xe5, 0x00, 0x00, 0x00, 0x09,
    0xfd, 0x00, 0x00, 0x00, 0xcf, 0xff, 0x80, 0x00,
    0x00, 0x6f, 0xf5, 0x00, 0x00, 0x00, 0x1e, 0xff,
    0xf6, 0x00, 0x01, 0xff, 0xf1, 0x00, 0x00, 0x00,
    0x07, 0xff, 0xfe, 0x10, 0x08, 0xff, 0xe0, 0x00,
    0x00, 0x00, 0x00, 0xff, 0xff, 0x70, 0x0d, 0xff,
    0xd0, 0x00, 0x00, 0x00, 0x00, 0x9f, 0xff, 0xc0,
    0x0f, 0xff, 0xe0, 0x00, 0x00, 0x00, 0x00, 0x5f,
    0xff, 0xf0, 0x1f, 0xff, 0xf0, 0x00, 0x00, 0x00,
    0x00, 0x1f, 0xff, 0xf0, 0x1f, 0xff, 0xf1, 0x00,
    0x00, 0x00, 0x00, 0x0f, 0xff, 0xf0, 0x0f, 0xff,
    0xf5, 0x00, 0x00, 0x00, 0x00, 0x0e, 0xff, 0xf0,
    0x0c, 0xff, 0xf9, 0x00, 0x00, 0x00, 0x00, 0x0d,
    0xff, 0xc0, 0x07, 0xff, 0xff, 0x00, 0x00, 0x00,
    0x00, 0x0e, 0xff, 0x70, 0x01, 0xff, 0xff, 0x60,
    0x00, 0x00, 0x00, 0x1f, 0xff, 0x10, 0x00, 0x6f,
    0xff, 0xe1, 0x00, 0x00, 0x00, 0x5f, 0xf6, 0x00,
    0x00, 0x08, 0xff, 0xfc, 0x00, 0x00, 0x00, 0xdf,
    0x80, 0x00, 0x00, 0x00, 0x6e, 0xff, 0xc3, 0x00,
    0x2c, 0xe6, 0x00, 0x00, 0x00, 0x00, 0x00, 0x6b,
    0xef, 0xec, 0xb6, 0x00, 0x00, 0x00,

    /* U+00D6 "Ö" */
    0x00, 0x00, 0x00, 0xaf, 0xb0, 0x0b, 0xfa, 0x00,
    0x00, 0x00, 0x00, 0x00, 0x02, 0xff, 0xf4, 0x4f,
    0xff, 0x20, 0x00, 0x00, 0x00, 0x00, 0x00, 0xdf,
    0xe1, 0x1e, 0xfd, 0x00, 0x00, 0x00, 0x00, 0x00,
    0x00, 0x03, 0x10, 0x01, 0x30, 0x00, 0x00, 0x00,
    0x00, 0x00, 0x00, 0x00, 0x00, 0x00, 0x00, 0x00,
    0x00, 0x00, 0x00, 0x00, 0x00, 0x6b, 0xde, 0xfe,
    0xb6, 0x00, 0x00, 0x00, 0x00, 0x00, 0x6e, 0xc3,
    0x00, 0x3c, 0xff, 0xe5, 0x00, 0x00, 0x00, 0x09,
    0xfd, 0x00, 0x00, 0x00, 0xcf, 0xff, 0x80, 0x00,
    0x00, 0x6f, 0xf5, 0x00, 0x00, 0x00, 0x1e, 0xff,
    0xf6, 0x00, 0x01, 0xff, 0xf1, 0x00, 0x00, 0x00,
    0x07, 0xff, 0xfe, 0x10, 0x08, 0xff, 0xe0, 0x00,
    0x00, 0x00, 0x00, 0xff, 0xff, 0x70, 0x0d, 0xff,
    0xd0, 0x00, 0x00, 0x00, 0x00, 0x9f, 0xff, 0xc0,
    0x0f, 0xff, 0xe0, 0x00, 0x00, 0x00, 0x00, 0x5f,
    0xff, 0xf0, 0x1f, 0xff, 0xf0, 0x00, 0x00, 0x00,
    0x00, 0x1f, 0xff, 0xf0, 0x1f, 0xff, 0xf1, 0x00,
    0x00, 0x00, 0x00, 0x0f, 0xff, 0xf0, 0x0f, 0xff,
    0xf5, 0x00, 0x00, 0x00, 0x00, 0x0e, 0xff, 0xf0,
    0x0c, 0xff, 0xf9, 0x00, 0x00, 0x00, 0x00, 0x0d,
    0xff, 0xc0, 0x07, 0xff, 0xff, 0x00, 0x00, 0x00,
    0x00, 0x0e, 0xff, 0x70, 0x01, 0xff, 0xff, 0x60,
    0x00, 0x00, 0x00, 0x1f, 0xff, 0x10, 0x00, 0x6f,
    0xff, 0xe1, 0x00, 0x00, 0x00, 0x5f, 0xf6, 0x00,
    0x00, 0x08, 0xff, 0xfc, 0x00, 0x00, 0x00, 0xdf,
    0x80, 0x00, 0x00, 0x00, 0x6e, 0xff, 0xc3, 0x00,
    0x2c, 0xe6, 0x00, 0x00, 0x00, 0x00, 0x00, 0x6b,
    0xef, 0xec, 0xb6, 0x00, 0x00, 0x00,

    /* U+00D7 "×" */
    0x25, 0x00, 0x00, 0x00, 0x53, 0x0c, 0x50, 0x00,
    0x04, 0xd1, 0x01, 0xd4, 0x00, 0x3e, 0x20, 0x00,
    0x2d, 0x32, 0xe3, 0x00, 0x00, 0x03, 0xdd, 0x40,
    0x00, 0x00, 0x00, 0xde, 0x10, 0x00, 0x00, 0x0b,
    0x86, 0xc0, 0x00, 0x00, 0x99, 0x00, 0x8a, 0x00,
    0x07, 0xb0, 0x00, 0x0a, 0x90, 0x3c, 0x00, 0x00,
    0x00, 0xb4, 0x00, 0x00, 0x00, 0x00, 0x00,

    /* U+00D8 "Ø" */
    0x00, 0x00, 0x00, 0x00, 0x00, 0x00, 0x00, 0x00,
    0x03, 0x00, 0x00, 0x00, 0x00, 0x6b, 0xde, 0xfe,
    0xb6, 0x00, 0x29, 0x00, 0x00, 0x00, 0x6e, 0xc3,
    0x00, 0x3c, 0xff, 0xe6, 0xa0, 0x00, 0x00, 0x09,
    0xfd, 0x00, 0x00, 0x00, 0xcf, 0xff, 0x80, 0x00,
    0x00, 0x6f, 0xf5, 0x00, 0x00, 0x00, 0x1e, 0xff,
    0xf6, 0x00, 0x01, 0xff, 0xf1, 0x00, 0x00, 0x00,
    0x0b, 0xff, 0xfe, 0x10, 0x08, 0xff, 0xe0, 0x00,
    0x00, 0x00, 0x76, 0xff, 0xff, 0x70, 0x0d, 0xff,
    0xd0, 0x00, 0x00, 0x04, 0x70, 0x9f, 0xff, 0xc0,
    0x0f, 0xff, 0xe0, 0x00, 0x00, 0x39, 0x00, 0x5f,
    0xff, 0xf0, 0x1f, 0xff, 0xf0, 0x00, 0x02, 0xa0,
    0x00, 0x1f, 0xff, 0xf0, 0x1f, 0xff, 0xf1, 0x00,
    0x1a, 0x10, 0x00, 0x0f, 0xff, 0xf0, 0x0f, 0xff,
    0xf5, 0x00, 0xa2, 0x00, 0x00, 0x0e, 0xff, 0xf0,
    0x0c, 0xff, 0xf9, 0x09, 0x30, 0x00, 0x00, 0x0d,
    0xff, 0xc0, 0x07, 0xff, 0xff, 0x85, 0x00, 0x00,
    0x00, 0x0e, 0xff, 0x70, 0x01, 0xff, 0xff, 0x90,
    0x00, 0x00, 0x00, 0x1f, 0xff, 0x10, 0x00, 0x6f,
    0xff, 0xe1, 0x00, 0x00, 0x00, 0x5f, 0xf6, 0x00,
    0x00, 0x09, 0xff, 0xfc, 0x00, 0x00, 0x00, 0xdf,
    0x80, 0x00, 0x00, 0x1a, 0x6e, 0xff, 0xc3, 0x00,
    0x2c, 0xe6, 0x00, 0x00, 0x00, 0xa1, 0x00, 0x6b,
    0xef, 0xec, 0xb6, 0x00, 0x00, 0x00, 0x01, 0x20,
    0x00, 0x00, 0x00, 0x00, 0x00, 0x00, 0x00, 0x00,

    /* U+00D9 "Ù" */
    0x00, 0x00, 0x00, 0x00, 0x00, 0x00, 0x00, 0x00,
    0x00, 0x00, 0x00, 0x0c, 0xf5, 0x00, 0x00, 0x00,
    0x00, 0x00, 0x00, 0x00, 0xff, 0xf3, 0x00, 0x00,
    0x00, 0x00, 0x00, 0x00, 0x03, 0xcf, 0xd0, 0x00,
    0x00, 0x00, 0x00, 0x00, 0x00, 0x00, 0x3a, 0x80,
    0x00, 0x00, 0x00, 0x00, 0x00, 0x00, 0x00, 0x00,
    0x00, 0x00, 0x00, 0xae, 0xff, 0xff, 0xe9, 0x00,
    0x08, 0xff, 0xff, 0x90, 0x0f, 0xff, 0xe0, 0x00,
    0x00, 0x00, 0xbc, 0x10, 0x00, 0xff, 0xfd, 0x00,
    0x00, 0x00, 0x06, 0x90, 0x00, 0x0f, 0xff, 0xc0,
    0x00, 0x00, 0x00, 0x4a, 0x00, 0x01, 0xff, 0xfb,
    0x00, 0x00, 0x00, 0x03, 0xb0, 0x00, 0x2f, 0xff,
    0xa0, 0x00, 0x00, 0x00, 0x2c, 0x00, 0x03, 0xff,
    0xf9, 0x00, 0x00, 0x00, 0x01, 0xd0, 0x00, 0x4f,
    0xff, 0x80, 0x00, 0x00, 0x00, 0x0e, 0x00, 0x05,
    0xff, 0xf7, 0x00, 0x00, 0x00, 0x00, 0xf0, 0x00,
    0x6f, 0xff, 0x60, 0x00, 0x00, 0x00, 0x0f, 0x00,
    0x07, 0xff, 0xf5, 0x00, 0x00, 0x00, 0x00, 0xe1,
    0x00, 0x8f, 0xff, 0x50, 0x00, 0x00, 0x00, 0x0d,
    0x20, 0x09, 0xff, 0xf5, 0x00, 0x00, 0x00, 0x00,
    0xc2, 0x00, 0x8f, 0xff, 0x60, 0x00, 0x00, 0x00,
    0x0d, 0x10, 0x04, 0xff, 0xf9, 0x00, 0x00, 0x00,
    0x02, 0xd0, 0x00, 0x0c, 0xff, 0xf2, 0x00, 0x00,
    0x00, 0xb6, 0x00, 0x00, 0x1b, 0xff, 0xe5, 0x00,
    0x04, 0xc8, 0x00, 0x00, 0x00, 0x04, 0x9d, 0xff,
    0xfd, 0x93, 0x00, 0x00,

    /* U+00DA "Ú" */
    0x00, 0x00, 0x00, 0x00, 0x00, 0x00, 0x00, 0x00,
    0x00, 0x00, 0x00, 0x00, 0x00, 0x02, 0xdf, 0x20,
    0x00, 0x00, 0x00, 0x00, 0x00, 0x00, 0xcf, 0xf4,
    0x00, 0x00, 0x00, 0x00, 0x00, 0x00, 0x8f, 0xe7,
    0x00, 0x00, 0x00, 0x00, 0x00, 0x00, 0x3d, 0x60,
    0x00, 0x00, 0x00, 0x00, 0x00, 0x00, 0x00, 0x00,
    0x00, 0x00, 0x00, 0xae, 0xff, 0xff, 0xe9, 0x00,
    0x08, 0xff, 0xff, 0x90, 0x0f, 0xff, 0xe0, 0x00,
    0x00, 0x00, 0xbc, 0x10, 0x00, 0xff, 0xfd, 0x00,
    0x00, 0x00, 0x06, 0x90, 0x00, 0x0f, 0xff, 0xc0,
    0x00, 0x00, 0x00, 0x4a, 0x00, 0x01, 0xff, 0xfb,
    0x00, 0x00, 0x00, 0x03, 0xb0, 0x00, 0x2f, 0xff,
    0xa0, 0x00, 0x00, 0x00, 0x2c, 0x00, 0x03, 0xff,
    0xf9, 0x00, 0x00, 0x00, 0x01, 0xd0, 0x00, 0x4f,
    0xff, 0x80, 0x00, 0x00, 0x00, 0x0e, 0x00, 0x05,
    0xff, 0xf7, 0x00, 0x00, 0x00, 0x00, 0xf0, 0x00,
    0x6f, 0xff, 0x60, 0x00, 0x00, 0x00, 0x0f, 0x00,
    0x07, 0xff, 0xf5, 0x00, 0x00, 0x00, 0x00, 0xe1,
    0x00, 0x8f, 0xff, 0x50, 0x00, 0x00, 0x00, 0x0d,
    0x20, 0x09, 0xff, 0xf5, 0x00, 0x00, 0x00, 0x00,
    0xc2, 0x00, 0x8f, 0xff, 0x60, 0x00, 0x00, 0x00,
    0x0d, 0x10, 0x04, 0xff, 0xf9, 0x00, 0x00, 0x00,
    0x02, 0xd0, 0x00, 0x0c, 0xff, 0xf2, 0x00, 0x00,
    0x00, 0xb6, 0x00, 0x00, 0x1b, 0xff, 0xe5, 0x00,
    0x04, 0xc8, 0x00, 0x00, 0x00, 0x04, 0x9d, 0xff,
    0xfd, 0x93, 0x00, 0x00,

    /* U+00DB "Û" */
    0x00, 0x00, 0x00, 0x00, 0x9e, 0x40, 0x00, 0x00,
    0x00, 0x00, 0x00, 0x00, 0xaf, 0xff, 0x40, 0x00,
    0x00, 0x00, 0x00, 0x00, 0xbd, 0x41, 0x8e, 0x50,
    0x00, 0x00, 0x00, 0x00, 0x35, 0x00, 0x00, 0x17,
    0x00, 0x00, 0x00, 0x00, 0x00, 0x00, 0x00, 0x00,
    0x00, 0x00, 0x0a, 0xef, 0xff, 0xfe, 0x90, 0x00,
    0x8f, 0xff, 0xf9, 0x00, 0xff, 0xfe, 0x00, 0x00,
    0x00, 0x0b, 0xc1, 0x00, 0x0f, 0xff, 0xd0, 0x00,
    0x00, 0x00, 0x69, 0x00, 0x00, 0xff, 0xfc, 0x00,
    0x00, 0x00, 0x04, 0xa0, 0x00, 0x1f, 0xff, 0xb0,
    0x00, 0x00, 0x00, 0x3b, 0x00, 0x02, 0xff, 0xfa,
    0x00, 0x00, 0x00, 0x02, 0xc0, 0x00, 0x3f, 0xff,
    0x90, 0x00, 0x00, 0x00, 0x1d, 0x00, 0x04, 0xff,
    0xf8, 0x00, 0x00, 0x00, 0x00, 0xe0, 0x00, 0x5f,
    0xff, 0x70, 0x00, 0x00, 0x00, 0x0f, 0x00, 0x06,
    0xff, 0xf6, 0x00, 0x00, 0x00, 0x00, 0xf0, 0x00,
    0x7f, 0xff, 0x50, 0x00, 0x00, 0x00, 0x0e, 0x10,
    0x08, 0xff, 0xf5, 0x00, 0x00, 0x00, 0x00, 0xd2,
    0x00, 0x9f, 0xff, 0x50, 0x00, 0x00, 0x00, 0x0c,
    0x20, 0x08, 0xff, 0xf6, 0x00, 0x00, 0x00, 0x00,
    0xd1, 0x00, 0x4f, 0xff, 0x90, 0x00, 0x00, 0x00,
    0x2d, 0x00, 0x00, 0xcf, 0xff, 0x20, 0x00, 0x00,
    0x0b, 0x60, 0x00, 0x01, 0xbf, 0xfe, 0x50, 0x00,
    0x4c, 0x80, 0x00, 0x00, 0x00, 0x49, 0xdf, 0xff,
    0xd9, 0x30, 0x00, 0x00,

    /* U+00DC "Ü" */
    0x00, 0x00, 0x06, 0xfd, 0x20, 0x8f, 0xd1, 0x00,
    0x00, 0x00, 0x00, 0xdf, 0xf8, 0x0f, 0xff, 0x60,
    0x00, 0x00, 0x00, 0x09, 0xff, 0x40, 0xbf, 0xf2,
    0x00, 0x00, 0x00, 0x00, 0x03, 0x20, 0x00, 0x31,
    0x00, 0x00, 0x00, 0x00, 0x00, 0x00, 0x00, 0x00,
    0x00, 0x00, 0x0a, 0xef, 0xff, 0xfe, 0x90, 0x00,
    0x8f, 0xff, 0xf9, 0x00, 0xff, 0xfe, 0x00, 0x00,
    0x00, 0x0b, 0xc1, 0x00, 0x0f, 0xff, 0xd0, 0x00,
    0x00, 0x00, 0x69, 0x00, 0x00, 0xff, 0xfc, 0x00,
    0x00, 0x00, 0x04, 0xa0, 0x00, 0x1f, 0xff, 0xb0,
    0x00, 0x00, 0x00, 0x3b, 0x00, 0x02, 0xff, 0xfa,
    0x00, 0x00, 0x00, 0x02, 0xc0, 0x00, 0x3f, 0xff,
    0x90, 0x00, 0x00, 0x00, 0x1d, 0x00, 0x04, 0xff,
    0xf8, 0x00, 0x00, 0x00, 0x00, 0xe0, 0x00, 0x5f,
    0xff, 0x70, 0x00, 0x00, 0x00, 0x0f, 0x00, 0x06,
    0xff, 0xf6, 0x00, 0x00, 0x00, 0x00, 0xf0, 0x00,
    0x7f, 0xff, 0x50, 0x00, 0x00, 0x00, 0x0e, 0x10,
    0x08, 0xff, 0xf5, 0x00, 0x00, 0x00, 0x00, 0xd2,
    0x00, 0x9f, 0xff, 0x50, 0x00, 0x00, 0x00, 0x0c,
    0x20, 0x08, 0xff, 0xf6, 0x00, 0x00, 0x00, 0x00,
    0xd1, 0x00, 0x4f, 0xff, 0x90, 0x00, 0x00, 0x00,
    0x2d, 0x00, 0x00, 0xcf, 0xff, 0x20, 0x00, 0x00,
    0x0b, 0x60, 0x00, 0x01, 0xbf, 0xfe, 0x50, 0x00,
    0x4c, 0x80, 0x00, 0x00, 0x00, 0x49, 0xdf, 0xff,
    0xd9, 0x30, 0x00, 0x00,

    /* U+00DD "Ý" */
    0x00, 0x00, 0x00, 0x00, 0x00, 0x00, 0x00, 0x00,
    0x00, 0x00, 0x00, 0x00, 0x00, 0x00, 0x8f, 0x80,
    0x00, 0x00, 0x00, 0x00, 0x00, 0x00, 0x6f, 0xfb,
    0x00, 0x00, 0x00, 0x00, 0x00, 0x00, 0x2f, 0xfb,
    0x10, 0x00, 0x00, 0x00, 0x00, 0x00, 0x0b, 0x92,
    0x00, 0x00, 0x00, 0x00, 0x00, 0x00, 0x00, 0x00,
    0x00, 0x00, 0x00, 0x7f, 0xff, 0xff, 0xe6, 0x00,
    0x01, 0xdf, 0xff, 0x90, 0x2f, 0xff, 0xf0, 0x00,
    0x00, 0x00, 0x6f, 0x50, 0x00, 0xaf, 0xff, 0x60,
    0x00, 0x00, 0x05, 0xb0, 0x00, 0x03, 0xff, 0xfd,
    0x00, 0x00, 0x00, 0xc4, 0x00, 0x00, 0x0b, 0xff,
    0xf4, 0x00, 0x00, 0x3c, 0x00, 0x00, 0x00, 0x3f,
    0xff, 0xc0, 0x00, 0x0a, 0x50, 0x00, 0x00, 0x00,
    0xcf, 0xff, 0x30, 0x02, 0xd0, 0x00, 0x00, 0x00,
    0x04, 0xff, 0xfa, 0x00, 0x96, 0x00, 0x00, 0x00,
    0x00, 0x0c, 0xff, 0xf2, 0x1e, 0x00, 0x00, 0x00,
    0x00, 0x00, 0x5f, 0xff, 0x97, 0x80, 0x00, 0x00,
    0x00, 0x00, 0x00, 0xdf, 0xff, 0xe1, 0x00, 0x00,
    0x00, 0x00, 0x00, 0x06, 0xff, 0xfa, 0x00, 0x00,
    0x00, 0x00, 0x00, 0x00, 0x3f, 0xff, 0x90, 0x00,
    0x00, 0x00, 0x00, 0x00, 0x03, 0xff, 0xf9, 0x00,
    0x00, 0x00, 0x00, 0x00, 0x00, 0x3f, 0xff, 0x90,
    0x00, 0x00, 0x00, 0x00, 0x00, 0x03, 0xff, 0xf9,
    0x00, 0x00, 0x00, 0x00, 0x00, 0x00, 0x4f, 0xff,
    0xa0, 0x00, 0x00, 0x00, 0x00, 0x00, 0xcf, 0xff,
    0xff, 0xd4, 0x00, 0x00,

    /* U+00DE "Þ" */
    0x9e, 0xff, 0xff, 0xe6, 0x00, 0x00, 0x00, 0x00,
    0x00, 0xff, 0xfd, 0x00, 0x00, 0x00, 0x00, 0x00,
    0x00, 0xff, 0xfc, 0x00, 0x00, 0x00, 0x00, 0x00,
    0x00, 0xff, 0xff, 0xbc, 0xdc, 0xa5, 0x00, 0x00,
    0x00, 0xff, 0xfc, 0x00, 0x18, 0xff, 0xe5, 0x00,
    0x00, 0xff, 0xfc, 0x00, 0x00, 0x7f, 0xff, 0x50,
    0x00, 0xff, 0xfc, 0x00, 0x00, 0x0e, 0xff, 0xe0,
    0x00, 0xff, 0xfc, 0x00, 0x00, 0x0a, 0xff, 0xf5,
    0x00, 0xff, 0xfc, 0x00, 0x00, 0x08, 0xff, 0xf7,
    0x00, 0xff, 0xfc, 0x00, 0x00, 0x09, 0xff, 0xf6,
    0x00, 0xff, 0xfc, 0x00, 0x00, 0x0c, 0xff, 0xf2,
    0x00, 0xff, 0xfc, 0x00, 0x00, 0x2f, 0xff, 0xa0,
    0x00, 0xff, 0xfc, 0x00, 0x02, 0xdf, 0xfb, 0x00,
    0x00, 0xff, 0xfe, 0xbc, 0xdf, 0xda, 0x40, 0x00,
    0x00, 0xff, 0xfc, 0x00, 0x00, 0x00, 0x00, 0x00,
    0x00, 0xff, 0xfc, 0x00, 0x00, 0x00, 0x00, 0x00,
    0x01, 0xff, 0xfd, 0x00, 0x00, 0x00, 0x00, 0x00,
    0x9f, 0xff, 0xff, 0xe6, 0x00, 0x00, 0x00, 0x00,

    /* U+00DF "ß" */
    0x00, 0x00, 0x03, 0xad, 0xbc, 0xec, 0x70, 0x00,
    0x00, 0x00, 0x09, 0xff, 0x30, 0x03, 0xff, 0xd1,
    0x00, 0x00, 0x07, 0xff, 0x70, 0x00, 0x0a, 0xff,
    0xa0, 0x00, 0x00, 0xff, 0xf1, 0x00, 0x00, 0x7f,
    0xfe, 0x00, 0x00, 0x4f, 0xff, 0x00, 0x00, 0x07,
    0xff, 0xe0, 0x00, 0x06, 0xff, 0xd0, 0x00, 0x00,
    0xbf, 0xf9, 0x00, 0x3d, 0xff, 0xfd, 0x00, 0x00,
    0x3f, 0xfc, 0x00, 0x00, 0x07, 0xff, 0xd0, 0x03,
    0x8f, 0xc6, 0x00, 0x00, 0x00, 0x7f, 0xfd, 0x02,
    0xad, 0xfe, 0x93, 0x00, 0x00, 0x07, 0xff, 0xd0,
    0x00, 0x03, 0xdf, 0xf8, 0x00, 0x00, 0x7f, 0xfd,
    0x00, 0x00, 0x01, 0xef, 0xf6, 0x00, 0x07, 0xff,
    0xd0, 0x00, 0x00, 0x07, 0xff, 0xe0, 0x00, 0x7f,
    0xfd, 0x00, 0x00, 0x00, 0x3f, 0xff, 0x30, 0x07,
    0xff, 0xd0, 0x00, 0x00, 0x02, 0xff, 0xf4, 0x00,
    0x7f, 0xfd, 0x0c, 0x20, 0x00, 0x3f, 0xff, 0x20,
    0x07, 0xff, 0xd0, 0xda, 0x00, 0x08, 0xff, 0xc0,
    0x00, 0x8f, 0xfd, 0x0d, 0xf9, 0x47, 0xff, 0xf3,
    0x00, 0xdf, 0xff, 0xc0, 0xc5, 0x3c, 0xff, 0xb3,
    0x00,

    /* U+00E0 "à" */
    0x00, 0x00, 0x00, 0x00, 0x00, 0x00, 0x00, 0x00,
    0x4f, 0xb0, 0x00, 0x00, 0x00, 0x00, 0x07, 0xff,
    0x60, 0x00, 0x00, 0x00, 0x00, 0x1d, 0xfd, 0x00,
    0x00, 0x00, 0x00, 0x00, 0x1b, 0xf3, 0x00, 0x00,
    0x00, 0x00, 0x00, 0x07, 0xa0, 0x00, 0x00, 0x00,
    0x00, 0x00, 0x00, 0x00, 0x00, 0x00, 0x00, 0x6b,
    0xa9, 0xed, 0x80, 0x00, 0x00, 0xcf, 0xc0, 0x03,
    0xff, 0xc0, 0x00, 0x7f, 0xfb, 0x00, 0x0f, 0xff,
    0x30, 0x06, 0xff, 0x70, 0x00, 0xff, 0xf5, 0x00,
    0x03, 0x20, 0x00, 0x0f, 0xff, 0x50, 0x00, 0x00,
    0x13, 0x31, 0xff, 0xf5, 0x00, 0x07, 0xef, 0x86,
    0x8f, 0xff, 0x50, 0x09, 0xff, 0x80, 0x00, 0xff,
    0xf5, 0x01, 0xff, 0xf5, 0x00, 0x0f, 0xff, 0x50,
    0x1f, 0xff, 0x70, 0x00, 0xff, 0xf5, 0x00, 0xbf,
    0xff, 0x86, 0xbe, 0xff, 0xba, 0x00, 0x9e, 0xfe,
    0x92, 0x4d, 0xfd, 0x40,

    /* U+00E1 "á" */
    0x00, 0x00, 0x00, 0x00, 0x00, 0x00, 0x00, 0x00,
    0x00, 0x00, 0x0c, 0xf4, 0x00, 0x00, 0x00, 0x00,
    0x07, 0xff, 0x70, 0x00, 0x00, 0x00, 0x00, 0xdf,
    0xc1, 0x00, 0x00, 0x00, 0x00, 0x5f, 0x80, 0x00,
    0x00, 0x00, 0x00, 0x08, 0x30, 0x00, 0x00, 0x00,
    0x00, 0x00, 0x00, 0x00, 0x00, 0x00, 0x00, 0x6b,
    0xa9, 0xed, 0x80, 0x00, 0x00, 0xcf, 0xc0, 0x03,
    0xff, 0xc0, 0x00, 0x7f, 0xfb, 0x00, 0x0f, 0xff,
    0x30, 0x06, 0xff, 0x70, 0x00, 0xff, 0xf5, 0x00,
    0x03, 0x20, 0x00, 0x0f, 0xff, 0x50, 0x00, 0x00,
    0x13, 0x31, 0xff, 0xf5, 0x00, 0x07, 0xef, 0x86,
    0x8f, 0xff, 0x50, 0x09, 0xff, 0x80, 0x00, 0xff,
    0xf5, 0x01, 0xff, 0xf5, 0x00, 0x0f, 0xff, 0x50,
    0x1f, 0xff, 0x70, 0x00, 0xff, 0xf5, 0x00, 0xbf,
    0xff, 0x86, 0xbe, 0xff, 0xba, 0x00, 0x9e, 0xfe,
    0x92, 0x4d, 0xfd, 0x40,

    /* U+00E2 "â" */
    0x00, 0x00, 0x00, 0x62, 0x00, 0x00, 0x00, 0x00,
    0x00, 0x8f, 0xd1, 0x00, 0x00, 0x00, 0x00, 0x5f,
    0xff, 0xb0, 0x00, 0x00, 0x00, 0x2f, 0xb2, 0x7f,
    0x80, 0x00, 0x00, 0x0c, 0x50, 0x00, 0x2b, 0x40,
    0x00, 0x00, 0x00, 0x00, 0x00, 0x00, 0x00, 0x00,
    0x06, 0xba, 0x9e, 0xd8, 0x00, 0x00, 0x0c, 0xfc,
    0x00, 0x3f, 0xfc, 0x00, 0x07, 0xff, 0xb0, 0x00,
    0xff, 0xf3, 0x00, 0x6f, 0xf6, 0x00, 0x0f, 0xff,
    0x50, 0x00, 0x21, 0x00, 0x00, 0xff, 0xf5, 0x00,
    0x00, 0x01, 0x33, 0x1f, 0xff, 0x50, 0x00, 0x7e,
    0xf8, 0x68, 0xff, 0xf5, 0x00, 0x9f, 0xf8, 0x00,
    0x0f, 0xff, 0x50, 0x1f, 0xff, 0x50, 0x00, 0xff,
    0xf5, 0x01, 0xff, 0xf7, 0x00, 0x0f, 0xff, 0x50,
    0x0b, 0xff, 0xf8, 0x6b, 0xef, 0xfb, 0xa0, 0x09,
    0xef, 0xe9, 0x24, 0xdf, 0xd4,

    /* U+00E3 "ã" */
    0x00, 0x00, 0x8a, 0x40, 0x05, 0x10, 0x00, 0x00,
    0x6f, 0xff, 0x80, 0xb2, 0x00, 0x00, 0x0a, 0x89,
    0xff, 0xfe, 0x00, 0x00, 0x00, 0x90, 0x03, 0xcd,
    0x40, 0x00, 0x00, 0x00, 0x00, 0x00, 0x00, 0x00,
    0x00, 0x00, 0x6b, 0xa9, 0xed, 0x80, 0x00, 0x00,
    0xcf, 0xc0, 0x03, 0xff, 0xc0, 0x00, 0x7f, 0xfb,
    0x00, 0x0f, 0xff, 0x30, 0x06, 0xff, 0x70, 0x00,
    0xff, 0xf5, 0x00, 0x03, 0x20, 0x00, 0x0f, 0xff,
    0x50, 0x00, 0x00, 0x13, 0x31, 0xff, 0xf5, 0x00,
    0x07, 0xef, 0x86, 0x8f, 0xff, 0x50, 0x09, 0xff,
    0x80, 0x00, 0xff, 0xf5, 0x01, 0xff, 0xf5, 0x00,
    0x0f, 0xff, 0x50, 0x1f, 0xff, 0x70, 0x00, 0xff,
    0xf5, 0x00, 0xbf, 0xff, 0x86, 0xbe, 0xff, 0xba,
    0x00, 0x9e, 0xfe, 0x92, 0x4d, 0xfd, 0x40,

    /* U+00E4 "ä" */
    0x00, 0x02, 0x40, 0x00, 0x34, 0x00, 0x00, 0x02,
    0xff, 0xb0, 0x5f, 0xf8, 0x00, 0x00, 0x6f, 0xff,
    0x09, 0xff, 0xc0, 0x00, 0x01, 0xcf, 0x70, 0x3e,
    0xf5, 0x00, 0x00, 0x00, 0x00, 0x00, 0x00, 0x00,
    0x00, 0x00, 0x6b, 0xa9, 0xed, 0x80, 0x00, 0x00,
    0xcf, 0xc0, 0x03, 0xff, 0xc0, 0x00, 0x7f, 0xfb,
    0x00, 0x0f, 0xff, 0x30, 0x06, 0xff, 0x70, 0x00,
    0xff, 0xf5, 0x00, 0x03, 0x20, 0x00, 0x0f, 0xff,
    0x50, 0x00, 0x00, 0x13, 0x31, 0xff, 0xf5, 0x00,
    0x07, 0xef, 0x86, 0x8f, 0xff, 0x50, 0x09, 0xff,
    0x80, 0x00, 0xff, 0xf5, 0x01, 0xff, 0xf5, 0x00,
    0x0f, 0xff, 0x50, 0x1f, 0xff, 0x70, 0x00, 0xff,
    0xf5, 0x00, 0xbf, 0xff, 0x86, 0xbe, 0xff, 0xba,
    0x00, 0x9e, 0xfe, 0x92, 0x4d, 0xfd, 0x40,

    /* U+00E5 "å" */
    0x00, 0x00, 0x05, 0x97, 0x10, 0x00, 0x00, 0x00,
    0x0a, 0xd2, 0x8e, 0x10, 0x00, 0x00, 0x00, 0xf9,
    0x02, 0xf6, 0x00, 0x00, 0x00, 0x0d, 0xb0, 0x4f,
    0x30, 0x00, 0x00, 0x00, 0x2c, 0xbd, 0x70, 0x00,
    0x00, 0x00, 0x00, 0x00, 0x00, 0x00, 0x00, 0x00,
    0x06, 0xba, 0x9e, 0xd8, 0x00, 0x00, 0x0c, 0xfc,
    0x00, 0x3f, 0xfc, 0x00, 0x07, 0xff, 0xb0, 0x00,
    0xff, 0xf3, 0x00, 0x6f, 0xf7, 0x00, 0x0f, 0xff,
    0x50, 0x00, 0x32, 0x00, 0x00, 0xff, 0xf5, 0x00,
    0x00, 0x01, 0x33, 0x1f, 0xff, 0x50, 0x00, 0x7e,
    0xf8, 0x68, 0xff, 0xf5, 0x00, 0x9f, 0xf8, 0x00,
    0x0f, 0xff, 0x50, 0x1f, 0xff, 0x50, 0x00, 0xff,
    0xf5, 0x01, 0xff, 0xf7, 0x00, 0x0f, 0xff, 0x50,
    0x0b, 0xff, 0xf8, 0x6b, 0xef, 0xfb, 0xa0, 0x09,
    0xef, 0xe9, 0x24, 0xdf, 0xd4,

    /* U+00E6 "æ" */
    0x00, 0x05, 0xbd, 0xde, 0xb2, 0x05, 0xcc, 0xfd,
    0x70, 0x00, 0x00, 0xaf, 0xd0, 0x05, 0xfe, 0xaf,
    0x30, 0x1e, 0xfc, 0x10, 0x05, 0xff, 0xb0, 0x00,
    0xff, 0xf8, 0x00, 0x07, 0xff, 0x90, 0x06, 0xff,
    0x90, 0x00, 0xff, 0xf4, 0x00, 0x03, 0xff, 0xf0,
    0x00, 0x66, 0x00, 0x00, 0xff, 0xf2, 0x00, 0x02,
    0xff, 0xf3, 0x00, 0x00, 0x13, 0x30, 0xff, 0xfa,
    0x99, 0x9a, 0xcc, 0xb1, 0x00, 0x7e, 0xfc, 0xab,
    0xff, 0xf4, 0x00, 0x00, 0x00, 0x00, 0x09, 0xff,
    0xa0, 0x00, 0xef, 0xf8, 0x00, 0x00, 0x00, 0x20,
    0x0f, 0xff, 0x50, 0x00, 0xaf, 0xfe, 0x10, 0x00,
    0x00, 0xa1, 0x1f, 0xff, 0x60, 0x00, 0x6f, 0xff,
    0xd4, 0x00, 0x19, 0xb0, 0x0b, 0xff, 0xe4, 0x37,
    0xa6, 0xff, 0xff, 0xfe, 0xfd, 0x10, 0x00, 0x8e,
    0xfe, 0xb5, 0x00, 0x29, 0xdf, 0xfd, 0x70, 0x00,

    /* U+00E7 "ç" */
    0x00, 0x01, 0x8d, 0xce, 0xd9, 0x10, 0x00, 0x4f,
    0xd1, 0x01, 0xdf, 0xe2, 0x02, 0xff, 0x50, 0x00,
    0x9f, 0xf9, 0x0b, 0xff, 0x00, 0x00, 0x8f, 0xfa,
    0x1f, 0xfe, 0x00, 0x00, 0x1b, 0xb2, 0x3f, 0xfe,
    0x00, 0x00, 0x00, 0x00, 0x4f, 0xff, 0x00, 0x00,
    0x00, 0x00, 0x2f, 0xff, 0x50, 0x00, 0x00, 0x02,
    0x0e, 0xff, 0xe1, 0x00, 0x00, 0x3a, 0x06, 0xff,
    0xfe, 0x63, 0x37, 0xf4, 0x00, 0x8f, 0xff, 0xff,
    0xff, 0x80, 0x00, 0x04, 0xae, 0xfe, 0xb4, 0x00,
    0x00, 0x00, 0x05, 0x50, 0x00, 0x00, 0x00, 0x00,
    0x08, 0xbb, 0x30, 0x00, 0x00, 0x00, 0x00, 0x2f,
    0xe0, 0x00, 0x00, 0x01, 0x70, 0x2f, 0xe0, 0x00,
    0x00, 0x00, 0x5a, 0xca, 0x20, 0x00,

    /* U+00E8 "è" */
    0x00, 0x00, 0x00, 0x00, 0x00, 0x00, 0x00, 0x00,
    0x6f, 0x90, 0x00, 0x00, 0x00, 0x00, 0x0a, 0xff,
    0x30, 0x00, 0x00, 0x00, 0x00, 0x3f, 0xfa, 0x00,
    0x00, 0x00, 0x00, 0x00, 0x2c, 0xf1, 0x00, 0x00,
    0x00, 0x00, 0x00, 0x09, 0x70, 0x00, 0x00, 0x00,
    0x00, 0x00, 0x00, 0x00, 0x00, 0x00, 0x00, 0x29,
    0xdc, 0xfc, 0x60, 0x00, 0x00, 0x6f, 0xc1, 0x04,
    0xff, 0xb0, 0x00, 0x4f, 0xf3, 0x00, 0x0b, 0xff,
    0x70, 0x0c, 0xff, 0x00, 0x00, 0x7f, 0xfd, 0x01,
    0xff, 0xd0, 0x00, 0x06, 0xff, 0xf0, 0x4f, 0xff,
    0xaa, 0xaa, 0xbd, 0xda, 0x04, 0xff, 0xf0, 0x00,
    0x00, 0x00, 0x00, 0x2f, 0xff, 0x30, 0x00, 0x00,
    0x03, 0x00, 0xef, 0xfc, 0x00, 0x00, 0x01, 0xd0,
    0x05, 0xff, 0xfc, 0x40, 0x04, 0xd8, 0x00, 0x08,
    0xff, 0xff, 0xff, 0xfb, 0x00, 0x00, 0x03, 0xae,
    0xff, 0xc6, 0x00, 0x00,

    /* U+00E9 "é" */
    0x00, 0x00, 0x00, 0x00, 0x00, 0x00, 0x00, 0x00,
    0x00, 0x00, 0x0c, 0xf3, 0x00, 0x00, 0x00, 0x00,
    0x08, 0xff, 0x60, 0x00, 0x00, 0x00, 0x00, 0xef,
    0xb0, 0x00, 0x00, 0x00, 0x00, 0x6f, 0x70, 0x00,
    0x00, 0x00, 0x00, 0x09, 0x30, 0x00, 0x00, 0x00,
    0x00, 0x00, 0x00, 0x00, 0x00, 0x00, 0x00, 0x29,
    0xdc, 0xfc, 0x60, 0x00, 0x00, 0x6f, 0xc1, 0x04,
    0xff, 0xb0, 0x00, 0x4f, 0xf3, 0x00, 0x0b, 0xff,
    0x70, 0x0c, 0xff, 0x00, 0x00, 0x7f, 0xfd, 0x01,
    0xff, 0xd0, 0x00, 0x06, 0xff, 0xf0, 0x4f, 0xff,
    0xaa, 0xaa, 0xbd, 0xda, 0x04, 0xff, 0xf0, 0x00,
    0x00, 0x00, 0x00, 0x2f, 0xff, 0x30, 0x00, 0x00,
    0x03, 0x00, 0xef, 0xfc, 0x00, 0x00, 0x01, 0xd0,
    0x05, 0xff, 0xfc, 0x40, 0x04, 0xd8, 0x00, 0x08,
    0xff, 0xff, 0xff, 0xfb, 0x00, 0x00, 0x03, 0xae,
    0xff, 0xc6, 0x00, 0x00,

    /* U+00EA "ê" */
    0x00, 0x00, 0x00, 0x61, 0x00, 0x00, 0x00, 0x00,
    0x00, 0x9f, 0xc0, 0x00, 0x00, 0x00, 0x00, 0x6f,
    0xff, 0xa0, 0x00, 0x00, 0x00, 0x3f, 0xa2, 0x8f,
    0x70, 0x00, 0x00, 0x0c, 0x50, 0x00, 0x2c, 0x20,
    0x00, 0x00, 0x00, 0x00, 0x00, 0x00, 0x00, 0x00,
    0x02, 0x9d, 0xcf, 0xc6, 0x00, 0x00, 0x06, 0xfc,
    0x10, 0x4f, 0xfb, 0x00, 0x04, 0xff, 0x30, 0x00,
    0xbf, 0xf7, 0x00, 0xcf, 0xf0, 0x00, 0x07, 0xff,
    0xd0, 0x1f, 0xfd, 0x00, 0x00, 0x6f, 0xff, 0x04,
    0xff, 0xfa, 0xaa, 0xab, 0xdd, 0xa0, 0x4f, 0xff,
    0x00, 0x00, 0x00, 0x00, 0x02, 0xff, 0xf3, 0x00,
    0x00, 0x00, 0x30, 0x0e, 0xff, 0xc0, 0x00, 0x00,
    0x1d, 0x00, 0x5f, 0xff, 0xc4, 0x00, 0x4d, 0x80,
    0x00, 0x8f, 0xff, 0xff, 0xff, 0xb0, 0x00, 0x00,
    0x3a, 0xef, 0xfc, 0x60, 0x00,

    /* U+00EB "ë" */
    0x00, 0x05, 0x71, 0x00, 0x66, 0x00, 0x00, 0x05,
    0xff, 0xc0, 0x9f, 0xf9, 0x00, 0x00, 0x5f, 0xfc,
    0x09, 0xff, 0x90, 0x00, 0x00, 0x57, 0x10, 0x06,
    0x60, 0x00, 0x00, 0x00, 0x00, 0x00, 0x00, 0x00,
    0x00, 0x00, 0x29, 0xdc, 0xfc, 0x60, 0x00, 0x00,
    0x6f, 0xc1, 0x04, 0xff, 0xb0, 0x00, 0x4f, 0xf3,
    0x00, 0x0b, 0xff, 0x70, 0x0c, 0xff, 0x00, 0x00,
    0x7f, 0xfd, 0x01, 0xff, 0xd0, 0x00, 0x06, 0xff,
    0xf0, 0x4f, 0xff, 0xaa, 0xaa, 0xbd, 0xda, 0x04,
    0xff, 0xf0, 0x00, 0x00, 0x00, 0x00, 0x2f, 0xff,
    0x30, 0x00, 0x00, 0x03, 0x00, 0xef, 0xfc, 0x00,
    0x00, 0x01, 0xd0, 0x05, 0xff, 0xfc, 0x40, 0x04,
    0xd8, 0x00, 0x08, 0xff, 0xff, 0xff, 0xfb, 0x00,
    0x00, 0x03, 0xae, 0xff, 0xc6, 0x00, 0x00,

    /* U+00EC "ì" */
    0x00, 0x00, 0x00, 0x06, 0xf9, 0x00, 0x00, 0xaf,
    0xf3, 0x00, 0x03, 0xef, 0xa0, 0x00, 0x02, 0xcf,
    0x10, 0x00, 0x00, 0x87, 0x00, 0x00, 0x00, 0x00,
    0x00, 0x36, 0xae, 0x70, 0x17, 0xff, 0xf7, 0x00,
    0x0e, 0xff, 0x70, 0x00, 0xef, 0xf7, 0x00, 0x0e,
    0xff, 0x70, 0x00, 0xef, 0xf7, 0x00, 0x0e, 0xff,
    0x70, 0x00, 0xef, 0xf7, 0x00, 0x0e, 0xff, 0x70,
    0x00, 0xef, 0xf7, 0x00, 0x0e, 0xff, 0x80, 0x1c,
    0xff, 0xff, 0x70,

    /* U+00ED "í" */
    0x00, 0x00, 0x00, 0x00, 0x00, 0x00, 0x0c, 0xf3,
    0x00, 0x00, 0x8f, 0xf6, 0x00, 0x00, 0xef, 0xb0,
    0x00, 0x06, 0xf7, 0x00, 0x00, 0x08, 0x20, 0x00,
    0x00, 0x00, 0x00, 0x00, 0x00, 0x49, 0xe7, 0x00,
    0x1c, 0xff, 0xf7, 0x00, 0x00, 0xef, 0xf7, 0x00,
    0x00, 0xef, 0xf7, 0x00, 0x00, 0xef, 0xf7, 0x00,
    0x00, 0xef, 0xf7, 0x00, 0x00, 0xef, 0xf7, 0x00,
    0x00, 0xef, 0xf7, 0x00, 0x00, 0xef, 0xf7, 0x00,
    0x00, 0xef, 0xf7, 0x00, 0x00, 0xef, 0xf8, 0x00,
    0x1c, 0xff, 0xff, 0x70,

    /* U+00EE "î" */
    0x00, 0x2e, 0x60, 0x00, 0x00, 0xcf, 0xf2, 0x00,
    0x08, 0xe5, 0xcd, 0x00, 0x3d, 0x20, 0x09, 0x90,
    0x41, 0x00, 0x00, 0x50, 0x00, 0x49, 0xe7, 0x00,
    0x1c, 0xff, 0xf7, 0x00, 0x00, 0xef, 0xf7, 0x00,
    0x00, 0xef, 0xf7, 0x00, 0x00, 0xef, 0xf7, 0x00,
    0x00, 0xef, 0xf7, 0x00, 0x00, 0xef, 0xf7, 0x00,
    0x00, 0xef, 0xf7, 0x00, 0x00, 0xef, 0xf7, 0x00,
    0x00, 0xef, 0xf7, 0x00, 0x00, 0xef, 0xf8, 0x00,
    0x1c, 0xff, 0xff, 0x70,

    /* U+00EF "ï" */
    0x04, 0x10, 0x04, 0x09, 0xfb, 0x0b, 0xf9, 0xbf,
    0xe0, 0xef, 0xc5, 0xf8, 0x08, 0xf6, 0x00, 0x00,
    0x00, 0x00, 0x04, 0x9e, 0x70, 0x1c, 0xff, 0xf7,
    0x00, 0x0e, 0xff, 0x70, 0x00, 0xef, 0xf7, 0x00,
    0x0e, 0xff, 0x70, 0x00, 0xef, 0xf7, 0x00, 0x0e,
    0xff, 0x70, 0x00, 0xef, 0xf7, 0x00, 0x0e, 0xff,
    0x70, 0x00, 0xef, 0xf7, 0x00, 0x0e, 0xff, 0x80,
    0x1c, 0xff, 0xff, 0x70,

    /* U+00F0 "ð" */
    0x00, 0x00, 0x00, 0x00, 0x00, 0x00, 0x00, 0x00,
    0x05, 0xea, 0x30, 0x00, 0x02, 0x00, 0x00, 0x00,
    0x2c, 0xfb, 0x27, 0xc5, 0x00, 0x00, 0x00, 0x00,
    0xbf, 0xf9, 0x00, 0x00, 0x00, 0x00, 0x07, 0xcd,
    0xff, 0x30, 0x00, 0x00, 0x03, 0xc6, 0x02, 0xff,
    0xe1, 0x00, 0x00, 0x00, 0x00, 0x00, 0x9f, 0xfb,
    0x00, 0x00, 0x00, 0x00, 0x00, 0x1f, 0xff, 0x40,
    0x00, 0x03, 0xae, 0xfd, 0x7b, 0xff, 0xb0, 0x00,
    0x7f, 0xf8, 0x12, 0xbe, 0xff, 0xf1, 0x04, 0xff,
    0xb0, 0x00, 0x0d, 0xff, 0xf5, 0x0d, 0xff, 0x70,
    0x00, 0x05, 0xff, 0xf7, 0x1f, 0xff, 0x50, 0x00,
    0x00, 0xff, 0xf9, 0x3f, 0xff, 0x50, 0x00, 0x00,
    0xdf, 0xf8, 0x3f, 0xff, 0x70, 0x00, 0x00, 0xcf,
    0xf7, 0x0f, 0xff, 0xa0, 0x00, 0x00, 0xdf, 0xf3,
    0x0b, 0xff, 0xe0, 0x00, 0x00, 0xff, 0xd0, 0x02,
    0xff, 0xf7, 0x00, 0x04, 0xff, 0x50, 0x00, 0x4f,
    0xff, 0x71, 0x3e, 0xf6, 0x00, 0x00, 0x01, 0x8d,
    0xff, 0xd9, 0x20, 0x00,

    /* U+00F1 "ñ" */
    0x00, 0x00, 0x03, 0x51, 0x00, 0x21, 0x00, 0x00,
    0x00, 0x00, 0x3f, 0xff, 0x60, 0x93, 0x00, 0x00,
    0x00, 0x00, 0x9a, 0xaf, 0xff, 0xf0, 0x00, 0x00,
    0x00, 0x00, 0xa0, 0x04, 0xdf, 0x70, 0x00, 0x00,
    0x00, 0x00, 0x00, 0x00, 0x00, 0x00, 0x00, 0x00,
    0x00, 0x49, 0xe6, 0x04, 0xbf, 0xe8, 0x00, 0x00,
    0x2c, 0xff, 0xf8, 0x9e, 0xff, 0xff, 0x60, 0x00,
    0x00, 0xef, 0xfd, 0x40, 0x0d, 0xff, 0xc0, 0x00,
    0x00, 0xef, 0xf7, 0x00, 0x07, 0xff, 0xf0, 0x00,
    0x00, 0xef, 0xf7, 0x00, 0x05, 0xff, 0xf1, 0x00,
    0x00, 0xef, 0xf7, 0x00, 0x03, 0xff, 0xf3, 0x00,
    0x00, 0xef, 0xf7, 0x00, 0x01, 0xff, 0xf5, 0x00,
    0x00, 0xef, 0xf7, 0x00, 0x00, 0xff, 0xf7, 0x00,
    0x00, 0xef, 0xf7, 0x00, 0x00, 0xdf, 0xf9, 0x00,
    0x00, 0xef, 0xf7, 0x00, 0x00, 0xbf, 0xfb, 0x00,
    0x00, 0xef, 0xf8, 0x00, 0x00, 0xaf, 0xfd, 0x00,
    0x1c, 0xff, 0xff, 0x70, 0x09, 0xff, 0xff, 0xb0,

    /* U+00F2 "ò" */
    0x00, 0x00, 0x00, 0x00, 0x00, 0x00, 0x00, 0x00,
    0x00, 0xce, 0x30, 0x00, 0x00, 0x00, 0x00, 0x01,
    0xff, 0xc0, 0x00, 0x00, 0x00, 0x00, 0x00, 0x9f,
    0xf3, 0x00, 0x00, 0x00, 0x00, 0x00, 0x06, 0xfa,
    0x00, 0x00, 0x00, 0x00, 0x00, 0x00, 0x3d, 0x10,
    0x00, 0x00, 0x00, 0x00, 0x00, 0x00, 0x00, 0x00,
    0x00, 0x00, 0x01, 0x8c, 0xcf, 0xea, 0x30, 0x00,
    0x00, 0x4e, 0xe2, 0x01, 0xbf, 0xf8, 0x00, 0x02,
    0xff, 0x70, 0x00, 0x1f, 0xff, 0x70, 0x0b, 0xff,
    0x40, 0x00, 0x09, 0xff, 0xf1, 0x1f, 0xff, 0x30,
    0x00, 0x04, 0xff, 0xf6, 0x3f, 0xff, 0x40, 0x00,
    0x01, 0xff, 0xf8, 0x3f, 0xff, 0x60, 0x00, 0x00,
    0xff, 0xf8, 0x1f, 0xff, 0x80, 0x00, 0x00, 0xdf,
    0xf6, 0x0c, 0xff, 0xd0, 0x00, 0x00, 0xef, 0xf1,
    0x03, 0xff, 0xf3, 0x00, 0x01, 0xff, 0x70, 0x00,
    0x4f, 0xfc, 0x00, 0x08, 0xf8, 0x00, 0x00, 0x01,
    0x8d, 0xd8, 0x89, 0x30, 0x00,

    /* U+00F3 "ó" */
    0x00, 0x00, 0x00, 0x00, 0x00, 0x00, 0x00, 0x00,
    0x00, 0x00, 0x00, 0x5f, 0xa0, 0x00, 0x00, 0x00,
    0x00, 0x00, 0xef, 0xe0, 0x00, 0x00, 0x00, 0x00,
    0x06, 0xff, 0x50, 0x00, 0x00, 0x00, 0x00, 0x0d,
    0xd2, 0x00, 0x00, 0x00, 0x00, 0x00, 0x28, 0x00,
    0x00, 0x00, 0x00, 0x00, 0x00, 0x00, 0x00, 0x00,
    0x00, 0x00, 0x01, 0x8c, 0xcf, 0xea, 0x30, 0x00,
    0x00, 0x4e, 0xe2, 0x01, 0xbf, 0xf8, 0x00, 0x02,
    0xff, 0x70, 0x00, 0x1f, 0xff, 0x70, 0x0b, 0xff,
    0x40, 0x00, 0x09, 0xff, 0xf1, 0x1f, 0xff, 0x30,
    0x00, 0x04, 0xff, 0xf6, 0x3f, 0xff, 0x40, 0x00,
    0x01, 0xff, 0xf8, 0x3f, 0xff, 0x60, 0x00, 0x00,
    0xff, 0xf8, 0x1f, 0xff, 0x80, 0x00, 0x00, 0xdf,
    0xf6, 0x0c, 0xff, 0xd0, 0x00, 0x00, 0xef, 0xf1,
    0x03, 0xff, 0xf3, 0x00, 0x01, 0xff, 0x70, 0x00,
    0x4f, 0xfc, 0x00, 0x08, 0xf8, 0x00, 0x00, 0x01,
    0x8d, 0xd8, 0x89, 0x30, 0x00,

    /* U+00F4 "ô" */
    0x00, 0x00, 0x00, 0x35, 0x00, 0x00, 0x00, 0x00,
    0x00, 0x02, 0xef, 0x60, 0x00, 0x00, 0x00, 0x00,
    0x0d, 0xff, 0xf3, 0x00, 0x00, 0x00, 0x00, 0xaf,
    0x63, 0xce, 0x10, 0x00, 0x00, 0x06, 0xa1, 0x00,
    0x07, 0xa0, 0x00, 0x00, 0x00, 0x00, 0x00, 0x00,
    0x00, 0x00, 0x00, 0x01, 0x8c, 0xcf, 0xea, 0x30,
    0x00, 0x00, 0x4e, 0xe2, 0x01, 0xbf, 0xf8, 0x00,
    0x02, 0xff, 0x70, 0x00, 0x1f, 0xff, 0x70, 0x0b,
    0xff, 0x40, 0x00, 0x09, 0xff, 0xf1, 0x1f, 0xff,
    0x30, 0x00, 0x04, 0xff, 0xf6, 0x3f, 0xff, 0x40,
    0x00, 0x01, 0xff, 0xf8, 0x3f, 0xff, 0x60, 0x00,
    0x00, 0xff, 0xf8, 0x1f, 0xff, 0x80, 0x00, 0x00,
    0xdf, 0xf6, 0x0c, 0xff, 0xd0, 0x00, 0x00, 0xef,
    0xf1, 0x03, 0xff, 0xf3, 0x00, 0x01, 0xff, 0x70,
    0x00, 0x4f, 0xfc, 0x00, 0x08, 0xf8, 0x00, 0x00,
    0x01, 0x8d, 0xd8, 0x89, 0x30, 0x00,

    /* U+00F5 "õ" */
    0x00, 0x00, 0x5d, 0xa1, 0x00, 0x80, 0x00, 0x00,
    0x00, 0xff, 0xfe, 0x35, 0x90, 0x00, 0x00, 0x03,
    0xa1, 0xbf, 0xff, 0x50, 0x00, 0x00, 0x03, 0x50,
    0x07, 0xd9, 0x00, 0x00, 0x00, 0x00, 0x00, 0x00,
    0x00, 0x00, 0x00, 0x00, 0x01, 0x8c, 0xcf, 0xea,
    0x30, 0x00, 0x00, 0x4e, 0xe2, 0x01, 0xbf, 0xf8,
    0x00, 0x02, 0xff, 0x70, 0x00, 0x1f, 0xff, 0x70,
    0x0b, 0xff, 0x40, 0x00, 0x09, 0xff, 0xf1, 0x1f,
    0xff, 0x30, 0x00, 0x04, 0xff, 0xf6, 0x3f, 0xff,
    0x40, 0x00, 0x01, 0xff, 0xf8, 0x3f, 0xff, 0x60,
    0x00, 0x00, 0xff, 0xf8, 0x1f, 0xff, 0x80, 0x00,
    0x00, 0xdf, 0xf6, 0x0c, 0xff, 0xd0, 0x00, 0x00,
    0xef, 0xf1, 0x03, 0xff, 0xf3, 0x00, 0x01, 0xff,
    0x70, 0x00, 0x4f, 0xfc, 0x00, 0x08, 0xf8, 0x00,
    0x00, 0x01, 0x8d, 0xd8, 0x89, 0x30, 0x00,

    /* U+00F6 "ö" */
    0x00, 0x00, 0x42, 0x00, 0x14, 0x10, 0x00, 0x00,
    0x0b, 0xff, 0x30, 0xdf, 0xe1, 0x00, 0x00, 0x0e,
    0xff, 0x61, 0xff, 0xf3, 0x00, 0x00, 0x07, 0xfd,
    0x10, 0x9f, 0xb0, 0x00, 0x00, 0x00, 0x00, 0x00,
    0x00, 0x00, 0x00, 0x00, 0x01, 0x8c, 0xcf, 0xea,
    0x30, 0x00, 0x00, 0x4e, 0xe2, 0x01, 0xbf, 0xf8,
    0x00, 0x02, 0xff, 0x70, 0x00, 0x1f, 0xff, 0x70,
    0x0b, 0xff, 0x40, 0x00, 0x09, 0xff, 0xf1, 0x1f,
    0xff, 0x30, 0x00, 0x04, 0xff, 0xf6, 0x3f, 0xff,
    0x40, 0x00, 0x01, 0xff, 0xf8, 0x3f, 0xff, 0x60,
    0x00, 0x00, 0xff, 0xf8, 0x1f, 0xff, 0x80, 0x00,
    0x00, 0xdf, 0xf6, 0x0c, 0xff, 0xd0, 0x00, 0x00,
    0xef, 0xf1, 0x03, 0xff, 0xf3, 0x00, 0x01, 0xff,
    0x70, 0x00, 0x4f, 0xfc, 0x00, 0x08, 0xf8, 0x00,
    0x00, 0x01, 0x8d, 0xd8, 0x89, 0x30, 0x00,

    /* U+00F7 "÷" */
    0x00, 0x00, 0x2e, 0xd0, 0x00, 0x00, 0x00, 0x03,
    0xff, 0x10, 0x00, 0x00, 0x00, 0x04, 0x30, 0x00,
    0x00, 0x00, 0x00, 0x00, 0x00, 0x00, 0x00, 0x00,
    0x00, 0x00, 0x00, 0x00, 0x00, 0x00, 0x00, 0x00,
    0x00, 0x5e, 0xee, 0xee, 0xee, 0xee, 0xc0, 0x00,
    0x00, 0x00, 0x00, 0x00, 0x00, 0x00, 0x00, 0x00,
    0x00, 0x00, 0x00, 0x00, 0x33, 0x00, 0x00, 0x00,
    0x00, 0x3f, 0xf1, 0x00, 0x00, 0x00, 0x01, 0xdc,
    0x00, 0x00,

    /* U+00F8 "ø" */
    0x00, 0x00, 0x00, 0x00, 0x00, 0x00, 0x20, 0x00,
    0x01, 0x8c, 0xcf, 0xea, 0x37, 0x40, 0x00, 0x4e,
    0xe2, 0x01, 0xbf, 0xfc, 0x00, 0x02, 0xff, 0x70,
    0x00, 0x1f, 0xff, 0x70, 0x0b, 0xff, 0x40, 0x00,
    0x1d, 0xff, 0xf1, 0x1f, 0xff, 0x30, 0x00, 0x95,
    0xff, 0xf6, 0x3f, 0xff, 0x40, 0x09, 0x11, 0xff,
    0xf8, 0x3f, 0xff, 0x60, 0x83, 0x00, 0xff, 0xf8,
    0x1f, 0xff, 0x86, 0x40, 0x00, 0xdf, 0xf6, 0x0c,
    0xff, 0xe6, 0x00, 0x00, 0xef, 0xf1, 0x03, 0xff,
    0xf3, 0x00, 0x01, 0xff, 0x70, 0x00, 0x6f, 0xfc,
    0x00, 0x08, 0xf8, 0x00, 0x00, 0xa2, 0x8d, 0xd8,
    0x89, 0x30, 0x00, 0x02, 0x20, 0x00, 0x00, 0x00,
    0x00, 0x00,

    /* U+00F9 "ù" */
    0x00, 0x00, 0x00, 0x00, 0x00, 0x00, 0x00, 0x00,
    0x00, 0x09, 0xf7, 0x00, 0x00, 0x00, 0x00, 0x00,
    0x00, 0xdf, 0xf1, 0x00, 0x00, 0x00, 0x00, 0x00,
    0x04, 0xff, 0x80, 0x00, 0x00, 0x00, 0x00, 0x00,
    0x03, 0xde, 0x00, 0x00, 0x00, 0x00, 0x00, 0x00,
    0x00, 0xa5, 0x00, 0x00, 0x00, 0x00, 0x00, 0x00,
    0x00, 0x00, 0x00, 0x00, 0x00, 0x05, 0xaf, 0x30,
    0x00, 0x16, 0xbf, 0x10, 0x4d, 0xff, 0xf4, 0x00,
    0x6e, 0xff, 0xf1, 0x00, 0x2f, 0xff, 0x40, 0x00,
    0x5f, 0xff, 0x10, 0x02, 0xff, 0xf4, 0x00, 0x05,
    0xff, 0xf1, 0x00, 0x2f, 0xff, 0x40, 0x00, 0x5f,
    0xff, 0x10, 0x02, 0xff, 0xf4, 0x00, 0x05, 0xff,
    0xf1, 0x00, 0x2f, 0xff, 0x40, 0x00, 0x5f, 0xff,
    0x10, 0x02, 0xff, 0xf4, 0x00, 0x05, 0xff, 0xf1,
    0x00, 0x1f, 0xff, 0x40, 0x00, 0x5f, 0xff, 0x10,
    0x00, 0xff, 0xf8, 0x00, 0x09, 0xff, 0xf1, 0x00,
    0x09, 0xff, 0xfa, 0x9b, 0x7f, 0xff, 0x10, 0x00,
    0x09, 0xef, 0xc7, 0x01, 0xef, 0xfd, 0x30,

    /* U+00FA "ú" */
    0x00, 0x00, 0x00, 0x00, 0x00, 0x00, 0x00, 0x00,
    0x00, 0x00, 0x00, 0x02, 0xed, 0x10, 0x00, 0x00,
    0x00, 0x00, 0x00, 0xbf, 0xf2, 0x00, 0x00, 0x00,
    0x00, 0x00, 0x2f, 0xf8, 0x00, 0x00, 0x00, 0x00,
    0x00, 0x0a, 0xe5, 0x00, 0x00, 0x00, 0x00, 0x00,
    0x00, 0xa1, 0x00, 0x00, 0x00, 0x00, 0x00, 0x00,
    0x00, 0x00, 0x00, 0x00, 0x00, 0x05, 0xaf, 0x30,
    0x00, 0x16, 0xbf, 0x10, 0x4d, 0xff, 0xf4, 0x00,
    0x6e, 0xff, 0xf1, 0x00, 0x2f, 0xff, 0x40, 0x00,
    0x5f, 0xff, 0x10, 0x02, 0xff, 0xf4, 0x00, 0x05,
    0xff, 0xf1, 0x00, 0x2f, 0xff, 0x40, 0x00, 0x5f,
    0xff, 0x10, 0x02, 0xff, 0xf4, 0x00, 0x05, 0xff,
    0xf1, 0x00, 0x2f, 0xff, 0x40, 0x00, 0x5f, 0xff,
    0x10, 0x02, 0xff, 0xf4, 0x00, 0x05, 0xff, 0xf1,
    0x00, 0x1f, 0xff, 0x40, 0x00, 0x5f, 0xff, 0x10,
    0x00, 0xff, 0xf8, 0x00, 0x09, 0xff, 0xf1, 0x00,
    0x09, 0xff, 0xfa, 0x9b, 0x7f, 0xff, 0x10, 0x00,
    0x09, 0xef, 0xc7, 0x01, 0xef, 0xfd, 0x30,

    /* U+00FB "û" */
    0x00, 0x00, 0x00, 0x16, 0x00, 0x00, 0x00, 0x00,
    0x00, 0x00, 0x0b, 0xfa, 0x00, 0x00, 0x00, 0x00,
    0x00, 0x08, 0xff, 0xf6, 0x00, 0x00, 0x00, 0x00,
    0x04, 0xfa, 0x3b, 0xf3, 0x00, 0x00, 0x00, 0x01,
    0xd5, 0x00, 0x06, 0xd0, 0x00, 0x00, 0x00, 0x01,
    0x00, 0x00, 0x01, 0x00, 0x00, 0x00, 0x5a, 0xf3,
    0x00, 0x01, 0x6b, 0xf1, 0x04, 0xdf, 0xff, 0x40,
    0x06, 0xef, 0xff, 0x10, 0x02, 0xff, 0xf4, 0x00,
    0x05, 0xff, 0xf1, 0x00, 0x2f, 0xff, 0x40, 0x00,
    0x5f, 0xff, 0x10, 0x02, 0xff, 0xf4, 0x00, 0x05,
    0xff, 0xf1, 0x00, 0x2f, 0xff, 0x40, 0x00, 0x5f,
    0xff, 0x10, 0x02, 0xff, 0xf4, 0x00, 0x05, 0xff,
    0xf1, 0x00, 0x2f, 0xff, 0x40, 0x00, 0x5f, 0xff,
    0x10, 0x01, 0xff, 0xf4, 0x00, 0x05, 0xff, 0xf1,
    0x00, 0x0f, 0xff, 0x80, 0x00, 0x9f, 0xff, 0x10,
    0x00, 0x9f, 0xff, 0xa9, 0xb7, 0xff, 0xf1, 0x00,
    0x00, 0x9e, 0xfc, 0x70, 0x1e, 0xff, 0xd3,

    /* U+00FC "ü" */
    0x00, 0x00, 0x33, 0x00, 0x04, 0x20, 0x00, 0x00,
    0x00, 0x7f, 0xf7, 0x0a, 0xff, 0x40, 0x00, 0x00,
    0x0a, 0xff, 0xa0, 0xdf, 0xf7, 0x00, 0x00, 0x00,
    0x4e, 0xe4, 0x06, 0xfd, 0x20, 0x00, 0x00, 0x00,
    0x00, 0x00, 0x00, 0x00, 0x00, 0x00, 0x05, 0xaf,
    0x30, 0x00, 0x16, 0xbf, 0x10, 0x4d, 0xff, 0xf4,
    0x00, 0x6e, 0xff, 0xf1, 0x00, 0x2f, 0xff, 0x40,
    0x00, 0x5f, 0xff, 0x10, 0x02, 0xff, 0xf4, 0x00,
    0x05, 0xff, 0xf1, 0x00, 0x2f, 0xff, 0x40, 0x00,
    0x5f, 0xff, 0x10, 0x02, 0xff, 0xf4, 0x00, 0x05,
    0xff, 0xf1, 0x00, 0x2f, 0xff, 0x40, 0x00, 0x5f,
    0xff, 0x10, 0x02, 0xff, 0xf4, 0x00, 0x05, 0xff,
    0xf1, 0x00, 0x1f, 0xff, 0x40, 0x00, 0x5f, 0xff,
    0x10, 0x00, 0xff, 0xf8, 0x00, 0x09, 0xff, 0xf1,
    0x00, 0x09, 0xff, 0xfa, 0x9b, 0x7f, 0xff, 0x10,
    0x00, 0x09, 0xef, 0xc7, 0x01, 0xef, 0xfd, 0x30,

    /* U+00FD "ý" */
    0x00, 0x00, 0x00, 0x00, 0x00, 0x00, 0x00, 0x00,
    0x00, 0x00, 0x00, 0x00, 0x0c, 0xf3, 0x00, 0x00,
    0x00, 0x00, 0x00, 0x08, 0xff, 0x60, 0x00, 0x00,
    0x00, 0x00, 0x00, 0xef, 0xb0, 0x00, 0x00, 0x00,
    0x00, 0x00, 0x6f, 0x60, 0x00, 0x00, 0x00, 0x00,
    0x00, 0x08, 0x20, 0x00, 0x00, 0x00, 0x00, 0x00,
    0x00, 0x00, 0x00, 0x00, 0x00, 0xbf, 0xff, 0xfd,
    0x60, 0x06, 0xef, 0xf5, 0x00, 0x9f, 0xff, 0x20,
    0x00, 0x01, 0xf1, 0x00, 0x01, 0xff, 0xf7, 0x00,
    0x00, 0x48, 0x00, 0x00, 0x0a, 0xff, 0xe0, 0x00,
    0x0b, 0x20, 0x00, 0x00, 0x3f, 0xff, 0x50, 0x01,
    0xb0, 0x00, 0x00, 0x00, 0xbf, 0xfb, 0x00, 0x75,
    0x00, 0x00, 0x00, 0x04, 0xff, 0xf2, 0x0c, 0x00,
    0x00, 0x00, 0x00, 0x0d, 0xff, 0x84, 0x80, 0x00,
    0x00, 0x00, 0x00, 0x6f, 0xfe, 0xb2, 0x00, 0x00,
    0x00, 0x00, 0x00, 0xef, 0xfc, 0x00, 0x00, 0x00,
    0x00, 0x00, 0x08, 0xff, 0x50, 0x00, 0x00, 0x00,
    0x00, 0x00, 0x1f, 0xe0, 0x00, 0x00, 0x00, 0x00,
    0x00, 0x00, 0xa8, 0x00, 0x00, 0x00, 0x00, 0x00,
    0x00, 0x0b, 0x20, 0x00, 0x00, 0x00, 0x3e, 0xc0,
    0x02, 0xb0, 0x00, 0x00, 0x00, 0x08, 0xff, 0x40,
    0x95, 0x00, 0x00, 0x00, 0x00, 0x5f, 0xfc, 0x6c,
    0x00, 0x00, 0x00, 0x00, 0x00, 0x7e, 0xfb, 0x10,
    0x00, 0x00, 0x00, 0x00,

    /* U+00FE "þ" */
    0x02, 0x6b, 0xf1, 0x00, 0x00, 0x00, 0x00, 0x5d,
    0xff, 0xf1, 0x00, 0x00, 0x00, 0x00, 0x04, 0xff,
    0xf1, 0x00, 0x00, 0x00, 0x00, 0x04, 0xff, 0xf1,
    0x00, 0x00, 0x00, 0x00, 0x04, 0xff, 0xf1, 0x00,
    0x00, 0x00, 0x00, 0x04, 0xff, 0xf1, 0x00, 0x00,
    0x00, 0x00, 0x04, 0xff, 0xf1, 0x00, 0x00, 0x00,
    0x00, 0x04, 0xff, 0xf1, 0x6d, 0xff, 0xb4, 0x00,
    0x04, 0xff, 0xfa, 0x63, 0x6e, 0xff, 0x60, 0x04,
    0xff, 0xf2, 0x00, 0x04, 0xff, 0xf2, 0x04, 0xff,
    0xf1, 0x00, 0x00, 0xdf, 0xf9, 0x04, 0xff, 0xf1,
    0x00, 0x00, 0xaf, 0xfd, 0x04, 0xff, 0xf1, 0x00,
    0x00, 0x9f, 0xfe, 0x04, 0xff, 0xf1, 0x00, 0x00,
    0x9f, 0xfe, 0x04, 0xff, 0xf1, 0x00, 0x00, 0xaf,
    0xfb, 0x04, 0xff, 0xf1, 0x00, 0x00, 0xdf, 0xf6,
    0x04, 0xff, 0xf1, 0x00, 0x03, 0xff, 0xd0, 0x04,
    0xff, 0xfa, 0x10, 0x3e, 0xfe, 0x20, 0x04, 0xff,
    0xf5, 0xcf, 0xfd, 0x81, 0x00, 0x04, 0xff, 0xf1,
    0x00, 0x00, 0x00, 0x00, 0x04, 0xff, 0xf1, 0x00,
    0x00, 0x00, 0x00, 0x04, 0xff, 0xf1, 0x00, 0x00,
    0x00, 0x00, 0x04, 0xff, 0xf1, 0x00, 0x00, 0x00,
    0x00, 0x04, 0xff, 0xf1, 0x00, 0x00, 0x00, 0x00,
    0x5e, 0xff, 0xfd, 0x40, 0x00, 0x00, 0x00,

    /* U+00FF "ÿ" */
    0x00, 0x00, 0x02, 0x40, 0x00, 0x33, 0x00, 0x00,
    0x00, 0x03, 0xff, 0xa0, 0x6f, 0xf8, 0x00, 0x00,
    0x00, 0x6f, 0xfe, 0x0a, 0xff, 0xb0, 0x00, 0x00,
    0x01, 0xdf, 0x60, 0x3e, 0xe4, 0x00, 0x00, 0x00,
    0x00, 0x00, 0x00, 0x00, 0x00, 0x00, 0xbf, 0xff,
    0xfd, 0x60, 0x06, 0xef, 0xf5, 0x00, 0x9f, 0xff,
    0x20, 0x00, 0x01, 0xf1, 0x00, 0x01, 0xff, 0xf7,
    0x00, 0x00, 0x48, 0x00, 0x00, 0x0a, 0xff, 0xe0,
    0x00, 0x0b, 0x20, 0x00, 0x00, 0x3f, 0xff, 0x50,
    0x01, 0xb0, 0x00, 0x00, 0x00, 0xbf, 0xfb, 0x00,
    0x75, 0x00, 0x00, 0x00, 0x04, 0xff, 0xf2, 0x0c,
    0x00, 0x00, 0x00, 0x00, 0x0d, 0xff, 0x84, 0x80,
    0x00, 0x00, 0x00, 0x00, 0x6f, 0xfe, 0xb2, 0x00,
    0x00, 0x00, 0x00, 0x00, 0xef, 0xfc, 0x00, 0x00,
    0x00, 0x00, 0x00, 0x08, 0xff, 0x50, 0x00, 0x00,
    0x00, 0x00, 0x00, 0x1f, 0xe0, 0x00, 0x00, 0x00,
    0x00, 0x00, 0x00, 0xa8, 0x00, 0x00, 0x00, 0x00,
    0x00, 0x00, 0x0b, 0x20, 0x00, 0x00, 0x00, 0x3e,
    0xc0, 0x02, 0xb0, 0x00, 0x00, 0x00, 0x08, 0xff,
    0x40, 0x95, 0x00, 0x00, 0x00, 0x00, 0x5f, 0xfc,
    0x6c, 0x00, 0x00, 0x00, 0x00, 0x00, 0x7e, 0xfb,
    0x10, 0x00, 0x00, 0x00, 0x00,

    /* U+011E "Ğ" */
    0x00, 0x00, 0x00, 0x56, 0x00, 0x00, 0xa1, 0x00,
    0x00, 0x00, 0x00, 0x00, 0x02, 0xf5, 0x01, 0x7d,
    0x00, 0x00, 0x00, 0x00, 0x00, 0x00, 0x08, 0xff,
    0xff, 0x40, 0x00, 0x00, 0x00, 0x00, 0x00, 0x00,
    0x03, 0x76, 0x20, 0x00, 0x00, 0x00, 0x00, 0x00,
    0x00, 0x00, 0x00, 0x00, 0x00, 0x00, 0x00, 0x00,
    0x00, 0x00, 0x05, 0xbe, 0xed, 0xd9, 0x23, 0xe1,
    0x00, 0x00, 0x00, 0x4e, 0xfb, 0x30, 0x00, 0x4c,
    0xff, 0x40, 0x00, 0x00, 0x7f, 0xfa, 0x00, 0x00,
    0x00, 0x0a, 0xf8, 0x00, 0x00, 0x5f, 0xfe, 0x00,
    0x00, 0x00, 0x00, 0x0d, 0xc0, 0x00, 0x0e, 0xff,
    0x70, 0x00, 0x00, 0x00, 0x00, 0x3f, 0x00, 0x06,
    0xff, 0xf2, 0x00, 0x00, 0x00, 0x00, 0x00, 0xb2,
    0x00, 0xcf, 0xff, 0x00, 0x00, 0x00, 0x00, 0x00,
    0x00, 0x00, 0x0f, 0xff, 0xd0, 0x00, 0x00, 0x00,
    0x00, 0x00, 0x00, 0x01, 0xff, 0xfd, 0x00, 0x00,
    0x00, 0x00, 0x00, 0x00, 0x00, 0x1f, 0xff, 0xd0,
    0x00, 0x00, 0x04, 0x66, 0x66, 0x66, 0x20, 0xff,
    0xff, 0x00, 0x00, 0x00, 0x37, 0xef, 0xff, 0x71,
    0x0d, 0xff, 0xf2, 0x00, 0x00, 0x00, 0x0a, 0xff,
    0xd0, 0x00, 0x9f, 0xff, 0x60, 0x00, 0x00, 0x00,
    0xaf, 0xfd, 0x00, 0x02, 0xff, 0xfd, 0x00, 0x00,
    0x00, 0x0a, 0xff, 0xd0, 0x00, 0x09, 0xff, 0xf7,
    0x00, 0x00, 0x00, 0xaf, 0xfd, 0x00, 0x00, 0x0b,
    0xff, 0xf6, 0x00, 0x00, 0x0c, 0xff, 0xd0, 0x00,
    0x00, 0x08, 0xff, 0xfc, 0x64, 0x5b, 0xdd, 0xfd,
    0x00, 0x00, 0x00, 0x02, 0x8c, 0xef, 0xfc, 0x50,
    0x08, 0xc0, 0x00,

    /* U+011F "ğ" */
    0x00, 0x03, 0x10, 0x00, 0x04, 0x00, 0x00, 0x00,
    0x00, 0x7a, 0x00, 0x02, 0xe0, 0x00, 0x00, 0x00,
    0x04, 0xfc, 0x89, 0xfc, 0x00, 0x00, 0x00, 0x00,
    0x0d, 0xff, 0xff, 0x60, 0x00, 0x00, 0x00, 0x00,
    0x2c, 0xff, 0x80, 0x09, 0xff, 0x50, 0x00, 0x00,
    0x01, 0x00, 0x08, 0xff, 0xfb, 0x00, 0x03, 0xaa,
    0x7d, 0xd9, 0xa1, 0x9f, 0x70, 0x08, 0xfd, 0x00,
    0x0d, 0xfe, 0x30, 0x00, 0x06, 0xff, 0x70, 0x00,
    0x6f, 0xfe, 0x00, 0x00, 0xdf, 0xf5, 0x00, 0x01,
    0xff, 0xf5, 0x00, 0x0f, 0xff, 0x60, 0x00, 0x0f,
    0xff, 0x70, 0x00, 0xef, 0xf9, 0x00, 0x00, 0xff,
    0xf5, 0x00, 0x09, 0xff, 0xd0, 0x00, 0x0f, 0xfe,
    0x00, 0x00, 0x0c, 0xff, 0x70, 0x07, 0xff, 0x40,
    0x00, 0x00, 0x07, 0xdf, 0xba, 0xea, 0x20, 0x00,
    0x00, 0x00, 0x9f, 0x52, 0x10, 0x00, 0x00, 0x00,
    0x00, 0x8f, 0xfc, 0x61, 0x00, 0x00, 0x00, 0x00,
    0x08, 0xff, 0xff, 0xfe, 0xb8, 0x30, 0x00, 0x00,
    0x0b, 0xff, 0xff, 0xff, 0xff, 0xa0, 0x00, 0x6e,
    0x80, 0x25, 0x8c, 0xff, 0xff, 0x50, 0x4f, 0xf0,
    0x00, 0x00, 0x01, 0xcf, 0xf6, 0x07, 0xff, 0x40,
    0x00, 0x00, 0x06, 0xff, 0x20, 0x1d, 0xfe, 0x30,
    0x00, 0x02, 0xcf, 0x50, 0x00, 0x07, 0xbe, 0xec,
    0xcc, 0xb8, 0x10, 0x00,

    /* U+0130 "İ" */
    0x00, 0x04, 0x40, 0x00, 0x00, 0xbf, 0xf8, 0x00,
    0x00, 0xef, 0xfb, 0x00, 0x00, 0x6f, 0xe4, 0x00,
    0x00, 0x00, 0x00, 0x00, 0x9f, 0xff, 0xff, 0xe6,
    0x01, 0xff, 0xfd, 0x00, 0x00, 0xff, 0xfd, 0x00,
    0x00, 0xff, 0xfd, 0x00, 0x00, 0xff, 0xfd, 0x00,
    0x00, 0xff, 0xfd, 0x00, 0x00, 0xff, 0xfd, 0x00,
    0x00, 0xff, 0xfd, 0x00, 0x00, 0xff, 0xfd, 0x00,
    0x00, 0xff, 0xfd, 0x00, 0x00, 0xff, 0xfd, 0x00,
    0x00, 0xff, 0xfd, 0x00, 0x00, 0xff, 0xfd, 0x00,
    0x00, 0xff, 0xfd, 0x00, 0x00, 0xff, 0xfd, 0x00,
    0x00, 0xff, 0xfd, 0x00, 0x01, 0xff, 0xfd, 0x00,
    0x9f, 0xff, 0xff, 0xe6,

    /* U+0131 "ı" */
    0x00, 0x49, 0xe7, 0x01, 0xcf, 0xff, 0x70, 0x00,
    0xef, 0xf7, 0x00, 0x0e, 0xff, 0x70, 0x00, 0xef,
    0xf7, 0x00, 0x0e, 0xff, 0x70, 0x00, 0xef, 0xf7,
    0x00, 0x0e, 0xff, 0x70, 0x00, 0xef, 0xf7, 0x00,
    0x0e, 0xff, 0x70, 0x00, 0xef, 0xf8, 0x01, 0xcf,
    0xff, 0xf7,

    /* U+015E "Ş" */
    0x00, 0x18, 0xde, 0xdd, 0x92, 0x5e, 0x00, 0x05,
    0xff, 0x80, 0x00, 0x4d, 0xff, 0x30, 0x2f, 0xfb,
    0x00, 0x00, 0x00, 0xbf, 0x80, 0xaf, 0xf8, 0x00,
    0x00, 0x00, 0x0d, 0xc0, 0xdf, 0xf9, 0x00, 0x00,
    0x00, 0x03, 0xf1, 0xdf, 0xff, 0x20, 0x00, 0x00,
    0x00, 0x93, 0xaf, 0xff, 0xe5, 0x00, 0x00, 0x00,
    0x00, 0x4f, 0xff, 0xff, 0xd7, 0x10, 0x00, 0x00,
    0x08, 0xff, 0xff, 0xff, 0xfa, 0x20, 0x00, 0x00,
    0x4d, 0xff, 0xff, 0xff, 0xf7, 0x00, 0x00, 0x00,
    0x5b, 0xff, 0xff, 0xff, 0x60, 0x00, 0x00, 0x00,
    0x17, 0xef, 0xff, 0xe0, 0x45, 0x00, 0x00, 0x00,
    0x1d, 0xff, 0xf2, 0x4e, 0x00, 0x00, 0x00, 0x03,
    0xff, 0xf3, 0x1f, 0x90, 0x00, 0x00, 0x00, 0xff,
    0xf0, 0x0e, 0xf6, 0x00, 0x00, 0x03, 0xff, 0x80,
    0x0b, 0xff, 0x91, 0x00, 0x2c, 0xfb, 0x00, 0x07,
    0xa0, 0x5b, 0xdd, 0xeb, 0x50, 0x00, 0x00, 0x00,
    0x00, 0x90, 0x00, 0x00, 0x00, 0x00, 0x00, 0x04,
    0xac, 0x70, 0x00, 0x00, 0x00, 0x00, 0x00, 0x0b,
    0xf4, 0x00, 0x00, 0x00, 0x00, 0x50, 0x0b, 0xf4,
    0x00, 0x00, 0x00, 0x00, 0x3a, 0xbe, 0x80, 0x00,
    0x00,

    /* U+015F "ş" */
    0x00, 0x5c, 0xdb, 0xdf, 0xfc, 0x00, 0x8f, 0xa0,
    0x00, 0x4e, 0xf1, 0x1f, 0xf6, 0x00, 0x00, 0x2f,
    0x53, 0xff, 0xc1, 0x00, 0x00, 0x68, 0x1f, 0xff,
    0xfa, 0x61, 0x00, 0x10, 0x9f, 0xff, 0xff, 0xfa,
    0x10, 0x00, 0x7e, 0xff, 0xff, 0xfd, 0x00, 0x00,
    0x04, 0x8e, 0xff, 0xf6, 0x09, 0x50, 0x00, 0x08,
    0xff, 0x80, 0x7e, 0x20, 0x00, 0x1f, 0xf5, 0x04,
    0xfe, 0x40, 0x07, 0xfc, 0x00, 0x1f, 0xff, 0xfe,
    0xd8, 0x00, 0x00, 0x00, 0x09, 0x00, 0x00, 0x00,
    0x00, 0x04, 0xbc, 0x70, 0x00, 0x00, 0x00, 0x00,
    0xbf, 0x40, 0x00, 0x00, 0x50, 0x0b, 0xf5, 0x00,
    0x00, 0x03, 0xab, 0xe8, 0x00, 0x00
};

/*---------------------
 *  GLYPH DESCRIPTION
 *--------------------*/

static const lv_font_fmt_txt_glyph_dsc_t glyph_dsc[] = {
    {.bitmap_index = 0, .adv_w = 0, .box_w = 0, .box_h = 0, .ofs_x = 0, .ofs_y = 0} /* id = 0 reserved */,
    {.bitmap_index = 0, .adv_w = 80, .box_w = 0, .box_h = 0, .ofs_x = 0, .ofs_y = 0},
    {.bitmap_index = 0, .adv_w = 119, .box_w = 5, .box_h = 19, .ofs_x = 1, .ofs_y = 0},
    {.bitmap_index = 48, .adv_w = 141, .box_w = 9, .box_h = 9, .ofs_x = 0, .ofs_y = 11},
    {.bitmap_index = 89, .adv_w = 258, .box_w = 16, .box_h = 20, .ofs_x = 0, .ofs_y = -1},
    {.bitmap_index = 249, .adv_w = 237, .box_w = 14, .box_h = 22, .ofs_x = 0, .ofs_y = -2},
    {.bitmap_index = 403, .adv_w = 291, .box_w = 18, .box_h = 20, .ofs_x = 0, .ofs_y = -1},
    {.bitmap_index = 583, .adv_w = 391, .box_w = 23, .box_h = 19, .ofs_x = 1, .ofs_y = 0},
    {.bitmap_index = 802, .adv_w = 69, .box_w = 4, .box_h = 9, .ofs_x = 0, .ofs_y = 11},
    {.bitmap_index = 820, .adv_w = 142, .box_w = 8, .box_h = 23, .ofs_x = 1, .ofs_y = -4},
    {.bitmap_index = 912, .adv_w = 141, .box_w = 8, .box_h = 23, .ofs_x = 0, .ofs_y = -4},
    {.bitmap_index = 1004, .adv_w = 248, .box_w = 15, .box_h = 14, .ofs_x = 0, .ofs_y = 6},
    {.bitmap_index = 1109, .adv_w = 213, .box_w = 11, .box_h = 11, .ofs_x = 1, .ofs_y = 3},
    {.bitmap_index = 1170, .adv_w = 103, .box_w = 5, .box_h = 9, .ofs_x = 1, .ofs_y = -5},
    {.bitmap_index = 1193, .adv_w = 139, .box_w = 8, .box_h = 3, .ofs_x = 0, .ofs_y = 6},
    {.bitmap_index = 1205, .adv_w = 99, .box_w = 5, .box_h = 5, .ofs_x = 1, .ofs_y = 0},
    {.bitmap_index = 1218, .adv_w = 174, .box_w = 11, .box_h = 24, .ofs_x = 0, .ofs_y = -4},
    {.bitmap_index = 1350, .adv_w = 269, .box_w = 16, .box_h = 18, .ofs_x = 0, .ofs_y = 0},
    {.bitmap_index = 1494, .adv_w = 177, .box_w = 11, .box_h = 18, .ofs_x = 0, .ofs_y = 0},
    {.bitmap_index = 1593, .adv_w = 245, .box_w = 15, .box_h = 18, .ofs_x = 0, .ofs_y = 0},
    {.bitmap_index = 1728, .adv_w = 225, .box_w = 14, .box_h = 18, .ofs_x = 0, .ofs_y = 0},
    {.bitmap_index = 1854, .adv_w = 250, .box_w = 15, .box_h = 18, .ofs_x = 0, .ofs_y = 0},
    {.bitmap_index = 1989, .adv_w = 234, .box_w = 13, .box_h = 19, .ofs_x = 1, .ofs_y = 0},
    {.bitmap_index = 2113, .adv_w = 248, .box_w = 15, .box_h = 18, .ofs_x = 0, .ofs_y = 0},
    {.bitmap_index = 2248, .adv_w = 211, .box_w = 14, .box_h = 18, .ofs_x = 0, .ofs_y = 0},
    {.bitmap_index = 2374, .adv_w = 242, .box_w = 14, .box_h = 18, .ofs_x = 1, .ofs_y = 0},
    {.bitmap_index = 2500, .adv_w = 250, .box_w = 15, .box_h = 18, .ofs_x = 0, .ofs_y = 0},
    {.bitmap_index = 2635, .adv_w = 99, .box_w = 6, .box_h = 12, .ofs_x = 0, .ofs_y = 0},
    {.bitmap_index = 2671, .adv_w = 104, .box_w = 5, .box_h = 17, .ofs_x = 1, .ofs_y = -5},
    {.bitmap_index = 2714, .adv_w = 199, .box_w = 12, .box_h = 12, .ofs_x = 0, .ofs_y = 3},
    {.bitmap_index = 2786, .adv_w = 213, .box_w = 11, .box_h = 5, .ofs_x = 1, .ofs_y = 7},
    {.bitmap_index = 2814, .adv_w = 199, .box_w = 11, .box_h = 12, .ofs_x = 1, .ofs_y = 3},
    {.bitmap_index = 2880, .adv_w = 217, .box_w = 13, .box_h = 19, .ofs_x = 0, .ofs_y = -1},
    {.bitmap_index = 3004, .adv_w = 349, .box_w = 21, .box_h = 21, .ofs_x = 0, .ofs_y = -3},
    {.bitmap_index = 3225, .adv_w = 285, .box_w = 18, .box_h = 18, .ofs_x = 0, .ofs_y = 0},
    {.bitmap_index = 3387, .adv_w = 283, .box_w = 17, .box_h = 18, .ofs_x = 1, .ofs_y = 0},
    {.bitmap_index = 3540, .adv_w = 281, .box_w = 17, .box_h = 18, .ofs_x = 0, .ofs_y = 0},
    {.bitmap_index = 3693, .adv_w = 317, .box_w = 18, .box_h = 18, .ofs_x = 1, .ofs_y = 0},
    {.bitmap_index = 3855, .adv_w = 262, .box_w = 15, .box_h = 18, .ofs_x = 1, .ofs_y = 0},
    {.bitmap_index = 3990, .adv_w = 241, .box_w = 14, .box_h = 18, .ofs_x = 1, .ofs_y = 0},
    {.bitmap_index = 4116, .adv_w = 305, .box_w = 19, .box_h = 18, .ofs_x = 0, .ofs_y = 0},
    {.bitmap_index = 4287, .adv_w = 336, .box_w = 19, .box_h = 18, .ofs_x = 1, .ofs_y = 0},
    {.bitmap_index = 4458, .adv_w = 157, .box_w = 8, .box_h = 18, .ofs_x = 1, .ofs_y = 0},
    {.bitmap_index = 4530, .adv_w = 190, .box_w = 11, .box_h = 18, .ofs_x = 0, .ofs_y = 0},
    {.bitmap_index = 4629, .adv_w = 312, .box_w = 19, .box_h = 18, .ofs_x = 1, .ofs_y = 0},
    {.bitmap_index = 4800, .adv_w = 249, .box_w = 15, .box_h = 18, .ofs_x = 1, .ofs_y = 0},
    {.bitmap_index = 4935, .adv_w = 364, .box_w = 23, .box_h = 18, .ofs_x = 0, .ofs_y = 0},
    {.bitmap_index = 5142, .adv_w = 303, .box_w = 19, .box_h = 18, .ofs_x = 0, .ofs_y = 0},
    {.bitmap_index = 5313, .adv_w = 320, .box_w = 20, .box_h = 18, .ofs_x = 0, .ofs_y = 0},
    {.bitmap_index = 5493, .adv_w = 277, .box_w = 16, .box_h = 18, .ofs_x = 1, .ofs_y = 0},
    {.bitmap_index = 5637, .adv_w = 322, .box_w = 20, .box_h = 22, .ofs_x = 0, .ofs_y = -4},
    {.bitmap_index = 5857, .adv_w = 297, .box_w = 18, .box_h = 18, .ofs_x = 1, .ofs_y = 0},
    {.bitmap_index = 6019, .adv_w = 245, .box_w = 14, .box_h = 18, .ofs_x = 1, .ofs_y = 0},
    {.bitmap_index = 6145, .adv_w = 276, .box_w = 17, .box_h = 18, .ofs_x = 0, .ofs_y = 0},
    {.bitmap_index = 6298, .adv_w = 296, .box_w = 17, .box_h = 18, .ofs_x = 1, .ofs_y = 0},
    {.bitmap_index = 6451, .adv_w = 278, .box_w = 18, .box_h = 18, .ofs_x = 0, .ofs_y = 0},
    {.bitmap_index = 6613, .adv_w = 415, .box_w = 26, .box_h = 18, .ofs_x = 0, .ofs_y = 0},
    {.bitmap_index = 6847, .adv_w = 288, .box_w = 18, .box_h = 18, .ofs_x = 0, .ofs_y = 0},
    {.bitmap_index = 7009, .adv_w = 272, .box_w = 17, .box_h = 18, .ofs_x = 0, .ofs_y = 0},
    {.bitmap_index = 7162, .adv_w = 254, .box_w = 16, .box_h = 18, .ofs_x = 0, .ofs_y = 0},
    {.bitmap_index = 7306, .adv_w = 137, .box_w = 7, .box_h = 22, .ofs_x = 2, .ofs_y = -3},
    {.bitmap_index = 7383, .adv_w = 173, .box_w = 11, .box_h = 24, .ofs_x = 0, .ofs_y = -4},
    {.bitmap_index = 7515, .adv_w = 139, .box_w = 7, .box_h = 22, .ofs_x = 0, .ofs_y = -3},
    {.bitmap_index = 7592, .adv_w = 165, .box_w = 10, .box_h = 9, .ofs_x = 0, .ofs_y = 9},
    {.bitmap_index = 7637, .adv_w = 178, .box_w = 12, .box_h = 2, .ofs_x = 0, .ofs_y = -5},
    {.bitmap_index = 7649, .adv_w = 101, .box_w = 6, .box_h = 5, .ofs_x = 0, .ofs_y = 13},
    {.bitmap_index = 7664, .adv_w = 213, .box_w = 13, .box_h = 12, .ofs_x = 0, .ofs_y = 0},
    {.bitmap_index = 7742, .adv_w = 234, .box_w = 14, .box_h = 19, .ofs_x = 0, .ofs_y = 0},
    {.bitmap_index = 7875, .adv_w = 198, .box_w = 12, .box_h = 12, .ofs_x = 0, .ofs_y = 0},
    {.bitmap_index = 7947, .adv_w = 237, .box_w = 15, .box_h = 19, .ofs_x = 0, .ofs_y = 0},
    {.bitmap_index = 8090, .adv_w = 204, .box_w = 13, .box_h = 12, .ofs_x = 0, .ofs_y = 0},
    {.bitmap_index = 8168, .adv_w = 142, .box_w = 9, .box_h = 18, .ofs_x = 0, .ofs_y = 0},
    {.bitmap_index = 8249, .adv_w = 224, .box_w = 15, .box_h = 21, .ofs_x = 0, .ofs_y = -6},
    {.bitmap_index = 8407, .adv_w = 243, .box_w = 16, .box_h = 19, .ofs_x = 0, .ofs_y = 0},
    {.bitmap_index = 8559, .adv_w = 117, .box_w = 7, .box_h = 18, .ofs_x = 0, .ofs_y = 0},
    {.bitmap_index = 8622, .adv_w = 117, .box_w = 8, .box_h = 24, .ofs_x = -1, .ofs_y = -6},
    {.bitmap_index = 8718, .adv_w = 236, .box_w = 15, .box_h = 19, .ofs_x = 0, .ofs_y = 0},
    {.bitmap_index = 8861, .adv_w = 119, .box_w = 7, .box_h = 19, .ofs_x = 0, .ofs_y = 0},
    {.bitmap_index = 8928, .adv_w = 368, .box_w = 23, .box_h = 12, .ofs_x = 0, .ofs_y = 0},
    {.bitmap_index = 9066, .adv_w = 243, .box_w = 16, .box_h = 12, .ofs_x = 0, .ofs_y = 0},
    {.bitmap_index = 9162, .adv_w = 229, .box_w = 14, .box_h = 12, .ofs_x = 0, .ofs_y = 0},
    {.bitmap_index = 9246, .adv_w = 240, .box_w = 15, .box_h = 18, .ofs_x = 0, .ofs_y = -6},
    {.bitmap_index = 9381, .adv_w = 234, .box_w = 15, .box_h = 18, .ofs_x = 0, .ofs_y = -6},
    {.bitmap_index = 9516, .adv_w = 182, .box_w = 12, .box_h = 12, .ofs_x = 0, .ofs_y = 0},
    {.bitmap_index = 9588, .adv_w = 185, .box_w = 11, .box_h = 12, .ofs_x = 0, .ofs_y = 0},
    {.bitmap_index = 9654, .adv_w = 145, .box_w = 9, .box_h = 15, .ofs_x = 0, .ofs_y = 0},
    {.bitmap_index = 9722, .adv_w = 241, .box_w = 15, .box_h = 12, .ofs_x = 0, .ofs_y = 0},
    {.bitmap_index = 9812, .adv_w = 211, .box_w = 15, .box_h = 12, .ofs_x = -1, .ofs_y = 0},
    {.bitmap_index = 9902, .adv_w = 319, .box_w = 22, .box_h = 12, .ofs_x = -1, .ofs_y = 0},
    {.bitmap_index = 10034, .adv_w = 212, .box_w = 14, .box_h = 12, .ofs_x = 0, .ofs_y = 0},
    {.bitmap_index = 10118, .adv_w = 217, .box_w = 15, .box_h = 18, .ofs_x = -1, .ofs_y = -6},
    {.bitmap_index = 10253, .adv_w = 190, .box_w = 12, .box_h = 12, .ofs_x = 0, .ofs_y = 0},
    {.bitmap_index = 10325, .adv_w = 158, .box_w = 9, .box_h = 22, .ofs_x = 1, .ofs_y = -3},
    {.bitmap_index = 10424, .adv_w = 106, .box_w = 3, .box_h = 23, .ofs_x = 2, .ofs_y = -4},
    {.bitmap_index = 10459, .adv_w = 158, .box_w = 9, .box_h = 22, .ofs_x = 0, .ofs_y = -3},
    {.bitmap_index = 10558, .adv_w = 236, .box_w = 13, .box_h = 4, .ofs_x = 1, .ofs_y = 7},
    {.bitmap_index = 10584, .adv_w = 285, .box_w = 18, .box_h = 24, .ofs_x = 0, .ofs_y = 0},
    {.bitmap_index = 10800, .adv_w = 285, .box_w = 18, .box_h = 24, .ofs_x = 0, .ofs_y = 0},
    {.bitmap_index = 11016, .adv_w = 285, .box_w = 18, .box_h = 23, .ofs_x = 0, .ofs_y = 0},
    {.bitmap_index = 11223, .adv_w = 285, .box_w = 18, .box_h = 22, .ofs_x = 0, .ofs_y = 0},
    {.bitmap_index = 11421, .adv_w = 285, .box_w = 18, .box_h = 23, .ofs_x = 0, .ofs_y = 0},
    {.bitmap_index = 11628, .adv_w = 285, .box_w = 18, .box_h = 23, .ofs_x = 0, .ofs_y = 0},
    {.bitmap_index = 11835, .adv_w = 396, .box_w = 26, .box_h = 18, .ofs_x = -1, .ofs_y = 0},
    {.bitmap_index = 12069, .adv_w = 281, .box_w = 17, .box_h = 23, .ofs_x = 0, .ofs_y = -5},
    {.bitmap_index = 12265, .adv_w = 262, .box_w = 15, .box_h = 24, .ofs_x = 1, .ofs_y = 0},
    {.bitmap_index = 12445, .adv_w = 262, .box_w = 15, .box_h = 24, .ofs_x = 1, .ofs_y = 0},
    {.bitmap_index = 12625, .adv_w = 262, .box_w = 15, .box_h = 23, .ofs_x = 1, .ofs_y = 0},
    {.bitmap_index = 12798, .adv_w = 262, .box_w = 15, .box_h = 23, .ofs_x = 1, .ofs_y = 0},
    {.bitmap_index = 12971, .adv_w = 157, .box_w = 8, .box_h = 24, .ofs_x = 1, .ofs_y = 0},
    {.bitmap_index = 13067, .adv_w = 157, .box_w = 9, .box_h = 24, .ofs_x = 1, .ofs_y = 0},
    {.bitmap_index = 13175, .adv_w = 157, .box_w = 8, .box_h = 23, .ofs_x = 1, .ofs_y = 0},
    {.bitmap_index = 13267, .adv_w = 157, .box_w = 10, .box_h = 23, .ofs_x = 0, .ofs_y = 0},
    {.bitmap_index = 13382, .adv_w = 317, .box_w = 19, .box_h = 18, .ofs_x = 0, .ofs_y = 0},
    {.bitmap_index = 13553, .adv_w = 303, .box_w = 19, .box_h = 22, .ofs_x = 0, .ofs_y = 0},
    {.bitmap_index = 13762, .adv_w = 320, .box_w = 20, .box_h = 24, .ofs_x = 0, .ofs_y = 0},
    {.bitmap_index = 14002, .adv_w = 320, .box_w = 20, .box_h = 24, .ofs_x = 0, .ofs_y = 0},
    {.bitmap_index = 14242, .adv_w = 320, .box_w = 20, .box_h = 23, .ofs_x = 0, .ofs_y = 0},
    {.bitmap_index = 14472, .adv_w = 320, .box_w = 20, .box_h = 23, .ofs_x = 0, .ofs_y = 0},
    {.bitmap_index = 14702, .adv_w = 320, .box_w = 20, .box_h = 23, .ofs_x = 0, .ofs_y = 0},
    {.bitmap_index = 14932, .adv_w = 194, .box_w = 10, .box_h = 11, .ofs_x = 1, .ofs_y = 3},
    {.bitmap_index = 14987, .adv_w = 320, .box_w = 20, .box_h = 20, .ofs_x = 0, .ofs_y = -1},
    {.bitmap_index = 15187, .adv_w = 296, .box_w = 17, .box_h = 24, .ofs_x = 1, .ofs_y = 0},
    {.bitmap_index = 15391, .adv_w = 296, .box_w = 17, .box_h = 24, .ofs_x = 1, .ofs_y = 0},
    {.bitmap_index = 15595, .adv_w = 296, .box_w = 17, .box_h = 23, .ofs_x = 1, .ofs_y = 0},
    {.bitmap_index = 15791, .adv_w = 296, .box_w = 17, .box_h = 23, .ofs_x = 1, .ofs_y = 0},
    {.bitmap_index = 15987, .adv_w = 272, .box_w = 17, .box_h = 24, .ofs_x = 0, .ofs_y = 0},
    {.bitmap_index = 16191, .adv_w = 277, .box_w = 16, .box_h = 18, .ofs_x = 1, .ofs_y = 0},
    {.bitmap_index = 16335, .adv_w = 269, .box_w = 17, .box_h = 18, .ofs_x = 0, .ofs_y = 0},
    {.bitmap_index = 16488, .adv_w = 213, .box_w = 13, .box_h = 19, .ofs_x = 0, .ofs_y = 0},
    {.bitmap_index = 16612, .adv_w = 213, .box_w = 13, .box_h = 19, .ofs_x = 0, .ofs_y = 0},
    {.bitmap_index = 16736, .adv_w = 213, .box_w = 13, .box_h = 18, .ofs_x = 0, .ofs_y = 0},
    {.bitmap_index = 16853, .adv_w = 213, .box_w = 13, .box_h = 17, .ofs_x = 0, .ofs_y = 0},
    {.bitmap_index = 16964, .adv_w = 213, .box_w = 13, .box_h = 17, .ofs_x = 0, .ofs_y = 0},
    {.bitmap_index = 17075, .adv_w = 213, .box_w = 13, .box_h = 18, .ofs_x = 0, .ofs_y = 0},
    {.bitmap_index = 17192, .adv_w = 321, .box_w = 20, .box_h = 12, .ofs_x = 0, .ofs_y = 0},
    {.bitmap_index = 17312, .adv_w = 198, .box_w = 12, .box_h = 17, .ofs_x = 0, .ofs_y = -5},
    {.bitmap_index = 17414, .adv_w = 204, .box_w = 13, .box_h = 19, .ofs_x = 0, .ofs_y = 0},
    {.bitmap_index = 17538, .adv_w = 204, .box_w = 13, .box_h = 19, .ofs_x = 0, .ofs_y = 0},
    {.bitmap_index = 17662, .adv_w = 204, .box_w = 13, .box_h = 18, .ofs_x = 0, .ofs_y = 0},
    {.bitmap_index = 17779, .adv_w = 204, .box_w = 13, .box_h = 17, .ofs_x = 0, .ofs_y = 0},
    {.bitmap_index = 17890, .adv_w = 117, .box_w = 7, .box_h = 19, .ofs_x = 0, .ofs_y = 0},
    {.bitmap_index = 17957, .adv_w = 117, .box_w = 8, .box_h = 19, .ofs_x = 0, .ofs_y = 0},
    {.bitmap_index = 18033, .adv_w = 117, .box_w = 8, .box_h = 17, .ofs_x = 0, .ofs_y = 0},
    {.bitmap_index = 18101, .adv_w = 117, .box_w = 7, .box_h = 17, .ofs_x = 0, .ofs_y = 0},
    {.bitmap_index = 18161, .adv_w = 229, .box_w = 14, .box_h = 20, .ofs_x = 0, .ofs_y = 0},
    {.bitmap_index = 18301, .adv_w = 243, .box_w = 16, .box_h = 17, .ofs_x = 0, .ofs_y = 0},
    {.bitmap_index = 18437, .adv_w = 229, .box_w = 14, .box_h = 19, .ofs_x = 0, .ofs_y = 0},
    {.bitmap_index = 18570, .adv_w = 229, .box_w = 14, .box_h = 19, .ofs_x = 0, .ofs_y = 0},
    {.bitmap_index = 18703, .adv_w = 229, .box_w = 14, .box_h = 18, .ofs_x = 0, .ofs_y = 0},
    {.bitmap_index = 18829, .adv_w = 229, .box_w = 14, .box_h = 17, .ofs_x = 0, .ofs_y = 0},
    {.bitmap_index = 18948, .adv_w = 229, .box_w = 14, .box_h = 17, .ofs_x = 0, .ofs_y = 0},
    {.bitmap_index = 19067, .adv_w = 213, .box_w = 11, .box_h = 12, .ofs_x = 1, .ofs_y = 3},
    {.bitmap_index = 19133, .adv_w = 228, .box_w = 14, .box_h = 14, .ofs_x = 0, .ofs_y = -1},
    {.bitmap_index = 19231, .adv_w = 241, .box_w = 15, .box_h = 19, .ofs_x = 0, .ofs_y = 0},
    {.bitmap_index = 19374, .adv_w = 241, .box_w = 15, .box_h = 19, .ofs_x = 0, .ofs_y = 0},
    {.bitmap_index = 19517, .adv_w = 241, .box_w = 15, .box_h = 18, .ofs_x = 0, .ofs_y = 0},
    {.bitmap_index = 19652, .adv_w = 241, .box_w = 15, .box_h = 17, .ofs_x = 0, .ofs_y = 0},
    {.bitmap_index = 19780, .adv_w = 217, .box_w = 15, .box_h = 25, .ofs_x = -1, .ofs_y = -6},
    {.bitmap_index = 19968, .adv_w = 235, .box_w = 14, .box_h = 25, .ofs_x = 0, .ofs_y = -6},
    {.bitmap_index = 20143, .adv_w = 217, .box_w = 15, .box_h = 23, .ofs_x = -1, .ofs_y = -6},
    {.bitmap_index = 20316, .adv_w = 305, .box_w = 19, .box_h = 23, .ofs_x = 0, .ofs_y = 0},
    {.bitmap_index = 20535, .adv_w = 223, .box_w = 15, .box_h = 24, .ofs_x = 0, .ofs_y = -6},
    {.bitmap_index = 20715, .adv_w = 157, .box_w = 8, .box_h = 23, .ofs_x = 1, .ofs_y = 0},
    {.bitmap_index = 20807, .adv_w = 117, .box_w = 7, .box_h = 12, .ofs_x = 0, .ofs_y = 0},
    {.bitmap_index = 20849, .adv_w = 245, .box_w = 14, .box_h = 23, .ofs_x = 1, .ofs_y = -5},
    {.bitmap_index = 21010, .adv_w = 185, .box_w = 11, .box_h = 17, .ofs_x = 0, .ofs_y = -5}
};

/*---------------------
 *  CHARACTER MAPPING
 *--------------------*/

static const uint16_t unicode_list_2[] = {
    0x00, 0x01, 0x12, 0x13, 0x40, 0x41
};

/*Collect the unicode lists and glyph_id offsets*/
static const lv_font_fmt_txt_cmap_t cmaps[] =
{
    {
        .range_start = 32, .range_length = 95, .glyph_id_start = 1,
        .unicode_list = NULL, .glyph_id_ofs_list = NULL, .list_length = 0, .type = LV_FONT_FMT_TXT_CMAP_FORMAT0_TINY
    },
    {
        .range_start = 192, .range_length = 64, .glyph_id_start = 96,
        .unicode_list = NULL, .glyph_id_ofs_list = NULL, .list_length = 0, .type = LV_FONT_FMT_TXT_CMAP_FORMAT0_TINY
    },
    {
        .range_start = 286, .range_length = 66, .glyph_id_start = 160,
        .unicode_list = unicode_list_2, .glyph_id_ofs_list = NULL, .list_length = 6, .type = LV_FONT_FMT_TXT_CMAP_SPARSE_TINY
    }
};

/*-----------------
 *    KERNING
 *----------------*/

/*Map glyph_ids to kern left classes*/
static const uint8_t kern_left_class_mapping[] =
{
    0, 0, 0, 1, 0, 0, 0, 2,
    1, 0, 0, 0, 0, 3, 0, 3,
    0, 0, 0, 0, 0, 4, 0, 0,
    5, 0, 6, 3, 3, 0, 0, 0,
    0, 0, 7, 8, 9, 10, 11, 12,
    9, 0, 0, 0, 13, 14, 15, 0,
    10, 16, 10, 17, 18, 19, 20, 21,
    21, 22, 23, 24, 0, 0, 0, 0,
    0, 0, 25, 26, 27, 28, 27, 29,
    30, 31, 32, 33, 34, 28, 31, 31,
    26, 26, 35, 36, 37, 38, 32, 39,
    39, 40, 39, 41, 0, 0, 0, 0,
    7, 7, 7, 7, 7, 7, 11, 9,
    11, 11, 11, 11, 0, 0, 0, 0,
    10, 0, 10, 10, 10, 10, 10, 0,
    10, 20, 20, 20, 20, 23, 42, 0,
    25, 25, 25, 25, 25, 25, 27, 27,
    27, 27, 27, 27, 32, 32, 32, 32,
    26, 31, 26, 26, 26, 26, 26, 0,
    26, 32, 32, 32, 32, 39, 26, 39,
    9, 30, 0, 32, 18, 37
};

/*Map glyph_ids to kern right classes*/
static const uint8_t kern_right_class_mapping[] =
{
    0, 0, 0, 1, 0, 0, 0, 2,
    1, 0, 0, 0, 0, 3, 0, 3,
    0, 4, 0, 5, 0, 6, 0, 0,
    7, 8, 9, 3, 3, 0, 0, 0,
    0, 0, 10, 0, 11, 0, 0, 0,
    11, 0, 0, 12, 0, 0, 0, 0,
    11, 0, 11, 0, 13, 14, 15, 16,
    16, 17, 18, 19, 0, 0, 0, 0,
    0, 0, 20, 21, 22, 22, 22, 23,
    24, 21, 25, 26, 21, 21, 25, 25,
    22, 27, 22, 25, 28, 29, 30, 31,
    31, 32, 31, 33, 0, 0, 0, 0,
    10, 10, 10, 10, 10, 10, 10, 11,
    0, 0, 0, 0, 0, 0, 0, 0,
    0, 0, 11, 11, 11, 11, 11, 0,
    11, 15, 15, 15, 15, 18, 0, 23,
    20, 20, 20, 20, 20, 20, 20, 22,
    22, 22, 22, 22, 25, 25, 25, 25,
    22, 25, 22, 22, 22, 22, 22, 0,
    22, 30, 30, 30, 30, 31, 21, 31,
    11, 24, 0, 25, 13, 28
};

/*Kern values between classes*/
static const int8_t kern_class_values[] =
{
    0, 0, -17, 0, 0, 0, 0, 0,
    0, -29, 0, 0, 0, 0, 0, 0,
    0, 0, 0, 0, 0, 0, 0, 0,
    0, 0, 0, 0, 0, 0, 0, 0,
    0, 0, 0, 0, 0, 0, 0, 0,
    0, 0, -3, 0, -2, -2, -5, -1,
    -5, -4, -9, -2, 0, 0, 0, 0,
    0, 0, 0, 0, 0, 0, 0, 0,
    0, 0, -17, 0, 0, 0, 0, 0,
    0, 0, 0, 0, 0, 0, 0, -21,
    -2, -21, 0, -21, 0, 0, 0, 0,
    0, 0, 0, 0, 0, 0, 0, 0,
    -9, 0, 0, 0, 0, 0, 0, 0,
    0, -11, 0, 0, 0, 0, 0, 0,
    0, 0, 0, 0, 0, 0, 0, 0,
    0, 0, 0, 0, 0, 0, 0, 0,
    0, 0, 0, 0, 0, 0, 0, -9,
    -5, -29, 0, -4, -5, 0, 0, 0,
    0, 0, 0, 0, 0, 0, 0, 0,
    0, 0, 0, 0, 0, 0, 0, 0,
    0, 0, 0, 0, 0, 0, 0, 0,
    0, 0, 0, -2, 0, 0, 0, 0,
    0, 0, 0, 0, 0, 0, 0, 0,
    0, 0, 0, 0, 0, 0, 0, 0,
    0, 0, 0, 0, 0, 0, -28, -2,
    0, 0, 0, 0, 0, 0, 0, 0,
    -1, 0, -1, -18, -1, -17, 0, -18,
    0, 0, 0, -1, 0, -3, 0, 0,
    0, -1, 0, 0, -14, 0, 0, -8,
    0, 0, 0, 0, 0, 0, 0, 0,
    0, 0, 0, 0, -2, 0, -7, -2,
    -5, 0, 0, 0, 0, 0, 0, 0,
    0, 0, 0, 0, 0, 0, 0, 0,
    0, -3, 0, 0, 0, 0, 0, 0,
    0, -1, 0, 0, 0, 0, 0, 0,
    0, 0, 0, 0, 0, 0, 0, 0,
    0, 0, 0, 0, 0, 0, 0, 0,
    0, -3, 0, 0, 0, 0, 0, 0,
    0, 0, -1, 0, -1, 0, 0, 0,
    0, -2, -4, 0, -1, -1, 0, -1,
    -2, -1, -1, 0, 0, 0, 0, 0,
    0, 0, -1, -3, 0, 0, 0, 0,
    0, 0, 0, 0, 0, 0, 0, 0,
    0, -1, 0, -1, 0, 0, 0, 0,
    0, 0, 0, 0, 0, 0, 0, 0,
    -1, 0, 0, 0, -4, -13, 0, 0,
    0, 0, 0, 0, -16, 0, -11, -1,
    0, 0, -1, -1, -1, -1, -13, 0,
    -11, -2, -13, -2, 0, -6, -7, -3,
    -7, -1, -1, -1, -3, -3, 0, 0,
    0, 0, 0, 0, 0, 0, -3, 0,
    -2, -4, -4, -1, 0, -4, 0, 0,
    0, -1, 0, 0, 0, 0, -1, 0,
    0, -2, -10, 0, 0, -34, -2, -1,
    0, 0, 0, 0, 0, 0, -2, 0,
    0, 0, -16, 0, -19, 0, -19, 0,
    0, 0, 0, -1, 0, 0, 0, 0,
    0, 0, 0, -6, 0, 0, 0, 0,
    0, 0, 0, 0, 0, 0, 0, 0,
    0, 0, 0, 0, 0, 0, 0, 0,
    0, 0, 0, 0, 0, 0, 0, 0,
    0, 0, 0, 0, -3, 0, 0, 0,
    0, -17, 0, 0, 0, 0, 0, 0,
    -15, 0, -2, 0, 0, 0, -3, -4,
    -4, 0, -2, 0, -6, 0, -4, 0,
    0, 0, -3, 0, 0, 0, 0, 0,
    -4, -1, 0, 0, 0, 0, 0, 0,
    0, 0, 0, 0, 0, 0, 0, -6,
    0, -11, 0, 0, 0, -1, 0, 0,
    0, 0, 0, 0, 0, 0, 0, 3,
    0, -1, -3, 0, 0, 0, 0, 0,
    0, 0, -3, 0, 0, 0, -1, 0,
    -2, 0, -4, 0, 0, 0, 0, -2,
    -3, 0, 0, 0, 0, 0, 0, 0,
    0, 0, 0, -4, -21, 0, 0, 0,
    0, 0, 0, -18, 0, -9, 0, 0,
    0, 0, 0, 0, 0, -26, 0, -26,
    -2, -22, -14, -5, -14, -21, -4, -14,
    -13, -9, -15, -2, -2, -2, 0, 0,
    0, 0, 0, 0, -6, 0, -1, 0,
    0, 0, 0, 0, 0, 0, -2, 0,
    0, -2, -4, 0, 0, -1, -1, 0,
    0, -1, 0, -1, -1, -5, -17, 0,
    0, 0, 0, 0, 0, -18, 0, -10,
    -2, 0, 0, 0, 0, 0, -2, -22,
    0, -22, -2, -22, -18, -7, -16, -20,
    -12, -15, -15, -16, -16, -5, -4, 0,
    0, 0, 0, 0, 0, 0, 0, -2,
    0, 0, 0, 0, 0, 0, 0, 0,
    0, 0, -6, 0, -1, 0, 0, 0,
    0, -2, -2, -10, 0, 0, -1, -8,
    -21, 0, 0, 0, 0, 0, 0, -18,
    -4, -9, -4, 0, 0, 2, 0, 0,
    -2, -22, 0, -23, -2, -23, -18, -12,
    -21, -23, -17, -17, -18, -18, -20, 0,
    -2, 0, 0, 0, 0, 0, 0, 0,
    0, 0, 0, 0, 0, 0, 0, 0,
    0, 0, 0, 0, 0, 0, 0, 0,
    0, 0, 0, 0, 0, -4, 0, 0,
    -3, 0, 0, 0, 0, 0, 0, 0,
    0, 0, 0, 0, 0, -13, 0, -14,
    0, -20, 0, 0, 0, 0, 0, 0,
    0, 0, 0, 0, 0, 0, -5, 0,
    0, -5, 0, 0, 0, 0, 0, 0,
    0, 0, 0, 0, 0, 0, -16, 0,
    -17, -10, -23, 0, 0, 0, 0, 0,
    0, 0, 0, 0, 0, 0, 0, -5,
    0, 0, -3, 0, 0, 0, 0, 0,
    0, 0, 0, 0, 0, 0, 0, -10,
    0, -7, 0, -19, 0, 0, 0, 0,
    0, 0, 0, 0, 0, 0, 0, 0,
    0, 0, 0, -1, 0, 0, 0, 0,
    0, 0, 0, 0, 0, 0, 0, 0,
    0, 0, 0, 0, 0, 0, 0, 6,
    0, 0, 0, 0, 0, 0, 0, 0,
    0, 0, 0, 0, 2, 0, 0, 0,
    0, 0, 0, 0, 0, 0, 0, 0,
    0, 0, 0, 2, 0, 0, 0, 0,
    0, 0, 0, 0, 0, 0, 0, 0,
    0, 0, 0, 0, 0, -1, 0, -2,
    0, 0, 0, 0, 0, 0, 0, 0,
    0, 0, 2, 0, -2, -3, -6, 1,
    0, 0, 0, 0, 0, 0, 0, 0,
    0, 0, 0, 0, 0, 0, -7, 0,
    0, 0, 0, 0, 0, 0, 0, 0,
    0, 0, 0, -10, 0, -13, 0, -18,
    0, 0, 0, 0, 0, 0, 0, 0,
    0, 0, 0, 0, -1, 0, 0, -1,
    0, 0, 0, 0, 0, 0, 0, 0,
    0, 0, 0, 0, 0, 0, -7, 0,
    -10, 0, 0, 0, 0, 0, 0, 0,
    0, 0, 0, 0, 0, 0, 0, 0,
    0, 0, 0, 0, 0, 0, 0, 0,
    0, 0, 0, 0, 0, 0, 0, -2,
    0, -4, 0, 0, 0, 0, 0, 0,
    0, 0, 0, 0, 0, 0, 0, 0,
    0, -4, 0, 0, 0, 0, 0, 0,
    0, 0, 0, -2, 0, 0, -5, 0,
    -4, 0, -14, 1, 0, 0, 0, 0,
    0, 0, 0, 0, 0, 0, 0, 0,
    0, 0, -5, 0, 0, 0, 0, 0,
    0, 0, 0, 0, 0, 0, 0, -2,
    0, -13, 0, -16, 0, 0, 0, 0,
    0, 0, 0, 0, 0, 0, 0, 0,
    0, 0, 0, -5, 0, -7, 0, 0,
    0, 0, 0, 0, -8, 0, -7, 0,
    -5, 0, -8, -10, -16, 0, 0, 0,
    0, 0, 0, 0, 0, 0, 0, 0,
    0, -1, 0, 0, -3, 0, -1, 0,
    0, 0, 0, 0, 0, 0, 0, 0,
    0, -5, 0, -14, 0, -16, 0, 0,
    0, 0, 0, 0, 0, 0, 0, 0,
    0, 0, 0, 0, 0, -1, 0, 0,
    0, 0, 0, 0, 0, 0, 0, 0,
    0, 0, -2, 0, -9, 0, -12, 0,
    0, 0, -1, 0, 0, 0, 0, 0,
    0, 0, 0, 0, 0, 0, -1, 0,
    -9, 0, 0, 0, 0, 0, 0, -14,
    0, -2, 0, -2, 0, -7, -6, -13,
    0, -5, 0, -5, 0, -2, 0, 0,
    0, 0, 0, 0, 0, 0, 0, -7,
    0, 0, 0, 0, 0, 0, 0, 0,
    0, 0, 0, 0, -7, 0, -12, 0,
    -13, 0, 0, 0, 0, 0, -2, 0,
    0, 0, 0, 0, 0, 0, 0, 0,
    0, 0, 0, 0, 0, 0, 0, 0,
    0, 0, 0, 0, 0, -2, 0, -10,
    0, -10, 0, 0, 0, 0, 0, 0,
    0, 0, 0, 0, 0, 0, 0, 0,
    0, 0, 0, -4, 0, 0, 0, 0,
    0, 0, 0, 0, 0, 0, 0, 0,
    0, 0, 0, 0, 0, 0, 0, 0,
    0, 0, 0, 0, 0, 0, 0, 0,
    0, 0
};

/*Collect the kern class' data in one place*/
static const lv_font_fmt_txt_kern_classes_t kern_classes =
{
    .class_pair_values   = kern_class_values,
    .left_class_mapping  = kern_left_class_mapping,
    .right_class_mapping = kern_right_class_mapping,
    .left_class_cnt      = 42,
    .right_class_cnt     = 33,
};

/*--------------------
 *  ALL CUSTOM DATA
 *--------------------*/

#if LVGL_VERSION_MAJOR == 8
/*Store all the custom data of the font*/
static  lv_font_fmt_txt_glyph_cache_t cache;
#endif

#if LVGL_VERSION_MAJOR >= 8
static const lv_font_fmt_txt_dsc_t font_dsc = {
#else
static lv_font_fmt_txt_dsc_t font_dsc = {
#endif
    .glyph_bitmap = glyph_bitmap,
    .glyph_dsc = glyph_dsc,
    .cmaps = cmaps,
    .kern_dsc = &kern_classes,
    .kern_scale = 16,
    .cmap_num = 3,
    .bpp = 4,
    .kern_classes = 1,
    .bitmap_format = 0,
#if LVGL_VERSION_MAJOR == 8
    .cache = &cache
#endif

};



/*-----------------
 *  PUBLIC FONT
 *----------------*/

/*Initialize a public general font descriptor*/
#if LVGL_VERSION_MAJOR >= 8
const lv_font_t disp_26_data = {
#else
lv_font_t disp_26_data = {
#endif
    .get_glyph_dsc = lv_font_get_glyph_dsc_fmt_txt,    /*Function pointer to get glyph's data*/
    .get_glyph_bitmap = lv_font_get_bitmap_fmt_txt,    /*Function pointer to get glyph's bitmap*/
    .line_height = 30,          /*The maximum line height required by the font*/
    .base_line = 6,             /*Baseline measured from the bottom of the line*/
#if LV_VERSION_CHECK(9, 6, 0) || LVGL_VERSION_MAJOR >= 10
    .cap_height = 18,           /*Cap height of the font*/
    .x_height = 13,               /*x-height of the font*/
#endif
#if !(LVGL_VERSION_MAJOR == 6 && LVGL_VERSION_MINOR == 0)
    .subpx = LV_FONT_SUBPX_NONE,
#endif
#if LV_VERSION_CHECK(7, 4, 0) || LVGL_VERSION_MAJOR >= 8
    .underline_position = -4,
    .underline_thickness = 1,
#endif

#if LV_VERSION_CHECK(9, 3, 0)
    .static_bitmap = 1,    /*Bitmaps are stored as const so they are always static if not compressed */
#endif

    .dsc = &font_dsc,          /*The custom font data. Will be accessed by `get_glyph_bitmap/dsc` */
#if LV_VERSION_CHECK(8, 2, 0) || LVGL_VERSION_MAJOR >= 9
    .fallback = NULL,
#endif
    .user_data = NULL,
};



#endif /*#if DISP_26_DATA*/
