/*******************************************************************************
 * Size: 44 px
 * Bpp: 4
 * Opts: --font /fonts/Fraunces_72pt-SemiBold.ttf -o /fonts/disp_44_data.c --size 44 --bpp 4 --format lvgl --no-compress --range 0x20-0x7F,0xC0-0xFF,0x11E-0x11F,0x130-0x131,0x15E-0x15F
 ******************************************************************************/

#ifdef __has_include
    #if __has_include("lvgl.h")
        #ifndef LV_LVGL_H_INCLUDE_SIMPLE
            #define LV_LVGL_H_INCLUDE_SIMPLE
        #endif
    #endif
#endif

#ifdef LV_LVGL_H_INCLUDE_SIMPLE
    #include "lvgl.h"
#else
    #include "lvgl/lvgl.h"
#endif



#ifndef DISP_44_DATA
#define DISP_44_DATA 1
#endif

#if DISP_44_DATA

/*-----------------
 *    BITMAPS
 *----------------*/

/*Store the image of the glyphs*/
static LV_ATTRIBUTE_LARGE_CONST const uint8_t glyph_bitmap[] = {
    /* U+0020 " " */

    /* U+0021 "!" */
    0x02, 0xbe, 0xfe, 0x80, 0x0e, 0xff, 0xff, 0xf7,
    0x4f, 0xff, 0xff, 0xfd, 0x5f, 0xff, 0xff, 0xfe,
    0x4f, 0xff, 0xff, 0xfc, 0x1f, 0xff, 0xff, 0xf9,
    0x0e, 0xff, 0xff, 0xf6, 0x0c, 0xff, 0xff, 0xf4,
    0x09, 0xff, 0xff, 0xf2, 0x07, 0xff, 0xff, 0xf0,
    0x05, 0xff, 0xff, 0xd0, 0x02, 0xff, 0xff, 0xa0,
    0x00, 0xff, 0xff, 0x80, 0x00, 0xdf, 0xff, 0x50,
    0x00, 0xbf, 0xff, 0x30, 0x00, 0x9f, 0xff, 0x10,
    0x00, 0x6f, 0xfe, 0x00, 0x00, 0x4f, 0xfc, 0x00,
    0x00, 0x2f, 0xf9, 0x00, 0x00, 0x0f, 0xf7, 0x00,
    0x00, 0x0d, 0xf4, 0x00, 0x00, 0x0a, 0xf2, 0x00,
    0x00, 0x08, 0xf0, 0x00, 0x00, 0x00, 0x30, 0x00,
    0x00, 0x00, 0x00, 0x00, 0x00, 0x00, 0x00, 0x00,
    0x00, 0x7d, 0xea, 0x20, 0x09, 0xff, 0xff, 0xe1,
    0x2f, 0xff, 0xff, 0xf8, 0x5f, 0xff, 0xff, 0xfb,
    0x4f, 0xff, 0xff, 0xfa, 0x0e, 0xff, 0xff, 0xf5,
    0x03, 0xff, 0xff, 0x80, 0x00, 0x16, 0x73, 0x00,

    /* U+0022 "\"" */
    0x00, 0x69, 0x81, 0x00, 0x01, 0x79, 0x60, 0x00,
    0x9f, 0xff, 0xe0, 0x01, 0xef, 0xff, 0x80, 0x0f,
    0xff, 0xff, 0x40, 0x5f, 0xff, 0xfe, 0x00, 0xff,
    0xff, 0xf5, 0x07, 0xff, 0xff, 0xf0, 0x0f, 0xff,
    0xff, 0x30, 0x5f, 0xff, 0xfd, 0x00, 0xcf, 0xff,
    0xf1, 0x03, 0xff, 0xff, 0xa0, 0x0a, 0xff, 0xfe,
    0x00, 0x0f, 0xff, 0xf8, 0x00, 0x7f, 0xff, 0xb0,
    0x00, 0xef, 0xff, 0x50, 0x05, 0xff, 0xf8, 0x00,
    0x0b, 0xff, 0xf2, 0x00, 0x3f, 0xff, 0x60, 0x00,
    0x9f, 0xff, 0x00, 0x00, 0xff, 0xf3, 0x00, 0x06,
    0xff, 0xd0, 0x00, 0x0e, 0xff, 0x00, 0x00, 0x4f,
    0xfa, 0x00, 0x00, 0xbf, 0xd0, 0x00, 0x01, 0xff,
    0x70, 0x00, 0x09, 0xfb, 0x00, 0x00, 0x0f, 0xf4,
    0x00, 0x00, 0x6f, 0x80, 0x00, 0x00, 0xcf, 0x20,
    0x00, 0x02, 0xe3, 0x00, 0x00, 0x08, 0xd0, 0x00,

    /* U+0023 "#" */
    0x00, 0x00, 0x00, 0x00, 0x00, 0x00, 0x05, 0x20,
    0x00, 0x00, 0x06, 0x00, 0x00, 0x00, 0x00, 0x00,
    0x00, 0x00, 0x00, 0x01, 0xf9, 0x00, 0x00, 0x05,
    0xf5, 0x00, 0x00, 0x00, 0x00, 0x00, 0x00, 0x00,
    0x00, 0x5f, 0x50, 0x00, 0x00, 0x9f, 0x10, 0x00,
    0x00, 0x00, 0x00, 0x00, 0x00, 0x00, 0x09, 0xf1,
    0x00, 0x00, 0x0d, 0xd0, 0x00, 0x00, 0x00, 0x00,
    0x00, 0x00, 0x00, 0x00, 0xdc, 0x00, 0x00, 0x01,
    0xf8, 0x00, 0x00, 0x00, 0x00, 0x00, 0x00, 0x00,
    0x00, 0x1f, 0x80, 0x00, 0x00, 0x5f, 0x40, 0x00,
    0x00, 0x00, 0x00, 0x00, 0x00, 0x00, 0x05, 0xf3,
    0x00, 0x00, 0x09, 0xf0, 0x00, 0x00, 0x00, 0x00,
    0x00, 0x00, 0x00, 0x00, 0x9e, 0x00, 0x00, 0x00,
    0xdb, 0x00, 0x00, 0x00, 0x00, 0x00, 0x00, 0x00,
    0x00, 0x0c, 0xa0, 0x00, 0x00, 0x0f, 0x60, 0x00,
    0x00, 0x00, 0x00, 0x00, 0x00, 0x00, 0x00, 0xf6,
    0x00, 0x00, 0x04, 0xf2, 0x00, 0x00, 0x00, 0x00,
    0x01, 0x11, 0x11, 0x11, 0x5f, 0x31, 0x11, 0x11,
    0x9d, 0x11, 0x11, 0x10, 0x00, 0x08, 0xff, 0xff,
    0xff, 0xff, 0xff, 0xff, 0xff, 0xff, 0xff, 0xff,
    0xff, 0xf5, 0x00, 0x14, 0x44, 0x44, 0x44, 0xda,
    0x44, 0x44, 0x44, 0xf7, 0x44, 0x44, 0x43, 0x00,
    0x00, 0x00, 0x00, 0x00, 0x0f, 0x40, 0x00, 0x00,
    0x4f, 0x00, 0x00, 0x00, 0x00, 0x00, 0x00, 0x00,
    0x00, 0x04, 0xf0, 0x00, 0x00, 0x07, 0xb0, 0x00,
    0x00, 0x00, 0x00, 0x00, 0x00, 0x00, 0x00, 0x8b,
    0x00, 0x00, 0x00, 0xc6, 0x00, 0x00, 0x00, 0x00,
    0x00, 0x00, 0x00, 0x00, 0x0c, 0x60, 0x00, 0x00,
    0x0f, 0x20, 0x00, 0x00, 0x00, 0x00, 0x00, 0x00,
    0x00, 0x01, 0xf2, 0x00, 0x00, 0x04, 0xe0, 0x00,
    0x00, 0x00, 0x00, 0x00, 0x00, 0x00, 0x00, 0x5e,
    0x00, 0x00, 0x00, 0x9a, 0x00, 0x00, 0x00, 0x00,
    0x00, 0x01, 0x11, 0x11, 0x1a, 0xb1, 0x11, 0x11,
    0x1e, 0x71, 0x11, 0x11, 0x10, 0x00, 0x1f, 0xff,
    0xff, 0xff, 0xff, 0xff, 0xff, 0xff, 0xff, 0xff,
    0xff, 0xff, 0xc0, 0x00, 0x34, 0x44, 0x44, 0x7f,
    0x54, 0x44, 0x44, 0xae, 0x44, 0x44, 0x44, 0x41,
    0x00, 0x00, 0x00, 0x00, 0x08, 0xd0, 0x00, 0x00,
    0x0c, 0x90, 0x00, 0x00, 0x00, 0x00, 0x00, 0x00,
    0x00, 0x00, 0xd9, 0x00, 0x00, 0x01, 0xf5, 0x00,
    0x00, 0x00, 0x00, 0x00, 0x00, 0x00, 0x00, 0x2f,
    0x50, 0x00, 0x00, 0x6f, 0x10, 0x00, 0x00, 0x00,
    0x00, 0x00, 0x00, 0x00, 0x06, 0xf1, 0x00, 0x00,
    0x0b, 0xd0, 0x00, 0x00, 0x00, 0x00, 0x00, 0x00,
    0x00, 0x00, 0xbd, 0x00, 0x00, 0x00, 0xf9, 0x00,
    0x00, 0x00, 0x00, 0x00, 0x00, 0x00, 0x00, 0x0f,
    0x90, 0x00, 0x00, 0x4f, 0x50, 0x00, 0x00, 0x00,
    0x00, 0x00, 0x00, 0x00, 0x05, 0xf5, 0x00, 0x00,
    0x09, 0xf1, 0x00, 0x00, 0x00, 0x00, 0x00, 0x00,
    0x00, 0x00, 0xaf, 0x10, 0x00, 0x00, 0xec, 0x00,
    0x00, 0x00, 0x00, 0x00, 0x00, 0x00, 0x00, 0x0e,
    0xc0, 0x00, 0x00, 0x2f, 0x80, 0x00, 0x00, 0x00,
    0x00, 0x00, 0x00, 0x00, 0x00, 0xf7, 0x00, 0x00,
    0x04, 0xf3, 0x00, 0x00, 0x00, 0x00, 0x00, 0x00,
    0x00, 0x00, 0x01, 0x00, 0x00, 0x00, 0x01, 0x00,
    0x00, 0x00, 0x00, 0x00, 0x00, 0x00,

    /* U+0024 "$" */
    0x00, 0x00, 0x00, 0x00, 0x00, 0x0d, 0xb0, 0x00,
    0x00, 0x00, 0x00, 0x00, 0x00, 0x00, 0x00, 0x00,
    0x00, 0xff, 0x00, 0x00, 0x00, 0x00, 0x00, 0x00,
    0x00, 0x00, 0x00, 0x00, 0x0f, 0xe0, 0x00, 0x00,
    0x00, 0x00, 0x00, 0x00, 0x00, 0x00, 0x00, 0x00,
    0xfe, 0x00, 0x00, 0x00, 0x00, 0x00, 0x00, 0x00,
    0x00, 0x04, 0x9c, 0xef, 0xfe, 0xdb, 0x72, 0x00,
    0x00, 0x00, 0x00, 0x00, 0x6e, 0xfd, 0x50, 0xec,
    0x06, 0xff, 0xfb, 0x20, 0x00, 0x00, 0x01, 0xcf,
    0xfb, 0x00, 0x0d, 0xb0, 0x03, 0xff, 0xff, 0x40,
    0x00, 0x01, 0xdf, 0xff, 0x10, 0x00, 0xca, 0x00,
    0x0a, 0xff, 0xff, 0x30, 0x00, 0xaf, 0xff, 0xa0,
    0x00, 0x0b, 0xa0, 0x00, 0x5f, 0xff, 0xfc, 0x00,
    0x3f, 0xff, 0xf7, 0x00, 0x00, 0xa9, 0x00, 0x03,
    0xff, 0xff, 0xf2, 0x09, 0xff, 0xff, 0x60, 0x00,
    0x0a, 0x80, 0x00, 0x3f, 0xff, 0xff, 0x50, 0xcf,
    0xff, 0xf9, 0x00, 0x00, 0x98, 0x00, 0x02, 0xff,
    0xff, 0xf5, 0x0e, 0xff, 0xff, 0xe0, 0x00, 0x09,
    0x70, 0x00, 0x0e, 0xff, 0xff, 0x10, 0xdf, 0xff,
    0xff, 0x70, 0x00, 0x87, 0x00, 0x00, 0x3d, 0xff,
    0x60, 0x0b, 0xff, 0xff, 0xff, 0x70, 0x08, 0x60,
    0x00, 0x00, 0x00, 0x00, 0x00, 0x7f, 0xff, 0xff,
    0xff, 0xb3, 0x86, 0x00, 0x00, 0x00, 0x00, 0x00,
    0x01, 0xff, 0xff, 0xff, 0xff, 0xfe, 0x90, 0x00,
    0x00, 0x00, 0x00, 0x00, 0x06, 0xff, 0xff, 0xff,
    0xff, 0xff, 0xe9, 0x20, 0x00, 0x00, 0x00, 0x00,
    0x08, 0xff, 0xff, 0xff, 0xff, 0xff, 0xff, 0xb3,
    0x00, 0x00, 0x00, 0x00, 0x05, 0xff, 0xff, 0xff,
    0xff, 0xff, 0xff, 0xf9, 0x00, 0x00, 0x00, 0x00,
    0x01, 0x9f, 0xff, 0xff, 0xff, 0xff, 0xff, 0xfc,
    0x10, 0x00, 0x00, 0x00, 0x00, 0x18, 0xef, 0xff,
    0xff, 0xff, 0xff, 0xfc, 0x00, 0x00, 0x00, 0x00,
    0x00, 0x00, 0x4f, 0xff, 0xff, 0xff, 0xff, 0xf7,
    0x00, 0x00, 0x00, 0x00, 0x00, 0x00, 0xf1, 0x9f,
    0xff, 0xff, 0xff, 0xe0, 0x00, 0x02, 0x00, 0x00,
    0x00, 0x0f, 0x00, 0x3e, 0xff, 0xff, 0xff, 0x30,
    0x6f, 0xfe, 0x30, 0x00, 0x00, 0xf0, 0x00, 0x2f,
    0xff, 0xff, 0xf6, 0x1f, 0xff, 0xfe, 0x00, 0x00,
    0x0f, 0x10, 0x00, 0x8f, 0xff, 0xff, 0x75, 0xff,
    0xff, 0xf2, 0x00, 0x00, 0xf1, 0x00, 0x02, 0xff,
    0xff, 0xf6, 0x5f, 0xff, 0xff, 0x20, 0x00, 0x1f,
    0x20, 0x00, 0x0f, 0xff, 0xff, 0x32, 0xff, 0xff,
    0xf2, 0x00, 0x01, 0xf3, 0x00, 0x00, 0xff, 0xff,
    0xd0, 0x0b, 0xff, 0xff, 0x40, 0x00, 0x2f, 0x30,
    0x00, 0x2f, 0xff, 0xf5, 0x00, 0x1e, 0xff, 0xf9,
    0x00, 0x03, 0xf4, 0x00, 0x09, 0xff, 0xfa, 0x00,
    0x00, 0x2d, 0xff, 0xf5, 0x00, 0x4f, 0x50, 0x04,
    0xff, 0xfa, 0x00, 0x00, 0x00, 0x07, 0xef, 0xf9,
    0x25, 0xf6, 0x29, 0xff, 0xd5, 0x00, 0x00, 0x00,
    0x00, 0x00, 0x59, 0xce, 0xff, 0xfe, 0xc8, 0x30,
    0x00, 0x00, 0x00, 0x00, 0x00, 0x00, 0x00, 0x06,
    0xf7, 0x00, 0x00, 0x00, 0x00, 0x00, 0x00, 0x00,
    0x00, 0x00, 0x00, 0x7f, 0x80, 0x00, 0x00, 0x00,
    0x00, 0x00, 0x00, 0x00, 0x00, 0x00, 0x06, 0xf8,
    0x00, 0x00, 0x00, 0x00, 0x00, 0x00, 0x00, 0x00,
    0x00, 0x00, 0x17, 0x10, 0x00, 0x00, 0x00, 0x00,
    0x00,

    /* U+0025 "%" */
    0x00, 0x00, 0x04, 0x67, 0x64, 0x00, 0x00, 0x00,
    0x00, 0x00, 0x00, 0x0b, 0x90, 0x00, 0x00, 0x00,
    0x6e, 0xfb, 0x7c, 0xfe, 0x60, 0x00, 0x00, 0x00,
    0x00, 0x09, 0xff, 0x00, 0x00, 0x00, 0x9f, 0xfa,
    0x00, 0x0c, 0xff, 0x90, 0x00, 0x00, 0x00, 0x03,
    0xff, 0x90, 0x00, 0x00, 0x6f, 0xff, 0x20, 0x00,
    0x4f, 0xff, 0x50, 0x00, 0x00, 0x00, 0xcf, 0xd0,
    0x00, 0x00, 0x0f, 0xff, 0xe0, 0x00, 0x00, 0xff,
    0xfe, 0x00, 0x00, 0x00, 0x5f, 0xf3, 0x00, 0x00,
    0x06, 0xff, 0xfb, 0x00, 0x00, 0x0e, 0xff, 0xf4,
    0x00, 0x00, 0x0e, 0xf8, 0x00, 0x00, 0x00, 0xaf,
    0xff, 0x90, 0x00, 0x00, 0xcf, 0xff, 0x80, 0x00,
    0x08, 0xfc, 0x00, 0x00, 0x00, 0x0c, 0xff, 0xf9,
    0x00, 0x00, 0x0b, 0xff, 0xfa, 0x00, 0x01, 0xff,
    0x20, 0x00, 0x00, 0x00, 0xdf, 0xff, 0x90, 0x00,
    0x00, 0xbf, 0xff, 0xa0, 0x00, 0xaf, 0x70, 0x00,
    0x00, 0x00, 0x0c, 0xff, 0xf9, 0x00, 0x00, 0x0b,
    0xff, 0xfa, 0x00, 0x3f, 0xb0, 0x00, 0x00, 0x00,
    0x00, 0xbf, 0xff, 0xa0, 0x00, 0x00, 0xcf, 0xff,
    0x80, 0x0c, 0xe1, 0x00, 0x00, 0x00, 0x00, 0x08,
    0xff, 0xfb, 0x00, 0x00, 0x0e, 0xff, 0xf5, 0x06,
    0xf5, 0x00, 0x00, 0x00, 0x00, 0x00, 0x3f, 0xff,
    0xe0, 0x00, 0x00, 0xff, 0xff, 0x00, 0xea, 0x00,
    0x00, 0x00, 0x00, 0x00, 0x00, 0xcf, 0xff, 0x30,
    0x00, 0x5f, 0xff, 0x80, 0x8d, 0x00, 0x00, 0x00,
    0x00, 0x00, 0x00, 0x02, 0xff, 0xfb, 0x00, 0x0c,
    0xff, 0xc0, 0x1f, 0x30, 0x00, 0x00, 0x00, 0x00,
    0x00, 0x00, 0x03, 0xef, 0xfc, 0x8d, 0xff, 0xb0,
    0x00, 0x30, 0x00, 0x00, 0x00, 0x00, 0x00, 0x00,
    0x00, 0x00, 0x6b, 0xde, 0xda, 0x40, 0x00, 0x00,
    0x00, 0x6b, 0xde, 0xdb, 0x50, 0x00, 0x00, 0x00,
    0x00, 0x00, 0x00, 0x00, 0x00, 0xa0, 0x02, 0xdf,
    0xfb, 0x8d, 0xff, 0xc1, 0x00, 0x00, 0x00, 0x00,
    0x00, 0x00, 0x00, 0xab, 0x02, 0xef, 0xfa, 0x00,
    0x0d, 0xff, 0xd1, 0x00, 0x00, 0x00, 0x00, 0x00,
    0x00, 0x5f, 0x20, 0xbf, 0xff, 0x20, 0x00, 0x5f,
    0xff, 0x90, 0x00, 0x00, 0x00, 0x00, 0x00, 0x1e,
    0x90, 0x3f, 0xff, 0xd0, 0x00, 0x01, 0xff, 0xff,
    0x10, 0x00, 0x00, 0x00, 0x00, 0x0b, 0xe1, 0x08,
    0xff, 0xfb, 0x00, 0x00, 0x0e, 0xff, 0xf5, 0x00,
    0x00, 0x00, 0x00, 0x06, 0xf7, 0x00, 0xbf, 0xff,
    0x90, 0x00, 0x00, 0xdf, 0xff, 0x80, 0x00, 0x00,
    0x00, 0x02, 0xfd, 0x00, 0x0d, 0xff, 0xf8, 0x00,
    0x00, 0x0c, 0xff, 0xfa, 0x00, 0x00, 0x00, 0x00,
    0xcf, 0x40, 0x00, 0xdf, 0xff, 0x80, 0x00, 0x00,
    0xcf, 0xff, 0xa0, 0x00, 0x00, 0x00, 0x8f, 0xb0,
    0x00, 0x0c, 0xff, 0xf8, 0x00, 0x00, 0x0c, 0xff,
    0xf9, 0x00, 0x00, 0x00, 0x3f, 0xf2, 0x00, 0x00,
    0xaf, 0xff, 0x90, 0x00, 0x00, 0xcf, 0xff, 0x60,
    0x00, 0x00, 0x0d, 0xf9, 0x00, 0x00, 0x07, 0xff,
    0xfb, 0x00, 0x00, 0x0e, 0xff, 0xf2, 0x00, 0x00,
    0x09, 0xfe, 0x10, 0x00, 0x00, 0x1f, 0xff, 0xd0,
    0x00, 0x01, 0xff, 0xfc, 0x00, 0x00, 0x04, 0xff,
    0x60, 0x00, 0x00, 0x00, 0x9f, 0xff, 0x20, 0x00,
    0x5f, 0xff, 0x30, 0x00, 0x00, 0xef, 0xd0, 0x00,
    0x00, 0x00, 0x00, 0xcf, 0xfa, 0x00, 0x0c, 0xff,
    0x60, 0x00, 0x00, 0x3f, 0xf4, 0x00, 0x00, 0x00,
    0x00, 0x00, 0x8f, 0xfb, 0x8c, 0xfd, 0x40, 0x00,
    0x00, 0x00, 0x54, 0x00, 0x00, 0x00, 0x00, 0x00,
    0x00, 0x04, 0x77, 0x63, 0x00, 0x00, 0x00,

    /* U+0026 "&" */
    0x00, 0x00, 0x00, 0x00, 0x02, 0x69, 0xcd, 0xef,
    0xee, 0xca, 0x62, 0x00, 0x00, 0x00, 0x00, 0x00,
    0x00, 0x00, 0x00, 0x00, 0x00, 0x00, 0x06, 0xcf,
    0xd9, 0x53, 0x22, 0x23, 0x58, 0xbf, 0xd7, 0x10,
    0x00, 0x00, 0x00, 0x00, 0x00, 0x00, 0x00, 0x00,
    0x04, 0xef, 0xc3, 0x00, 0x00, 0x00, 0x00, 0x00,
    0x00, 0x5c, 0xf9, 0x10, 0x00, 0x00, 0x00, 0x00,
    0x00, 0x00, 0x00, 0x8f, 0xf8, 0x00, 0x00, 0x00,
    0x00, 0x00, 0x00, 0x00, 0x00, 0x4c, 0xe6, 0x00,
    0x00, 0x00, 0x00, 0x00, 0x00, 0x09, 0xff, 0x90,
    0x00, 0x00, 0x00, 0x00, 0x00, 0x00, 0x00, 0x00,
    0x00, 0x6f, 0xa0, 0x00, 0x00, 0x00, 0x00, 0x00,
    0x5f, 0xff, 0x10, 0x00, 0x00, 0x00, 0x00, 0x02,
    0x33, 0x20, 0x00, 0x00, 0x02, 0xdd, 0x10, 0x00,
    0x00, 0x00, 0x00, 0xef, 0xfb, 0x00, 0x00, 0x00,
    0x00, 0x19, 0xef, 0xef, 0xfe, 0x80, 0x00, 0x00,
    0x1c, 0xd1, 0x00, 0x00, 0x00, 0x06, 0xff, 0xf8,
    0x00, 0x00, 0x00, 0x05, 0xff, 0xf4, 0x01, 0xef,
    0xfd, 0x10, 0x00, 0x00, 0xcd, 0x10, 0x00, 0x00,
    0x0b, 0xff, 0xf8, 0x00, 0x00, 0x00, 0x5f, 0xff,
    0x80, 0x00, 0x8f, 0xff, 0xc0, 0x00, 0x00, 0x1d,
    0xb0, 0x00, 0x00, 0x0e, 0xff, 0xfc, 0x00, 0x00,
    0x01, 0xff, 0xff, 0x10, 0x00, 0x4f, 0xff, 0xf5,
    0x00, 0x00, 0x02, 0xf8, 0x00, 0x00, 0x0f, 0xff,
    0xff, 0x20, 0x00, 0x09, 0xff, 0xfd, 0x00, 0x00,
    0x2f, 0xff, 0xf9, 0x00, 0x00, 0x00, 0x5f, 0x20,
    0x00, 0x1f, 0xff, 0xff, 0x90, 0x00, 0x0f, 0xff,
    0xfb, 0x00, 0x00, 0x2f, 0xff, 0xfb, 0x00, 0x00,
    0x00, 0x0b, 0xc0, 0x00, 0x0f, 0xff, 0xff, 0xe0,
    0x00, 0x4f, 0xff, 0xfb, 0x00, 0x00, 0x3f, 0xff,
    0xfa, 0x00, 0x00, 0x00, 0x02, 0xf4, 0x00, 0x0c,
    0xff, 0xff, 0xf0, 0x00, 0x6f, 0xff, 0xfb, 0x00,
    0x00, 0x5f, 0xff, 0xf8, 0x00, 0x00, 0x00, 0x00,
    0xbb, 0x00, 0x05, 0xff, 0xff, 0xc0, 0x00, 0x7f,
    0xff, 0xfd, 0x00, 0x00, 0xaf, 0xff, 0xf2, 0x00,
    0x00, 0x00, 0x00, 0x4f, 0x20, 0x00, 0x7f, 0xfc,
    0x20, 0x00, 0x7f, 0xff, 0xff, 0x00, 0x01, 0xff,
    0xff, 0x80, 0x00, 0x00, 0x00, 0x00, 0x0e, 0x70,
    0x00, 0x00, 0x00, 0x00, 0x00, 0x6f, 0xff, 0xff,
    0x30, 0x0b, 0xff, 0xfa, 0x00, 0x01, 0x20, 0x00,
    0x00, 0x09, 0xc0, 0x00, 0x00, 0x00, 0x00, 0x00,
    0x5f, 0xff, 0xff, 0x72, 0xbf, 0xfe, 0x50, 0x00,
    0x8f, 0xfd, 0x20, 0x00, 0x05, 0xf0, 0x00, 0x00,
    0x00, 0x00, 0x01, 0x4f, 0xff, 0xff, 0xfe, 0xc9,
    0x40, 0x00, 0x04, 0xff, 0xff, 0xb0, 0x00, 0x01,
    0xf3, 0x00, 0x00, 0x00, 0x6b, 0xef, 0xdf, 0xff,
    0xff, 0xf2, 0x00, 0x00, 0x00, 0x07, 0xff, 0xff,
    0xf0, 0x00, 0x00, 0xe5, 0x00, 0x00, 0x6e, 0xff,
    0xf5, 0x0a, 0xff, 0xff, 0xf9, 0x00, 0x00, 0x00,
    0x06, 0xff, 0xff, 0xf1, 0x00, 0x00, 0xd7, 0x00,
    0x0b, 0xff, 0xff, 0x50, 0x05, 0xff, 0xff, 0xff,
    0x20, 0x00, 0x00, 0x01, 0xff, 0xff, 0xf0, 0x00,
    0x00, 0xb8, 0x00, 0xbf, 0xff, 0xfb, 0x00, 0x00,
    0xff, 0xff, 0xff, 0xa0, 0x00, 0x00, 0x00, 0xcf,
    0xff, 0xc0, 0x00, 0x00, 0xb8, 0x05, 0xff, 0xff,
    0xf5, 0x00, 0x00, 0x8f, 0xff, 0xff, 0xf4, 0x00,
    0x00, 0x00, 0xaf, 0xff, 0x70, 0x00, 0x00, 0xb8,
    0x0d, 0xff, 0xff, 0xf2, 0x00, 0x00, 0x1f, 0xff,
    0xff, 0xfd, 0x00, 0x00, 0x00, 0xcf, 0xfe, 0x00,
    0x00, 0x00, 0xc7, 0x1f, 0xff, 0xff, 0xf0, 0x00,
    0x00, 0x09, 0xff, 0xff, 0xff, 0x90, 0x00, 0x01,
    0xff, 0xf4, 0x00, 0x00, 0x00, 0xe5, 0x4f, 0xff,
    0xff, 0xf0, 0x00, 0x00, 0x01, 0xef, 0xff, 0xff,
    0xf5, 0x00, 0x09, 0xff, 0x60, 0x00, 0x00, 0x02,
    0xf2, 0x4f, 0xff, 0xff, 0xf2, 0x00, 0x00, 0x00,
    0x6f, 0xff, 0xff, 0xfe, 0x20, 0x4f, 0xf5, 0x00,
    0x00, 0x00, 0x07, 0xd0, 0x3f, 0xff, 0xff, 0xf6,
    0x00, 0x00, 0x00, 0x0b, 0xff, 0xff, 0xff, 0xd5,
    0xfb, 0x20, 0x00, 0x00, 0x00, 0x0d, 0x70, 0x0f,
    0xff, 0xff, 0xfd, 0x00, 0x00, 0x00, 0x01, 0xdf,
    0xff, 0xff, 0xff, 0x40, 0x00, 0x00, 0x00, 0x00,
    0x8e, 0x10, 0x0a, 0xff, 0xff, 0xff, 0x80, 0x00,
    0x00, 0x00, 0x5f, 0xff, 0xff, 0xff, 0xc1, 0x00,
    0x00, 0x00, 0x06, 0xf5, 0x00, 0x02, 0xff, 0xff,
    0xff, 0xfb, 0x30, 0x00, 0x28, 0xf9, 0xef, 0xff,
    0xff, 0xfe, 0x71, 0x00, 0x04, 0xbf, 0x80, 0x00,
    0x00, 0x3e, 0xff, 0xff, 0xff, 0xff, 0xde, 0xfe,
    0x50, 0x1a, 0xff, 0xff, 0xff, 0xff, 0xed, 0xff,
    0xf6, 0x00, 0x00, 0x00, 0x01, 0x9f, 0xff, 0xff,
    0xff, 0xfd, 0x70, 0x00, 0x00, 0x3a, 0xff, 0xff,
    0xff, 0xff, 0xe8, 0x10, 0x00, 0x00, 0x00, 0x00,
    0x00, 0x46, 0x77, 0x65, 0x20, 0x00, 0x00, 0x00,
    0x00, 0x03, 0x67, 0x77, 0x52, 0x00, 0x00, 0x00,
    0x00,

    /* U+0027 "'" */
    0x00, 0x69, 0x81, 0x00, 0x9f, 0xff, 0xe0, 0x0f,
    0xff, 0xff, 0x40, 0xff, 0xff, 0xf5, 0x0f, 0xff,
    0xff, 0x30, 0xcf, 0xff, 0xf0, 0x0a, 0xff, 0xfe,
    0x00, 0x7f, 0xff, 0xb0, 0x05, 0xff, 0xf8, 0x00,
    0x3f, 0xff, 0x60, 0x00, 0xff, 0xf3, 0x00, 0x0e,
    0xff, 0x00, 0x00, 0xbf, 0xd0, 0x00, 0x09, 0xfb,
    0x00, 0x00, 0x6f, 0x80, 0x00, 0x02, 0xe3, 0x00,

    /* U+0028 "(" */
    0x00, 0x00, 0x00, 0x00, 0x00, 0x29, 0x70, 0x00,
    0x00, 0x00, 0x00, 0x8f, 0xf2, 0x00, 0x00, 0x00,
    0x01, 0xcf, 0xf4, 0x00, 0x00, 0x00, 0x01, 0xdf,
    0xf7, 0x00, 0x00, 0x00, 0x00, 0xdf, 0xfd, 0x00,
    0x00, 0x00, 0x00, 0xaf, 0xff, 0x40, 0x00, 0x00,
    0x00, 0x6f, 0xff, 0xb0, 0x00, 0x00, 0x00, 0x1e,
    0xff, 0xf4, 0x00, 0x00, 0x00, 0x08, 0xff, 0xfd,
    0x00, 0x00, 0x00, 0x00, 0xff, 0xff, 0x80, 0x00,
    0x00, 0x00, 0x6f, 0xff, 0xf3, 0x00, 0x00, 0x00,
    0x0c, 0xff, 0xfe, 0x00, 0x00, 0x00, 0x01, 0xff,
    0xff, 0xb0, 0x00, 0x00, 0x00, 0x5f, 0xff, 0xf7,
    0x00, 0x00, 0x00, 0x09, 0xff, 0xff, 0x50, 0x00,
    0x00, 0x00, 0xbf, 0xff, 0xf3, 0x00, 0x00, 0x00,
    0x0d, 0xff, 0xff, 0x10, 0x00, 0x00, 0x00, 0xff,
    0xff, 0xf0, 0x00, 0x00, 0x00, 0x0f, 0xff, 0xff,
    0x00, 0x00, 0x00, 0x00, 0xff, 0xff, 0xf0, 0x00,
    0x00, 0x00, 0x0f, 0xff, 0xff, 0x00, 0x00, 0x00,
    0x00, 0xef, 0xff, 0xf0, 0x00, 0x00, 0x00, 0x0d,
    0xff, 0xff, 0x20, 0x00, 0x00, 0x00, 0xbf, 0xff,
    0xf4, 0x00, 0x00, 0x00, 0x08, 0xff, 0xff, 0x60,
    0x00, 0x00, 0x00, 0x4f, 0xff, 0xf9, 0x00, 0x00,
    0x00, 0x00, 0xff, 0xff, 0xc0, 0x00, 0x00, 0x00,
    0x0a, 0xff, 0xff, 0x00, 0x00, 0x00, 0x00, 0x4f,
    0xff, 0xf5, 0x00, 0x00, 0x00, 0x00, 0xdf, 0xff,
    0xa0, 0x00, 0x00, 0x00, 0x05, 0xff, 0xff, 0x00,
    0x00, 0x00, 0x00, 0x0c, 0xff, 0xf6, 0x00, 0x00,
    0x00, 0x00, 0x3f, 0xff, 0xe0, 0x00, 0x00, 0x00,
    0x00, 0x7f, 0xff, 0x70, 0x00, 0x00, 0x00, 0x00,
    0x9f, 0xff, 0x10, 0x00, 0x00, 0x00, 0x00, 0x9f,
    0xfb, 0x00, 0x00, 0x00, 0x00, 0x00, 0x7f, 0xf8,
    0x00, 0x00, 0x00, 0x00, 0x00, 0x3c, 0xf5, 0x00,
    0x00, 0x00, 0x00, 0x00, 0x03, 0x30,

    /* U+0029 ")" */
    0x78, 0x10, 0x00, 0x00, 0x00, 0x00, 0x3f, 0xf7,
    0x00, 0x00, 0x00, 0x00, 0x05, 0xff, 0xb0, 0x00,
    0x00, 0x00, 0x00, 0x9f, 0xfc, 0x10, 0x00, 0x00,
    0x00, 0x0e, 0xff, 0xc0, 0x00, 0x00, 0x00, 0x05,
    0xff, 0xf9, 0x00, 0x00, 0x00, 0x00, 0xdf, 0xff,
    0x40, 0x00, 0x00, 0x00, 0x5f, 0xff, 0xe0, 0x00,
    0x00, 0x00, 0x0e, 0xff, 0xf7, 0x00, 0x00, 0x00,
    0x09, 0xff, 0xfe, 0x00, 0x00, 0x00, 0x04, 0xff,
    0xff, 0x50, 0x00, 0x00, 0x00, 0xff, 0xff, 0xb0,
    0x00, 0x00, 0x00, 0xcf, 0xff, 0xf0, 0x00, 0x00,
    0x00, 0x9f, 0xff, 0xf4, 0x00, 0x00, 0x00, 0x6f,
    0xff, 0xf8, 0x00, 0x00, 0x00, 0x4f, 0xff, 0xfa,
    0x00, 0x00, 0x00, 0x2f, 0xff, 0xfc, 0x00, 0x00,
    0x00, 0x1f, 0xff, 0xfe, 0x00, 0x00, 0x00, 0x1f,
    0xff, 0xfe, 0x00, 0x00, 0x00, 0x0f, 0xff, 0xff,
    0x00, 0x00, 0x00, 0x1f, 0xff, 0xfe, 0x00, 0x00,
    0x00, 0x1f, 0xff, 0xfd, 0x00, 0x00, 0x00, 0x3f,
    0xff, 0xfc, 0x00, 0x00, 0x00, 0x4f, 0xff, 0xfa,
    0x00, 0x00, 0x00, 0x7f, 0xff, 0xf7, 0x00, 0x00,
    0x00, 0x9f, 0xff, 0xf3, 0x00, 0x00, 0x00, 0xdf,
    0xff, 0xf0, 0x00, 0x00, 0x01, 0xff, 0xff, 0xa0,
    0x00, 0x00, 0x05, 0xff, 0xff, 0x30, 0x00, 0x00,
    0x0b, 0xff, 0xfc, 0x00, 0x00, 0x00, 0x1f, 0xff,
    0xf5, 0x00, 0x00, 0x00, 0x7f, 0xff, 0xc0, 0x00,
    0x00, 0x00, 0xef, 0xff, 0x20, 0x00, 0x00, 0x07,
    0xff, 0xf6, 0x00, 0x00, 0x00, 0x2f, 0xff, 0x90,
    0x00, 0x00, 0x00, 0xcf, 0xf9, 0x00, 0x00, 0x00,
    0x09, 0xff, 0x70, 0x00, 0x00, 0x00, 0x6f, 0xc3,
    0x00, 0x00, 0x00, 0x00, 0x44, 0x00, 0x00, 0x00,
    0x00, 0x00,

    /* U+002A "*" */
    0x00, 0x00, 0x00, 0x00, 0x00, 0x16, 0x73, 0x00,
    0x00, 0x00, 0x00, 0x00, 0x00, 0x00, 0x00, 0x00,
    0x02, 0xff, 0xff, 0x60, 0x00, 0x00, 0x00, 0x00,
    0x00, 0x00, 0x00, 0x00, 0x06, 0xff, 0xff, 0xc0,
    0x00, 0x00, 0x00, 0x00, 0x00, 0x00, 0x00, 0x00,
    0x07, 0xff, 0xff, 0xc0, 0x00, 0x00, 0x00, 0x00,
    0x00, 0x00, 0x00, 0x00, 0x03, 0xff, 0xff, 0x80,
    0x00, 0x00, 0x00, 0x00, 0x00, 0x00, 0x00, 0x00,
    0x00, 0xcf, 0xff, 0x20, 0x00, 0x00, 0x00, 0x00,
    0x00, 0x01, 0x00, 0x00, 0x00, 0x5f, 0xfb, 0x00,
    0x00, 0x00, 0x00, 0x00, 0x04, 0xef, 0xc3, 0x00,
    0x00, 0x0e, 0xf4, 0x00, 0x00, 0x09, 0xff, 0x80,
    0x0d, 0xff, 0xff, 0x50, 0x00, 0x09, 0xf0, 0x00,
    0x01, 0xdf, 0xff, 0xf3, 0x2f, 0xff, 0xff, 0xf6,
    0x00, 0x05, 0xb0, 0x00, 0x2e, 0xff, 0xff, 0xf8,
    0x2f, 0xff, 0xff, 0xff, 0x90, 0x03, 0x80, 0x06,
    0xff, 0xff, 0xff, 0xf7, 0x08, 0xff, 0xff, 0xff,
    0xfe, 0x72, 0x85, 0xcf, 0xff, 0xff, 0xff, 0xb1,
    0x00, 0x14, 0x43, 0x10, 0x00, 0x3a, 0xd4, 0x10,
    0x00, 0x12, 0x21, 0x00, 0x00, 0x00, 0x00, 0x00,
    0x00, 0x1a, 0x75, 0x00, 0x00, 0x00, 0x00, 0x00,
    0x00, 0x00, 0x00, 0x00, 0x02, 0xd3, 0x0d, 0x50,
    0x00, 0x00, 0x00, 0x00, 0x00, 0x00, 0x00, 0x00,
    0x5e, 0xc0, 0x06, 0xf8, 0x00, 0x00, 0x00, 0x00,
    0x00, 0x00, 0x00, 0x2a, 0xff, 0x60, 0x01, 0xff,
    0xd4, 0x00, 0x00, 0x00, 0x00, 0x00, 0x07, 0xff,
    0xff, 0x10, 0x00, 0xcf, 0xff, 0xb1, 0x00, 0x00,
    0x00, 0x00, 0x7f, 0xff, 0xfe, 0x00, 0x00, 0x8f,
    0xff, 0xfc, 0x00, 0x00, 0x00, 0x00, 0xef, 0xff,
    0xfa, 0x00, 0x00, 0x5f, 0xff, 0xff, 0x40, 0x00,
    0x00, 0x00, 0xef, 0xff, 0xf6, 0x00, 0x00, 0x1f,
    0xff, 0xff, 0x40, 0x00, 0x00, 0x00, 0x5f, 0xff,
    0xd0, 0x00, 0x00, 0x08, 0xff, 0xfb, 0x00, 0x00,
    0x00, 0x00, 0x03, 0xaa, 0x20, 0x00, 0x00, 0x00,
    0x7b, 0x60, 0x00, 0x00, 0x00, 0x00, 0x00, 0x00,
    0x00, 0x00, 0x00, 0x00, 0x00, 0x00, 0x00, 0x00,

    /* U+002B "+" */
    0x00, 0x00, 0x00, 0x00, 0x6d, 0x00, 0x00, 0x00,
    0x00, 0x00, 0x00, 0x00, 0x00, 0x08, 0xf0, 0x00,
    0x00, 0x00, 0x00, 0x00, 0x00, 0x00, 0x00, 0x8f,
    0x00, 0x00, 0x00, 0x00, 0x00, 0x00, 0x00, 0x00,
    0x08, 0xf0, 0x00, 0x00, 0x00, 0x00, 0x00, 0x00,
    0x00, 0x00, 0x8f, 0x00, 0x00, 0x00, 0x00, 0x00,
    0x00, 0x00, 0x00, 0x08, 0xf0, 0x00, 0x00, 0x00,
    0x00, 0x00, 0x00, 0x00, 0x00, 0x8f, 0x00, 0x00,
    0x00, 0x00, 0x00, 0x00, 0x00, 0x00, 0x08, 0xf0,
    0x00, 0x00, 0x00, 0x00, 0x38, 0x99, 0x99, 0x99,
    0xcf, 0x99, 0x99, 0x99, 0x97, 0x07, 0xff, 0xff,
    0xff, 0xff, 0xff, 0xff, 0xff, 0xff, 0xe0, 0x00,
    0x00, 0x00, 0x00, 0x8f, 0x00, 0x00, 0x00, 0x00,
    0x00, 0x00, 0x00, 0x00, 0x08, 0xf0, 0x00, 0x00,
    0x00, 0x00, 0x00, 0x00, 0x00, 0x00, 0x8f, 0x00,
    0x00, 0x00, 0x00, 0x00, 0x00, 0x00, 0x00, 0x08,
    0xf0, 0x00, 0x00, 0x00, 0x00, 0x00, 0x00, 0x00,
    0x00, 0x8f, 0x00, 0x00, 0x00, 0x00, 0x00, 0x00,
    0x00, 0x00, 0x08, 0xf0, 0x00, 0x00, 0x00, 0x00,
    0x00, 0x00, 0x00, 0x00, 0x8f, 0x00, 0x00, 0x00,
    0x00, 0x00, 0x00, 0x00, 0x00, 0x06, 0xd0, 0x00,
    0x00, 0x00, 0x00,

    /* U+002C "," */
    0x04, 0xce, 0xc4, 0x00, 0x4f, 0xff, 0xff, 0x50,
    0xdf, 0xff, 0xff, 0xe0, 0xff, 0xff, 0xff, 0xf3,
    0xef, 0xff, 0xff, 0xf5, 0x8f, 0xff, 0xff, 0xf5,
    0x08, 0xef, 0xff, 0xf5, 0x00, 0x00, 0x0c, 0xf3,
    0x00, 0x00, 0x0c, 0xf0, 0x00, 0x00, 0x0f, 0xa0,
    0x00, 0x00, 0x6f, 0x30, 0x00, 0x03, 0xf9, 0x00,
    0x00, 0x7f, 0xb0, 0x00, 0x7e, 0xf7, 0x00, 0x00,
    0x76, 0x10, 0x00, 0x00,

    /* U+002D "-" */
    0x08, 0xaa, 0xaa, 0xaa, 0xaa, 0xaa, 0x12, 0xff,
    0xff, 0xff, 0xff, 0xff, 0xf1, 0x5f, 0xff, 0xff,
    0xff, 0xff, 0xfe, 0x07, 0xff, 0xff, 0xff, 0xff,
    0xff, 0x90,

    /* U+002E "." */
    0x00, 0x7d, 0xeb, 0x20, 0x08, 0xff, 0xff, 0xf2,
    0x1f, 0xff, 0xff, 0xf9, 0x4f, 0xff, 0xff, 0xfc,
    0x3f, 0xff, 0xff, 0xfb, 0x0d, 0xff, 0xff, 0xf6,
    0x03, 0xef, 0xff, 0xa0, 0x00, 0x16, 0x74, 0x00,

    /* U+002F "/" */
    0x00, 0x00, 0x00, 0x00, 0x00, 0x00, 0x00, 0x01,
    0x84, 0x00, 0x00, 0x00, 0x00, 0x00, 0x00, 0x00,
    0x00, 0x9f, 0xf0, 0x00, 0x00, 0x00, 0x00, 0x00,
    0x00, 0x00, 0x0f, 0xfd, 0x00, 0x00, 0x00, 0x00,
    0x00, 0x00, 0x00, 0x05, 0xff, 0x70, 0x00, 0x00,
    0x00, 0x00, 0x00, 0x00, 0x00, 0xbf, 0xf1, 0x00,
    0x00, 0x00, 0x00, 0x00, 0x00, 0x00, 0x1f, 0xf9,
    0x00, 0x00, 0x00, 0x00, 0x00, 0x00, 0x00, 0x07,
    0xff, 0x20, 0x00, 0x00, 0x00, 0x00, 0x00, 0x00,
    0x00, 0xcf, 0xc0, 0x00, 0x00, 0x00, 0x00, 0x00,
    0x00, 0x00, 0x2f, 0xf5, 0x00, 0x00, 0x00, 0x00,
    0x00, 0x00, 0x00, 0x08, 0xfd, 0x00, 0x00, 0x00,
    0x00, 0x00, 0x00, 0x00, 0x00, 0xdf, 0x70, 0x00,
    0x00, 0x00, 0x00, 0x00, 0x00, 0x00, 0x3f, 0xf1,
    0x00, 0x00, 0x00, 0x00, 0x00, 0x00, 0x00, 0x08,
    0xf9, 0x00, 0x00, 0x00, 0x00, 0x00, 0x00, 0x00,
    0x00, 0xef, 0x20, 0x00, 0x00, 0x00, 0x00, 0x00,
    0x00, 0x00, 0x4f, 0xb0, 0x00, 0x00, 0x00, 0x00,
    0x00, 0x00, 0x00, 0x0a, 0xf4, 0x00, 0x00, 0x00,
    0x00, 0x00, 0x00, 0x00, 0x00, 0xfd, 0x00, 0x00,
    0x00, 0x00, 0x00, 0x00, 0x00, 0x00, 0x5f, 0x70,
    0x00, 0x00, 0x00, 0x00, 0x00, 0x00, 0x00, 0x0b,
    0xf1, 0x00, 0x00, 0x00, 0x00, 0x00, 0x00, 0x00,
    0x01, 0xf9, 0x00, 0x00, 0x00, 0x00, 0x00, 0x00,
    0x00, 0x00, 0x8f, 0x30, 0x00, 0x00, 0x00, 0x00,
    0x00, 0x00, 0x00, 0x0e, 0xc0, 0x00, 0x00, 0x00,
    0x00, 0x00, 0x00, 0x00, 0x05, 0xf6, 0x00, 0x00,
    0x00, 0x00, 0x00, 0x00, 0x00, 0x00, 0xcf, 0x10,
    0x00, 0x00, 0x00, 0x00, 0x00, 0x00, 0x00, 0x3f,
    0xa0, 0x00, 0x00, 0x00, 0x00, 0x00, 0x00, 0x00,
    0x09, 0xf5, 0x00, 0x00, 0x00, 0x00, 0x00, 0x00,
    0x00, 0x01, 0xfe, 0x00, 0x00, 0x00, 0x00, 0x00,
    0x00, 0x00, 0x00, 0x7f, 0x90, 0x00, 0x00, 0x00,
    0x00, 0x00, 0x00, 0x00, 0x0e, 0xf4, 0x00, 0x00,
    0x00, 0x00, 0x00, 0x00, 0x00, 0x05, 0xfe, 0x00,
    0x00, 0x00, 0x00, 0x00, 0x00, 0x00, 0x00, 0xcf,
    0x80, 0x00, 0x00, 0x00, 0x00, 0x00, 0x00, 0x00,
    0x3f, 0xf3, 0x00, 0x00, 0x00, 0x00, 0x00, 0x00,
    0x00, 0x0a, 0xfd, 0x00, 0x00, 0x00, 0x00, 0x00,
    0x00, 0x00, 0x01, 0xff, 0x70, 0x00, 0x00, 0x00,
    0x00, 0x00, 0x00, 0x00, 0x7f, 0xf2, 0x00, 0x00,
    0x00, 0x00, 0x00, 0x00, 0x00, 0x0e, 0xfc, 0x00,
    0x00, 0x00, 0x00, 0x00, 0x00, 0x00, 0x05, 0xff,
    0x60, 0x00, 0x00, 0x00, 0x00, 0x00, 0x00, 0x00,
    0xcf, 0xf1, 0x00, 0x00, 0x00, 0x00, 0x00, 0x00,
    0x00, 0x1f, 0xfa, 0x00, 0x00, 0x00, 0x00, 0x00,
    0x00, 0x00, 0x00, 0xdf, 0x30, 0x00, 0x00, 0x00,
    0x00, 0x00, 0x00, 0x00, 0x00, 0x10, 0x00, 0x00,
    0x00, 0x00, 0x00, 0x00, 0x00, 0x00,

    /* U+0030 "0" */
    0x00, 0x00, 0x00, 0x00, 0x00, 0x36, 0x77, 0x75,
    0x20, 0x00, 0x00, 0x00, 0x00, 0x00, 0x00, 0x00,
    0x02, 0xaf, 0xff, 0xcb, 0xef, 0xfd, 0x71, 0x00,
    0x00, 0x00, 0x00, 0x00, 0x00, 0x8f, 0xff, 0x80,
    0x00, 0x07, 0xff, 0xfe, 0x50, 0x00, 0x00, 0x00,
    0x00, 0x1c, 0xff, 0xf8, 0x00, 0x00, 0x00, 0x6f,
    0xff, 0xf7, 0x00, 0x00, 0x00, 0x00, 0xcf, 0xff,
    0xe0, 0x00, 0x00, 0x00, 0x0b, 0xff, 0xff, 0x60,
    0x00, 0x00, 0x09, 0xff, 0xff, 0x70, 0x00, 0x00,
    0x00, 0x04, 0xff, 0xff, 0xf3, 0x00, 0x00, 0x3f,
    0xff, 0xff, 0x20, 0x00, 0x00, 0x00, 0x00, 0xef,
    0xff, 0xfc, 0x00, 0x00, 0xbf, 0xff, 0xfe, 0x00,
    0x00, 0x00, 0x00, 0x00, 0xaf, 0xff, 0xff, 0x40,
    0x02, 0xff, 0xff, 0xfb, 0x00, 0x00, 0x00, 0x00,
    0x00, 0x6f, 0xff, 0xff, 0xb0, 0x08, 0xff, 0xff,
    0xf8, 0x00, 0x00, 0x00, 0x00, 0x00, 0x4f, 0xff,
    0xff, 0xf0, 0x0c, 0xff, 0xff, 0xf6, 0x00, 0x00,
    0x00, 0x00, 0x00, 0x1f, 0xff, 0xff, 0xf4, 0x0f,
    0xff, 0xff, 0xf5, 0x00, 0x00, 0x00, 0x00, 0x00,
    0x0f, 0xff, 0xff, 0xf8, 0x3f, 0xff, 0xff, 0xf4,
    0x00, 0x00, 0x00, 0x00, 0x00, 0x0e, 0xff, 0xff,
    0xfa, 0x5f, 0xff, 0xff, 0xf3, 0x00, 0x00, 0x00,
    0x00, 0x00, 0x0d, 0xff, 0xff, 0xfc, 0x6f, 0xff,
    0xff, 0xf3, 0x00, 0x00, 0x00, 0x00, 0x00, 0x0c,
    0xff, 0xff, 0xfe, 0x7f, 0xff, 0xff, 0xf3, 0x00,
    0x00, 0x00, 0x00, 0x00, 0x0c, 0xff, 0xff, 0xfe,
    0x7f, 0xff, 0xff, 0xf3, 0x00, 0x00, 0x00, 0x00,
    0x00, 0x0b, 0xff, 0xff, 0xff, 0x7f, 0xff, 0xff,
    0xf3, 0x00, 0x00, 0x00, 0x00, 0x00, 0x0b, 0xff,
    0xff, 0xfe, 0x6f, 0xff, 0xff, 0xf4, 0x00, 0x00,
    0x00, 0x00, 0x00, 0x0b, 0xff, 0xff, 0xfe, 0x5f,
    0xff, 0xff, 0xf5, 0x00, 0x00, 0x00, 0x00, 0x00,
    0x0c, 0xff, 0xff, 0xfc, 0x3f, 0xff, 0xff, 0xf6,
    0x00, 0x00, 0x00, 0x00, 0x00, 0x0c, 0xff, 0xff,
    0xfa, 0x0f, 0xff, 0xff, 0xf7, 0x00, 0x00, 0x00,
    0x00, 0x00, 0x0d, 0xff, 0xff, 0xf7, 0x0d, 0xff,
    0xff, 0xf9, 0x00, 0x00, 0x00, 0x00, 0x00, 0x0f,
    0xff, 0xff, 0xf4, 0x08, 0xff, 0xff, 0xfb, 0x00,
    0x00, 0x00, 0x00, 0x00, 0x1f, 0xff, 0xff, 0xf0,
    0x03, 0xff, 0xff, 0xfe, 0x00, 0x00, 0x00, 0x00,
    0x00, 0x3f, 0xff, 0xff, 0xa0, 0x00, 0xcf, 0xff,
    0xff, 0x20, 0x00, 0x00, 0x00, 0x00, 0x6f, 0xff,
    0xff, 0x30, 0x00, 0x5f, 0xff, 0xff, 0x60, 0x00,
    0x00, 0x00, 0x00, 0xaf, 0xff, 0xfa, 0x00, 0x00,
    0x0b, 0xff, 0xff, 0xc0, 0x00, 0x00, 0x00, 0x00,
    0xff, 0xff, 0xe1, 0x00, 0x00, 0x01, 0xef, 0xff,
    0xf3, 0x00, 0x00, 0x00, 0x07, 0xff, 0xff, 0x40,
    0x00, 0x00, 0x00, 0x2e, 0xff, 0xfd, 0x00, 0x00,
    0x00, 0x2f, 0xff, 0xf5, 0x00, 0x00, 0x00, 0x00,
    0x01, 0xbf, 0xff, 0xc2, 0x00, 0x04, 0xef, 0xfd,
    0x30, 0x00, 0x00, 0x00, 0x00, 0x00, 0x04, 0xbf,
    0xff, 0xcb, 0xdf, 0xfc, 0x50, 0x00, 0x00, 0x00,
    0x00, 0x00, 0x00, 0x00, 0x00, 0x46, 0x77, 0x64,
    0x10, 0x00, 0x00, 0x00, 0x00,

    /* U+0031 "1" */
    0x00, 0x00, 0x00, 0x00, 0x00, 0x56, 0x00, 0x00,
    0x00, 0x00, 0x00, 0x01, 0x36, 0xdf, 0xf0, 0x00,
    0x00, 0x2f, 0xff, 0xff, 0xff, 0xff, 0xff, 0x00,
    0x00, 0x00, 0x78, 0x88, 0xff, 0xff, 0xff, 0xf0,
    0x00, 0x00, 0x00, 0x00, 0x09, 0xff, 0xff, 0xff,
    0x00, 0x00, 0x00, 0x00, 0x00, 0x8f, 0xff, 0xff,
    0xf0, 0x00, 0x00, 0x00, 0x00, 0x08, 0xff, 0xff,
    0xff, 0x00, 0x00, 0x00, 0x00, 0x00, 0x8f, 0xff,
    0xff, 0xf0, 0x00, 0x00, 0x00, 0x00, 0x08, 0xff,
    0xff, 0xff, 0x00, 0x00, 0x00, 0x00, 0x00, 0x8f,
    0xff, 0xff, 0xf0, 0x00, 0x00, 0x00, 0x00, 0x08,
    0xff, 0xff, 0xff, 0x00, 0x00, 0x00, 0x00, 0x00,
    0x8f, 0xff, 0xff, 0xf0, 0x00, 0x00, 0x00, 0x00,
    0x08, 0xff, 0xff, 0xff, 0x00, 0x00, 0x00, 0x00,
    0x00, 0x8f, 0xff, 0xff, 0xf0, 0x00, 0x00, 0x00,
    0x00, 0x08, 0xff, 0xff, 0xff, 0x00, 0x00, 0x00,
    0x00, 0x00, 0x8f, 0xff, 0xff, 0xf0, 0x00, 0x00,
    0x00, 0x00, 0x08, 0xff, 0xff, 0xff, 0x00, 0x00,
    0x00, 0x00, 0x00, 0x8f, 0xff, 0xff, 0xf0, 0x00,
    0x00, 0x00, 0x00, 0x08, 0xff, 0xff, 0xff, 0x00,
    0x00, 0x00, 0x00, 0x00, 0x8f, 0xff, 0xff, 0xf0,
    0x00, 0x00, 0x00, 0x00, 0x08, 0xff, 0xff, 0xff,
    0x00, 0x00, 0x00, 0x00, 0x00, 0x8f, 0xff, 0xff,
    0xf0, 0x00, 0x00, 0x00, 0x00, 0x08, 0xff, 0xff,
    0xff, 0x00, 0x00, 0x00, 0x00, 0x00, 0x8f, 0xff,
    0xff, 0xf0, 0x00, 0x00, 0x00, 0x00, 0x08, 0xff,
    0xff, 0xff, 0x00, 0x00, 0x00, 0x00, 0x00, 0x8f,
    0xff, 0xff, 0xf0, 0x00, 0x00, 0x00, 0x00, 0x08,
    0xff, 0xff, 0xff, 0x00, 0x00, 0x00, 0x00, 0x00,
    0x8f, 0xff, 0xff, 0xf0, 0x00, 0x00, 0x00, 0x00,
    0x08, 0xff, 0xff, 0xff, 0x00, 0x00, 0x00, 0x00,
    0x00, 0xcf, 0xff, 0xff, 0xf2, 0x00, 0x00, 0x06,
    0x8b, 0xef, 0xff, 0xff, 0xff, 0xfb, 0x86, 0x15,
    0xff, 0xff, 0xff, 0xff, 0xff, 0xff, 0xff, 0xf6,

    /* U+0032 "2" */
    0x00, 0x00, 0x00, 0x00, 0x14, 0x67, 0x77, 0x53,
    0x00, 0x00, 0x00, 0x00, 0x00, 0x00, 0x01, 0x7d,
    0xfe, 0xa9, 0xcf, 0xff, 0xe9, 0x10, 0x00, 0x00,
    0x00, 0x00, 0x5e, 0xff, 0x90, 0x00, 0x05, 0xff,
    0xff, 0xf6, 0x00, 0x00, 0x00, 0x08, 0xff, 0xfd,
    0x00, 0x00, 0x00, 0x8f, 0xff, 0xff, 0x70, 0x00,
    0x00, 0x6f, 0xff, 0xf7, 0x00, 0x00, 0x00, 0x1f,
    0xff, 0xff, 0xf3, 0x00, 0x01, 0xef, 0xff, 0xf4,
    0x00, 0x00, 0x00, 0x0b, 0xff, 0xff, 0xfb, 0x00,
    0x06, 0xff, 0xff, 0xf4, 0x00, 0x00, 0x00, 0x08,
    0xff, 0xff, 0xff, 0x10, 0x0a, 0xff, 0xff, 0xf4,
    0x00, 0x00, 0x00, 0x06, 0xff, 0xff, 0xff, 0x40,
    0x0c, 0xff, 0xff, 0xf4, 0x00, 0x00, 0x00, 0x05,
    0xff, 0xff, 0xff, 0x60, 0x0b, 0xff, 0xff, 0xf2,
    0x00, 0x00, 0x00, 0x05, 0xff, 0xff, 0xff, 0x60,
    0x06, 0xff, 0xff, 0xd0, 0x00, 0x00, 0x00, 0x06,
    0xff, 0xff, 0xff, 0x40, 0x00, 0x7e, 0xfb, 0x10,
    0x00, 0x00, 0x00, 0x08, 0xff, 0xff, 0xff, 0x00,
    0x00, 0x00, 0x00, 0x00, 0x00, 0x00, 0x00, 0x0b,
    0xff, 0xff, 0xfa, 0x00, 0x00, 0x00, 0x00, 0x00,
    0x00, 0x00, 0x00, 0x0f, 0xff, 0xff, 0xf2, 0x00,
    0x00, 0x00, 0x00, 0x00, 0x00, 0x00, 0x00, 0x5f,
    0xff, 0xff, 0x60, 0x00, 0x00, 0x00, 0x00, 0x00,
    0x00, 0x00, 0x00, 0xcf, 0xff, 0xf9, 0x00, 0x00,
    0x00, 0x00, 0x00, 0x00, 0x00, 0x00, 0x05, 0xff,
    0xff, 0x90, 0x00, 0x00, 0x00, 0x00, 0x00, 0x00,
    0x00, 0x00, 0x2e, 0xff, 0xf6, 0x00, 0x00, 0x00,
    0x00, 0x00, 0x00, 0x00, 0x00, 0x01, 0xdf, 0xfe,
    0x30, 0x00, 0x00, 0x00, 0x00, 0x00, 0x00, 0x00,
    0x00, 0x1d, 0xff, 0xa1, 0x00, 0x00, 0x00, 0x00,
    0x00, 0x00, 0x00, 0x00, 0x02, 0xdf, 0xe4, 0x00,
    0x00, 0x00, 0x00, 0x00, 0x00, 0x00, 0x00, 0x00,
    0x6f, 0xf8, 0x00, 0x00, 0x00, 0x00, 0x00, 0x00,
    0x00, 0x00, 0x00, 0x1a, 0xfb, 0x20, 0x00, 0x00,
    0x00, 0x00, 0x00, 0x00, 0x00, 0x00, 0x04, 0xee,
    0x50, 0x00, 0x00, 0x00, 0x00, 0x00, 0x00, 0x5c,
    0x00, 0x05, 0xbf, 0xff, 0xfe, 0xa6, 0x10, 0x00,
    0x00, 0x00, 0x00, 0xdb, 0x00, 0xbf, 0xff, 0xf6,
    0x7f, 0xff, 0xfb, 0x51, 0x00, 0x00, 0x0a, 0xf9,
    0x09, 0xff, 0xff, 0xa0, 0x05, 0xff, 0xff, 0xff,
    0xc9, 0x8a, 0xef, 0xf6, 0x1f, 0xff, 0xff, 0x70,
    0x00, 0xaf, 0xff, 0xff, 0xff, 0xff, 0xff, 0xf2,
    0x5f, 0xff, 0xff, 0x50, 0x00, 0x1f, 0xff, 0xff,
    0xff, 0xff, 0xff, 0xc0, 0x6f, 0xff, 0xff, 0x30,
    0x00, 0x06, 0xff, 0xff, 0xff, 0xff, 0xff, 0x50,
    0x3f, 0xff, 0xfe, 0x00, 0x00, 0x00, 0x9f, 0xff,
    0xff, 0xff, 0xfa, 0x00, 0x0c, 0xff, 0xf6, 0x00,
    0x00, 0x00, 0x07, 0xff, 0xff, 0xff, 0x90, 0x00,
    0x00, 0x67, 0x30, 0x00, 0x00, 0x00, 0x00, 0x05,
    0x77, 0x51, 0x00, 0x00,

    /* U+0033 "3" */
    0x00, 0x5f, 0xff, 0xff, 0xff, 0xff, 0xff, 0xff,
    0xff, 0xff, 0xfe, 0x00, 0x0b, 0xff, 0xff, 0xff,
    0xff, 0xff, 0xff, 0xff, 0xff, 0xff, 0xa0, 0x00,
    0xdf, 0xff, 0xff, 0xff, 0xff, 0xff, 0xff, 0xff,
    0xff, 0xb0, 0x00, 0x0f, 0xff, 0xff, 0xff, 0xff,
    0xff, 0xff, 0xff, 0xff, 0xb0, 0x00, 0x00, 0xff,
    0xff, 0xff, 0xff, 0xff, 0xff, 0xff, 0xff, 0xb0,
    0x00, 0x00, 0x2f, 0xf4, 0x11, 0x11, 0x11, 0x11,
    0x11, 0x3f, 0xb0, 0x00, 0x00, 0x04, 0xfa, 0x00,
    0x00, 0x00, 0x00, 0x00, 0x2e, 0xc0, 0x00, 0x00,
    0x00, 0x6f, 0x50, 0x00, 0x00, 0x00, 0x00, 0x2e,
    0xc0, 0x00, 0x00, 0x00, 0x07, 0xf1, 0x00, 0x00,
    0x00, 0x00, 0x1d, 0xc0, 0x00, 0x00, 0x00, 0x00,
    0x13, 0x00, 0x00, 0x00, 0x00, 0x1d, 0xc0, 0x00,
    0x00, 0x00, 0x00, 0x00, 0x00, 0x00, 0x00, 0x00,
    0x1d, 0xc1, 0x00, 0x00, 0x00, 0x00, 0x00, 0x00,
    0x00, 0x00, 0x00, 0x1d, 0xd1, 0x00, 0x00, 0x00,
    0x00, 0x00, 0x00, 0x00, 0x00, 0x00, 0x1d, 0xd1,
    0x00, 0x00, 0x00, 0x00, 0x00, 0x00, 0x00, 0x00,
    0x00, 0x1d, 0xe4, 0x21, 0x00, 0x00, 0x00, 0x00,
    0x00, 0x00, 0x00, 0x00, 0x09, 0xff, 0xff, 0xff,
    0xc9, 0x30, 0x00, 0x00, 0x00, 0x00, 0x00, 0x00,
    0x14, 0x45, 0x8e, 0xff, 0xff, 0xc3, 0x00, 0x00,
    0x00, 0x00, 0x00, 0x00, 0x00, 0x00, 0x0a, 0xff,
    0xff, 0xf6, 0x00, 0x00, 0x00, 0x00, 0x00, 0x00,
    0x00, 0x00, 0x0c, 0xff, 0xff, 0xf4, 0x00, 0x00,
    0x00, 0x00, 0x00, 0x00, 0x00, 0x00, 0x4f, 0xff,
    0xff, 0xd0, 0x00, 0x00, 0x00, 0x00, 0x00, 0x00,
    0x00, 0x00, 0xef, 0xff, 0xff, 0x40, 0x00, 0x00,
    0x00, 0x00, 0x00, 0x00, 0x00, 0x0b, 0xff, 0xff,
    0xf7, 0x00, 0x3d, 0xfe, 0x50, 0x00, 0x00, 0x00,
    0x00, 0x9f, 0xff, 0xff, 0x90, 0x1e, 0xff, 0xff,
    0x10, 0x00, 0x00, 0x00, 0x08, 0xff, 0xff, 0xf9,
    0x06, 0xff, 0xff, 0xf5, 0x00, 0x00, 0x00, 0x00,
    0x8f, 0xff, 0xff, 0x70, 0x8f, 0xff, 0xff, 0x60,
    0x00, 0x00, 0x00, 0x09, 0xff, 0xff, 0xf4, 0x07,
    0xff, 0xff, 0xf6, 0x00, 0x00, 0x00, 0x00, 0xaf,
    0xff, 0xff, 0x00, 0x4f, 0xff, 0xff, 0x60, 0x00,
    0x00, 0x00, 0x0e, 0xff, 0xff, 0x80, 0x00, 0xcf,
    0xff, 0xf8, 0x00, 0x00, 0x00, 0x03, 0xff, 0xff,
    0xd0, 0x00, 0x02, 0xef, 0xff, 0xe0, 0x00, 0x00,
    0x00, 0xcf, 0xff, 0xe2, 0x00, 0x00, 0x02, 0xdf,
    0xff, 0xb0, 0x00, 0x00, 0xaf, 0xff, 0xa1, 0x00,
    0x00, 0x00, 0x00, 0x6c, 0xff, 0xfb, 0x9a, 0xff,
    0xfa, 0x30, 0x00, 0x00, 0x00, 0x00, 0x00, 0x01,
    0x46, 0x77, 0x76, 0x30, 0x00, 0x00, 0x00, 0x00,

    /* U+0034 "4" */
    0x00, 0x00, 0x00, 0x00, 0x00, 0x00, 0x37, 0x75,
    0x00, 0x00, 0x00, 0x00, 0x00, 0x00, 0x00, 0x00,
    0x00, 0x00, 0xbf, 0xff, 0xfe, 0x30, 0x00, 0x00,
    0x00, 0x00, 0x00, 0x00, 0x00, 0x00, 0x8f, 0xff,
    0xff, 0xfe, 0x00, 0x00, 0x00, 0x00, 0x00, 0x00,
    0x00, 0x00, 0x0e, 0xff, 0xff, 0xff, 0xf4, 0x00,
    0x00, 0x00, 0x00, 0x00, 0x00, 0x00, 0x00, 0xff,
    0xff, 0xff, 0xff, 0x40, 0x00, 0x00, 0x00, 0x00,
    0x00, 0x00, 0x00, 0x0b, 0xff, 0xff, 0xff, 0xf2,
    0x00, 0x00, 0x00, 0x00, 0x00, 0x00, 0x00, 0x00,
    0x4f, 0xff, 0xff, 0xfc, 0x00, 0x00, 0x00, 0x00,
    0x00, 0x00, 0x00, 0x00, 0x00, 0xaf, 0xff, 0xff,
    0x30, 0x00, 0x00, 0x00, 0x00, 0x00, 0x00, 0x00,
    0x00, 0x02, 0xff, 0xff, 0x60, 0x00, 0x00, 0x00,
    0x00, 0x00, 0x00, 0x00, 0x00, 0x00, 0x0f, 0xff,
    0x70, 0x00, 0x00, 0x00, 0x00, 0x00, 0x00, 0x00,
    0x00, 0x00, 0x03, 0xff, 0x70, 0x00, 0x03, 0x00,
    0x00, 0x00, 0x00, 0x00, 0x00, 0x00, 0x00, 0xcf,
    0x80, 0x00, 0x0a, 0xf1, 0x00, 0x00, 0x00, 0x00,
    0x00, 0x00, 0x00, 0xbf, 0x90, 0x00, 0x0b, 0xff,
    0x10, 0x00, 0x00, 0x00, 0x00, 0x00, 0x00, 0xaf,
    0x90, 0x00, 0x1c, 0xff, 0xf1, 0x00, 0x00, 0x00,
    0x00, 0x00, 0x00, 0x8f, 0xa0, 0x00, 0x2e, 0xff,
    0xff, 0x10, 0x00, 0x00, 0x00, 0x00, 0x00, 0x7f,
    0xb0, 0x00, 0x1e, 0xff, 0xff, 0xf1, 0x00, 0x00,
    0x00, 0x00, 0x00, 0x5f, 0xb0, 0x00, 0x04, 0xff,
    0xff, 0xff, 0x10, 0x00, 0x00, 0x00, 0x00, 0x4f,
    0xc0, 0x00, 0x00, 0x4f, 0xff, 0xff, 0xf1, 0x00,
    0x00, 0x00, 0x00, 0x3f, 0xc0, 0x00, 0x00, 0x04,
    0xff, 0xff, 0xff, 0x10, 0x00, 0x00, 0x00, 0x2e,
    0xd1, 0x00, 0x00, 0x00, 0x4f, 0xff, 0xff, 0xf1,
    0x00, 0x00, 0x00, 0x1e, 0xd1, 0x00, 0x00, 0x00,
    0x04, 0xff, 0xff, 0xff, 0x10, 0x00, 0x00, 0x1d,
    0xe1, 0x00, 0x00, 0x00, 0x00, 0x4f, 0xff, 0xff,
    0xf1, 0x00, 0x00, 0x0c, 0xf3, 0x11, 0x11, 0x11,
    0x11, 0x15, 0xff, 0xff, 0xff, 0x21, 0x11, 0x06,
    0xff, 0xff, 0xff, 0xff, 0xff, 0xff, 0xff, 0xff,
    0xff, 0xff, 0xff, 0xfb, 0x04, 0x44, 0x44, 0x44,
    0x44, 0x44, 0x47, 0xff, 0xff, 0xff, 0x54, 0x44,
    0x10, 0x00, 0x00, 0x00, 0x00, 0x00, 0x00, 0x4f,
    0xff, 0xff, 0xf1, 0x00, 0x00, 0x00, 0x00, 0x00,
    0x00, 0x00, 0x00, 0x04, 0xff, 0xff, 0xff, 0x10,
    0x00, 0x00, 0x00, 0x00, 0x00, 0x00, 0x00, 0x00,
    0x4f, 0xff, 0xff, 0xf1, 0x00, 0x00, 0x00, 0x00,
    0x00, 0x00, 0x00, 0x00, 0x04, 0xff, 0xff, 0xff,
    0x10, 0x00, 0x00, 0x00, 0x00, 0x00, 0x00, 0x00,
    0x00, 0x6f, 0xff, 0xff, 0xf2, 0x00, 0x00, 0x00,
    0x00, 0x00, 0x00, 0x00, 0x58, 0xbf, 0xff, 0xff,
    0xff, 0xea, 0x72, 0x00, 0x00, 0x00, 0x00, 0x00,
    0x3f, 0xff, 0xff, 0xff, 0xff, 0xff, 0xff, 0xd0,

    /* U+0035 "5" */
    0x00, 0x00, 0x00, 0x00, 0x00, 0x00, 0x00, 0x00,
    0x00, 0x00, 0x50, 0x00, 0x66, 0x10, 0x00, 0x00,
    0x00, 0x00, 0x00, 0x00, 0x0b, 0xe0, 0x04, 0xff,
    0xfc, 0x73, 0x00, 0x00, 0x00, 0x00, 0x05, 0xdf,
    0xc0, 0x04, 0xff, 0xff, 0xff, 0xfd, 0xca, 0xaa,
    0xbc, 0xff, 0xff, 0x80, 0x04, 0xff, 0xff, 0xff,
    0xff, 0xff, 0xff, 0xff, 0xff, 0xff, 0x20, 0x04,
    0xff, 0xff, 0xff, 0xff, 0xff, 0xff, 0xff, 0xff,
    0xfa, 0x00, 0x04, 0xff, 0xff, 0xff, 0xff, 0xff,
    0xff, 0xff, 0xff, 0xd1, 0x00, 0x04, 0xf8, 0xbf,
    0xff, 0xff, 0xff, 0xff, 0xff, 0xfa, 0x10, 0x00,
    0x04, 0xf3, 0x01, 0x59, 0xce, 0xff, 0xfe, 0xc8,
    0x30, 0x00, 0x00, 0x04, 0xf3, 0x00, 0x00, 0x00,
    0x00, 0x00, 0x00, 0x00, 0x00, 0x00, 0x04, 0xf3,
    0x00, 0x00, 0x00, 0x00, 0x00, 0x00, 0x00, 0x00,
    0x00, 0x04, 0xf3, 0x00, 0x00, 0x00, 0x00, 0x00,
    0x00, 0x00, 0x00, 0x00, 0x04, 0xf3, 0x00, 0x00,
    0x00, 0x00, 0x00, 0x00, 0x00, 0x00, 0x00, 0x04,
    0xf3, 0x00, 0x00, 0x00, 0x00, 0x00, 0x00, 0x00,
    0x00, 0x00, 0x04, 0xf3, 0x00, 0x00, 0x47, 0x88,
    0x75, 0x20, 0x00, 0x00, 0x00, 0x04, 0xf3, 0x00,
    0x8f, 0xff, 0xff, 0xff, 0xfc, 0x50, 0x00, 0x00,
    0x04, 0xf3, 0x2d, 0xd5, 0x10, 0x17, 0xff, 0xff,
    0xfb, 0x10, 0x00, 0x04, 0xf6, 0xf8, 0x00, 0x00,
    0x00, 0x3f, 0xff, 0xff, 0xc0, 0x00, 0x04, 0xff,
    0x80, 0x00, 0x00, 0x00, 0x07, 0xff, 0xff, 0xfa,
    0x00, 0x04, 0xfb, 0x00, 0x00, 0x00, 0x00, 0x00,
    0xff, 0xff, 0xff, 0x30, 0x00, 0x30, 0x00, 0x00,
    0x00, 0x00, 0x00, 0xaf, 0xff, 0xff, 0x90, 0x00,
    0x00, 0x00, 0x00, 0x00, 0x00, 0x00, 0x7f, 0xff,
    0xff, 0xd0, 0x00, 0x00, 0x00, 0x00, 0x00, 0x00,
    0x00, 0x5f, 0xff, 0xff, 0xf0, 0x02, 0x89, 0x50,
    0x00, 0x00, 0x00, 0x00, 0x4f, 0xff, 0xff, 0xf1,
    0x3f, 0xff, 0xf7, 0x00, 0x00, 0x00, 0x00, 0x4f,
    0xff, 0xff, 0xf0, 0xbf, 0xff, 0xfe, 0x00, 0x00,
    0x00, 0x00, 0x4f, 0xff, 0xff, 0xe0, 0xef, 0xff,
    0xff, 0x00, 0x00, 0x00, 0x00, 0x6f, 0xff, 0xff,
    0xb0, 0xef, 0xff, 0xff, 0x00, 0x00, 0x00, 0x00,
    0x8f, 0xff, 0xff, 0x60, 0xaf, 0xff, 0xff, 0x00,
    0x00, 0x00, 0x00, 0xcf, 0xff, 0xfd, 0x00, 0x3f,
    0xff, 0xff, 0x10, 0x00, 0x00, 0x02, 0xff, 0xff,
    0xf4, 0x00, 0x08, 0xff, 0xff, 0x50, 0x00, 0x00,
    0x0a, 0xff, 0xff, 0x50, 0x00, 0x00, 0x7f, 0xff,
    0xe2, 0x00, 0x00, 0x8f, 0xff, 0xd4, 0x00, 0x00,
    0x00, 0x02, 0x9e, 0xff, 0xb8, 0x8d, 0xff, 0xc6,
    0x00, 0x00, 0x00, 0x00, 0x00, 0x00, 0x25, 0x77,
    0x76, 0x41, 0x00, 0x00, 0x00, 0x00,

    /* U+0036 "6" */
    0x00, 0x00, 0x00, 0x00, 0x00, 0x14, 0x67, 0x76,
    0x41, 0x00, 0x00, 0x00, 0x00, 0x00, 0x00, 0x00,
    0x6c, 0xff, 0xcb, 0xdf, 0xff, 0xc5, 0x00, 0x00,
    0x00, 0x00, 0x00, 0x4d, 0xff, 0xd2, 0x00, 0x06,
    0xff, 0xff, 0xb1, 0x00, 0x00, 0x00, 0x06, 0xff,
    0xfe, 0x10, 0x00, 0x00, 0xcf, 0xff, 0xfc, 0x00,
    0x00, 0x00, 0x6f, 0xff, 0xf4, 0x00, 0x00, 0x00,
    0x9f, 0xff, 0xff, 0x80, 0x00, 0x03, 0xff, 0xff,
    0xc0, 0x00, 0x00, 0x00, 0x8f, 0xff, 0xff, 0xe0,
    0x00, 0x0d, 0xff, 0xff, 0x60, 0x00, 0x00, 0x00,
    0x8f, 0xff, 0xff, 0xf1, 0x00, 0x6f, 0xff, 0xff,
    0x10, 0x00, 0x00, 0x00, 0x8f, 0xff, 0xff, 0xf1,
    0x00, 0xdf, 0xff, 0xfd, 0x00, 0x00, 0x00, 0x00,
    0x5f, 0xff, 0xff, 0xe0, 0x04, 0xff, 0xff, 0xfa,
    0x00, 0x00, 0x00, 0x00, 0x0c, 0xff, 0xff, 0x50,
    0x09, 0xff, 0xff, 0xf8, 0x00, 0x00, 0x00, 0x00,
    0x00, 0x69, 0x83, 0x00, 0x0d, 0xff, 0xff, 0xf5,
    0x00, 0x00, 0x00, 0x00, 0x00, 0x00, 0x00, 0x00,
    0x0f, 0xff, 0xff, 0xf4, 0x00, 0x00, 0x00, 0x00,
    0x00, 0x00, 0x00, 0x00, 0x2f, 0xff, 0xff, 0xf2,
    0x00, 0x02, 0x58, 0x88, 0x63, 0x00, 0x00, 0x00,
    0x4f, 0xff, 0xff, 0xf1, 0x04, 0xcf, 0xff, 0xff,
    0xff, 0xe7, 0x00, 0x00, 0x6f, 0xff, 0xff, 0xf1,
    0x9f, 0x96, 0x58, 0xef, 0xff, 0xff, 0xd2, 0x00,
    0x6f, 0xff, 0xff, 0xfb, 0xb1, 0x00, 0x00, 0x0b,
    0xff, 0xff, 0xfe, 0x10, 0x7f, 0xff, 0xff, 0xfc,
    0x00, 0x00, 0x00, 0x00, 0xcf, 0xff, 0xff, 0xa0,
    0x6f, 0xff, 0xff, 0xf3, 0x00, 0x00, 0x00, 0x00,
    0x3f, 0xff, 0xff, 0xf2, 0x6f, 0xff, 0xff, 0xf0,
    0x00, 0x00, 0x00, 0x00, 0x0d, 0xff, 0xff, 0xf7,
    0x4f, 0xff, 0xff, 0xf1, 0x00, 0x00, 0x00, 0x00,
    0x0a, 0xff, 0xff, 0xfa, 0x2f, 0xff, 0xff, 0xf2,
    0x00, 0x00, 0x00, 0x00, 0x07, 0xff, 0xff, 0xfc,
    0x0f, 0xff, 0xff, 0xf3, 0x00, 0x00, 0x00, 0x00,
    0x06, 0xff, 0xff, 0xfc, 0x0b, 0xff, 0xff, 0xf5,
    0x00, 0x00, 0x00, 0x00, 0x06, 0xff, 0xff, 0xfc,
    0x06, 0xff, 0xff, 0xf7, 0x00, 0x00, 0x00, 0x00,
    0x06, 0xff, 0xff, 0xf9, 0x01, 0xff, 0xff, 0xfa,
    0x00, 0x00, 0x00, 0x00, 0x08, 0xff, 0xff, 0xf6,
    0x00, 0x9f, 0xff, 0xfe, 0x00, 0x00, 0x00, 0x00,
    0x0a, 0xff, 0xff, 0xf1, 0x00, 0x1e, 0xff, 0xff,
    0x40, 0x00, 0x00, 0x00, 0x0e, 0xff, 0xff, 0x80,
    0x00, 0x04, 0xff, 0xff, 0xa0, 0x00, 0x00, 0x00,
    0x4f, 0xff, 0xfd, 0x00, 0x00, 0x00, 0x5f, 0xff,
    0xf4, 0x00, 0x00, 0x00, 0xcf, 0xff, 0xd1, 0x00,
    0x00, 0x00, 0x04, 0xef, 0xff, 0x40, 0x00, 0x1b,
    0xff, 0xfa, 0x10, 0x00, 0x00, 0x00, 0x00, 0x07,
    0xdf, 0xfd, 0xab, 0xff, 0xfa, 0x30, 0x00, 0x00,
    0x00, 0x00, 0x00, 0x00, 0x02, 0x57, 0x77, 0x63,
    0x00, 0x00, 0x00, 0x00,

    /* U+0037 "7" */
    0x09, 0xff, 0xff, 0xff, 0xff, 0xff, 0xff, 0xff,
    0xff, 0xff, 0xf6, 0x0e, 0xff, 0xff, 0xff, 0xff,
    0xff, 0xff, 0xff, 0xff, 0xff, 0xf6, 0x0f, 0xff,
    0xff, 0xff, 0xff, 0xff, 0xff, 0xff, 0xff, 0xff,
    0xb0, 0x2f, 0xff, 0xff, 0xff, 0xff, 0xff, 0xff,
    0xff, 0xff, 0xff, 0x20, 0x3f, 0xff, 0xff, 0xff,
    0xff, 0xff, 0xff, 0xff, 0xff, 0xf7, 0x00, 0x5f,
    0xf8, 0x66, 0x66, 0x66, 0x66, 0x66, 0x66, 0x9f,
    0xc0, 0x00, 0x7f, 0x90, 0x00, 0x00, 0x00, 0x00,
    0x00, 0x00, 0xdf, 0x20, 0x00, 0x8f, 0x50, 0x00,
    0x00, 0x00, 0x00, 0x00, 0x08, 0xf7, 0x00, 0x00,
    0xaf, 0x10, 0x00, 0x00, 0x00, 0x00, 0x00, 0x4f,
    0xd0, 0x00, 0x00, 0x89, 0x00, 0x00, 0x00, 0x00,
    0x00, 0x01, 0xef, 0x30, 0x00, 0x00, 0x00, 0x00,
    0x00, 0x00, 0x00, 0x00, 0x0a, 0xf8, 0x00, 0x00,
    0x00, 0x00, 0x00, 0x00, 0x00, 0x00, 0x00, 0x5f,
    0xd0, 0x00, 0x00, 0x00, 0x00, 0x00, 0x00, 0x00,
    0x00, 0x01, 0xef, 0x30, 0x00, 0x00, 0x00, 0x00,
    0x00, 0x00, 0x00, 0x00, 0x0b, 0xf8, 0x00, 0x00,
    0x00, 0x00, 0x00, 0x00, 0x00, 0x00, 0x00, 0x6f,
    0xd0, 0x00, 0x00, 0x00, 0x00, 0x00, 0x00, 0x00,
    0x00, 0x02, 0xff, 0x30, 0x00, 0x00, 0x00, 0x00,
    0x00, 0x00, 0x00, 0x00, 0x0c, 0xfb, 0x00, 0x00,
    0x00, 0x00, 0x00, 0x00, 0x00, 0x00, 0x00, 0x8f,
    0xf3, 0x00, 0x00, 0x00, 0x00, 0x00, 0x00, 0x00,
    0x00, 0x03, 0xff, 0xd0, 0x00, 0x00, 0x00, 0x00,
    0x00, 0x00, 0x00, 0x00, 0x0c, 0xff, 0xa0, 0x00,
    0x00, 0x00, 0x00, 0x00, 0x00, 0x00, 0x00, 0x5f,
    0xff, 0x80, 0x00, 0x00, 0x00, 0x00, 0x00, 0x00,
    0x00, 0x00, 0xdf, 0xff, 0x80, 0x00, 0x00, 0x00,
    0x00, 0x00, 0x00, 0x00, 0x03, 0xff, 0xff, 0xd0,
    0x00, 0x00, 0x00, 0x00, 0x00, 0x00, 0x00, 0x08,
    0xff, 0xff, 0xf4, 0x00, 0x00, 0x00, 0x00, 0x00,
    0x00, 0x00, 0x0c, 0xff, 0xff, 0xfd, 0x00, 0x00,
    0x00, 0x00, 0x00, 0x00, 0x00, 0x0e, 0xff, 0xff,
    0xff, 0x70, 0x00, 0x00, 0x00, 0x00, 0x00, 0x00,
    0x0f, 0xff, 0xff, 0xff, 0xe0, 0x00, 0x00, 0x00,
    0x00, 0x00, 0x00, 0x0e, 0xff, 0xff, 0xff, 0xf0,
    0x00, 0x00, 0x00, 0x00, 0x00, 0x00, 0x0b, 0xff,
    0xff, 0xff, 0xf0, 0x00, 0x00, 0x00, 0x00, 0x00,
    0x00, 0x05, 0xff, 0xff, 0xff, 0xa0, 0x00, 0x00,
    0x00, 0x00, 0x00, 0x00, 0x00, 0x8f, 0xff, 0xfd,
    0x10, 0x00, 0x00, 0x00, 0x00, 0x00, 0x00, 0x00,
    0x03, 0x77, 0x50, 0x00, 0x00, 0x00, 0x00, 0x00,

    /* U+0038 "8" */
    0x00, 0x00, 0x00, 0x00, 0x14, 0x67, 0x77, 0x64,
    0x00, 0x00, 0x00, 0x00, 0x00, 0x00, 0x00, 0x6c,
    0xff, 0xb9, 0x9d, 0xff, 0xfc, 0x50, 0x00, 0x00,
    0x00, 0x00, 0x4e, 0xff, 0xc2, 0x00, 0x00, 0x4e,
    0xff, 0xfd, 0x30, 0x00, 0x00, 0x07, 0xff, 0xfd,
    0x00, 0x00, 0x00, 0x03, 0xff, 0xff, 0xf3, 0x00,
    0x00, 0x6f, 0xff, 0xf5, 0x00, 0x00, 0x00, 0x00,
    0x9f, 0xff, 0xfe, 0x10, 0x01, 0xff, 0xff, 0xf0,
    0x00, 0x00, 0x00, 0x00, 0x3f, 0xff, 0xff, 0x80,
    0x09, 0xff, 0xff, 0xd0, 0x00, 0x00, 0x00, 0x00,
    0x0f, 0xff, 0xff, 0xe0, 0x0e, 0xff, 0xff, 0xd0,
    0x00, 0x00, 0x00, 0x00, 0x0c, 0xff, 0xff, 0xf2,
    0x1f, 0xff, 0xff, 0xe0, 0x00, 0x00, 0x00, 0x00,
    0x0b, 0xff, 0xff, 0xf3, 0x2f, 0xff, 0xff, 0xf1,
    0x00, 0x00, 0x00, 0x00, 0x0b, 0xff, 0xff, 0xf2,
    0x2f, 0xff, 0xff, 0xf7, 0x00, 0x00, 0x00, 0x00,
    0x0c, 0xff, 0xff, 0xf0, 0x0f, 0xff, 0xff, 0xfe,
    0x10, 0x00, 0x00, 0x00, 0x0f, 0xff, 0xff, 0xa0,
    0x0b, 0xff, 0xff, 0xff, 0xb0, 0x00, 0x00, 0x00,
    0x4f, 0xff, 0xff, 0x30, 0x04, 0xff, 0xff, 0xff,
    0xfc, 0x20, 0x00, 0x00, 0xaf, 0xff, 0xf7, 0x00,
    0x00, 0xaf, 0xff, 0xff, 0xff, 0xf8, 0x10, 0x03,
    0xff, 0xff, 0x70, 0x00, 0x00, 0x0c, 0xff, 0xff,
    0xff, 0xff, 0xfa, 0x5d, 0xff, 0xd3, 0x00, 0x00,
    0x00, 0x00, 0xaf, 0xff, 0xff, 0xff, 0xff, 0xff,
    0xf6, 0x00, 0x00, 0x00, 0x00, 0x00, 0x05, 0xdf,
    0xff, 0xff, 0xff, 0xff, 0xff, 0x91, 0x00, 0x00,
    0x00, 0x00, 0x00, 0x6f, 0xff, 0xff, 0xff, 0xff,
    0xff, 0xfe, 0x40, 0x00, 0x00, 0x00, 0x8f, 0xff,
    0x73, 0x8e, 0xff, 0xff, 0xff, 0xff, 0xf4, 0x00,
    0x00, 0x1d, 0xff, 0xfd, 0x00, 0x00, 0x5d, 0xff,
    0xff, 0xff, 0xfe, 0x10, 0x00, 0xdf, 0xff, 0xf7,
    0x00, 0x00, 0x00, 0x8f, 0xff, 0xff, 0xff, 0x90,
    0x07, 0xff, 0xff, 0xf2, 0x00, 0x00, 0x00, 0x07,
    0xff, 0xff, 0xff, 0xf0, 0x0d, 0xff, 0xff, 0xf0,
    0x00, 0x00, 0x00, 0x00, 0xcf, 0xff, 0xff, 0xf2,
    0x0f, 0xff, 0xff, 0xf0, 0x00, 0x00, 0x00, 0x00,
    0x6f, 0xff, 0xff, 0xf2, 0x1f, 0xff, 0xff, 0xf0,
    0x00, 0x00, 0x00, 0x00, 0x3f, 0xff, 0xff, 0xf1,
    0x0f, 0xff, 0xff, 0xf1, 0x00, 0x00, 0x00, 0x00,
    0x2f, 0xff, 0xff, 0xd0, 0x0b, 0xff, 0xff, 0xf4,
    0x00, 0x00, 0x00, 0x00, 0x3f, 0xff, 0xff, 0x60,
    0x03, 0xff, 0xff, 0xf9, 0x00, 0x00, 0x00, 0x00,
    0x7f, 0xff, 0xfb, 0x00, 0x00, 0x8f, 0xff, 0xff,
    0x20, 0x00, 0x00, 0x01, 0xef, 0xff, 0xc1, 0x00,
    0x00, 0x06, 0xff, 0xff, 0xe3, 0x00, 0x00, 0x1c,
    0xff, 0xf8, 0x00, 0x00, 0x00, 0x00, 0x18, 0xef,
    0xff, 0xc9, 0x8b, 0xff, 0xd8, 0x10, 0x00, 0x00,
    0x00, 0x00, 0x00, 0x02, 0x46, 0x78, 0x76, 0x41,
    0x00, 0x00, 0x00, 0x00,

    /* U+0039 "9" */
    0x00, 0x00, 0x00, 0x00, 0x25, 0x77, 0x76, 0x30,
    0x00, 0x00, 0x00, 0x00, 0x00, 0x00, 0x00, 0x7d,
    0xff, 0xda, 0xbf, 0xff, 0xa2, 0x00, 0x00, 0x00,
    0x00, 0x00, 0x5e, 0xff, 0xe4, 0x00, 0x01, 0xbf,
    0xff, 0x80, 0x00, 0x00, 0x00, 0x08, 0xff, 0xff,
    0x40, 0x00, 0x00, 0x0d, 0xff, 0xfb, 0x00, 0x00,
    0x00, 0x6f, 0xff, 0xfa, 0x00, 0x00, 0x00, 0x04,
    0xff, 0xff, 0xa0, 0x00, 0x02, 0xff, 0xff, 0xf4,
    0x00, 0x00, 0x00, 0x00, 0xdf, 0xff, 0xf6, 0x00,
    0x0a, 0xff, 0xff, 0xf0, 0x00, 0x00, 0x00, 0x00,
    0x8f, 0xff, 0xfe, 0x10, 0x0f, 0xff, 0xff, 0xe0,
    0x00, 0x00, 0x00, 0x00, 0x4f, 0xff, 0xff, 0x70,
    0x4f, 0xff, 0xff, 0xc0, 0x00, 0x00, 0x00, 0x00,
    0x1f, 0xff, 0xff, 0xd0, 0x6f, 0xff, 0xff, 0xc0,
    0x00, 0x00, 0x00, 0x00, 0x0e, 0xff, 0xff, 0xf2,
    0x7f, 0xff, 0xff, 0xc0, 0x00, 0x00, 0x00, 0x00,
    0x0d, 0xff, 0xff, 0xf6, 0x7f, 0xff, 0xff, 0xd0,
    0x00, 0x00, 0x00, 0x00, 0x0b, 0xff, 0xff, 0xf9,
    0x5f, 0xff, 0xff, 0xf0, 0x00, 0x00, 0x00, 0x00,
    0x0a, 0xff, 0xff, 0xfb, 0x2f, 0xff, 0xff, 0xf4,
    0x00, 0x00, 0x00, 0x00, 0x0a, 0xff, 0xff, 0xfc,
    0x0d, 0xff, 0xff, 0xfa, 0x00, 0x00, 0x00, 0x00,
    0x0d, 0xff, 0xff, 0xfd, 0x06, 0xff, 0xff, 0xff,
    0x40, 0x00, 0x00, 0x00, 0x8f, 0xff, 0xff, 0xfd,
    0x00, 0xcf, 0xff, 0xff, 0xf5, 0x00, 0x00, 0x19,
    0xfd, 0xff, 0xff, 0xfd, 0x00, 0x1d, 0xff, 0xff,
    0xff, 0xd9, 0x8b, 0xff, 0x4a, 0xff, 0xff, 0xfc,
    0x00, 0x00, 0x9f, 0xff, 0xff, 0xff, 0xff, 0xc2,
    0x0b, 0xff, 0xff, 0xfb, 0x00, 0x00, 0x01, 0x6a,
    0xcd, 0xdb, 0x83, 0x00, 0x0c, 0xff, 0xff, 0xf9,
    0x00, 0x00, 0x00, 0x00, 0x00, 0x00, 0x00, 0x00,
    0x0d, 0xff, 0xff, 0xf6, 0x00, 0x00, 0x00, 0x00,
    0x00, 0x00, 0x00, 0x00, 0x0f, 0xff, 0xff, 0xf3,
    0x00, 0x01, 0x31, 0x00, 0x00, 0x00, 0x00, 0x00,
    0x1f, 0xff, 0xff, 0xf0, 0x00, 0xaf, 0xff, 0xa0,
    0x00, 0x00, 0x00, 0x00, 0x4f, 0xff, 0xff, 0xa0,
    0x07, 0xff, 0xff, 0xf8, 0x00, 0x00, 0x00, 0x00,
    0x7f, 0xff, 0xff, 0x40, 0x0c, 0xff, 0xff, 0xfc,
    0x00, 0x00, 0x00, 0x00, 0xbf, 0xff, 0xfd, 0x00,
    0x0d, 0xff, 0xff, 0xfd, 0x00, 0x00, 0x00, 0x00,
    0xff, 0xff, 0xf4, 0x00, 0x0a, 0xff, 0xff, 0xfd,
    0x00, 0x00, 0x00, 0x06, 0xff, 0xff, 0xa0, 0x00,
    0x04, 0xff, 0xff, 0xfe, 0x00, 0x00, 0x00, 0x0d,
    0xff, 0xfc, 0x00, 0x00, 0x00, 0xaf, 0xff, 0xff,
    0x10, 0x00, 0x00, 0x8f, 0xff, 0xc1, 0x00, 0x00,
    0x00, 0x09, 0xff, 0xff, 0xb0, 0x00, 0x08, 0xff,
    0xf8, 0x00, 0x00, 0x00, 0x00, 0x00, 0x3a, 0xff,
    0xfe, 0xba, 0xef, 0xe9, 0x20, 0x00, 0x00, 0x00,
    0x00, 0x00, 0x00, 0x03, 0x67, 0x77, 0x52, 0x00,
    0x00, 0x00, 0x00, 0x00,

    /* U+003A ":" */
    0x00, 0x7e, 0xfb, 0x20, 0x08, 0xff, 0xff, 0xe1,
    0x1f, 0xff, 0xff, 0xf7, 0x4f, 0xff, 0xff, 0xfb,
    0x4f, 0xff, 0xff, 0xfb, 0x1f, 0xff, 0xff, 0xf7,
    0x08, 0xff, 0xff, 0xe1, 0x00, 0x7e, 0xfb, 0x20,
    0x00, 0x00, 0x00, 0x00, 0x00, 0x00, 0x00, 0x00,
    0x00, 0x00, 0x00, 0x00, 0x00, 0x00, 0x00, 0x00,
    0x00, 0x00, 0x00, 0x00, 0x00, 0x00, 0x00, 0x00,
    0x00, 0x7d, 0xeb, 0x20, 0x09, 0xff, 0xff, 0xe1,
    0x2f, 0xff, 0xff, 0xf8, 0x5f, 0xff, 0xff, 0xfb,
    0x4f, 0xff, 0xff, 0xfa, 0x0e, 0xff, 0xff, 0xf5,
    0x03, 0xef, 0xff, 0x90, 0x00, 0x16, 0x73, 0x00,

    /* U+003B ";" */
    0x00, 0x5d, 0xfd, 0x50, 0x00, 0x5f, 0xff, 0xff,
    0x50, 0x0d, 0xff, 0xff, 0xfd, 0x00, 0xff, 0xff,
    0xff, 0xf0, 0x0f, 0xff, 0xff, 0xff, 0x00, 0x9f,
    0xff, 0xff, 0x90, 0x01, 0xcf, 0xff, 0xc1, 0x00,
    0x00, 0x47, 0x40, 0x00, 0x00, 0x00, 0x00, 0x00,
    0x00, 0x00, 0x00, 0x00, 0x00, 0x00, 0x00, 0x00,
    0x00, 0x00, 0x00, 0x00, 0x00, 0x00, 0x00, 0x00,
    0x00, 0x00, 0x00, 0x05, 0xce, 0xb3, 0x00, 0x06,
    0xff, 0xff, 0xf4, 0x00, 0xef, 0xff, 0xff, 0xd0,
    0x1f, 0xff, 0xff, 0xff, 0x10, 0xff, 0xff, 0xff,
    0xf3, 0x0a, 0xff, 0xff, 0xff, 0x40, 0x09, 0xef,
    0xff, 0xf3, 0x00, 0x00, 0x00, 0xef, 0x10, 0x00,
    0x00, 0x0d, 0xe0, 0x00, 0x00, 0x01, 0xf9, 0x00,
    0x00, 0x00, 0x8f, 0x20, 0x00, 0x00, 0x4f, 0x80,
    0x00, 0x00, 0x8f, 0xa0, 0x00, 0x08, 0xfe, 0x60,
    0x00, 0x00, 0x85, 0x00, 0x00, 0x00,

    /* U+003C "<" */
    0x00, 0x00, 0x00, 0x00, 0x00, 0x00, 0x00, 0x06,
    0xd7, 0x00, 0x00, 0x00, 0x00, 0x00, 0x00, 0x04,
    0xdf, 0xd2, 0x00, 0x00, 0x00, 0x00, 0x00, 0x01,
    0xaf, 0xf7, 0x00, 0x00, 0x00, 0x00, 0x00, 0x00,
    0x7f, 0xfa, 0x10, 0x00, 0x00, 0x00, 0x00, 0x00,
    0x4d, 0xfd, 0x30, 0x00, 0x00, 0x00, 0x00, 0x00,
    0x2b, 0xfe, 0x60, 0x00, 0x00, 0x00, 0x00, 0x00,
    0x08, 0xff, 0x91, 0x00, 0x00, 0x00, 0x00, 0x00,
    0x05, 0xef, 0xc3, 0x00, 0x00, 0x00, 0x00, 0x00,
    0x02, 0xcf, 0xe6, 0x00, 0x00, 0x00, 0x00, 0x00,
    0x00, 0x2f, 0xf9, 0x10, 0x00, 0x00, 0x00, 0x00,
    0x00, 0x00, 0x2f, 0xf9, 0x10, 0x00, 0x00, 0x00,
    0x00, 0x00, 0x00, 0x03, 0xcf, 0xe6, 0x00, 0x00,
    0x00, 0x00, 0x00, 0x00, 0x00, 0x06, 0xef, 0xc3,
    0x00, 0x00, 0x00, 0x00, 0x00, 0x00, 0x00, 0x08,
    0xff, 0xa1, 0x00, 0x00, 0x00, 0x00, 0x00, 0x00,
    0x00, 0x2b, 0xff, 0x70, 0x00, 0x00, 0x00, 0x00,
    0x00, 0x00, 0x00, 0x5d, 0xfd, 0x40, 0x00, 0x00,
    0x00, 0x00, 0x00, 0x00, 0x00, 0x7f, 0xfa, 0x20,
    0x00, 0x00, 0x00, 0x00, 0x00, 0x00, 0x01, 0xaf,
    0xf8, 0x00, 0x00, 0x00, 0x00, 0x00, 0x00, 0x00,
    0x03, 0xdf, 0xe4, 0x00, 0x00, 0x00, 0x00, 0x00,
    0x00, 0x00, 0x06, 0xda,

    /* U+003D "=" */
    0x28, 0x99, 0x99, 0x99, 0x99, 0x99, 0x99, 0x99,
    0x98, 0x05, 0xff, 0xff, 0xff, 0xff, 0xff, 0xff,
    0xff, 0xff, 0xf2, 0x00, 0x00, 0x00, 0x00, 0x00,
    0x00, 0x00, 0x00, 0x00, 0x00, 0x00, 0x00, 0x00,
    0x00, 0x00, 0x00, 0x00, 0x00, 0x00, 0x00, 0x00,
    0x00, 0x00, 0x00, 0x00, 0x00, 0x00, 0x00, 0x00,
    0x00, 0x00, 0x00, 0x00, 0x00, 0x00, 0x00, 0x00,
    0x00, 0x00, 0x00, 0x00, 0x00, 0x00, 0x00, 0x00,
    0x00, 0x00, 0x00, 0x11, 0x11, 0x11, 0x11, 0x11,
    0x11, 0x11, 0x11, 0x10, 0x6f, 0xff, 0xff, 0xff,
    0xff, 0xff, 0xff, 0xff, 0xff, 0x22, 0x78, 0x88,
    0x88, 0x88, 0x88, 0x88, 0x88, 0x88, 0x70,

    /* U+003E ">" */
    0xac, 0x50, 0x00, 0x00, 0x00, 0x00, 0x00, 0x00,
    0x00, 0x5e, 0xfc, 0x20, 0x00, 0x00, 0x00, 0x00,
    0x00, 0x00, 0x01, 0x9f, 0xf9, 0x10, 0x00, 0x00,
    0x00, 0x00, 0x00, 0x00, 0x03, 0xcf, 0xe6, 0x00,
    0x00, 0x00, 0x00, 0x00, 0x00, 0x00, 0x05, 0xef,
    0xc3, 0x00, 0x00, 0x00, 0x00, 0x00, 0x00, 0x00,
    0x08, 0xff, 0xa1, 0x00, 0x00, 0x00, 0x00, 0x00,
    0x00, 0x00, 0x2b, 0xff, 0x70, 0x00, 0x00, 0x00,
    0x00, 0x00, 0x00, 0x00, 0x4d, 0xfd, 0x40, 0x00,
    0x00, 0x00, 0x00, 0x00, 0x00, 0x00, 0x7f, 0xfb,
    0x20, 0x00, 0x00, 0x00, 0x00, 0x00, 0x00, 0x01,
    0xaf, 0xf2, 0x00, 0x00, 0x00, 0x00, 0x00, 0x00,
    0x00, 0x8f, 0xf2, 0x00, 0x00, 0x00, 0x00, 0x00,
    0x00, 0x5e, 0xfc, 0x30, 0x00, 0x00, 0x00, 0x00,
    0x00, 0x2b, 0xfe, 0x60, 0x00, 0x00, 0x00, 0x00,
    0x00, 0x09, 0xff, 0x91, 0x00, 0x00, 0x00, 0x00,
    0x00, 0x06, 0xef, 0xc3, 0x00, 0x00, 0x00, 0x00,
    0x00, 0x03, 0xcf, 0xe5, 0x00, 0x00, 0x00, 0x00,
    0x00, 0x01, 0x9f, 0xf8, 0x00, 0x00, 0x00, 0x00,
    0x00, 0x00, 0x6e, 0xfb, 0x20, 0x00, 0x00, 0x00,
    0x00, 0x00, 0x2c, 0xfd, 0x50, 0x00, 0x00, 0x00,
    0x00, 0x00, 0x00, 0x8e, 0x70, 0x00, 0x00, 0x00,
    0x00, 0x00, 0x00, 0x00,

    /* U+003F "?" */
    0x00, 0x00, 0x00, 0x02, 0x57, 0x77, 0x64, 0x10,
    0x00, 0x00, 0x00, 0x00, 0x01, 0x8e, 0xff, 0xdc,
    0xef, 0xff, 0xc6, 0x00, 0x00, 0x00, 0x06, 0xff,
    0xfd, 0x20, 0x00, 0x9f, 0xff, 0xfd, 0x20, 0x00,
    0x08, 0xff, 0xff, 0x30, 0x00, 0x00, 0xcf, 0xff,
    0xfe, 0x10, 0x06, 0xff, 0xff, 0xd0, 0x00, 0x00,
    0x06, 0xff, 0xff, 0xfb, 0x00, 0xff, 0xff, 0xfc,
    0x00, 0x00, 0x00, 0x2f, 0xff, 0xff, 0xf3, 0x5f,
    0xff, 0xff, 0xc0, 0x00, 0x00, 0x00, 0xff, 0xff,
    0xff, 0x88, 0xff, 0xff, 0xfc, 0x00, 0x00, 0x00,
    0x0f, 0xff, 0xff, 0xfa, 0x7f, 0xff, 0xff, 0xa0,
    0x00, 0x00, 0x00, 0xff, 0xff, 0xff, 0xb3, 0xff,
    0xff, 0xf6, 0x00, 0x00, 0x00, 0x1f, 0xff, 0xff,
    0xfa, 0x09, 0xff, 0xfa, 0x00, 0x00, 0x00, 0x03,
    0xff, 0xff, 0xff, 0x70, 0x02, 0x53, 0x00, 0x00,
    0x00, 0x00, 0x6f, 0xff, 0xff, 0xf3, 0x00, 0x00,
    0x00, 0x00, 0x00, 0x00, 0x0b, 0xff, 0xff, 0xfb,
    0x00, 0x00, 0x00, 0x00, 0x00, 0x00, 0x02, 0xff,
    0xff, 0xfe, 0x20, 0x00, 0x00, 0x00, 0x00, 0x00,
    0x01, 0xdf, 0xff, 0xfe, 0x30, 0x00, 0x00, 0x00,
    0x00, 0x00, 0x04, 0xef, 0xff, 0xfa, 0x10, 0x00,
    0x00, 0x00, 0x00, 0x00, 0x2c, 0xff, 0xfe, 0x82,
    0x00, 0x00, 0x00, 0x00, 0x00, 0x00, 0x0c, 0xfe,
    0x62, 0x00, 0x00, 0x00, 0x00, 0x00, 0x00, 0x00,
    0x00, 0xdf, 0x70, 0x00, 0x00, 0x00, 0x00, 0x00,
    0x00, 0x00, 0x00, 0x0c, 0xf5, 0x00, 0x00, 0x00,
    0x00, 0x00, 0x00, 0x00, 0x00, 0x00, 0xbf, 0x30,
    0x00, 0x00, 0x00, 0x00, 0x00, 0x00, 0x00, 0x00,
    0x0a, 0xf2, 0x00, 0x00, 0x00, 0x00, 0x00, 0x00,
    0x00, 0x00, 0x00, 0x8f, 0x10, 0x00, 0x00, 0x00,
    0x00, 0x00, 0x00, 0x00, 0x00, 0x00, 0x20, 0x00,
    0x00, 0x00, 0x00, 0x00, 0x00, 0x00, 0x00, 0x00,
    0x00, 0x00, 0x00, 0x00, 0x00, 0x00, 0x00, 0x00,
    0x00, 0x00, 0x01, 0x20, 0x00, 0x00, 0x00, 0x00,
    0x00, 0x00, 0x00, 0x00, 0x1b, 0xff, 0xe4, 0x00,
    0x00, 0x00, 0x00, 0x00, 0x00, 0x00, 0x0c, 0xff,
    0xff, 0xf2, 0x00, 0x00, 0x00, 0x00, 0x00, 0x00,
    0x03, 0xff, 0xff, 0xff, 0x90, 0x00, 0x00, 0x00,
    0x00, 0x00, 0x00, 0x5f, 0xff, 0xff, 0xfb, 0x00,
    0x00, 0x00, 0x00, 0x00, 0x00, 0x03, 0xff, 0xff,
    0xff, 0x90, 0x00, 0x00, 0x00, 0x00, 0x00, 0x00,
    0x0c, 0xff, 0xff, 0xf2, 0x00, 0x00, 0x00, 0x00,
    0x00, 0x00, 0x00, 0x1c, 0xff, 0xe4, 0x00, 0x00,
    0x00, 0x00, 0x00, 0x00, 0x00, 0x00, 0x02, 0x30,
    0x00, 0x00, 0x00, 0x00, 0x00,

    /* U+0040 "@" */
    0x00, 0x00, 0x00, 0x00, 0x00, 0x00, 0x38, 0xbd,
    0xff, 0xfe, 0xda, 0x72, 0x00, 0x00, 0x00, 0x00,
    0x00, 0x00, 0x00, 0x00, 0x00, 0x00, 0x17, 0xef,
    0xb8, 0x53, 0x33, 0x46, 0x9d, 0xfc, 0x60, 0x00,
    0x00, 0x00, 0x00, 0x00, 0x00, 0x00, 0x00, 0x6e,
    0xd6, 0x00, 0x00, 0x00, 0x00, 0x00, 0x02, 0x9f,
    0xd3, 0x00, 0x00, 0x00, 0x00, 0x00, 0x00, 0x01,
    0xbf, 0x60, 0x00, 0x00, 0x00, 0x00, 0x00, 0x00,
    0x00, 0x1b, 0xf8, 0x00, 0x00, 0x00, 0x00, 0x00,
    0x01, 0xdd, 0x20, 0x00, 0x00, 0x00, 0x00, 0x00,
    0x00, 0x00, 0x00, 0x06, 0xf9, 0x00, 0x00, 0x00,
    0x00, 0x01, 0xdc, 0x00, 0x00, 0x00, 0x00, 0x00,
    0x00, 0x00, 0x00, 0x00, 0x00, 0x05, 0xf8, 0x00,
    0x00, 0x00, 0x00, 0xcd, 0x10, 0x00, 0x00, 0x00,
    0x00, 0x00, 0x00, 0x00, 0x00, 0x00, 0x00, 0x07,
    0xf4, 0x00, 0x00, 0x00, 0x7f, 0x20, 0x00, 0x00,
    0x00, 0x00, 0x00, 0x00, 0x00, 0x00, 0x00, 0x00,
    0x00, 0x0b, 0xe0, 0x00, 0x00, 0x1f, 0x70, 0x00,
    0x00, 0x00, 0x02, 0x8b, 0xef, 0xff, 0xd9, 0x40,
    0x00, 0x00, 0x00, 0x2f, 0x70, 0x00, 0x09, 0xe0,
    0x00, 0x00, 0x00, 0x1a, 0xff, 0xe4, 0x13, 0xcf,
    0xff, 0xb0, 0x00, 0x00, 0x00, 0x9e, 0x00, 0x01,
    0xf7, 0x00, 0x00, 0x00, 0x1d, 0xff, 0xf5, 0x00,
    0x01, 0xff, 0xff, 0xb0, 0x00, 0x00, 0x02, 0xf5,
    0x00, 0x7f, 0x10, 0x00, 0x00, 0x09, 0xff, 0xff,
    0x20, 0x00, 0x0c, 0xff, 0xff, 0x30, 0x00, 0x00,
    0x0d, 0x90, 0x0c, 0xb0, 0x00, 0x00, 0x00, 0xef,
    0xff, 0xf2, 0x00, 0x00, 0xbf, 0xff, 0xf8, 0x00,
    0x00, 0x00, 0x9d, 0x00, 0xf7, 0x00, 0x00, 0x00,
    0x0f, 0xff, 0xff, 0x10, 0x00, 0x0b, 0xff, 0xff,
    0xa0, 0x00, 0x00, 0x06, 0xf0, 0x3f, 0x30, 0x00,
    0x00, 0x00, 0x9f, 0xff, 0x70, 0x00, 0x00, 0xbf,
    0xff, 0xfa, 0x00, 0x00, 0x00, 0x4f, 0x26, 0xf0,
    0x00, 0x00, 0x00, 0x00, 0x45, 0x20, 0x00, 0x00,
    0x0b, 0xff, 0xff, 0xa0, 0x00, 0x00, 0x02, 0xf3,
    0x8f, 0x00, 0x00, 0x00, 0x00, 0x00, 0x00, 0x00,
    0x00, 0x00, 0xbf, 0xff, 0xfa, 0x00, 0x00, 0x00,
    0x2f, 0x49, 0xd0, 0x00, 0x00, 0x00, 0x00, 0x00,
    0x00, 0x01, 0x11, 0x0b, 0xff, 0xff, 0xa0, 0x00,
    0x00, 0x02, 0xf4, 0x9d, 0x00, 0x00, 0x00, 0x00,
    0x00, 0x5a, 0xef, 0xfd, 0xdd, 0xef, 0xff, 0xfa,
    0x00, 0x00, 0x00, 0x3f, 0x29, 0xd0, 0x00, 0x00,
    0x00, 0x02, 0xdf, 0xff, 0xb1, 0x00, 0x0c, 0xff,
    0xff, 0xa0, 0x00, 0x00, 0x05, 0xf1, 0x8e, 0x00,
    0x00, 0x00, 0x01, 0xef, 0xff, 0xe0, 0x00, 0x00,
    0xbf, 0xff, 0xfa, 0x00, 0x00, 0x00, 0x8d, 0x06,
    0xf0, 0x00, 0x00, 0x00, 0x9f, 0xff, 0xf9, 0x00,
    0x00, 0x0b, 0xff, 0xff, 0xa0, 0x00, 0x00, 0x0d,
    0x90, 0x4f, 0x20, 0x00, 0x00, 0x0e, 0xff, 0xff,
    0x80, 0x00, 0x00, 0xbf, 0xff, 0xfa, 0x00, 0x00,
    0x04, 0xf3, 0x01, 0xf6, 0x00, 0x00, 0x00, 0xff,
    0xff, 0xfa, 0x00, 0x00, 0x0b, 0xff, 0xff, 0xa0,
    0x00, 0x00, 0xcc, 0x00, 0x0d, 0xa0, 0x00, 0x00,
    0x0c, 0xff, 0xff, 0xe1, 0x00, 0x00, 0xcf, 0xff,
    0xfa, 0x00, 0x00, 0x8f, 0x20, 0x00, 0x9e, 0x00,
    0x00, 0x00, 0x6f, 0xff, 0xff, 0xc4, 0x14, 0xbd,
    0xff, 0xff, 0xd0, 0x01, 0xaf, 0x50, 0x00, 0x03,
    0xf5, 0x00, 0x00, 0x00, 0x9f, 0xff, 0xff, 0xff,
    0xf8, 0x0d, 0xff, 0xff, 0xed, 0xfe, 0x40, 0x00,
    0x00, 0x0c, 0xc0, 0x00, 0x00, 0x00, 0x4a, 0xef,
    0xfd, 0x82, 0x00, 0x08, 0xdf, 0xfe, 0xb6, 0x00,
    0x00, 0x00, 0x00, 0x4f, 0x50, 0x00, 0x00, 0x00,
    0x00, 0x00, 0x00, 0x00, 0x00, 0x00, 0x00, 0x00,
    0x00, 0x00, 0x01, 0x00, 0x00, 0xbe, 0x10, 0x00,
    0x00, 0x00, 0x00, 0x00, 0x00, 0x00, 0x00, 0x00,
    0x00, 0x00, 0x00, 0x09, 0xb0, 0x00, 0x01, 0xec,
    0x00, 0x00, 0x00, 0x00, 0x00, 0x00, 0x00, 0x00,
    0x00, 0x00, 0x00, 0x00, 0x08, 0xf2, 0x00, 0x00,
    0x03, 0xfa, 0x00, 0x00, 0x00, 0x00, 0x00, 0x00,
    0x00, 0x00, 0x00, 0x00, 0x00, 0x08, 0xf4, 0x00,
    0x00, 0x00, 0x04, 0xfb, 0x10, 0x00, 0x00, 0x00,
    0x00, 0x00, 0x00, 0x00, 0x00, 0x00, 0x1b, 0xe3,
    0x00, 0x00, 0x00, 0x00, 0x03, 0xee, 0x40, 0x00,
    0x00, 0x00, 0x00, 0x00, 0x00, 0x00, 0x00, 0x6e,
    0xc2, 0x00, 0x00, 0x00, 0x00, 0x00, 0x01, 0xaf,
    0xb4, 0x00, 0x00, 0x00, 0x00, 0x00, 0x00, 0x16,
    0xde, 0x60, 0x00, 0x00, 0x00, 0x00, 0x00, 0x00,
    0x00, 0x3a, 0xfe, 0x95, 0x31, 0x00, 0x12, 0x47,
    0xbf, 0xd7, 0x10, 0x00, 0x00, 0x00, 0x00, 0x00,
    0x00, 0x00, 0x00, 0x01, 0x6a, 0xef, 0xff, 0xff,
    0xfe, 0xb8, 0x30, 0x00, 0x00, 0x00, 0x00, 0x00,
    0x00, 0x00, 0x00, 0x00, 0x00, 0x00, 0x00, 0x02,
    0x22, 0x20, 0x00, 0x00, 0x00, 0x00, 0x00, 0x00,
    0x00,

    /* U+0041 "A" */
    0x00, 0x00, 0x00, 0x00, 0x0b, 0xff, 0xff, 0xff,
    0xff, 0xff, 0x70, 0x00, 0x00, 0x00, 0x00, 0x00,
    0x00, 0x00, 0x00, 0x02, 0xbf, 0xff, 0xff, 0xff,
    0xf8, 0x10, 0x00, 0x00, 0x00, 0x00, 0x00, 0x00,
    0x00, 0x00, 0x00, 0x0f, 0xff, 0xff, 0xff, 0xf2,
    0x00, 0x00, 0x00, 0x00, 0x00, 0x00, 0x00, 0x00,
    0x00, 0x00, 0x3f, 0xcf, 0xff, 0xff, 0xf7, 0x00,
    0x00, 0x00, 0x00, 0x00, 0x00, 0x00, 0x00, 0x00,
    0x00, 0x7f, 0x3e, 0xff, 0xff, 0xfc, 0x00, 0x00,
    0x00, 0x00, 0x00, 0x00, 0x00, 0x00, 0x00, 0x00,
    0xce, 0x09, 0xff, 0xff, 0xff, 0x20, 0x00, 0x00,
    0x00, 0x00, 0x00, 0x00, 0x00, 0x00, 0x01, 0xf9,
    0x04, 0xff, 0xff, 0xff, 0x70, 0x00, 0x00, 0x00,
    0x00, 0x00, 0x00, 0x00, 0x00, 0x06, 0xf4, 0x00,
    0xff, 0xff, 0xff, 0xc0, 0x00, 0x00, 0x00, 0x00,
    0x00, 0x00, 0x00, 0x00, 0x0b, 0xf0, 0x00, 0xaf,
    0xff, 0xff, 0xf1, 0x00, 0x00, 0x00, 0x00, 0x00,
    0x00, 0x00, 0x00, 0x1f, 0xa0, 0x00, 0x5f, 0xff,
    0xff, 0xf6, 0x00, 0x00, 0x00, 0x00, 0x00, 0x00,
    0x00, 0x00, 0x5f, 0x50, 0x00, 0x0f, 0xff, 0xff,
    0xfb, 0x00, 0x00, 0x00, 0x00, 0x00, 0x00, 0x00,
    0x00, 0xaf, 0x10, 0x00, 0x0b, 0xff, 0xff, 0xff,
    0x10, 0x00, 0x00, 0x00, 0x00, 0x00, 0x00, 0x00,
    0xfc, 0x00, 0x00, 0x06, 0xff, 0xff, 0xff, 0x60,
    0x00, 0x00, 0x00, 0x00, 0x00, 0x00, 0x04, 0xf7,
    0x00, 0x00, 0x01, 0xff, 0xff, 0xff, 0xb0, 0x00,
    0x00, 0x00, 0x00, 0x00, 0x00, 0x09, 0xf2, 0x00,
    0x00, 0x00, 0xbf, 0xff, 0xff, 0xf0, 0x00, 0x00,
    0x00, 0x00, 0x00, 0x00, 0x0e, 0xd0, 0x00, 0x00,
    0x00, 0x6f, 0xff, 0xff, 0xf5, 0x00, 0x00, 0x00,
    0x00, 0x00, 0x00, 0x3f, 0x80, 0x00, 0x00, 0x00,
    0x1f, 0xff, 0xff, 0xfa, 0x00, 0x00, 0x00, 0x00,
    0x00, 0x00, 0x8f, 0x30, 0x00, 0x00, 0x00, 0x0c,
    0xff, 0xff, 0xff, 0x00, 0x00, 0x00, 0x00, 0x00,
    0x00, 0xde, 0x22, 0x22, 0x22, 0x22, 0x29, 0xff,
    0xff, 0xff, 0x50, 0x00, 0x00, 0x00, 0x00, 0x02,
    0xff, 0xff, 0xff, 0xff, 0xff, 0xff, 0xff, 0xff,
    0xff, 0xa0, 0x00, 0x00, 0x00, 0x00, 0x07, 0xf7,
    0x55, 0x55, 0x55, 0x55, 0x55, 0xdf, 0xff, 0xff,
    0xf0, 0x00, 0x00, 0x00, 0x00, 0x0c, 0xf0, 0x00,
    0x00, 0x00, 0x00, 0x00, 0x8f, 0xff, 0xff, 0xf4,
    0x00, 0x00, 0x00, 0x00, 0x1f, 0xa0, 0x00, 0x00,
    0x00, 0x00, 0x00, 0x3f, 0xff, 0xff, 0xf9, 0x00,
    0x00, 0x00, 0x00, 0x5f, 0x50, 0x00, 0x00, 0x00,
    0x00, 0x00, 0x0e, 0xff, 0xff, 0xfe, 0x00, 0x00,
    0x00, 0x00, 0xaf, 0x10, 0x00, 0x00, 0x00, 0x00,
    0x00, 0x08, 0xff, 0xff, 0xff, 0x40, 0x00, 0x00,
    0x00, 0xfb, 0x00, 0x00, 0x00, 0x00, 0x00, 0x00,
    0x03, 0xff, 0xff, 0xff, 0x90, 0x00, 0x00, 0x04,
    0xf7, 0x00, 0x00, 0x00, 0x00, 0x00, 0x00, 0x00,
    0xef, 0xff, 0xff, 0xe0, 0x00, 0x00, 0x0a, 0xf5,
    0x00, 0x00, 0x00, 0x00, 0x00, 0x00, 0x00, 0x9f,
    0xff, 0xff, 0xf3, 0x00, 0x00, 0x4f, 0xfa, 0x00,
    0x00, 0x00, 0x00, 0x00, 0x00, 0x00, 0x5f, 0xff,
    0xff, 0xf9, 0x00, 0x18, 0xff, 0xff, 0xd7, 0x20,
    0x00, 0x00, 0x00, 0x00, 0x15, 0xbf, 0xff, 0xff,
    0xff, 0x92, 0xaf, 0xff, 0xff, 0xff, 0xb0, 0x00,
    0x00, 0x00, 0x00, 0x9f, 0xff, 0xff, 0xff, 0xff,
    0xf8,

    /* U+0042 "B" */
    0x0e, 0xff, 0xff, 0xff, 0xff, 0xff, 0xff, 0xfe,
    0xc9, 0x61, 0x00, 0x00, 0x00, 0x00, 0x03, 0x7c,
    0xff, 0xff, 0xff, 0xa4, 0x45, 0x8d, 0xff, 0xff,
    0xb3, 0x00, 0x00, 0x00, 0x00, 0x00, 0xff, 0xff,
    0xff, 0x80, 0x00, 0x00, 0x4e, 0xff, 0xff, 0xa0,
    0x00, 0x00, 0x00, 0x00, 0xff, 0xff, 0xff, 0x80,
    0x00, 0x00, 0x01, 0xef, 0xff, 0xfd, 0x10, 0x00,
    0x00, 0x00, 0xff, 0xff, 0xff, 0x80, 0x00, 0x00,
    0x00, 0x3f, 0xff, 0xff, 0xb0, 0x00, 0x00, 0x00,
    0xff, 0xff, 0xff, 0x80, 0x00, 0x00, 0x00, 0x0a,
    0xff, 0xff, 0xf5, 0x00, 0x00, 0x00, 0xff, 0xff,
    0xff, 0x80, 0x00, 0x00, 0x00, 0x05, 0xff, 0xff,
    0xfb, 0x00, 0x00, 0x00, 0xff, 0xff, 0xff, 0x80,
    0x00, 0x00, 0x00, 0x01, 0xff, 0xff, 0xff, 0x00,
    0x00, 0x00, 0xff, 0xff, 0xff, 0x80, 0x00, 0x00,
    0x00, 0x00, 0xff, 0xff, 0xff, 0x10, 0x00, 0x00,
    0xff, 0xff, 0xff, 0x80, 0x00, 0x00, 0x00, 0x00,
    0xff, 0xff, 0xff, 0x00, 0x00, 0x00, 0xff, 0xff,
    0xff, 0x80, 0x00, 0x00, 0x00, 0x00, 0xff, 0xff,
    0xfe, 0x00, 0x00, 0x00, 0xff, 0xff, 0xff, 0x80,
    0x00, 0x00, 0x00, 0x03, 0xff, 0xff, 0xf9, 0x00,
    0x00, 0x00, 0xff, 0xff, 0xff, 0x80, 0x00, 0x00,
    0x00, 0x07, 0xff, 0xff, 0xf1, 0x00, 0x00, 0x00,
    0xff, 0xff, 0xff, 0x80, 0x00, 0x00, 0x00, 0x1e,
    0xff, 0xff, 0x40, 0x00, 0x00, 0x00, 0xff, 0xff,
    0xff, 0x80, 0x00, 0x00, 0x01, 0xcf, 0xff, 0xd3,
    0x00, 0x00, 0x00, 0x00, 0xff, 0xff, 0xff, 0x81,
    0x11, 0x23, 0x7e, 0xff, 0xc6, 0x00, 0x00, 0x00,
    0x00, 0x00, 0xff, 0xff, 0xff, 0xff, 0xff, 0xff,
    0xff, 0xff, 0xb7, 0x20, 0x00, 0x00, 0x00, 0x00,
    0xff, 0xff, 0xff, 0xa4, 0x44, 0x45, 0x7b, 0xff,
    0xff, 0xfb, 0x20, 0x00, 0x00, 0x00, 0xff, 0xff,
    0xff, 0x80, 0x00, 0x00, 0x00, 0x3d, 0xff, 0xff,
    0xf6, 0x00, 0x00, 0x00, 0xff, 0xff, 0xff, 0x80,
    0x00, 0x00, 0x00, 0x01, 0xdf, 0xff, 0xff, 0x60,
    0x00, 0x00, 0xff, 0xff, 0xff, 0x80, 0x00, 0x00,
    0x00, 0x00, 0x4f, 0xff, 0xff, 0xf1, 0x00, 0x00,
    0xff, 0xff, 0xff, 0x80, 0x00, 0x00, 0x00, 0x00,
    0x0e, 0xff, 0xff, 0xf8, 0x00, 0x00, 0xff, 0xff,
    0xff, 0x80, 0x00, 0x00, 0x00, 0x00, 0x0b, 0xff,
    0xff, 0xfc, 0x00, 0x00, 0xff, 0xff, 0xff, 0x80,
    0x00, 0x00, 0x00, 0x00, 0x0a, 0xff, 0xff, 0xfd,
    0x00, 0x00, 0xff, 0xff, 0xff, 0x80, 0x00, 0x00,
    0x00, 0x00, 0x0b, 0xff, 0xff, 0xfc, 0x00, 0x00,
    0xff, 0xff, 0xff, 0x80, 0x00, 0x00, 0x00, 0x00,
    0x0e, 0xff, 0xff, 0xf8, 0x00, 0x00, 0xff, 0xff,
    0xff, 0x80, 0x00, 0x00, 0x00, 0x00, 0x3f, 0xff,
    0xff, 0xf2, 0x00, 0x00, 0xff, 0xff, 0xff, 0x80,
    0x00, 0x00, 0x00, 0x00, 0xcf, 0xff, 0xff, 0x70,
    0x00, 0x00, 0xff, 0xff, 0xff, 0x90, 0x00, 0x00,
    0x00, 0x1b, 0xff, 0xff, 0xf8, 0x00, 0x04, 0x7c,
    0xff, 0xff, 0xff, 0xf7, 0x44, 0x44, 0x69, 0xff,
    0xff, 0xfc, 0x40, 0x00, 0x0e, 0xff, 0xff, 0xff,
    0xff, 0xff, 0xff, 0xff, 0xff, 0xfd, 0xb7, 0x30,
    0x00, 0x00,

    /* U+0043 "C" */
    0x00, 0x00, 0x00, 0x00, 0x00, 0x00, 0x46, 0x77,
    0x75, 0x10, 0x00, 0x01, 0x60, 0x00, 0x00, 0x00,
    0x00, 0x00, 0x05, 0xbf, 0xff, 0xff, 0xff, 0xfc,
    0x60, 0x0b, 0xf2, 0x00, 0x00, 0x00, 0x00, 0x04,
    0xdf, 0xff, 0xfa, 0x52, 0x23, 0x6b, 0xfd, 0xcf,
    0xf7, 0x00, 0x00, 0x00, 0x00, 0x9f, 0xff, 0xfc,
    0x20, 0x00, 0x00, 0x00, 0x2c, 0xff, 0xfb, 0x00,
    0x00, 0x00, 0x0b, 0xff, 0xff, 0xb0, 0x00, 0x00,
    0x00, 0x00, 0x00, 0xaf, 0xff, 0x00, 0x00, 0x00,
    0xaf, 0xff, 0xfd, 0x00, 0x00, 0x00, 0x00, 0x00,
    0x00, 0x0b, 0xff, 0x40, 0x00, 0x07, 0xff, 0xff,
    0xf3, 0x00, 0x00, 0x00, 0x00, 0x00, 0x00, 0x01,
    0xef, 0x80, 0x00, 0x2f, 0xff, 0xff, 0xb0, 0x00,
    0x00, 0x00, 0x00, 0x00, 0x00, 0x00, 0x6f, 0xc0,
    0x00, 0xaf, 0xff, 0xff, 0x40, 0x00, 0x00, 0x00,
    0x00, 0x00, 0x00, 0x00, 0x0d, 0xf1, 0x01, 0xff,
    0xff, 0xff, 0x00, 0x00, 0x00, 0x00, 0x00, 0x00,
    0x00, 0x00, 0x06, 0xf5, 0x07, 0xff, 0xff, 0xfb,
    0x00, 0x00, 0x00, 0x00, 0x00, 0x00, 0x00, 0x00,
    0x00, 0x82, 0x0d, 0xff, 0xff, 0xf8, 0x00, 0x00,
    0x00, 0x00, 0x00, 0x00, 0x00, 0x00, 0x00, 0x00,
    0x1f, 0xff, 0xff, 0xf6, 0x00, 0x00, 0x00, 0x00,
    0x00, 0x00, 0x00, 0x00, 0x00, 0x00, 0x3f, 0xff,
    0xff, 0xf4, 0x00, 0x00, 0x00, 0x00, 0x00, 0x00,
    0x00, 0x00, 0x00, 0x00, 0x6f, 0xff, 0xff, 0xf4,
    0x00, 0x00, 0x00, 0x00, 0x00, 0x00, 0x00, 0x00,
    0x00, 0x00, 0x7f, 0xff, 0xff, 0xf4, 0x00, 0x00,
    0x00, 0x00, 0x00, 0x00, 0x00, 0x00, 0x00, 0x00,
    0x7f, 0xff, 0xff, 0xf4, 0x00, 0x00, 0x00, 0x00,
    0x00, 0x00, 0x00, 0x00, 0x00, 0x00, 0x7f, 0xff,
    0xff, 0xf5, 0x00, 0x00, 0x00, 0x00, 0x00, 0x00,
    0x00, 0x00, 0x00, 0x00, 0x6f, 0xff, 0xff, 0xf7,
    0x00, 0x00, 0x00, 0x00, 0x00, 0x00, 0x00, 0x00,
    0x00, 0x00, 0x5f, 0xff, 0xff, 0xfa, 0x00, 0x00,
    0x00, 0x00, 0x00, 0x00, 0x00, 0x00, 0x00, 0x00,
    0x2f, 0xff, 0xff, 0xfd, 0x00, 0x00, 0x00, 0x00,
    0x00, 0x00, 0x00, 0x00, 0x00, 0x00, 0x0f, 0xff,
    0xff, 0xff, 0x10, 0x00, 0x00, 0x00, 0x00, 0x00,
    0x00, 0x00, 0x00, 0x00, 0x0a, 0xff, 0xff, 0xff,
    0x70, 0x00, 0x00, 0x00, 0x00, 0x00, 0x00, 0x00,
    0x00, 0x43, 0x05, 0xff, 0xff, 0xff, 0xe0, 0x00,
    0x00, 0x00, 0x00, 0x00, 0x00, 0x00, 0x00, 0xe6,
    0x00, 0xef, 0xff, 0xff, 0xf7, 0x00, 0x00, 0x00,
    0x00, 0x00, 0x00, 0x00, 0x05, 0xf3, 0x00, 0x6f,
    0xff, 0xff, 0xff, 0x20, 0x00, 0x00, 0x00, 0x00,
    0x00, 0x00, 0x0d, 0xe0, 0x00, 0x0c, 0xff, 0xff,
    0xff, 0xe1, 0x00, 0x00, 0x00, 0x00, 0x00, 0x00,
    0xaf, 0x70, 0x00, 0x01, 0xef, 0xff, 0xff, 0xfe,
    0x40, 0x00, 0x00, 0x00, 0x00, 0x0a, 0xfd, 0x00,
    0x00, 0x00, 0x3e, 0xff, 0xff, 0xff, 0xfb, 0x40,
    0x00, 0x00, 0x16, 0xef, 0xe2, 0x00, 0x00, 0x00,
    0x02, 0xdf, 0xff, 0xff, 0xff, 0xff, 0xcb, 0xbd,
    0xff, 0xfe, 0x30, 0x00, 0x00, 0x00, 0x00, 0x08,
    0xff, 0xff, 0xff, 0xff, 0xff, 0xff, 0xff, 0xa1,
    0x00, 0x00, 0x00, 0x00, 0x00, 0x00, 0x17, 0xdf,
    0xff, 0xff, 0xff, 0xfe, 0x93, 0x00, 0x00, 0x00,
    0x00, 0x00, 0x00, 0x00, 0x00, 0x01, 0x46, 0x77,
    0x75, 0x30, 0x00, 0x00, 0x00, 0x00,

    /* U+0044 "D" */
    0x0e, 0xff, 0xff, 0xff, 0xff, 0xff, 0xff, 0xfd,
    0xb9, 0x51, 0x00, 0x00, 0x00, 0x00, 0x00, 0x00,
    0x04, 0x7c, 0xff, 0xff, 0xff, 0xb6, 0x67, 0x9c,
    0xff, 0xff, 0xb5, 0x00, 0x00, 0x00, 0x00, 0x00,
    0x00, 0x00, 0xff, 0xff, 0xff, 0x80, 0x00, 0x00,
    0x17, 0xff, 0xff, 0xd4, 0x00, 0x00, 0x00, 0x00,
    0x00, 0x00, 0xff, 0xff, 0xff, 0x80, 0x00, 0x00,
    0x00, 0x1b, 0xff, 0xff, 0xa0, 0x00, 0x00, 0x00,
    0x00, 0x00, 0xff, 0xff, 0xff, 0x80, 0x00, 0x00,
    0x00, 0x00, 0xaf, 0xff, 0xfd, 0x10, 0x00, 0x00,
    0x00, 0x00, 0xff, 0xff, 0xff, 0x80, 0x00, 0x00,
    0x00, 0x00, 0x0c, 0xff, 0xff, 0xd1, 0x00, 0x00,
    0x00, 0x00, 0xff, 0xff, 0xff, 0x80, 0x00, 0x00,
    0x00, 0x00, 0x02, 0xff, 0xff, 0xfc, 0x00, 0x00,
    0x00, 0x00, 0xff, 0xff, 0xff, 0x80, 0x00, 0x00,
    0x00, 0x00, 0x00, 0x9f, 0xff, 0xff, 0x70, 0x00,
    0x00, 0x00, 0xff, 0xff, 0xff, 0x80, 0x00, 0x00,
    0x00, 0x00, 0x00, 0x2f, 0xff, 0xff, 0xf1, 0x00,
    0x00, 0x00, 0xff, 0xff, 0xff, 0x80, 0x00, 0x00,
    0x00, 0x00, 0x00, 0x0c, 0xff, 0xff, 0xf8, 0x00,
    0x00, 0x00, 0xff, 0xff, 0xff, 0x80, 0x00, 0x00,
    0x00, 0x00, 0x00, 0x07, 0xff, 0xff, 0xff, 0x00,
    0x00, 0x00, 0xff, 0xff, 0xff, 0x80, 0x00, 0x00,
    0x00, 0x00, 0x00, 0x03, 0xff, 0xff, 0xff, 0x40,
    0x00, 0x00, 0xff, 0xff, 0xff, 0x80, 0x00, 0x00,
    0x00, 0x00, 0x00, 0x01, 0xff, 0xff, 0xff, 0x80,
    0x00, 0x00, 0xff, 0xff, 0xff, 0x80, 0x00, 0x00,
    0x00, 0x00, 0x00, 0x00, 0xef, 0xff, 0xff, 0xc0,
    0x00, 0x00, 0xff, 0xff, 0xff, 0x80, 0x00, 0x00,
    0x00, 0x00, 0x00, 0x00, 0xdf, 0xff, 0xff, 0xe0,
    0x00, 0x00, 0xff, 0xff, 0xff, 0x80, 0x00, 0x00,
    0x00, 0x00, 0x00, 0x00, 0xcf, 0xff, 0xff, 0xf0,
    0x00, 0x00, 0xff, 0xff, 0xff, 0x80, 0x00, 0x00,
    0x00, 0x00, 0x00, 0x00, 0xcf, 0xff, 0xff, 0xf0,
    0x00, 0x00, 0xff, 0xff, 0xff, 0x80, 0x00, 0x00,
    0x00, 0x00, 0x00, 0x00, 0xcf, 0xff, 0xff, 0xf0,
    0x00, 0x00, 0xff, 0xff, 0xff, 0x80, 0x00, 0x00,
    0x00, 0x00, 0x00, 0x00, 0xdf, 0xff, 0xff, 0xf0,
    0x00, 0x00, 0xff, 0xff, 0xff, 0x80, 0x00, 0x00,
    0x00, 0x00, 0x00, 0x00, 0xef, 0xff, 0xff, 0xc0,
    0x00, 0x00, 0xff, 0xff, 0xff, 0x80, 0x00, 0x00,
    0x00, 0x00, 0x00, 0x01, 0xff, 0xff, 0xff, 0x90,
    0x00, 0x00, 0xff, 0xff, 0xff, 0x80, 0x00, 0x00,
    0x00, 0x00, 0x00, 0x04, 0xff, 0xff, 0xff, 0x50,
    0x00, 0x00, 0xff, 0xff, 0xff, 0x80, 0x00, 0x00,
    0x00, 0x00, 0x00, 0x08, 0xff, 0xff, 0xfe, 0x00,
    0x00, 0x00, 0xff, 0xff, 0xff, 0x80, 0x00, 0x00,
    0x00, 0x00, 0x00, 0x0d, 0xff, 0xff, 0xf8, 0x00,
    0x00, 0x00, 0xff, 0xff, 0xff, 0x80, 0x00, 0x00,
    0x00, 0x00, 0x00, 0x4f, 0xff, 0xff, 0xe0, 0x00,
    0x00, 0x00, 0xff, 0xff, 0xff, 0x80, 0x00, 0x00,
    0x00, 0x00, 0x00, 0xdf, 0xff, 0xff, 0x30, 0x00,
    0x00, 0x00, 0xff, 0xff, 0xff, 0x80, 0x00, 0x00,
    0x00, 0x00, 0x08, 0xff, 0xff, 0xf5, 0x00, 0x00,
    0x00, 0x00, 0xff, 0xff, 0xff, 0x80, 0x00, 0x00,
    0x00, 0x00, 0x7f, 0xff, 0xff, 0x40, 0x00, 0x00,
    0x00, 0x00, 0xff, 0xff, 0xff, 0x90, 0x00, 0x00,
    0x00, 0x3b, 0xff, 0xff, 0xb2, 0x00, 0x00, 0x00,
    0x04, 0x7c, 0xff, 0xff, 0xff, 0xf8, 0x66, 0x67,
    0x9c, 0xff, 0xff, 0xb4, 0x00, 0x00, 0x00, 0x00,
    0x0e, 0xff, 0xff, 0xff, 0xff, 0xff, 0xff, 0xff,
    0xfe, 0xc9, 0x51, 0x00, 0x00, 0x00, 0x00, 0x00,

    /* U+0045 "E" */
    0x00, 0x00, 0x00, 0x00, 0x00, 0x00, 0x00, 0x00,
    0x00, 0x00, 0x26, 0x50, 0x00, 0x0e, 0xff, 0xff,
    0xff, 0xff, 0xff, 0xff, 0xff, 0xff, 0xff, 0xff,
    0xf1, 0x00, 0x02, 0x6a, 0xff, 0xff, 0xff, 0xb5,
    0x55, 0x55, 0x57, 0xdf, 0xff, 0xf6, 0x00, 0x00,
    0x00, 0xff, 0xff, 0xff, 0x80, 0x00, 0x00, 0x00,
    0x06, 0xff, 0xfa, 0x00, 0x00, 0x00, 0xff, 0xff,
    0xff, 0x80, 0x00, 0x00, 0x00, 0x00, 0x5f, 0xfe,
    0x00, 0x00, 0x00, 0xff, 0xff, 0xff, 0x80, 0x00,
    0x00, 0x00, 0x00, 0x08, 0xff, 0x20, 0x00, 0x00,
    0xff, 0xff, 0xff, 0x80, 0x00, 0x00, 0x00, 0x00,
    0x00, 0xdf, 0x70, 0x00, 0x00, 0xff, 0xff, 0xff,
    0x80, 0x00, 0x00, 0x00, 0x00, 0x00, 0x3f, 0xb0,
    0x00, 0x00, 0xff, 0xff, 0xff, 0x80, 0x00, 0x00,
    0x00, 0x00, 0x00, 0x0a, 0xf0, 0x00, 0x00, 0xff,
    0xff, 0xff, 0x80, 0x00, 0x00, 0x00, 0x00, 0x00,
    0x00, 0x30, 0x00, 0x00, 0xff, 0xff, 0xff, 0x80,
    0x00, 0x00, 0x00, 0x00, 0x00, 0x00, 0x00, 0x00,
    0x00, 0xff, 0xff, 0xff, 0x80, 0x00, 0x00, 0x00,
    0x89, 0x00, 0x00, 0x00, 0x00, 0x00, 0xff, 0xff,
    0xff, 0x80, 0x00, 0x00, 0x00, 0xce, 0x00, 0x00,
    0x00, 0x00, 0x00, 0xff, 0xff, 0xff, 0x80, 0x00,
    0x00, 0x00, 0xff, 0x20, 0x00, 0x00, 0x00, 0x00,
    0xff, 0xff, 0xff, 0x80, 0x00, 0x00, 0x07, 0xff,
    0x60, 0x00, 0x00, 0x00, 0x00, 0xff, 0xff, 0xff,
    0xc8, 0x88, 0x88, 0xcf, 0xff, 0xa0, 0x00, 0x00,
    0x00, 0x00, 0xff, 0xff, 0xff, 0xff, 0xff, 0xff,
    0xff, 0xff, 0xe0, 0x00, 0x00, 0x00, 0x00, 0xff,
    0xff, 0xff, 0x91, 0x11, 0x11, 0x15, 0xcf, 0xf2,
    0x00, 0x00, 0x00, 0x00, 0xff, 0xff, 0xff, 0x80,
    0x00, 0x00, 0x00, 0x0c, 0xf6, 0x00, 0x00, 0x00,
    0x00, 0xff, 0xff, 0xff, 0x80, 0x00, 0x00, 0x00,
    0x01, 0xea, 0x00, 0x00, 0x00, 0x00, 0xff, 0xff,
    0xff, 0x80, 0x00, 0x00, 0x00, 0x00, 0x34, 0x00,
    0x00, 0x00, 0x00, 0xff, 0xff, 0xff, 0x80, 0x00,
    0x00, 0x00, 0x00, 0x00, 0x00, 0x00, 0x00, 0x00,
    0xff, 0xff, 0xff, 0x80, 0x00, 0x00, 0x00, 0x00,
    0x00, 0x00, 0x88, 0x00, 0x00, 0xff, 0xff, 0xff,
    0x80, 0x00, 0x00, 0x00, 0x00, 0x00, 0x02, 0xf9,
    0x00, 0x00, 0xff, 0xff, 0xff, 0x80, 0x00, 0x00,
    0x00, 0x00, 0x00, 0x0a, 0xf5, 0x00, 0x00, 0xff,
    0xff, 0xff, 0x80, 0x00, 0x00, 0x00, 0x00, 0x00,
    0x3f, 0xf2, 0x00, 0x00, 0xff, 0xff, 0xff, 0x80,
    0x00, 0x00, 0x00, 0x00, 0x00, 0xcf, 0xe0, 0x00,
    0x00, 0xff, 0xff, 0xff, 0x80, 0x00, 0x00, 0x00,
    0x00, 0x06, 0xff, 0xa0, 0x00, 0x00, 0xff, 0xff,
    0xff, 0x80, 0x00, 0x00, 0x00, 0x00, 0x3f, 0xff,
    0x60, 0x00, 0x00, 0xff, 0xff, 0xff, 0xa0, 0x00,
    0x00, 0x00, 0x04, 0xef, 0xff, 0x20, 0x04, 0x7c,
    0xff, 0xff, 0xff, 0xf9, 0x66, 0x66, 0x68, 0xcf,
    0xff, 0xfe, 0x00, 0x0e, 0xff, 0xff, 0xff, 0xff,
    0xff, 0xff, 0xff, 0xff, 0xff, 0xff, 0xf9, 0x00,
    0x00, 0x00, 0x00, 0x00, 0x00, 0x00, 0x00, 0x00,
    0x00, 0x00, 0x04, 0x71, 0x00,

    /* U+0046 "F" */
    0x00, 0x00, 0x00, 0x00, 0x00, 0x00, 0x00, 0x00,
    0x00, 0x02, 0x65, 0x00, 0x0e, 0xff, 0xff, 0xff,
    0xff, 0xff, 0xff, 0xff, 0xff, 0xff, 0xff, 0x00,
    0x04, 0x8c, 0xff, 0xff, 0xff, 0xb7, 0x77, 0x77,
    0x9e, 0xff, 0xff, 0x40, 0x00, 0x00, 0xff, 0xff,
    0xff, 0x80, 0x00, 0x00, 0x00, 0x7f, 0xff, 0x80,
    0x00, 0x00, 0xff, 0xff, 0xff, 0x80, 0x00, 0x00,
    0x00, 0x06, 0xff, 0xd0, 0x00, 0x00, 0xff, 0xff,
    0xff, 0x80, 0x00, 0x00, 0x00, 0x00, 0x9f, 0xf1,
    0x00, 0x00, 0xff, 0xff, 0xff, 0x80, 0x00, 0x00,
    0x00, 0x00, 0x0e, 0xf5, 0x00, 0x00, 0xff, 0xff,
    0xff, 0x80, 0x00, 0x00, 0x00, 0x00, 0x05, 0xf9,
    0x00, 0x00, 0xff, 0xff, 0xff, 0x80, 0x00, 0x00,
    0x00, 0x00, 0x00, 0xcd, 0x00, 0x00, 0xff, 0xff,
    0xff, 0x80, 0x00, 0x00, 0x00, 0x00, 0x00, 0x24,
    0x00, 0x00, 0xff, 0xff, 0xff, 0x80, 0x00, 0x00,
    0x00, 0x00, 0x00, 0x00, 0x00, 0x00, 0xff, 0xff,
    0xff, 0x80, 0x00, 0x00, 0x00, 0x00, 0x00, 0x00,
    0x00, 0x00, 0xff, 0xff, 0xff, 0x80, 0x00, 0x00,
    0x00, 0x53, 0x00, 0x00, 0x00, 0x00, 0xff, 0xff,
    0xff, 0x80, 0x00, 0x00, 0x00, 0xda, 0x00, 0x00,
    0x00, 0x00, 0xff, 0xff, 0xff, 0x80, 0x00, 0x00,
    0x02, 0xfe, 0x00, 0x00, 0x00, 0x00, 0xff, 0xff,
    0xff, 0x80, 0x00, 0x00, 0x0a, 0xff, 0x20, 0x00,
    0x00, 0x00, 0xff, 0xff, 0xff, 0xda, 0xaa, 0xab,
    0xef, 0xff, 0x60, 0x00, 0x00, 0x00, 0xff, 0xff,
    0xff, 0xec, 0xcc, 0xcc, 0xdf, 0xff, 0xa0, 0x00,
    0x00, 0x00, 0xff, 0xff, 0xff, 0x80, 0x00, 0x00,
    0x02, 0xcf, 0xd0, 0x00, 0x00, 0x00, 0xff, 0xff,
    0xff, 0x80, 0x00, 0x00, 0x00, 0x1d, 0xf1, 0x00,
    0x00, 0x00, 0xff, 0xff, 0xff, 0x80, 0x00, 0x00,
    0x00, 0x03, 0xf4, 0x00, 0x00, 0x00, 0xff, 0xff,
    0xff, 0x80, 0x00, 0x00, 0x00, 0x00, 0x10, 0x00,
    0x00, 0x00, 0xff, 0xff, 0xff, 0x80, 0x00, 0x00,
    0x00, 0x00, 0x00, 0x00, 0x00, 0x00, 0xff, 0xff,
    0xff, 0x80, 0x00, 0x00, 0x00, 0x00, 0x00, 0x00,
    0x00, 0x00, 0xff, 0xff, 0xff, 0x80, 0x00, 0x00,
    0x00, 0x00, 0x00, 0x00, 0x00, 0x00, 0xff, 0xff,
    0xff, 0x80, 0x00, 0x00, 0x00, 0x00, 0x00, 0x00,
    0x00, 0x00, 0xff, 0xff, 0xff, 0x80, 0x00, 0x00,
    0x00, 0x00, 0x00, 0x00, 0x00, 0x00, 0xff, 0xff,
    0xff, 0x80, 0x00, 0x00, 0x00, 0x00, 0x00, 0x00,
    0x00, 0x00, 0xff, 0xff, 0xff, 0x80, 0x00, 0x00,
    0x00, 0x00, 0x00, 0x00, 0x00, 0x00, 0xff, 0xff,
    0xff, 0x90, 0x00, 0x00, 0x00, 0x00, 0x00, 0x00,
    0x03, 0x7c, 0xff, 0xff, 0xff, 0xf9, 0x75, 0x10,
    0x00, 0x00, 0x00, 0x00, 0x0e, 0xff, 0xff, 0xff,
    0xff, 0xff, 0xff, 0x70, 0x00, 0x00, 0x00, 0x00,

    /* U+0047 "G" */
    0x00, 0x00, 0x00, 0x00, 0x00, 0x00, 0x25, 0x77,
    0x76, 0x40, 0x00, 0x00, 0x16, 0x00, 0x00, 0x00,
    0x00, 0x00, 0x00, 0x00, 0x39, 0xef, 0xff, 0xff,
    0xff, 0xfa, 0x20, 0x1d, 0xf3, 0x00, 0x00, 0x00,
    0x00, 0x00, 0x02, 0xbf, 0xff, 0xf8, 0x30, 0x01,
    0x38, 0xef, 0xbe, 0xff, 0x60, 0x00, 0x00, 0x00,
    0x00, 0x06, 0xff, 0xff, 0xb1, 0x00, 0x00, 0x00,
    0x00, 0x7f, 0xff, 0xfa, 0x00, 0x00, 0x00, 0x00,
    0x08, 0xff, 0xff, 0x90, 0x00, 0x00, 0x00, 0x00,
    0x00, 0x3e, 0xff, 0xe0, 0x00, 0x00, 0x00, 0x08,
    0xff, 0xff, 0xc0, 0x00, 0x00, 0x00, 0x00, 0x00,
    0x00, 0x3f, 0xff, 0x10, 0x00, 0x00, 0x04, 0xff,
    0xff, 0xf2, 0x00, 0x00, 0x00, 0x00, 0x00, 0x00,
    0x00, 0x6f, 0xf5, 0x00, 0x00, 0x01, 0xef, 0xff,
    0xfa, 0x00, 0x00, 0x00, 0x00, 0x00, 0x00, 0x00,
    0x00, 0xcf, 0x90, 0x00, 0x00, 0x8f, 0xff, 0xff,
    0x30, 0x00, 0x00, 0x00, 0x00, 0x00, 0x00, 0x00,
    0x03, 0xfc, 0x00, 0x00, 0x1f, 0xff, 0xff, 0xe0,
    0x00, 0x00, 0x00, 0x00, 0x00, 0x00, 0x00, 0x00,
    0x0b, 0xf0, 0x00, 0x06, 0xff, 0xff, 0xfa, 0x00,
    0x00, 0x00, 0x00, 0x00, 0x00, 0x00, 0x00, 0x00,
    0x4e, 0x10, 0x00, 0xcf, 0xff, 0xff, 0x70, 0x00,
    0x00, 0x00, 0x00, 0x00, 0x00, 0x00, 0x00, 0x00,
    0x00, 0x00, 0x0f, 0xff, 0xff, 0xf5, 0x00, 0x00,
    0x00, 0x00, 0x00, 0x00, 0x00, 0x00, 0x00, 0x00,
    0x00, 0x03, 0xff, 0xff, 0xff, 0x30, 0x00, 0x00,
    0x00, 0x00, 0x00, 0x00, 0x00, 0x00, 0x00, 0x00,
    0x00, 0x5f, 0xff, 0xff, 0xf2, 0x00, 0x00, 0x00,
    0x00, 0x00, 0x00, 0x00, 0x00, 0x00, 0x00, 0x00,
    0x07, 0xff, 0xff, 0xff, 0x20, 0x00, 0x00, 0x00,
    0x00, 0x00, 0x00, 0x00, 0x00, 0x00, 0x00, 0x00,
    0x7f, 0xff, 0xff, 0xf2, 0x00, 0x00, 0x00, 0x00,
    0x00, 0x00, 0x00, 0x00, 0x00, 0x00, 0x00, 0x07,
    0xff, 0xff, 0xff, 0x30, 0x00, 0x00, 0x00, 0x00,
    0x01, 0x22, 0x22, 0x22, 0x22, 0x22, 0x10, 0x6f,
    0xff, 0xff, 0xf4, 0x00, 0x00, 0x00, 0x00, 0x00,
    0xff, 0xff, 0xff, 0xff, 0xff, 0xff, 0x15, 0xff,
    0xff, 0xff, 0x60, 0x00, 0x00, 0x00, 0x00, 0x01,
    0x36, 0xdf, 0xff, 0xff, 0xd5, 0x10, 0x2f, 0xff,
    0xff, 0xf9, 0x00, 0x00, 0x00, 0x00, 0x00, 0x00,
    0x05, 0xff, 0xff, 0xf8, 0x00, 0x00, 0xef, 0xff,
    0xff, 0xc0, 0x00, 0x00, 0x00, 0x00, 0x00, 0x00,
    0x5f, 0xff, 0xff, 0x80, 0x00, 0x0a, 0xff, 0xff,
    0xff, 0x10, 0x00, 0x00, 0x00, 0x00, 0x00, 0x05,
    0xff, 0xff, 0xf8, 0x00, 0x00, 0x4f, 0xff, 0xff,
    0xf6, 0x00, 0x00, 0x00, 0x00, 0x00, 0x00, 0x5f,
    0xff, 0xff, 0x80, 0x00, 0x00, 0xdf, 0xff, 0xff,
    0xd0, 0x00, 0x00, 0x00, 0x00, 0x00, 0x05, 0xff,
    0xff, 0xf8, 0x00, 0x00, 0x05, 0xff, 0xff, 0xff,
    0x60, 0x00, 0x00, 0x00, 0x00, 0x00, 0x5f, 0xff,
    0xff, 0x80, 0x00, 0x00, 0x0b, 0xff, 0xff, 0xfe,
    0x10, 0x00, 0x00, 0x00, 0x00, 0x05, 0xff, 0xff,
    0xf8, 0x00, 0x00, 0x00, 0x1e, 0xff, 0xff, 0xfc,
    0x00, 0x00, 0x00, 0x00, 0x00, 0x6f, 0xff, 0xff,
    0x80, 0x00, 0x00, 0x00, 0x2e, 0xff, 0xff, 0xfc,
    0x20, 0x00, 0x00, 0x00, 0x0b, 0xff, 0xff, 0xf8,
    0x00, 0x00, 0x00, 0x00, 0x2d, 0xff, 0xff, 0xff,
    0x71, 0x00, 0x00, 0x2a, 0xff, 0xff, 0xff, 0x80,
    0x00, 0x00, 0x00, 0x00, 0x08, 0xff, 0xff, 0xff,
    0xfd, 0xba, 0xcf, 0xfa, 0x37, 0xff, 0xf8, 0x00,
    0x00, 0x00, 0x00, 0x00, 0x01, 0x7d, 0xff, 0xff,
    0xff, 0xff, 0xb3, 0x00, 0x03, 0xdf, 0x80, 0x00,
    0x00, 0x00, 0x00, 0x00, 0x00, 0x01, 0x46, 0x77,
    0x74, 0x10, 0x00, 0x00, 0x00, 0x62, 0x00, 0x00,

    /* U+0048 "H" */
    0xef, 0xff, 0xff, 0xff, 0xff, 0xff, 0x90, 0x00,
    0x00, 0x1f, 0xff, 0xff, 0xff, 0xff, 0xff, 0xf6,
    0x38, 0xcf, 0xff, 0xff, 0xff, 0xa6, 0x20, 0x00,
    0x00, 0x04, 0x8d, 0xff, 0xff, 0xff, 0xf9, 0x61,
    0x00, 0x0e, 0xff, 0xff, 0xfa, 0x00, 0x00, 0x00,
    0x00, 0x00, 0x01, 0xff, 0xff, 0xff, 0x70, 0x00,
    0x00, 0x0e, 0xff, 0xff, 0xf9, 0x00, 0x00, 0x00,
    0x00, 0x00, 0x01, 0xff, 0xff, 0xff, 0x60, 0x00,
    0x00, 0x0e, 0xff, 0xff, 0xf9, 0x00, 0x00, 0x00,
    0x00, 0x00, 0x01, 0xff, 0xff, 0xff, 0x60, 0x00,
    0x00, 0x0e, 0xff, 0xff, 0xf9, 0x00, 0x00, 0x00,
    0x00, 0x00, 0x01, 0xff, 0xff, 0xff, 0x60, 0x00,
    0x00, 0x0e, 0xff, 0xff, 0xf9, 0x00, 0x00, 0x00,
    0x00, 0x00, 0x01, 0xff, 0xff, 0xff, 0x60, 0x00,
    0x00, 0x0e, 0xff, 0xff, 0xf9, 0x00, 0x00, 0x00,
    0x00, 0x00, 0x01, 0xff, 0xff, 0xff, 0x60, 0x00,
    0x00, 0x0e, 0xff, 0xff, 0xf9, 0x00, 0x00, 0x00,
    0x00, 0x00, 0x01, 0xff, 0xff, 0xff, 0x60, 0x00,
    0x00, 0x0e, 0xff, 0xff, 0xf9, 0x00, 0x00, 0x00,
    0x00, 0x00, 0x01, 0xff, 0xff, 0xff, 0x60, 0x00,
    0x00, 0x0e, 0xff, 0xff, 0xf9, 0x00, 0x00, 0x00,
    0x00, 0x00, 0x01, 0xff, 0xff, 0xff, 0x60, 0x00,
    0x00, 0x0e, 0xff, 0xff, 0xf9, 0x00, 0x00, 0x00,
    0x00, 0x00, 0x01, 0xff, 0xff, 0xff, 0x60, 0x00,
    0x00, 0x0e, 0xff, 0xff, 0xf9, 0x00, 0x00, 0x00,
    0x00, 0x00, 0x01, 0xff, 0xff, 0xff, 0x60, 0x00,
    0x00, 0x0e, 0xff, 0xff, 0xf9, 0x00, 0x00, 0x00,
    0x00, 0x00, 0x01, 0xff, 0xff, 0xff, 0x60, 0x00,
    0x00, 0x0e, 0xff, 0xff, 0xf9, 0x00, 0x00, 0x00,
    0x00, 0x00, 0x01, 0xff, 0xff, 0xff, 0x60, 0x00,
    0x00, 0x0e, 0xff, 0xff, 0xfa, 0x22, 0x22, 0x22,
    0x22, 0x22, 0x23, 0xff, 0xff, 0xff, 0x60, 0x00,
    0x00, 0x0e, 0xff, 0xff, 0xff, 0xff, 0xff, 0xff,
    0xff, 0xff, 0xff, 0xff, 0xff, 0xff, 0x60, 0x00,
    0x00, 0x0e, 0xff, 0xff, 0xfb, 0x55, 0x55, 0x55,
    0x55, 0x55, 0x56, 0xff, 0xff, 0xff, 0x60, 0x00,
    0x00, 0x0e, 0xff, 0xff, 0xf9, 0x00, 0x00, 0x00,
    0x00, 0x00, 0x01, 0xff, 0xff, 0xff, 0x60, 0x00,
    0x00, 0x0e, 0xff, 0xff, 0xf9, 0x00, 0x00, 0x00,
    0x00, 0x00, 0x01, 0xff, 0xff, 0xff, 0x60, 0x00,
    0x00, 0x0e, 0xff, 0xff, 0xf9, 0x00, 0x00, 0x00,
    0x00, 0x00, 0x01, 0xff, 0xff, 0xff, 0x60, 0x00,
    0x00, 0x0e, 0xff, 0xff, 0xf9, 0x00, 0x00, 0x00,
    0x00, 0x00, 0x01, 0xff, 0xff, 0xff, 0x60, 0x00,
    0x00, 0x0e, 0xff, 0xff, 0xf9, 0x00, 0x00, 0x00,
    0x00, 0x00, 0x01, 0xff, 0xff, 0xff, 0x60, 0x00,
    0x00, 0x0e, 0xff, 0xff, 0xf9, 0x00, 0x00, 0x00,
    0x00, 0x00, 0x01, 0xff, 0xff, 0xff, 0x60, 0x00,
    0x00, 0x0e, 0xff, 0xff, 0xf9, 0x00, 0x00, 0x00,
    0x00, 0x00, 0x01, 0xff, 0xff, 0xff, 0x60, 0x00,
    0x00, 0x0e, 0xff, 0xff, 0xf9, 0x00, 0x00, 0x00,
    0x00, 0x00, 0x01, 0xff, 0xff, 0xff, 0x60, 0x00,
    0x00, 0x0e, 0xff, 0xff, 0xf9, 0x00, 0x00, 0x00,
    0x00, 0x00, 0x01, 0xff, 0xff, 0xff, 0x60, 0x00,
    0x00, 0x0e, 0xff, 0xff, 0xf9, 0x00, 0x00, 0x00,
    0x00, 0x00, 0x01, 0xff, 0xff, 0xff, 0x60, 0x00,
    0x00, 0x0e, 0xff, 0xff, 0xfa, 0x00, 0x00, 0x00,
    0x00, 0x00, 0x01, 0xff, 0xff, 0xff, 0x70, 0x00,
    0x37, 0xcf, 0xff, 0xff, 0xff, 0xa6, 0x10, 0x00,
    0x00, 0x04, 0x8d, 0xff, 0xff, 0xff, 0xf9, 0x51,
    0xef, 0xff, 0xff, 0xff, 0xff, 0xff, 0x90, 0x00,
    0x00, 0x1f, 0xff, 0xff, 0xff, 0xff, 0xff, 0xf6,

    /* U+0049 "I" */
    0x0e, 0xff, 0xff, 0xff, 0xff, 0xff, 0xf8, 0x03,
    0x7c, 0xff, 0xff, 0xff, 0xfa, 0x61, 0x00, 0x00,
    0xff, 0xff, 0xff, 0x90, 0x00, 0x00, 0x00, 0xff,
    0xff, 0xff, 0x80, 0x00, 0x00, 0x00, 0xff, 0xff,
    0xff, 0x80, 0x00, 0x00, 0x00, 0xff, 0xff, 0xff,
    0x80, 0x00, 0x00, 0x00, 0xff, 0xff, 0xff, 0x80,
    0x00, 0x00, 0x00, 0xff, 0xff, 0xff, 0x80, 0x00,
    0x00, 0x00, 0xff, 0xff, 0xff, 0x80, 0x00, 0x00,
    0x00, 0xff, 0xff, 0xff, 0x80, 0x00, 0x00, 0x00,
    0xff, 0xff, 0xff, 0x80, 0x00, 0x00, 0x00, 0xff,
    0xff, 0xff, 0x80, 0x00, 0x00, 0x00, 0xff, 0xff,
    0xff, 0x80, 0x00, 0x00, 0x00, 0xff, 0xff, 0xff,
    0x80, 0x00, 0x00, 0x00, 0xff, 0xff, 0xff, 0x80,
    0x00, 0x00, 0x00, 0xff, 0xff, 0xff, 0x80, 0x00,
    0x00, 0x00, 0xff, 0xff, 0xff, 0x80, 0x00, 0x00,
    0x00, 0xff, 0xff, 0xff, 0x80, 0x00, 0x00, 0x00,
    0xff, 0xff, 0xff, 0x80, 0x00, 0x00, 0x00, 0xff,
    0xff, 0xff, 0x80, 0x00, 0x00, 0x00, 0xff, 0xff,
    0xff, 0x80, 0x00, 0x00, 0x00, 0xff, 0xff, 0xff,
    0x80, 0x00, 0x00, 0x00, 0xff, 0xff, 0xff, 0x80,
    0x00, 0x00, 0x00, 0xff, 0xff, 0xff, 0x80, 0x00,
    0x00, 0x00, 0xff, 0xff, 0xff, 0x80, 0x00, 0x00,
    0x00, 0xff, 0xff, 0xff, 0x80, 0x00, 0x00, 0x00,
    0xff, 0xff, 0xff, 0x80, 0x00, 0x00, 0x00, 0xff,
    0xff, 0xff, 0x80, 0x00, 0x00, 0x00, 0xff, 0xff,
    0xff, 0x90, 0x00, 0x04, 0x7c, 0xff, 0xff, 0xff,
    0xfa, 0x61, 0x0e, 0xff, 0xff, 0xff, 0xff, 0xff,
    0xf8,

    /* U+004A "J" */
    0x00, 0x00, 0x9f, 0xff, 0xff, 0xff, 0xff, 0xff,
    0xf1, 0x00, 0x00, 0x27, 0x9e, 0xff, 0xff, 0xff,
    0xd8, 0x40, 0x00, 0x00, 0x00, 0x07, 0xff, 0xff,
    0xff, 0x10, 0x00, 0x00, 0x00, 0x00, 0x07, 0xff,
    0xff, 0xff, 0x10, 0x00, 0x00, 0x00, 0x00, 0x07,
    0xff, 0xff, 0xff, 0x10, 0x00, 0x00, 0x00, 0x00,
    0x07, 0xff, 0xff, 0xff, 0x10, 0x00, 0x00, 0x00,
    0x00, 0x07, 0xff, 0xff, 0xff, 0x10, 0x00, 0x00,
    0x00, 0x00, 0x07, 0xff, 0xff, 0xff, 0x10, 0x00,
    0x00, 0x00, 0x00, 0x07, 0xff, 0xff, 0xff, 0x10,
    0x00, 0x00, 0x00, 0x00, 0x07, 0xff, 0xff, 0xff,
    0x10, 0x00, 0x00, 0x00, 0x00, 0x07, 0xff, 0xff,
    0xff, 0x10, 0x00, 0x00, 0x00, 0x00, 0x07, 0xff,
    0xff, 0xff, 0x10, 0x00, 0x00, 0x00, 0x00, 0x07,
    0xff, 0xff, 0xff, 0x10, 0x00, 0x00, 0x00, 0x00,
    0x07, 0xff, 0xff, 0xff, 0x10, 0x00, 0x00, 0x00,
    0x00, 0x07, 0xff, 0xff, 0xff, 0x10, 0x00, 0x00,
    0x00, 0x00, 0x07, 0xff, 0xff, 0xff, 0x10, 0x00,
    0x00, 0x00, 0x00, 0x07, 0xff, 0xff, 0xff, 0x10,
    0x00, 0x00, 0x00, 0x00, 0x06, 0xff, 0xff, 0xff,
    0x10, 0x00, 0x00, 0x00, 0x00, 0x05, 0xff, 0xff,
    0xff, 0x30, 0x00, 0x00, 0x00, 0x00, 0x02, 0xff,
    0xff, 0xff, 0x60, 0x00, 0x00, 0x00, 0x00, 0x00,
    0xef, 0xff, 0xff, 0xb0, 0x00, 0x00, 0x00, 0x00,
    0x00, 0x8f, 0xff, 0xff, 0xf1, 0x00, 0x00, 0x00,
    0x00, 0x00, 0x1f, 0xff, 0xff, 0xf7, 0x00, 0x07,
    0xde, 0x80, 0x00, 0x07, 0xff, 0xff, 0xfd, 0x00,
    0x5f, 0xff, 0xf6, 0x00, 0x00, 0xef, 0xff, 0xff,
    0x10, 0xbf, 0xff, 0xfb, 0x00, 0x00, 0x6f, 0xff,
    0xff, 0x20, 0xcf, 0xff, 0xfc, 0x00, 0x00, 0x2f,
    0xff, 0xff, 0x00, 0xaf, 0xff, 0xfc, 0x00, 0x00,
    0x1f, 0xff, 0xfc, 0x00, 0x4f, 0xff, 0xfd, 0x00,
    0x00, 0x4f, 0xff, 0xf3, 0x00, 0x07, 0xff, 0xff,
    0x40, 0x01, 0xdf, 0xff, 0x50, 0x00, 0x00, 0x4c,
    0xff, 0xfc, 0xcf, 0xff, 0xa2, 0x00, 0x00, 0x00,
    0x00, 0x25, 0x77, 0x76, 0x30, 0x00, 0x00, 0x00,

    /* U+004B "K" */
    0x0e, 0xff, 0xff, 0xff, 0xff, 0xff, 0xf8, 0x00,
    0x00, 0x00, 0xef, 0xff, 0xff, 0xff, 0xff, 0x50,
    0x03, 0x7c, 0xff, 0xff, 0xff, 0xfa, 0x61, 0x00,
    0x00, 0x00, 0x48, 0xef, 0xff, 0xff, 0xd6, 0x00,
    0x00, 0x00, 0xff, 0xff, 0xff, 0x90, 0x00, 0x00,
    0x00, 0x00, 0x00, 0x2f, 0xff, 0xf7, 0x00, 0x00,
    0x00, 0x00, 0xff, 0xff, 0xff, 0x80, 0x00, 0x00,
    0x00, 0x00, 0x00, 0x0f, 0xff, 0x40, 0x00, 0x00,
    0x00, 0x00, 0xff, 0xff, 0xff, 0x80, 0x00, 0x00,
    0x00, 0x00, 0x00, 0x6f, 0xf3, 0x00, 0x00, 0x00,
    0x00, 0x00, 0xff, 0xff, 0xff, 0x80, 0x00, 0x00,
    0x00, 0x00, 0x02, 0xff, 0x30, 0x00, 0x00, 0x00,
    0x00, 0x00, 0xff, 0xff, 0xff, 0x80, 0x00, 0x00,
    0x00, 0x00, 0x2e, 0xf3, 0x00, 0x00, 0x00, 0x00,
    0x00, 0x00, 0xff, 0xff, 0xff, 0x80, 0x00, 0x00,
    0x00, 0x01, 0xdf, 0x40, 0x00, 0x00, 0x00, 0x00,
    0x00, 0x00, 0xff, 0xff, 0xff, 0x80, 0x00, 0x00,
    0x00, 0x1d, 0xf4, 0x00, 0x00, 0x00, 0x00, 0x00,
    0x00, 0x00, 0xff, 0xff, 0xff, 0x80, 0x00, 0x00,
    0x00, 0xcf, 0x50, 0x00, 0x00, 0x00, 0x00, 0x00,
    0x00, 0x00, 0xff, 0xff, 0xff, 0x80, 0x00, 0x00,
    0x0b, 0xf6, 0x00, 0x00, 0x00, 0x00, 0x00, 0x00,
    0x00, 0x00, 0xff, 0xff, 0xff, 0x80, 0x00, 0x00,
    0xaf, 0xf7, 0x00, 0x00, 0x00, 0x00, 0x00, 0x00,
    0x00, 0x00, 0xff, 0xff, 0xff, 0x80, 0x00, 0x09,
    0xff, 0xff, 0x10, 0x00, 0x00, 0x00, 0x00, 0x00,
    0x00, 0x00, 0xff, 0xff, 0xff, 0x80, 0x00, 0x8f,
    0xff, 0xff, 0xa0, 0x00, 0x00, 0x00, 0x00, 0x00,
    0x00, 0x00, 0xff, 0xff, 0xff, 0x80, 0x07, 0xff,
    0xff, 0xff, 0xf3, 0x00, 0x00, 0x00, 0x00, 0x00,
    0x00, 0x00, 0xff, 0xff, 0xff, 0x80, 0x6f, 0xef,
    0xff, 0xff, 0xfc, 0x00, 0x00, 0x00, 0x00, 0x00,
    0x00, 0x00, 0xff, 0xff, 0xff, 0x85, 0xfa, 0x1f,
    0xff, 0xff, 0xff, 0x60, 0x00, 0x00, 0x00, 0x00,
    0x00, 0x00, 0xff, 0xff, 0xff, 0xcf, 0xa0, 0x07,
    0xff, 0xff, 0xff, 0xe0, 0x00, 0x00, 0x00, 0x00,
    0x00, 0x00, 0xff, 0xff, 0xff, 0xfb, 0x00, 0x00,
    0xdf, 0xff, 0xff, 0xf8, 0x00, 0x00, 0x00, 0x00,
    0x00, 0x00, 0xff, 0xff, 0xff, 0xc0, 0x00, 0x00,
    0x4f, 0xff, 0xff, 0xff, 0x20, 0x00, 0x00, 0x00,
    0x00, 0x00, 0xff, 0xff, 0xff, 0x80, 0x00, 0x00,
    0x0b, 0xff, 0xff, 0xff, 0xb0, 0x00, 0x00, 0x00,
    0x00, 0x00, 0xff, 0xff, 0xff, 0x80, 0x00, 0x00,
    0x02, 0xff, 0xff, 0xff, 0xf4, 0x00, 0x00, 0x00,
    0x00, 0x00, 0xff, 0xff, 0xff, 0x80, 0x00, 0x00,
    0x00, 0x9f, 0xff, 0xff, 0xfd, 0x00, 0x00, 0x00,
    0x00, 0x00, 0xff, 0xff, 0xff, 0x80, 0x00, 0x00,
    0x00, 0x1e, 0xff, 0xff, 0xff, 0x60, 0x00, 0x00,
    0x00, 0x00, 0xff, 0xff, 0xff, 0x80, 0x00, 0x00,
    0x00, 0x06, 0xff, 0xff, 0xff, 0xe1, 0x00, 0x00,
    0x00, 0x00, 0xff, 0xff, 0xff, 0x80, 0x00, 0x00,
    0x00, 0x00, 0xdf, 0xff, 0xff, 0xf9, 0x00, 0x00,
    0x00, 0x00, 0xff, 0xff, 0xff, 0x80, 0x00, 0x00,
    0x00, 0x00, 0x4f, 0xff, 0xff, 0xff, 0x20, 0x00,
    0x00, 0x00, 0xff, 0xff, 0xff, 0x80, 0x00, 0x00,
    0x00, 0x00, 0x0b, 0xff, 0xff, 0xff, 0xc0, 0x00,
    0x00, 0x00, 0xff, 0xff, 0xff, 0x90, 0x00, 0x00,
    0x00, 0x00, 0x03, 0xff, 0xff, 0xff, 0xf6, 0x00,
    0x03, 0x7c, 0xff, 0xff, 0xff, 0xf9, 0x61, 0x00,
    0x00, 0x01, 0x69, 0xff, 0xff, 0xff, 0xff, 0x93,
    0x0e, 0xff, 0xff, 0xff, 0xff, 0xff, 0xf6, 0x00,
    0x00, 0x06, 0xff, 0xff, 0xff, 0xff, 0xff, 0xfd,

    /* U+004C "L" */
    0x0e, 0xff, 0xff, 0xff, 0xff, 0xff, 0xf8, 0x00,
    0x00, 0x00, 0x00, 0x00, 0x00, 0x37, 0xcf, 0xff,
    0xff, 0xff, 0xa6, 0x10, 0x00, 0x00, 0x00, 0x00,
    0x00, 0x00, 0x00, 0xff, 0xff, 0xff, 0x90, 0x00,
    0x00, 0x00, 0x00, 0x00, 0x00, 0x00, 0x00, 0x0f,
    0xff, 0xff, 0xf8, 0x00, 0x00, 0x00, 0x00, 0x00,
    0x00, 0x00, 0x00, 0x00, 0xff, 0xff, 0xff, 0x80,
    0x00, 0x00, 0x00, 0x00, 0x00, 0x00, 0x00, 0x00,
    0x0f, 0xff, 0xff, 0xf8, 0x00, 0x00, 0x00, 0x00,
    0x00, 0x00, 0x00, 0x00, 0x00, 0xff, 0xff, 0xff,
    0x80, 0x00, 0x00, 0x00, 0x00, 0x00, 0x00, 0x00,
    0x00, 0x0f, 0xff, 0xff, 0xf8, 0x00, 0x00, 0x00,
    0x00, 0x00, 0x00, 0x00, 0x00, 0x00, 0xff, 0xff,
    0xff, 0x80, 0x00, 0x00, 0x00, 0x00, 0x00, 0x00,
    0x00, 0x00, 0x0f, 0xff, 0xff, 0xf8, 0x00, 0x00,
    0x00, 0x00, 0x00, 0x00, 0x00, 0x00, 0x00, 0xff,
    0xff, 0xff, 0x80, 0x00, 0x00, 0x00, 0x00, 0x00,
    0x00, 0x00, 0x00, 0x0f, 0xff, 0xff, 0xf8, 0x00,
    0x00, 0x00, 0x00, 0x00, 0x00, 0x00, 0x00, 0x00,
    0xff, 0xff, 0xff, 0x80, 0x00, 0x00, 0x00, 0x00,
    0x00, 0x00, 0x00, 0x00, 0x0f, 0xff, 0xff, 0xf8,
    0x00, 0x00, 0x00, 0x00, 0x00, 0x00, 0x00, 0x00,
    0x00, 0xff, 0xff, 0xff, 0x80, 0x00, 0x00, 0x00,
    0x00, 0x00, 0x00, 0x00, 0x00, 0x0f, 0xff, 0xff,
    0xf8, 0x00, 0x00, 0x00, 0x00, 0x00, 0x00, 0x00,
    0x00, 0x00, 0xff, 0xff, 0xff, 0x80, 0x00, 0x00,
    0x00, 0x00, 0x00, 0x00, 0x00, 0x00, 0x0f, 0xff,
    0xff, 0xf8, 0x00, 0x00, 0x00, 0x00, 0x00, 0x00,
    0x00, 0x00, 0x00, 0xff, 0xff, 0xff, 0x80, 0x00,
    0x00, 0x00, 0x00, 0x00, 0x00, 0x00, 0x00, 0x0f,
    0xff, 0xff, 0xf8, 0x00, 0x00, 0x00, 0x00, 0x00,
    0x00, 0x00, 0x00, 0x00, 0xff, 0xff, 0xff, 0x80,
    0x00, 0x00, 0x00, 0x00, 0x00, 0x01, 0x00, 0x00,
    0x0f, 0xff, 0xff, 0xf8, 0x00, 0x00, 0x00, 0x00,
    0x00, 0x00, 0xd9, 0x00, 0x00, 0xff, 0xff, 0xff,
    0x80, 0x00, 0x00, 0x00, 0x00, 0x00, 0x5f, 0x70,
    0x00, 0x0f, 0xff, 0xff, 0xf8, 0x00, 0x00, 0x00,
    0x00, 0x00, 0x0c, 0xf3, 0x00, 0x00, 0xff, 0xff,
    0xff, 0x80, 0x00, 0x00, 0x00, 0x00, 0x04, 0xff,
    0x00, 0x00, 0x0f, 0xff, 0xff, 0xf8, 0x00, 0x00,
    0x00, 0x00, 0x00, 0xbf, 0xc0, 0x00, 0x00, 0xff,
    0xff, 0xff, 0x80, 0x00, 0x00, 0x00, 0x00, 0x4f,
    0xf8, 0x00, 0x00, 0x0f, 0xff, 0xff, 0xf8, 0x00,
    0x00, 0x00, 0x00, 0x1d, 0xff, 0x40, 0x00, 0x00,
    0xff, 0xff, 0xff, 0x90, 0x00, 0x00, 0x00, 0x1c,
    0xff, 0xf1, 0x00, 0x47, 0xcf, 0xff, 0xff, 0xff,
    0x87, 0x77, 0x77, 0xaf, 0xff, 0xfd, 0x00, 0x0e,
    0xff, 0xff, 0xff, 0xff, 0xff, 0xff, 0xff, 0xff,
    0xff, 0xff, 0x90, 0x00, 0x00, 0x00, 0x00, 0x00,
    0x00, 0x00, 0x00, 0x00, 0x00, 0x04, 0x71, 0x00,

    /* U+004D "M" */
    0x00, 0x1f, 0xff, 0xff, 0xff, 0xfb, 0x00, 0x00,
    0x00, 0x00, 0x00, 0x00, 0x00, 0x1d, 0xff, 0xff,
    0xff, 0xfc, 0x00, 0x00, 0x04, 0x8d, 0xff, 0xff,
    0xff, 0x60, 0x00, 0x00, 0x00, 0x00, 0x00, 0x00,
    0x7f, 0xff, 0xff, 0xfc, 0x73, 0x00, 0x00, 0x00,
    0x02, 0xff, 0xff, 0xff, 0xc0, 0x00, 0x00, 0x00,
    0x00, 0x00, 0x00, 0xdf, 0xff, 0xff, 0xe0, 0x00,
    0x00, 0x00, 0x00, 0x00, 0xff, 0xff, 0xff, 0xf2,
    0x00, 0x00, 0x00, 0x00, 0x00, 0x04, 0xff, 0xff,
    0xff, 0xd0, 0x00, 0x00, 0x00, 0x00, 0x00, 0xff,
    0xff, 0xff, 0xf9, 0x00, 0x00, 0x00, 0x00, 0x00,
    0x0a, 0xff, 0xff, 0xff, 0xf0, 0x00, 0x00, 0x00,
    0x00, 0x01, 0xff, 0xff, 0xff, 0xff, 0x00, 0x00,
    0x00, 0x00, 0x00, 0x0f, 0xff, 0xff, 0xff, 0xf0,
    0x00, 0x00, 0x00, 0x00, 0x03, 0xfd, 0xff, 0xff,
    0xff, 0x60, 0x00, 0x00, 0x00, 0x00, 0x6f, 0xdf,
    0xff, 0xff, 0xf1, 0x00, 0x00, 0x00, 0x00, 0x04,
    0xf6, 0xff, 0xff, 0xff, 0xc0, 0x00, 0x00, 0x00,
    0x00, 0xcf, 0x7f, 0xff, 0xff, 0xf2, 0x00, 0x00,
    0x00, 0x00, 0x05, 0xf3, 0xbf, 0xff, 0xff, 0xf2,
    0x00, 0x00, 0x00, 0x02, 0xfa, 0x4f, 0xff, 0xff,
    0xf3, 0x00, 0x00, 0x00, 0x00, 0x06, 0xf2, 0x4f,
    0xff, 0xff, 0xf9, 0x00, 0x00, 0x00, 0x08, 0xf4,
    0x3f, 0xff, 0xff, 0xf4, 0x00, 0x00, 0x00, 0x00,
    0x08, 0xf0, 0x0e, 0xff, 0xff, 0xff, 0x00, 0x00,
    0x00, 0x0e, 0xe0, 0x2f, 0xff, 0xff, 0xf5, 0x00,
    0x00, 0x00, 0x00, 0x09, 0xf0, 0x08, 0xff, 0xff,
    0xff, 0x60, 0x00, 0x00, 0x4f, 0x80, 0x1f, 0xff,
    0xff, 0xf7, 0x00, 0x00, 0x00, 0x00, 0x0a, 0xe0,
    0x02, 0xff, 0xff, 0xff, 0xc0, 0x00, 0x00, 0xaf,
    0x20, 0x0f, 0xff, 0xff, 0xf8, 0x00, 0x00, 0x00,
    0x00, 0x0b, 0xd0, 0x00, 0xbf, 0xff, 0xff, 0xf2,
    0x00, 0x00, 0xfc, 0x00, 0x0f, 0xff, 0xff, 0xf9,
    0x00, 0x00, 0x00, 0x00, 0x0d, 0xb0, 0x00, 0x5f,
    0xff, 0xff, 0xf9, 0x00, 0x06, 0xf7, 0x00, 0x0d,
    0xff, 0xff, 0xfa, 0x00, 0x00, 0x00, 0x00, 0x0e,
    0xa0, 0x00, 0x0e, 0xff, 0xff, 0xfe, 0x00, 0x0c,
    0xf1, 0x00, 0x0c, 0xff, 0xff, 0xfb, 0x00, 0x00,
    0x00, 0x00, 0x0f, 0x90, 0x00, 0x08, 0xff, 0xff,
    0xff, 0x50, 0x2f, 0xb0, 0x00, 0x0b, 0xff, 0xff,
    0xfc, 0x00, 0x00, 0x00, 0x00, 0x0f, 0x80, 0x00,
    0x02, 0xff, 0xff, 0xff, 0xc0, 0x8f, 0x50, 0x00,
    0x0a, 0xff, 0xff, 0xfd, 0x00, 0x00, 0x00, 0x00,
    0x2f, 0x60, 0x00, 0x00, 0xbf, 0xff, 0xff, 0xf2,
    0xef, 0x00, 0x00, 0x09, 0xff, 0xff, 0xff, 0x00,
    0x00, 0x00, 0x00, 0x3f, 0x50, 0x00, 0x00, 0x5f,
    0xff, 0xff, 0xfd, 0xf9, 0x00, 0x00, 0x07, 0xff,
    0xff, 0xff, 0x00, 0x00, 0x00, 0x00, 0x4f, 0x40,
    0x00, 0x00, 0x0e, 0xff, 0xff, 0xff, 0xf3, 0x00,
    0x00, 0x06, 0xff, 0xff, 0xff, 0x10, 0x00, 0x00,
    0x00, 0x5f, 0x30, 0x00, 0x00, 0x08, 0xff, 0xff,
    0xff, 0xd0, 0x00, 0x00, 0x05, 0xff, 0xff, 0xff,
    0x20, 0x00, 0x00, 0x00, 0x7f, 0x10, 0x00, 0x00,
    0x02, 0xff, 0xff, 0xff, 0x80, 0x00, 0x00, 0x04,
    0xff, 0xff, 0xff, 0x30, 0x00, 0x00, 0x00, 0x8f,
    0x00, 0x00, 0x00, 0x00, 0xbf, 0xff, 0xff, 0x20,
    0x00, 0x00, 0x03, 0xff, 0xff, 0xff, 0x40, 0x00,
    0x00, 0x00, 0x9f, 0x00, 0x00, 0x00, 0x00, 0x5f,
    0xff, 0xfc, 0x00, 0x00, 0x00, 0x02, 0xff, 0xff,
    0xff, 0x50, 0x00, 0x00, 0x00, 0xae, 0x00, 0x00,
    0x00, 0x00, 0x0e, 0xff, 0xf6, 0x00, 0x00, 0x00,
    0x00, 0xff, 0xff, 0xff, 0x70, 0x00, 0x00, 0x00,
    0xcc, 0x00, 0x00, 0x00, 0x00, 0x08, 0xff, 0xf0,
    0x00, 0x00, 0x00, 0x00, 0xff, 0xff, 0xff, 0x80,
    0x00, 0x00, 0x00, 0xec, 0x00, 0x00, 0x00, 0x00,
    0x02, 0xff, 0xa0, 0x00, 0x00, 0x00, 0x00, 0xef,
    0xff, 0xff, 0x90, 0x00, 0x00, 0x07, 0xff, 0x50,
    0x00, 0x00, 0x00, 0x00, 0xaf, 0x30, 0x00, 0x00,
    0x00, 0x00, 0xef, 0xff, 0xff, 0xb0, 0x00, 0x17,
    0xcf, 0xff, 0xfb, 0x61, 0x00, 0x00, 0x00, 0x01,
    0x00, 0x00, 0x00, 0x03, 0x7c, 0xff, 0xff, 0xff,
    0xfa, 0x61, 0x7f, 0xff, 0xff, 0xff, 0xf8, 0x00,
    0x00, 0x00, 0x00, 0x00, 0x00, 0x00, 0x0d, 0xff,
    0xff, 0xff, 0xff, 0xff, 0xf8,

    /* U+004E "N" */
    0x0c, 0xff, 0xff, 0xff, 0x90, 0x00, 0x00, 0x00,
    0x00, 0x00, 0x5f, 0xff, 0xff, 0xff, 0xfd, 0x06,
    0xff, 0xff, 0xff, 0xf5, 0x00, 0x00, 0x00, 0x00,
    0x00, 0x06, 0xaf, 0xff, 0xfe, 0x93, 0x00, 0xbf,
    0xff, 0xff, 0xfe, 0x10, 0x00, 0x00, 0x00, 0x00,
    0x00, 0x01, 0xef, 0xc0, 0x00, 0x00, 0x1f, 0xff,
    0xff, 0xff, 0xa0, 0x00, 0x00, 0x00, 0x00, 0x00,
    0x00, 0x7f, 0x40, 0x00, 0x00, 0x05, 0xff, 0xff,
    0xff, 0xf5, 0x00, 0x00, 0x00, 0x00, 0x00, 0x00,
    0x6f, 0x30, 0x00, 0x00, 0x00, 0xef, 0xff, 0xff,
    0xfe, 0x10, 0x00, 0x00, 0x00, 0x00, 0x00, 0x6f,
    0x30, 0x00, 0x00, 0x00, 0xdf, 0xff, 0xff, 0xff,
    0xb0, 0x00, 0x00, 0x00, 0x00, 0x00, 0x6f, 0x30,
    0x00, 0x00, 0x00, 0xdd, 0xff, 0xff, 0xff, 0xf6,
    0x00, 0x00, 0x00, 0x00, 0x00, 0x6f, 0x30, 0x00,
    0x00, 0x00, 0xdb, 0x7f, 0xff, 0xff, 0xff, 0x10,
    0x00, 0x00, 0x00, 0x00, 0x6f, 0x30, 0x00, 0x00,
    0x00, 0xdb, 0x0c, 0xff, 0xff, 0xff, 0xb0, 0x00,
    0x00, 0x00, 0x00, 0x6f, 0x30, 0x00, 0x00, 0x00,
    0xdb, 0x02, 0xff, 0xff, 0xff, 0xf6, 0x00, 0x00,
    0x00, 0x00, 0x6f, 0x30, 0x00, 0x00, 0x00, 0xdb,
    0x00, 0x6f, 0xff, 0xff, 0xff, 0x20, 0x00, 0x00,
    0x00, 0x6f, 0x30, 0x00, 0x00, 0x00, 0xdb, 0x00,
    0x0b, 0xff, 0xff, 0xff, 0xb0, 0x00, 0x00, 0x00,
    0x6f, 0x30, 0x00, 0x00, 0x00, 0xdb, 0x00, 0x02,
    0xff, 0xff, 0xff, 0xf6, 0x00, 0x00, 0x00, 0x6f,
    0x30, 0x00, 0x00, 0x00, 0xdb, 0x00, 0x00, 0x6f,
    0xff, 0xff, 0xff, 0x20, 0x00, 0x00, 0x6f, 0x30,
    0x00, 0x00, 0x00, 0xdb, 0x00, 0x00, 0x0b, 0xff,
    0xff, 0xff, 0xc0, 0x00, 0x00, 0x6f, 0x30, 0x00,
    0x00, 0x00, 0xdb, 0x00, 0x00, 0x01, 0xff, 0xff,
    0xff, 0xf7, 0x00, 0x00, 0x6f, 0x30, 0x00, 0x00,
    0x00, 0xdb, 0x00, 0x00, 0x00, 0x5f, 0xff, 0xff,
    0xff, 0x20, 0x00, 0x6f, 0x30, 0x00, 0x00, 0x00,
    0xdb, 0x00, 0x00, 0x00, 0x0b, 0xff, 0xff, 0xff,
    0xc0, 0x00, 0x6f, 0x30, 0x00, 0x00, 0x00, 0xdb,
    0x00, 0x00, 0x00, 0x01, 0xef, 0xff, 0xff, 0xf7,
    0x00, 0x6f, 0x30, 0x00, 0x00, 0x00, 0xdb, 0x00,
    0x00, 0x00, 0x00, 0x5f, 0xff, 0xff, 0xff, 0x20,
    0x6f, 0x30, 0x00, 0x00, 0x00, 0xdb, 0x00, 0x00,
    0x00, 0x00, 0x0a, 0xff, 0xff, 0xff, 0xc0, 0x6f,
    0x30, 0x00, 0x00, 0x00, 0xdb, 0x00, 0x00, 0x00,
    0x00, 0x01, 0xef, 0xff, 0xff, 0xf7, 0x6f, 0x30,
    0x00, 0x00, 0x00, 0xdb, 0x00, 0x00, 0x00, 0x00,
    0x00, 0x5f, 0xff, 0xff, 0xff, 0x8f, 0x30, 0x00,
    0x00, 0x00, 0xdb, 0x00, 0x00, 0x00, 0x00, 0x00,
    0x0a, 0xff, 0xff, 0xff, 0xff, 0x30, 0x00, 0x00,
    0x00, 0xdb, 0x00, 0x00, 0x00, 0x00, 0x00, 0x01,
    0xef, 0xff, 0xff, 0xff, 0x30, 0x00, 0x00, 0x00,
    0xdb, 0x00, 0x00, 0x00, 0x00, 0x00, 0x00, 0x4f,
    0xff, 0xff, 0xff, 0x50, 0x00, 0x00, 0x00, 0xed,
    0x00, 0x00, 0x00, 0x00, 0x00, 0x00, 0x09, 0xff,
    0xff, 0xff, 0xd0, 0x00, 0x00, 0x07, 0xff, 0x60,
    0x00, 0x00, 0x00, 0x00, 0x00, 0x00, 0xef, 0xff,
    0xff, 0xf8, 0x00, 0x17, 0xcf, 0xff, 0xfc, 0x72,
    0x00, 0x00, 0x00, 0x00, 0x00, 0x4f, 0xff, 0xff,
    0xff, 0x30, 0x8f, 0xff, 0xff, 0xff, 0xfb, 0x00,
    0x00, 0x00, 0x00, 0x00, 0x0d, 0xff, 0xff, 0xff,
    0x70,

    /* U+004F "O" */
    0x00, 0x00, 0x00, 0x00, 0x00, 0x00, 0x35, 0x77,
    0x76, 0x42, 0x00, 0x00, 0x00, 0x00, 0x00, 0x00,
    0x00, 0x00, 0x00, 0x00, 0x04, 0xaf, 0xff, 0xff,
    0xff, 0xff, 0xe9, 0x20, 0x00, 0x00, 0x00, 0x00,
    0x00, 0x00, 0x00, 0x04, 0xcf, 0xfa, 0x41, 0x02,
    0x7e, 0xff, 0xff, 0xfa, 0x10, 0x00, 0x00, 0x00,
    0x00, 0x00, 0x00, 0x9f, 0xff, 0x40, 0x00, 0x00,
    0x01, 0xbf, 0xff, 0xff, 0xf5, 0x00, 0x00, 0x00,
    0x00, 0x00, 0x0b, 0xff, 0xf4, 0x00, 0x00, 0x00,
    0x00, 0x0b, 0xff, 0xff, 0xff, 0x80, 0x00, 0x00,
    0x00, 0x00, 0xbf, 0xff, 0xa0, 0x00, 0x00, 0x00,
    0x00, 0x00, 0xdf, 0xff, 0xff, 0xf7, 0x00, 0x00,
    0x00, 0x08, 0xff, 0xff, 0x20, 0x00, 0x00, 0x00,
    0x00, 0x00, 0x3f, 0xff, 0xff, 0xff, 0x40, 0x00,
    0x00, 0x3f, 0xff, 0xfc, 0x00, 0x00, 0x00, 0x00,
    0x00, 0x00, 0x09, 0xff, 0xff, 0xff, 0xe0, 0x00,
    0x00, 0xbf, 0xff, 0xf8, 0x00, 0x00, 0x00, 0x00,
    0x00, 0x00, 0x01, 0xff, 0xff, 0xff, 0xf7, 0x00,
    0x02, 0xff, 0xff, 0xf6, 0x00, 0x00, 0x00, 0x00,
    0x00, 0x00, 0x00, 0x9f, 0xff, 0xff, 0xfe, 0x00,
    0x09, 0xff, 0xff, 0xf4, 0x00, 0x00, 0x00, 0x00,
    0x00, 0x00, 0x00, 0x2f, 0xff, 0xff, 0xff, 0x50,
    0x0d, 0xff, 0xff, 0xf3, 0x00, 0x00, 0x00, 0x00,
    0x00, 0x00, 0x00, 0x0d, 0xff, 0xff, 0xff, 0xa0,
    0x1f, 0xff, 0xff, 0xf3, 0x00, 0x00, 0x00, 0x00,
    0x00, 0x00, 0x00, 0x08, 0xff, 0xff, 0xff, 0xe0,
    0x4f, 0xff, 0xff, 0xf3, 0x00, 0x00, 0x00, 0x00,
    0x00, 0x00, 0x00, 0x04, 0xff, 0xff, 0xff, 0xf0,
    0x6f, 0xff, 0xff, 0xf4, 0x00, 0x00, 0x00, 0x00,
    0x00, 0x00, 0x00, 0x00, 0xff, 0xff, 0xff, 0xf2,
    0x7f, 0xff, 0xff, 0xf6, 0x00, 0x00, 0x00, 0x00,
    0x00, 0x00, 0x00, 0x00, 0xdf, 0xff, 0xff, 0xf4,
    0x7f, 0xff, 0xff, 0xf8, 0x00, 0x00, 0x00, 0x00,
    0x00, 0x00, 0x00, 0x00, 0xaf, 0xff, 0xff, 0xf4,
    0x7f, 0xff, 0xff, 0xfa, 0x00, 0x00, 0x00, 0x00,
    0x00, 0x00, 0x00, 0x00, 0x8f, 0xff, 0xff, 0xf4,
    0x6f, 0xff, 0xff, 0xfd, 0x00, 0x00, 0x00, 0x00,
    0x00, 0x00, 0x00, 0x00, 0x7f, 0xff, 0xff, 0xf3,
    0x3f, 0xff, 0xff, 0xff, 0x10, 0x00, 0x00, 0x00,
    0x00, 0x00, 0x00, 0x00, 0x6f, 0xff, 0xff, 0xf1,
    0x1f, 0xff, 0xff, 0xff, 0x50, 0x00, 0x00, 0x00,
    0x00, 0x00, 0x00, 0x00, 0x6f, 0xff, 0xff, 0xe0,
    0x0d, 0xff, 0xff, 0xff, 0xa0, 0x00, 0x00, 0x00,
    0x00, 0x00, 0x00, 0x00, 0x6f, 0xff, 0xff, 0xa0,
    0x08, 0xff, 0xff, 0xff, 0xf0, 0x00, 0x00, 0x00,
    0x00, 0x00, 0x00, 0x00, 0x7f, 0xff, 0xff, 0x50,
    0x02, 0xff, 0xff, 0xff, 0xf6, 0x00, 0x00, 0x00,
    0x00, 0x00, 0x00, 0x00, 0x8f, 0xff, 0xfe, 0x00,
    0x00, 0xaf, 0xff, 0xff, 0xfd, 0x00, 0x00, 0x00,
    0x00, 0x00, 0x00, 0x00, 0xbf, 0xff, 0xf8, 0x00,
    0x00, 0x2f, 0xff, 0xff, 0xff, 0x60, 0x00, 0x00,
    0x00, 0x00, 0x00, 0x00, 0xff, 0xff, 0xe0, 0x00,
    0x00, 0x07, 0xff, 0xff, 0xff, 0xe1, 0x00, 0x00,
    0x00, 0x00, 0x00, 0x04, 0xff, 0xff, 0x50, 0x00,
    0x00, 0x00, 0xaf, 0xff, 0xff, 0xfb, 0x00, 0x00,
    0x00, 0x00, 0x00, 0x0c, 0xff, 0xf8, 0x00, 0x00,
    0x00, 0x00, 0x0b, 0xff, 0xff, 0xff, 0x80, 0x00,
    0x00, 0x00, 0x00, 0x6f, 0xff, 0x90, 0x00, 0x00,
    0x00, 0x00, 0x00, 0x8f, 0xff, 0xff, 0xf9, 0x00,
    0x00, 0x00, 0x06, 0xff, 0xf6, 0x00, 0x00, 0x00,
    0x00, 0x00, 0x00, 0x03, 0xcf, 0xff, 0xff, 0xd6,
    0x10, 0x14, 0xbf, 0xfb, 0x20, 0x00, 0x00, 0x00,
    0x00, 0x00, 0x00, 0x00, 0x04, 0xaf, 0xff, 0xff,
    0xff, 0xff, 0xe9, 0x30, 0x00, 0x00, 0x00, 0x00,
    0x00, 0x00, 0x00, 0x00, 0x00, 0x00, 0x25, 0x77,
    0x77, 0x52, 0x00, 0x00, 0x00, 0x00, 0x00, 0x00,

    /* U+0050 "P" */
    0x0e, 0xff, 0xff, 0xff, 0xff, 0xff, 0xff, 0xed,
    0xa7, 0x30, 0x00, 0x00, 0x00, 0x00, 0x04, 0x8c,
    0xff, 0xff, 0xff, 0xb6, 0x67, 0xaf, 0xff, 0xfd,
    0x70, 0x00, 0x00, 0x00, 0x00, 0x00, 0xff, 0xff,
    0xff, 0x80, 0x00, 0x00, 0x7f, 0xff, 0xfe, 0x50,
    0x00, 0x00, 0x00, 0x00, 0xff, 0xff, 0xff, 0x80,
    0x00, 0x00, 0x02, 0xef, 0xff, 0xf9, 0x00, 0x00,
    0x00, 0x00, 0xff, 0xff, 0xff, 0x80, 0x00, 0x00,
    0x00, 0x2f, 0xff, 0xff, 0xa0, 0x00, 0x00, 0x00,
    0xff, 0xff, 0xff, 0x80, 0x00, 0x00, 0x00, 0x07,
    0xff, 0xff, 0xf7, 0x00, 0x00, 0x00, 0xff, 0xff,
    0xff, 0x80, 0x00, 0x00, 0x00, 0x00, 0xff, 0xff,
    0xff, 0x10, 0x00, 0x00, 0xff, 0xff, 0xff, 0x80,
    0x00, 0x00, 0x00, 0x00, 0xaf, 0xff, 0xff, 0x80,
    0x00, 0x00, 0xff, 0xff, 0xff, 0x80, 0x00, 0x00,
    0x00, 0x00, 0x6f, 0xff, 0xff, 0xd0, 0x00, 0x00,
    0xff, 0xff, 0xff, 0x80, 0x00, 0x00, 0x00, 0x00,
    0x3f, 0xff, 0xff, 0xf1, 0x00, 0x00, 0xff, 0xff,
    0xff, 0x80, 0x00, 0x00, 0x00, 0x00, 0x2f, 0xff,
    0xff, 0xf3, 0x00, 0x00, 0xff, 0xff, 0xff, 0x80,
    0x00, 0x00, 0x00, 0x00, 0x2f, 0xff, 0xff, 0xf4,
    0x00, 0x00, 0xff, 0xff, 0xff, 0x80, 0x00, 0x00,
    0x00, 0x00, 0x2f, 0xff, 0xff, 0xf3, 0x00, 0x00,
    0xff, 0xff, 0xff, 0x80, 0x00, 0x00, 0x00, 0x00,
    0x5f, 0xff, 0xff, 0xf1, 0x00, 0x00, 0xff, 0xff,
    0xff, 0x80, 0x00, 0x00, 0x00, 0x00, 0x8f, 0xff,
    0xff, 0xd0, 0x00, 0x00, 0xff, 0xff, 0xff, 0x80,
    0x00, 0x00, 0x00, 0x00, 0xef, 0xff, 0xff, 0x60,
    0x00, 0x00, 0xff, 0xff, 0xff, 0x80, 0x00, 0x00,
    0x00, 0x06, 0xff, 0xff, 0xfd, 0x00, 0x00, 0x00,
    0xff, 0xff, 0xff, 0x80, 0x00, 0x00, 0x00, 0x3f,
    0xff, 0xff, 0xe2, 0x00, 0x00, 0x00, 0xff, 0xff,
    0xff, 0x80, 0x00, 0x00, 0x06, 0xff, 0xff, 0xfe,
    0x30, 0x00, 0x00, 0x00, 0xff, 0xff, 0xff, 0xfc,
    0x97, 0x7a, 0xef, 0xff, 0xff, 0x80, 0x00, 0x00,
    0x00, 0x00, 0xff, 0xff, 0xff, 0xa8, 0xce, 0xff,
    0xff, 0xda, 0x61, 0x00, 0x00, 0x00, 0x00, 0x00,
    0xff, 0xff, 0xff, 0x80, 0x00, 0x00, 0x00, 0x00,
    0x00, 0x00, 0x00, 0x00, 0x00, 0x00, 0xff, 0xff,
    0xff, 0x80, 0x00, 0x00, 0x00, 0x00, 0x00, 0x00,
    0x00, 0x00, 0x00, 0x00, 0xff, 0xff, 0xff, 0x80,
    0x00, 0x00, 0x00, 0x00, 0x00, 0x00, 0x00, 0x00,
    0x00, 0x00, 0xff, 0xff, 0xff, 0x80, 0x00, 0x00,
    0x00, 0x00, 0x00, 0x00, 0x00, 0x00, 0x00, 0x00,
    0xff, 0xff, 0xff, 0x80, 0x00, 0x00, 0x00, 0x00,
    0x00, 0x00, 0x00, 0x00, 0x00, 0x00, 0xff, 0xff,
    0xff, 0x80, 0x00, 0x00, 0x00, 0x00, 0x00, 0x00,
    0x00, 0x00, 0x00, 0x00, 0xff, 0xff, 0xff, 0x80,
    0x00, 0x00, 0x00, 0x00, 0x00, 0x00, 0x00, 0x00,
    0x00, 0x00, 0xff, 0xff, 0xff, 0x90, 0x00, 0x00,
    0x00, 0x00, 0x00, 0x00, 0x00, 0x00, 0x04, 0x8c,
    0xff, 0xff, 0xff, 0xf9, 0x74, 0x00, 0x00, 0x00,
    0x00, 0x00, 0x00, 0x00, 0x0e, 0xff, 0xff, 0xff,
    0xff, 0xff, 0xff, 0x00, 0x00, 0x00, 0x00, 0x00,
    0x00, 0x00,

    /* U+0051 "Q" */
    0x00, 0x00, 0x00, 0x00, 0x00, 0x00, 0x35, 0x77,
    0x76, 0x42, 0x00, 0x00, 0x00, 0x00, 0x00, 0x00,
    0x00, 0x00, 0x00, 0x00, 0x00, 0x4a, 0xff, 0xff,
    0xff, 0xff, 0xfe, 0x92, 0x00, 0x00, 0x00, 0x00,
    0x00, 0x00, 0x00, 0x00, 0x04, 0xdf, 0xfa, 0x30,
    0x01, 0x6e, 0xff, 0xff, 0xfb, 0x20, 0x00, 0x00,
    0x00, 0x00, 0x00, 0x00, 0x09, 0xff, 0xf4, 0x00,
    0x00, 0x00, 0x0a, 0xff, 0xff, 0xff, 0x60, 0x00,
    0x00, 0x00, 0x00, 0x00, 0x0c, 0xff, 0xf4, 0x00,
    0x00, 0x00, 0x00, 0x09, 0xff, 0xff, 0xff, 0x90,
    0x00, 0x00, 0x00, 0x00, 0x0b, 0xff, 0xf9, 0x00,
    0x00, 0x00, 0x00, 0x00, 0x0c, 0xff, 0xff, 0xff,
    0x80, 0x00, 0x00, 0x00, 0x08, 0xff, 0xff, 0x20,
    0x00, 0x00, 0x00, 0x00, 0x00, 0x1f, 0xff, 0xff,
    0xff, 0x50, 0x00, 0x00, 0x03, 0xff, 0xff, 0xc0,
    0x00, 0x00, 0x00, 0x00, 0x00, 0x00, 0x7f, 0xff,
    0xff, 0xff, 0x10, 0x00, 0x00, 0xcf, 0xff, 0xf8,
    0x00, 0x00, 0x00, 0x00, 0x00, 0x00, 0x00, 0xef,
    0xff, 0xff, 0xf9, 0x00, 0x00, 0x3f, 0xff, 0xff,
    0x60, 0x00, 0x00, 0x00, 0x00, 0x00, 0x00, 0x07,
    0xff, 0xff, 0xff, 0xf1, 0x00, 0x09, 0xff, 0xff,
    0xf4, 0x00, 0x00, 0x00, 0x00, 0x00, 0x00, 0x00,
    0x1f, 0xff, 0xff, 0xff, 0x70, 0x00, 0xef, 0xff,
    0xff, 0x30, 0x00, 0x00, 0x00, 0x00, 0x00, 0x00,
    0x00, 0xbf, 0xff, 0xff, 0xfc, 0x00, 0x2f, 0xff,
    0xff, 0xf3, 0x00, 0x00, 0x00, 0x00, 0x00, 0x00,
    0x00, 0x06, 0xff, 0xff, 0xff, 0xf0, 0x05, 0xff,
    0xff, 0xff, 0x30, 0x00, 0x00, 0x00, 0x00, 0x00,
    0x00, 0x00, 0x2f, 0xff, 0xff, 0xff, 0x20, 0x7f,
    0xff, 0xff, 0xf4, 0x00, 0x00, 0x00, 0x00, 0x00,
    0x00, 0x00, 0x00, 0xff, 0xff, 0xff, 0xf4, 0x08,
    0xff, 0xff, 0xff, 0x60, 0x00, 0x00, 0x00, 0x00,
    0x00, 0x00, 0x00, 0x0c, 0xff, 0xff, 0xff, 0x60,
    0x8f, 0xff, 0xff, 0xf8, 0x00, 0x00, 0x00, 0x00,
    0x00, 0x00, 0x00, 0x00, 0x9f, 0xff, 0xff, 0xf6,
    0x08, 0xff, 0xff, 0xff, 0xa0, 0x00, 0x00, 0x00,
    0x00, 0x00, 0x00, 0x00, 0x07, 0xff, 0xff, 0xff,
    0x60, 0x7f, 0xff, 0xff, 0xfd, 0x00, 0x00, 0x00,
    0x00, 0x00, 0x00, 0x00, 0x00, 0x6f, 0xff, 0xff,
    0xf5, 0x05, 0xff, 0xff, 0xff, 0xf1, 0x00, 0x00,
    0x00, 0x00, 0x00, 0x00, 0x00, 0x05, 0xff, 0xff,
    0xff, 0x30, 0x2f, 0xff, 0xff, 0xff, 0x50, 0x00,
    0x00, 0x00, 0x00, 0x00, 0x00, 0x00, 0x4f, 0xff,
    0xff, 0xf0, 0x00, 0xef, 0xff, 0xff, 0xfa, 0x00,
    0x00, 0x00, 0x00, 0x00, 0x00, 0x00, 0x05, 0xff,
    0xff, 0xfc, 0x00, 0x09, 0xff, 0xff, 0xff, 0xf0,
    0x00, 0x00, 0x00, 0x05, 0x00, 0x00, 0x00, 0x5f,
    0xff, 0xff, 0x70, 0x00, 0x3f, 0xff, 0xff, 0xff,
    0x60, 0x00, 0x00, 0x00, 0xf5, 0x00, 0x00, 0x07,
    0xff, 0xff, 0xf1, 0x00, 0x00, 0xbf, 0xff, 0xff,
    0xfd, 0x00, 0x00, 0x00, 0x0d, 0xa0, 0x00, 0x00,
    0xaf, 0xff, 0xfa, 0x00, 0x00, 0x03, 0xff, 0xff,
    0xff, 0xf6, 0x00, 0x00, 0x00, 0x8e, 0x00, 0x00,
    0x0e, 0xff, 0xff, 0x10, 0x00, 0x00, 0x08, 0xff,
    0xff, 0xff, 0xe1, 0x00, 0x00, 0x03, 0xf4, 0x00,
    0x03, 0xff, 0xff, 0x60, 0x00, 0x00, 0x00, 0x0b,
    0xff, 0xff, 0xff, 0xa0, 0x00, 0x00, 0x0e, 0xb0,
    0x00, 0xbf, 0xff, 0x90, 0x00, 0x00, 0x00, 0x00,
    0x0b, 0xff, 0xff, 0xff, 0x80, 0x00, 0x00, 0x8f,
    0x20, 0x5f, 0xff, 0xa0, 0x00, 0x00, 0x00, 0x00,
    0x00, 0x09, 0xff, 0xff, 0xff, 0x90, 0x00, 0x02,
    0xfa, 0x4f, 0xff, 0x70, 0x00, 0x00, 0x00, 0x00,
    0x00, 0x00, 0x04, 0xcf, 0xff, 0xff, 0xd6, 0x10,
    0x0d, 0xff, 0xfc, 0x30, 0x00, 0x00, 0x00, 0x00,
    0x00, 0x00, 0x00, 0x00, 0x4a, 0xff, 0xff, 0xff,
    0xff, 0xff, 0xf6, 0x00, 0x00, 0x00, 0x00, 0x00,
    0x00, 0x00, 0x00, 0x00, 0x00, 0x00, 0x25, 0x77,
    0x77, 0x52, 0xbf, 0xe4, 0x00, 0x00, 0x00, 0x00,
    0x00, 0x00, 0x00, 0x00, 0x00, 0x00, 0x00, 0x00,
    0x00, 0x00, 0x02, 0xff, 0xfb, 0x51, 0x00, 0x04,
    0xc4, 0x00, 0x00, 0x00, 0x00, 0x00, 0x00, 0x00,
    0x00, 0x00, 0x00, 0x06, 0xff, 0xff, 0xff, 0xff,
    0xfe, 0x00, 0x00, 0x00, 0x00, 0x00, 0x00, 0x00,
    0x00, 0x00, 0x00, 0x00, 0x07, 0xff, 0xff, 0xff,
    0xff, 0x60, 0x00, 0x00, 0x00, 0x00, 0x00, 0x00,
    0x00, 0x00, 0x00, 0x00, 0x00, 0x05, 0xef, 0xff,
    0xff, 0xd0, 0x00, 0x00, 0x00, 0x00, 0x00, 0x00,
    0x00, 0x00, 0x00, 0x00, 0x00, 0x00, 0x01, 0x7c,
    0xff, 0xd2, 0x00,

    /* U+0052 "R" */
    0x0e, 0xff, 0xff, 0xff, 0xff, 0xff, 0xff, 0xfd,
    0xb9, 0x51, 0x00, 0x00, 0x00, 0x00, 0x00, 0x00,
    0x37, 0xcf, 0xff, 0xff, 0xfb, 0x55, 0x69, 0xdf,
    0xff, 0xfc, 0x50, 0x00, 0x00, 0x00, 0x00, 0x00,
    0x00, 0xff, 0xff, 0xff, 0x80, 0x00, 0x00, 0x4e,
    0xff, 0xff, 0xd3, 0x00, 0x00, 0x00, 0x00, 0x00,
    0x0f, 0xff, 0xff, 0xf8, 0x00, 0x00, 0x00, 0x1c,
    0xff, 0xff, 0xf7, 0x00, 0x00, 0x00, 0x00, 0x00,
    0xff, 0xff, 0xff, 0x80, 0x00, 0x00, 0x00, 0x1d,
    0xff, 0xff, 0xf7, 0x00, 0x00, 0x00, 0x00, 0x0f,
    0xff, 0xff, 0xf8, 0x00, 0x00, 0x00, 0x00, 0x4f,
    0xff, 0xff, 0xf3, 0x00, 0x00, 0x00, 0x00, 0xff,
    0xff, 0xff, 0x80, 0x00, 0x00, 0x00, 0x00, 0xcf,
    0xff, 0xff, 0xc0, 0x00, 0x00, 0x00, 0x0f, 0xff,
    0xff, 0xf8, 0x00, 0x00, 0x00, 0x00, 0x06, 0xff,
    0xff, 0xff, 0x30, 0x00, 0x00, 0x00, 0xff, 0xff,
    0xff, 0x80, 0x00, 0x00, 0x00, 0x00, 0x2f, 0xff,
    0xff, 0xf7, 0x00, 0x00, 0x00, 0x0f, 0xff, 0xff,
    0xf8, 0x00, 0x00, 0x00, 0x00, 0x00, 0xff, 0xff,
    0xff, 0xa0, 0x00, 0x00, 0x00, 0xff, 0xff, 0xff,
    0x80, 0x00, 0x00, 0x00, 0x00, 0x0f, 0xff, 0xff,
    0xfb, 0x00, 0x00, 0x00, 0x0f, 0xff, 0xff, 0xf8,
    0x00, 0x00, 0x00, 0x00, 0x00, 0xff, 0xff, 0xff,
    0xa0, 0x00, 0x00, 0x00, 0xff, 0xff, 0xff, 0x80,
    0x00, 0x00, 0x00, 0x00, 0x1f, 0xff, 0xff, 0xf7,
    0x00, 0x00, 0x00, 0x0f, 0xff, 0xff, 0xf8, 0x00,
    0x00, 0x00, 0x00, 0x04, 0xff, 0xff, 0xff, 0x30,
    0x00, 0x00, 0x00, 0xff, 0xff, 0xff, 0x80, 0x00,
    0x00, 0x00, 0x00, 0x9f, 0xff, 0xff, 0xb0, 0x00,
    0x00, 0x00, 0x0f, 0xff, 0xff, 0xf8, 0x00, 0x00,
    0x00, 0x00, 0x2f, 0xff, 0xff, 0xf2, 0x00, 0x00,
    0x00, 0x00, 0xff, 0xff, 0xff, 0x80, 0x00, 0x00,
    0x00, 0x2e, 0xff, 0xff, 0xf3, 0x00, 0x00, 0x00,
    0x00, 0x0f, 0xff, 0xff, 0xfd, 0x62, 0x00, 0x13,
    0x9f, 0xff, 0xff, 0xb2, 0x00, 0x00, 0x00, 0x00,
    0x00, 0xff, 0xff, 0xff, 0xde, 0xff, 0xff, 0xff,
    0xff, 0xfe, 0x30, 0x00, 0x00, 0x00, 0x00, 0x00,
    0x0f, 0xff, 0xff, 0xf8, 0x03, 0x67, 0xaf, 0xff,
    0xff, 0xf4, 0x00, 0x00, 0x00, 0x00, 0x00, 0x00,
    0xff, 0xff, 0xff, 0x80, 0x00, 0x00, 0xdf, 0xff,
    0xff, 0xd0, 0x00, 0x00, 0x00, 0x00, 0x00, 0x0f,
    0xff, 0xff, 0xf8, 0x00, 0x00, 0x04, 0xff, 0xff,
    0xff, 0x80, 0x00, 0x00, 0x00, 0x00, 0x00, 0xff,
    0xff, 0xff, 0x80, 0x00, 0x00, 0x0b, 0xff, 0xff,
    0xff, 0x20, 0x00, 0x00, 0x00, 0x00, 0x0f, 0xff,
    0xff, 0xf8, 0x00, 0x00, 0x00, 0x2f, 0xff, 0xff,
    0xfb, 0x00, 0x00, 0x00, 0x00, 0x00, 0xff, 0xff,
    0xff, 0x80, 0x00, 0x00, 0x00, 0x9f, 0xff, 0xff,
    0xf4, 0x00, 0x00, 0x00, 0x00, 0x0f, 0xff, 0xff,
    0xf8, 0x00, 0x00, 0x00, 0x01, 0xef, 0xff, 0xff,
    0xd0, 0x00, 0x00, 0x00, 0x00, 0xff, 0xff, 0xff,
    0x80, 0x00, 0x00, 0x00, 0x07, 0xff, 0xff, 0xff,
    0x70, 0x00, 0x00, 0x00, 0x0f, 0xff, 0xff, 0xf8,
    0x00, 0x00, 0x00, 0x00, 0x0d, 0xff, 0xff, 0xff,
    0x20, 0x00, 0x00, 0x00, 0xff, 0xff, 0xff, 0x90,
    0x00, 0x00, 0x00, 0x00, 0x5f, 0xff, 0xff, 0xfb,
    0x00, 0x00, 0x47, 0xcf, 0xff, 0xff, 0xff, 0x96,
    0x20, 0x00, 0x00, 0x29, 0xff, 0xff, 0xff, 0xfc,
    0x50, 0x0e, 0xff, 0xff, 0xff, 0xff, 0xff, 0xf9,
    0x00, 0x00, 0x0e, 0xff, 0xff, 0xff, 0xff, 0xff,
    0x20,

    /* U+0053 "S" */
    0x00, 0x00, 0x00, 0x00, 0x46, 0x77, 0x64, 0x00,
    0x00, 0x04, 0x40, 0x00, 0x00, 0x00, 0x03, 0xaf,
    0xff, 0xff, 0xff, 0xf9, 0x20, 0x5f, 0xf0, 0x00,
    0x00, 0x00, 0x9f, 0xff, 0xd5, 0x00, 0x02, 0x7d,
    0xfd, 0xff, 0xf3, 0x00, 0x00, 0x0c, 0xff, 0xfc,
    0x00, 0x00, 0x00, 0x00, 0x8f, 0xff, 0xf8, 0x00,
    0x00, 0xaf, 0xff, 0xf2, 0x00, 0x00, 0x00, 0x00,
    0x05, 0xff, 0xfc, 0x00, 0x03, 0xff, 0xff, 0xc0,
    0x00, 0x00, 0x00, 0x00, 0x00, 0x5f, 0xff, 0x00,
    0x0a, 0xff, 0xff, 0xa0, 0x00, 0x00, 0x00, 0x00,
    0x00, 0x09, 0xff, 0x40, 0x0e, 0xff, 0xff, 0xa0,
    0x00, 0x00, 0x00, 0x00, 0x00, 0x00, 0xdf, 0x80,
    0x1f, 0xff, 0xff, 0xc0, 0x00, 0x00, 0x00, 0x00,
    0x00, 0x00, 0x4f, 0xd0, 0x1f, 0xff, 0xff, 0xf2,
    0x00, 0x00, 0x00, 0x00, 0x00, 0x00, 0x0b, 0xf1,
    0x0f, 0xff, 0xff, 0xfc, 0x00, 0x00, 0x00, 0x00,
    0x00, 0x00, 0x02, 0xb1, 0x0e, 0xff, 0xff, 0xff,
    0xc1, 0x00, 0x00, 0x00, 0x00, 0x00, 0x00, 0x00,
    0x0a, 0xff, 0xff, 0xff, 0xfe, 0x60, 0x00, 0x00,
    0x00, 0x00, 0x00, 0x00, 0x04, 0xff, 0xff, 0xff,
    0xff, 0xfe, 0x71, 0x00, 0x00, 0x00, 0x00, 0x00,
    0x00, 0xbf, 0xff, 0xff, 0xff, 0xff, 0xff, 0xb4,
    0x00, 0x00, 0x00, 0x00, 0x00, 0x1d, 0xff, 0xff,
    0xff, 0xff, 0xff, 0xff, 0xd5, 0x00, 0x00, 0x00,
    0x00, 0x01, 0xcf, 0xff, 0xff, 0xff, 0xff, 0xff,
    0xff, 0xc2, 0x00, 0x00, 0x00, 0x00, 0x07, 0xff,
    0xff, 0xff, 0xff, 0xff, 0xff, 0xff, 0x40, 0x00,
    0x00, 0x00, 0x00, 0x18, 0xef, 0xff, 0xff, 0xff,
    0xff, 0xff, 0xf4, 0x00, 0x00, 0x00, 0x00, 0x00,
    0x05, 0xbf, 0xff, 0xff, 0xff, 0xff, 0xfe, 0x00,
    0x00, 0x00, 0x00, 0x00, 0x00, 0x01, 0x7e, 0xff,
    0xff, 0xff, 0xff, 0x70, 0x00, 0x00, 0x00, 0x00,
    0x00, 0x00, 0x00, 0x7f, 0xff, 0xff, 0xff, 0xc0,
    0x01, 0x70, 0x00, 0x00, 0x00, 0x00, 0x00, 0x03,
    0xef, 0xff, 0xff, 0xf0, 0x04, 0xf6, 0x00, 0x00,
    0x00, 0x00, 0x00, 0x00, 0x3f, 0xff, 0xff, 0xf0,
    0x02, 0xfe, 0x00, 0x00, 0x00, 0x00, 0x00, 0x00,
    0x0b, 0xff, 0xff, 0xf0, 0x00, 0xff, 0x80, 0x00,
    0x00, 0x00, 0x00, 0x00, 0x07, 0xff, 0xff, 0xe0,
    0x00, 0xbf, 0xf2, 0x00, 0x00, 0x00, 0x00, 0x00,
    0x07, 0xff, 0xff, 0xa0, 0x00, 0x8f, 0xfd, 0x10,
    0x00, 0x00, 0x00, 0x00, 0x08, 0xff, 0xff, 0x40,
    0x00, 0x5f, 0xff, 0xc0, 0x00, 0x00, 0x00, 0x00,
    0x0d, 0xff, 0xfa, 0x00, 0x00, 0x2f, 0xff, 0xfd,
    0x20, 0x00, 0x00, 0x00, 0x8f, 0xff, 0xd1, 0x00,
    0x00, 0x0f, 0xff, 0x9d, 0xf9, 0x40, 0x00, 0x3a,
    0xff, 0xfb, 0x10, 0x00, 0x00, 0x0c, 0xf5, 0x00,
    0x6d, 0xff, 0xff, 0xff, 0xfc, 0x40, 0x00, 0x00,
    0x00, 0x03, 0x40, 0x00, 0x00, 0x36, 0x77, 0x64,
    0x10, 0x00, 0x00, 0x00,

    /* U+0054 "T" */
    0x00, 0x17, 0x30, 0x00, 0x00, 0x00, 0x00, 0x00,
    0x00, 0x00, 0x00, 0x00, 0x37, 0x30, 0x00, 0x09,
    0xff, 0xff, 0xff, 0xff, 0xff, 0xff, 0xff, 0xff,
    0xff, 0xff, 0xff, 0xfc, 0x00, 0x00, 0xcf, 0xff,
    0xfb, 0x87, 0x7d, 0xff, 0xff, 0xfe, 0x77, 0x79,
    0xef, 0xff, 0xf0, 0x00, 0x0f, 0xff, 0xe3, 0x00,
    0x00, 0xaf, 0xff, 0xff, 0xd0, 0x00, 0x01, 0xcf,
    0xff, 0x20, 0x02, 0xff, 0xf3, 0x00, 0x00, 0x0a,
    0xff, 0xff, 0xfd, 0x00, 0x00, 0x01, 0xdf, 0xf5,
    0x00, 0x5f, 0xf8, 0x00, 0x00, 0x00, 0xaf, 0xff,
    0xff, 0xd0, 0x00, 0x00, 0x04, 0xff, 0x80, 0x08,
    0xfe, 0x00, 0x00, 0x00, 0x0a, 0xff, 0xff, 0xfd,
    0x00, 0x00, 0x00, 0x0b, 0xfb, 0x00, 0xbf, 0x60,
    0x00, 0x00, 0x00, 0xaf, 0xff, 0xff, 0xd0, 0x00,
    0x00, 0x00, 0x3f, 0xe0, 0x0e, 0xe0, 0x00, 0x00,
    0x00, 0x0a, 0xff, 0xff, 0xfd, 0x00, 0x00, 0x00,
    0x00, 0xbf, 0x10, 0xf7, 0x00, 0x00, 0x00, 0x00,
    0xaf, 0xff, 0xff, 0xd0, 0x00, 0x00, 0x00, 0x04,
    0xf3, 0x02, 0x00, 0x00, 0x00, 0x00, 0x0a, 0xff,
    0xff, 0xfd, 0x00, 0x00, 0x00, 0x00, 0x02, 0x00,
    0x00, 0x00, 0x00, 0x00, 0x00, 0xaf, 0xff, 0xff,
    0xd0, 0x00, 0x00, 0x00, 0x00, 0x00, 0x00, 0x00,
    0x00, 0x00, 0x00, 0x0a, 0xff, 0xff, 0xfd, 0x00,
    0x00, 0x00, 0x00, 0x00, 0x00, 0x00, 0x00, 0x00,
    0x00, 0x00, 0xaf, 0xff, 0xff, 0xd0, 0x00, 0x00,
    0x00, 0x00, 0x00, 0x00, 0x00, 0x00, 0x00, 0x00,
    0x0a, 0xff, 0xff, 0xfd, 0x00, 0x00, 0x00, 0x00,
    0x00, 0x00, 0x00, 0x00, 0x00, 0x00, 0x00, 0xaf,
    0xff, 0xff, 0xd0, 0x00, 0x00, 0x00, 0x00, 0x00,
    0x00, 0x00, 0x00, 0x00, 0x00, 0x0a, 0xff, 0xff,
    0xfd, 0x00, 0x00, 0x00, 0x00, 0x00, 0x00, 0x00,
    0x00, 0x00, 0x00, 0x00, 0xaf, 0xff, 0xff, 0xd0,
    0x00, 0x00, 0x00, 0x00, 0x00, 0x00, 0x00, 0x00,
    0x00, 0x00, 0x0a, 0xff, 0xff, 0xfd, 0x00, 0x00,
    0x00, 0x00, 0x00, 0x00, 0x00, 0x00, 0x00, 0x00,
    0x00, 0xaf, 0xff, 0xff, 0xd0, 0x00, 0x00, 0x00,
    0x00, 0x00, 0x00, 0x00, 0x00, 0x00, 0x00, 0x0a,
    0xff, 0xff, 0xfd, 0x00, 0x00, 0x00, 0x00, 0x00,
    0x00, 0x00, 0x00, 0x00, 0x00, 0x00, 0xaf, 0xff,
    0xff, 0xd0, 0x00, 0x00, 0x00, 0x00, 0x00, 0x00,
    0x00, 0x00, 0x00, 0x00, 0x0a, 0xff, 0xff, 0xfd,
    0x00, 0x00, 0x00, 0x00, 0x00, 0x00, 0x00, 0x00,
    0x00, 0x00, 0x00, 0xaf, 0xff, 0xff, 0xd0, 0x00,
    0x00, 0x00, 0x00, 0x00, 0x00, 0x00, 0x00, 0x00,
    0x00, 0x0a, 0xff, 0xff, 0xfd, 0x00, 0x00, 0x00,
    0x00, 0x00, 0x00, 0x00, 0x00, 0x00, 0x00, 0x00,
    0xaf, 0xff, 0xff, 0xd0, 0x00, 0x00, 0x00, 0x00,
    0x00, 0x00, 0x00, 0x00, 0x00, 0x00, 0x0a, 0xff,
    0xff, 0xfd, 0x00, 0x00, 0x00, 0x00, 0x00, 0x00,
    0x00, 0x00, 0x00, 0x00, 0x00, 0xaf, 0xff, 0xff,
    0xd0, 0x00, 0x00, 0x00, 0x00, 0x00, 0x00, 0x00,
    0x00, 0x00, 0x00, 0x0a, 0xff, 0xff, 0xfd, 0x00,
    0x00, 0x00, 0x00, 0x00, 0x00, 0x00, 0x00, 0x00,
    0x00, 0x00, 0xbf, 0xff, 0xff, 0xe0, 0x00, 0x00,
    0x00, 0x00, 0x00, 0x00, 0x00, 0x00, 0x00, 0x26,
    0xaf, 0xff, 0xff, 0xff, 0xb7, 0x30, 0x00, 0x00,
    0x00, 0x00, 0x00, 0x00, 0x00, 0x0a, 0xff, 0xff,
    0xff, 0xff, 0xff, 0xfd, 0x00, 0x00, 0x00, 0x00,

    /* U+0055 "U" */
    0x1f, 0xff, 0xff, 0xff, 0xff, 0xff, 0xfe, 0x00,
    0x00, 0x04, 0xff, 0xff, 0xff, 0xff, 0xf2, 0x04,
    0x7b, 0xff, 0xff, 0xff, 0xfa, 0x73, 0x00, 0x00,
    0x00, 0x59, 0xef, 0xff, 0xe9, 0x50, 0x00, 0x00,
    0xdf, 0xff, 0xff, 0xb0, 0x00, 0x00, 0x00, 0x00,
    0x00, 0x0c, 0xfd, 0x00, 0x00, 0x00, 0x00, 0xdf,
    0xff, 0xff, 0xa0, 0x00, 0x00, 0x00, 0x00, 0x00,
    0x05, 0xf6, 0x00, 0x00, 0x00, 0x00, 0xef, 0xff,
    0xff, 0x90, 0x00, 0x00, 0x00, 0x00, 0x00, 0x03,
    0xf5, 0x00, 0x00, 0x00, 0x00, 0xff, 0xff, 0xff,
    0x80, 0x00, 0x00, 0x00, 0x00, 0x00, 0x02, 0xf6,
    0x00, 0x00, 0x00, 0x00, 0xff, 0xff, 0xff, 0x70,
    0x00, 0x00, 0x00, 0x00, 0x00, 0x01, 0xf7, 0x00,
    0x00, 0x00, 0x01, 0xff, 0xff, 0xff, 0x60, 0x00,
    0x00, 0x00, 0x00, 0x00, 0x00, 0xf8, 0x00, 0x00,
    0x00, 0x02, 0xff, 0xff, 0xff, 0x50, 0x00, 0x00,
    0x00, 0x00, 0x00, 0x00, 0xf9, 0x00, 0x00, 0x00,
    0x03, 0xff, 0xff, 0xff, 0x40, 0x00, 0x00, 0x00,
    0x00, 0x00, 0x00, 0xea, 0x00, 0x00, 0x00, 0x04,
    0xff, 0xff, 0xff, 0x30, 0x00, 0x00, 0x00, 0x00,
    0x00, 0x00, 0xdb, 0x00, 0x00, 0x00, 0x05, 0xff,
    0xff, 0xff, 0x20, 0x00, 0x00, 0x00, 0x00, 0x00,
    0x00, 0xdc, 0x00, 0x00, 0x00, 0x06, 0xff, 0xff,
    0xff, 0x10, 0x00, 0x00, 0x00, 0x00, 0x00, 0x00,
    0xcd, 0x00, 0x00, 0x00, 0x07, 0xff, 0xff, 0xff,
    0x00, 0x00, 0x00, 0x00, 0x00, 0x00, 0x00, 0xbe,
    0x00, 0x00, 0x00, 0x08, 0xff, 0xff, 0xff, 0x00,
    0x00, 0x00, 0x00, 0x00, 0x00, 0x00, 0xaf, 0x00,
    0x00, 0x00, 0x09, 0xff, 0xff, 0xff, 0x00, 0x00,
    0x00, 0x00, 0x00, 0x00, 0x00, 0x9f, 0x00, 0x00,
    0x00, 0x09, 0xff, 0xff, 0xfe, 0x00, 0x00, 0x00,
    0x00, 0x00, 0x00, 0x00, 0x8f, 0x10, 0x00, 0x00,
    0x0a, 0xff, 0xff, 0xfd, 0x00, 0x00, 0x00, 0x00,
    0x00, 0x00, 0x00, 0x7f, 0x20, 0x00, 0x00, 0x0b,
    0xff, 0xff, 0xfc, 0x00, 0x00, 0x00, 0x00, 0x00,
    0x00, 0x00, 0x6f, 0x30, 0x00, 0x00, 0x0d, 0xff,
    0xff, 0xfb, 0x00, 0x00, 0x00, 0x00, 0x00, 0x00,
    0x00, 0x5f, 0x40, 0x00, 0x00, 0x0d, 0xff, 0xff,
    0xfb, 0x00, 0x00, 0x00, 0x00, 0x00, 0x00, 0x00,
    0x4f, 0x50, 0x00, 0x00, 0x0e, 0xff, 0xff, 0xfb,
    0x00, 0x00, 0x00, 0x00, 0x00, 0x00, 0x00, 0x4f,
    0x50, 0x00, 0x00, 0x0e, 0xff, 0xff, 0xfb, 0x00,
    0x00, 0x00, 0x00, 0x00, 0x00, 0x00, 0x4f, 0x50,
    0x00, 0x00, 0x0d, 0xff, 0xff, 0xfc, 0x00, 0x00,
    0x00, 0x00, 0x00, 0x00, 0x00, 0x5f, 0x40, 0x00,
    0x00, 0x0b, 0xff, 0xff, 0xfe, 0x00, 0x00, 0x00,
    0x00, 0x00, 0x00, 0x00, 0x8f, 0x10, 0x00, 0x00,
    0x06, 0xff, 0xff, 0xff, 0x20, 0x00, 0x00, 0x00,
    0x00, 0x00, 0x00, 0xdd, 0x00, 0x00, 0x00, 0x00,
    0xef, 0xff, 0xff, 0x90, 0x00, 0x00, 0x00, 0x00,
    0x00, 0x06, 0xf6, 0x00, 0x00, 0x00, 0x00, 0x5f,
    0xff, 0xff, 0xf3, 0x00, 0x00, 0x00, 0x00, 0x00,
    0x3f, 0xd0, 0x00, 0x00, 0x00, 0x00, 0x06, 0xff,
    0xff, 0xff, 0x50, 0x00, 0x00, 0x00, 0x06, 0xfe,
    0x20, 0x00, 0x00, 0x00, 0x00, 0x00, 0x4d, 0xff,
    0xff, 0xfc, 0x74, 0x23, 0x58, 0xdf, 0xc1, 0x00,
    0x00, 0x00, 0x00, 0x00, 0x00, 0x00, 0x5b, 0xff,
    0xff, 0xff, 0xff, 0xff, 0xb5, 0x00, 0x00, 0x00,
    0x00, 0x00, 0x00, 0x00, 0x00, 0x00, 0x03, 0x56,
    0x77, 0x76, 0x40, 0x00, 0x00, 0x00, 0x00, 0x00,

    /* U+0056 "V" */
    0x9f, 0xff, 0xff, 0xff, 0xff, 0xff, 0x70, 0x00,
    0x00, 0x00, 0x3f, 0xff, 0xff, 0xff, 0xf4, 0x27,
    0xef, 0xff, 0xff, 0xff, 0x85, 0x00, 0x00, 0x00,
    0x00, 0x04, 0x8e, 0xff, 0xfc, 0x50, 0x00, 0x5f,
    0xff, 0xff, 0xfa, 0x00, 0x00, 0x00, 0x00, 0x00,
    0x00, 0x01, 0xff, 0xb0, 0x00, 0x00, 0x0f, 0xff,
    0xff, 0xfe, 0x00, 0x00, 0x00, 0x00, 0x00, 0x00,
    0x00, 0xcf, 0x10, 0x00, 0x00, 0x0a, 0xff, 0xff,
    0xff, 0x30, 0x00, 0x00, 0x00, 0x00, 0x00, 0x00,
    0xeb, 0x00, 0x00, 0x00, 0x05, 0xff, 0xff, 0xff,
    0x80, 0x00, 0x00, 0x00, 0x00, 0x00, 0x04, 0xf6,
    0x00, 0x00, 0x00, 0x00, 0xff, 0xff, 0xff, 0xd0,
    0x00, 0x00, 0x00, 0x00, 0x00, 0x09, 0xf1, 0x00,
    0x00, 0x00, 0x00, 0xbf, 0xff, 0xff, 0xf2, 0x00,
    0x00, 0x00, 0x00, 0x00, 0x0e, 0xb0, 0x00, 0x00,
    0x00, 0x00, 0x5f, 0xff, 0xff, 0xf8, 0x00, 0x00,
    0x00, 0x00, 0x00, 0x3f, 0x60, 0x00, 0x00, 0x00,
    0x00, 0x0f, 0xff, 0xff, 0xfd, 0x00, 0x00, 0x00,
    0x00, 0x00, 0x8f, 0x10, 0x00, 0x00, 0x00, 0x00,
    0x0b, 0xff, 0xff, 0xff, 0x20, 0x00, 0x00, 0x00,
    0x00, 0xdc, 0x00, 0x00, 0x00, 0x00, 0x00, 0x05,
    0xff, 0xff, 0xff, 0x70, 0x00, 0x00, 0x00, 0x02,
    0xf7, 0x00, 0x00, 0x00, 0x00, 0x00, 0x01, 0xff,
    0xff, 0xff, 0xd0, 0x00, 0x00, 0x00, 0x07, 0xf2,
    0x00, 0x00, 0x00, 0x00, 0x00, 0x00, 0xbf, 0xff,
    0xff, 0xf2, 0x00, 0x00, 0x00, 0x0d, 0xd0, 0x00,
    0x00, 0x00, 0x00, 0x00, 0x00, 0x6f, 0xff, 0xff,
    0xf7, 0x00, 0x00, 0x00, 0x2f, 0x80, 0x00, 0x00,
    0x00, 0x00, 0x00, 0x00, 0x1f, 0xff, 0xff, 0xfc,
    0x00, 0x00, 0x00, 0x7f, 0x30, 0x00, 0x00, 0x00,
    0x00, 0x00, 0x00, 0x0b, 0xff, 0xff, 0xff, 0x10,
    0x00, 0x00, 0xcd, 0x00, 0x00, 0x00, 0x00, 0x00,
    0x00, 0x00, 0x06, 0xff, 0xff, 0xff, 0x70, 0x00,
    0x01, 0xf8, 0x00, 0x00, 0x00, 0x00, 0x00, 0x00,
    0x00, 0x01, 0xff, 0xff, 0xff, 0xc0, 0x00, 0x06,
    0xf3, 0x00, 0x00, 0x00, 0x00, 0x00, 0x00, 0x00,
    0x00, 0xbf, 0xff, 0xff, 0xf1, 0x00, 0x0b, 0xe0,
    0x00, 0x00, 0x00, 0x00, 0x00, 0x00, 0x00, 0x00,
    0x6f, 0xff, 0xff, 0xf6, 0x00, 0x1f, 0x90, 0x00,
    0x00, 0x00, 0x00, 0x00, 0x00, 0x00, 0x00, 0x1f,
    0xff, 0xff, 0xfc, 0x00, 0x5f, 0x40, 0x00, 0x00,
    0x00, 0x00, 0x00, 0x00, 0x00, 0x00, 0x0b, 0xff,
    0xff, 0xff, 0x10, 0xae, 0x00, 0x00, 0x00, 0x00,
    0x00, 0x00, 0x00, 0x00, 0x00, 0x06, 0xff, 0xff,
    0xff, 0x60, 0xfa, 0x00, 0x00, 0x00, 0x00, 0x00,
    0x00, 0x00, 0x00, 0x00, 0x01, 0xff, 0xff, 0xff,
    0xb5, 0xf5, 0x00, 0x00, 0x00, 0x00, 0x00, 0x00,
    0x00, 0x00, 0x00, 0x00, 0xbf, 0xff, 0xff, 0xfb,
    0xf0, 0x00, 0x00, 0x00, 0x00, 0x00, 0x00, 0x00,
    0x00, 0x00, 0x00, 0x6f, 0xff, 0xff, 0xff, 0xa0,
    0x00, 0x00, 0x00, 0x00, 0x00, 0x00, 0x00, 0x00,
    0x00, 0x00, 0x1f, 0xff, 0xff, 0xff, 0x60, 0x00,
    0x00, 0x00, 0x00, 0x00, 0x00, 0x00, 0x00, 0x00,
    0x00, 0x0c, 0xff, 0xff, 0xff, 0x20, 0x00, 0x00,
    0x00, 0x00, 0x00, 0x00, 0x00, 0x00, 0x00, 0x00,
    0x0b, 0xff, 0xff, 0xff, 0x20, 0x00, 0x00, 0x00,
    0x00, 0x00, 0x00, 0x00, 0x00, 0x00, 0x00, 0x09,
    0xff, 0xff, 0xff, 0x10, 0x00, 0x00, 0x00, 0x00,
    0x00,

    /* U+0057 "W" */
    0x8f, 0xff, 0xff, 0xff, 0xff, 0xff, 0x30, 0x00,
    0x03, 0xff, 0xff, 0xff, 0xff, 0xff, 0xf5, 0x00,
    0x00, 0x04, 0xff, 0xff, 0xff, 0xfd, 0x16, 0xdf,
    0xff, 0xff, 0xfd, 0x64, 0x00, 0x00, 0x00, 0x4a,
    0xff, 0xff, 0xff, 0xf8, 0x50, 0x00, 0x00, 0x00,
    0x49, 0xff, 0xff, 0x92, 0x00, 0x2f, 0xff, 0xff,
    0xf9, 0x00, 0x00, 0x00, 0x00, 0x00, 0xef, 0xff,
    0xff, 0xd0, 0x00, 0x00, 0x00, 0x00, 0x00, 0x5f,
    0xf5, 0x00, 0x00, 0x0d, 0xff, 0xff, 0xfd, 0x00,
    0x00, 0x00, 0x00, 0x00, 0xaf, 0xff, 0xff, 0xf1,
    0x00, 0x00, 0x00, 0x00, 0x00, 0x1f, 0xb0, 0x00,
    0x00, 0x09, 0xff, 0xff, 0xff, 0x20, 0x00, 0x00,
    0x00, 0x00, 0x5f, 0xff, 0xff, 0xf5, 0x00, 0x00,
    0x00, 0x00, 0x00, 0x3f, 0x50, 0x00, 0x00, 0x04,
    0xff, 0xff, 0xff, 0x60, 0x00, 0x00, 0x00, 0x00,
    0x1f, 0xff, 0xff, 0xf9, 0x00, 0x00, 0x00, 0x00,
    0x00, 0x8f, 0x10, 0x00, 0x00, 0x00, 0xff, 0xff,
    0xff, 0xa0, 0x00, 0x00, 0x00, 0x00, 0x0d, 0xff,
    0xff, 0xfd, 0x00, 0x00, 0x00, 0x00, 0x00, 0xcd,
    0x00, 0x00, 0x00, 0x00, 0xbf, 0xff, 0xff, 0xf0,
    0x00, 0x00, 0x00, 0x00, 0x09, 0xff, 0xff, 0xff,
    0x20, 0x00, 0x00, 0x00, 0x00, 0xf9, 0x00, 0x00,
    0x00, 0x00, 0x7f, 0xff, 0xff, 0xf3, 0x00, 0x00,
    0x00, 0x00, 0x0c, 0xff, 0xff, 0xff, 0x60, 0x00,
    0x00, 0x00, 0x04, 0xf5, 0x00, 0x00, 0x00, 0x00,
    0x3f, 0xff, 0xff, 0xf7, 0x00, 0x00, 0x00, 0x00,
    0x1f, 0xff, 0xff, 0xff, 0xa0, 0x00, 0x00, 0x00,
    0x08, 0xf1, 0x00, 0x00, 0x00, 0x00, 0x0e, 0xff,
    0xff, 0xfc, 0x00, 0x00, 0x00, 0x00, 0x5f, 0xef,
    0xff, 0xff, 0xe0, 0x00, 0x00, 0x00, 0x0d, 0xc0,
    0x00, 0x00, 0x00, 0x00, 0x0a, 0xff, 0xff, 0xff,
    0x00, 0x00, 0x00, 0x00, 0xae, 0x7f, 0xff, 0xff,
    0xf3, 0x00, 0x00, 0x00, 0x1f, 0x80, 0x00, 0x00,
    0x00, 0x00, 0x05, 0xff, 0xff, 0xff, 0x40, 0x00,
    0x00, 0x00, 0xfa, 0x3f, 0xff, 0xff, 0xf7, 0x00,
    0x00, 0x00, 0x5f, 0x40, 0x00, 0x00, 0x00, 0x00,
    0x01, 0xff, 0xff, 0xff, 0x90, 0x00, 0x00, 0x04,
    0xf5, 0x0e, 0xff, 0xff, 0xfb, 0x00, 0x00, 0x00,
    0x9f, 0x00, 0x00, 0x00, 0x00, 0x00, 0x00, 0xcf,
    0xff, 0xff, 0xd0, 0x00, 0x00, 0x08, 0xf1, 0x0a,
    0xff, 0xff, 0xff, 0x00, 0x00, 0x00, 0xeb, 0x00,
    0x00, 0x00, 0x00, 0x00, 0x00, 0x8f, 0xff, 0xff,
    0xf2, 0x00, 0x00, 0x0d, 0xc0, 0x06, 0xff, 0xff,
    0xff, 0x30, 0x00, 0x02, 0xf7, 0x00, 0x00, 0x00,
    0x00, 0x00, 0x00, 0x4f, 0xff, 0xff, 0xf6, 0x00,
    0x00, 0x2f, 0x70, 0x01, 0xff, 0xff, 0xff, 0x80,
    0x00, 0x06, 0xf3, 0x00, 0x00, 0x00, 0x00, 0x00,
    0x00, 0x0f, 0xff, 0xff, 0xfa, 0x00, 0x00, 0x7f,
    0x20, 0x00, 0xdf, 0xff, 0xff, 0xc0, 0x00, 0x0a,
    0xf0, 0x00, 0x00, 0x00, 0x00, 0x00, 0x00, 0x0b,
    0xff, 0xff, 0xfe, 0x00, 0x00, 0xbe, 0x00, 0x00,
    0x9f, 0xff, 0xff, 0xf0, 0x00, 0x0e, 0xb0, 0x00,
    0x00, 0x00, 0x00, 0x00, 0x00, 0x06, 0xff, 0xff,
    0xff, 0x30, 0x01, 0xf9, 0x00, 0x00, 0x4f, 0xff,
    0xff, 0xf4, 0x00, 0x3f, 0x60, 0x00, 0x00, 0x00,
    0x00, 0x00, 0x00, 0x02, 0xff, 0xff, 0xff, 0x70,
    0x05, 0xf4, 0x00, 0x00, 0x0f, 0xff, 0xff, 0xf8,
    0x00, 0x7f, 0x20, 0x00, 0x00, 0x00, 0x00, 0x00,
    0x00, 0x00, 0xdf, 0xff, 0xff, 0xc0, 0x0a, 0xf0,
    0x00, 0x00, 0x0c, 0xff, 0xff, 0xfd, 0x00, 0xbe,
    0x00, 0x00, 0x00, 0x00, 0x00, 0x00, 0x00, 0x00,
    0x9f, 0xff, 0xff, 0xf0, 0x0e, 0xb0, 0x00, 0x00,
    0x07, 0xff, 0xff, 0xff, 0x10, 0xfa, 0x00, 0x00,
    0x00, 0x00, 0x00, 0x00, 0x00, 0x00, 0x4f, 0xff,
    0xff, 0xf4, 0x3f, 0x60, 0x00, 0x00, 0x03, 0xff,
    0xff, 0xff, 0x53, 0xf6, 0x00, 0x00, 0x00, 0x00,
    0x00, 0x00, 0x00, 0x00, 0x0f, 0xff, 0xff, 0xf9,
    0x8f, 0x10, 0x00, 0x00, 0x00, 0xff, 0xff, 0xff,
    0x98, 0xf1, 0x00, 0x00, 0x00, 0x00, 0x00, 0x00,
    0x00, 0x00, 0x0c, 0xff, 0xff, 0xfd, 0xdd, 0x00,
    0x00, 0x00, 0x00, 0xaf, 0xff, 0xff, 0xec, 0xd0,
    0x00, 0x00, 0x00, 0x00, 0x00, 0x00, 0x00, 0x00,
    0x07, 0xff, 0xff, 0xff, 0xf8, 0x00, 0x00, 0x00,
    0x00, 0x6f, 0xff, 0xff, 0xff, 0x90, 0x00, 0x00,
    0x00, 0x00, 0x00, 0x00, 0x00, 0x00, 0x03, 0xff,
    0xff, 0xff, 0xf3, 0x00, 0x00, 0x00, 0x00, 0x2f,
    0xff, 0xff, 0xff, 0x50, 0x00, 0x00, 0x00, 0x00,
    0x00, 0x00, 0x00, 0x00, 0x00, 0xef, 0xff, 0xff,
    0xf0, 0x00, 0x00, 0x00, 0x00, 0x0e, 0xff, 0xff,
    0xff, 0x10, 0x00, 0x00, 0x00, 0x00, 0x00, 0x00,
    0x00, 0x00, 0x00, 0xdf, 0xff, 0xff, 0xe0, 0x00,
    0x00, 0x00, 0x00, 0x0d, 0xff, 0xff, 0xff, 0x00,
    0x00, 0x00, 0x00, 0x00, 0x00, 0x00, 0x00, 0x00,
    0x00, 0xbf, 0xff, 0xff, 0xc0, 0x00, 0x00, 0x00,
    0x00, 0x0b, 0xff, 0xff, 0xfe, 0x00, 0x00, 0x00,
    0x00, 0x00,

    /* U+0058 "X" */
    0x1f, 0xff, 0xff, 0xff, 0xff, 0xff, 0xfe, 0x00,
    0x00, 0x00, 0xdf, 0xff, 0xff, 0xff, 0xe0, 0x00,
    0x4a, 0xff, 0xff, 0xff, 0xff, 0xb6, 0x30, 0x00,
    0x00, 0x03, 0x7d, 0xff, 0xff, 0xb3, 0x00, 0x00,
    0x07, 0xff, 0xff, 0xff, 0xf3, 0x00, 0x00, 0x00,
    0x00, 0x00, 0x1f, 0xff, 0x40, 0x00, 0x00, 0x00,
    0x0c, 0xff, 0xff, 0xff, 0xc0, 0x00, 0x00, 0x00,
    0x00, 0x00, 0xef, 0x40, 0x00, 0x00, 0x00, 0x00,
    0x2f, 0xff, 0xff, 0xff, 0x60, 0x00, 0x00, 0x00,
    0x00, 0x6f, 0x80, 0x00, 0x00, 0x00, 0x00, 0x00,
    0x8f, 0xff, 0xff, 0xfe, 0x10, 0x00, 0x00, 0x00,
    0x2f, 0xc0, 0x00, 0x00, 0x00, 0x00, 0x00, 0x00,
    0xef, 0xff, 0xff, 0xfa, 0x00, 0x00, 0x00, 0x0c,
    0xf2, 0x00, 0x00, 0x00, 0x00, 0x00, 0x00, 0x05,
    0xff, 0xff, 0xff, 0xf4, 0x00, 0x00, 0x07, 0xf6,
    0x00, 0x00, 0x00, 0x00, 0x00, 0x00, 0x00, 0x0b,
    0xff, 0xff, 0xff, 0xd0, 0x00, 0x02, 0xfb, 0x00,
    0x00, 0x00, 0x00, 0x00, 0x00, 0x00, 0x00, 0x1f,
    0xff, 0xff, 0xff, 0x70, 0x00, 0xcf, 0x10, 0x00,
    0x00, 0x00, 0x00, 0x00, 0x00, 0x00, 0x00, 0x7f,
    0xff, 0xff, 0xff, 0x20, 0x8f, 0x50, 0x00, 0x00,
    0x00, 0x00, 0x00, 0x00, 0x00, 0x00, 0x00, 0xdf,
    0xff, 0xff, 0xfb, 0x3f, 0xa0, 0x00, 0x00, 0x00,
    0x00, 0x00, 0x00, 0x00, 0x00, 0x00, 0x03, 0xff,
    0xff, 0xff, 0xfe, 0xe1, 0x00, 0x00, 0x00, 0x00,
    0x00, 0x00, 0x00, 0x00, 0x00, 0x00, 0x09, 0xff,
    0xff, 0xff, 0xf5, 0x00, 0x00, 0x00, 0x00, 0x00,
    0x00, 0x00, 0x00, 0x00, 0x00, 0x00, 0x1e, 0xff,
    0xff, 0xff, 0x90, 0x00, 0x00, 0x00, 0x00, 0x00,
    0x00, 0x00, 0x00, 0x00, 0x00, 0x00, 0x5f, 0xff,
    0xff, 0xff, 0x30, 0x00, 0x00, 0x00, 0x00, 0x00,
    0x00, 0x00, 0x00, 0x00, 0x00, 0x00, 0xef, 0xff,
    0xff, 0xfc, 0x00, 0x00, 0x00, 0x00, 0x00, 0x00,
    0x00, 0x00, 0x00, 0x00, 0x00, 0x6f, 0xff, 0xff,
    0xff, 0xf6, 0x00, 0x00, 0x00, 0x00, 0x00, 0x00,
    0x00, 0x00, 0x00, 0x00, 0x2f, 0xc8, 0xff, 0xff,
    0xff, 0xf1, 0x00, 0x00, 0x00, 0x00, 0x00, 0x00,
    0x00, 0x00, 0x00, 0x0c, 0xf2, 0x0d, 0xff, 0xff,
    0xff, 0xa0, 0x00, 0x00, 0x00, 0x00, 0x00, 0x00,
    0x00, 0x00, 0x07, 0xf7, 0x00, 0x4f, 0xff, 0xff,
    0xff, 0x40, 0x00, 0x00, 0x00, 0x00, 0x00, 0x00,
    0x00, 0x03, 0xfc, 0x00, 0x00, 0xaf, 0xff, 0xff,
    0xfd, 0x00, 0x00, 0x00, 0x00, 0x00, 0x00, 0x00,
    0x00, 0xdf, 0x20, 0x00, 0x01, 0xff, 0xff, 0xff,
    0xf8, 0x00, 0x00, 0x00, 0x00, 0x00, 0x00, 0x00,
    0x8f, 0x60, 0x00, 0x00, 0x06, 0xff, 0xff, 0xff,
    0xf2, 0x00, 0x00, 0x00, 0x00, 0x00, 0x00, 0x4f,
    0xb0, 0x00, 0x00, 0x00, 0x0c, 0xff, 0xff, 0xff,
    0xb0, 0x00, 0x00, 0x00, 0x00, 0x00, 0x0e, 0xe1,
    0x00, 0x00, 0x00, 0x00, 0x3f, 0xff, 0xff, 0xff,
    0x60, 0x00, 0x00, 0x00, 0x00, 0x09, 0xf5, 0x00,
    0x00, 0x00, 0x00, 0x00, 0x9f, 0xff, 0xff, 0xfe,
    0x10, 0x00, 0x00, 0x00, 0x06, 0xfc, 0x00, 0x00,
    0x00, 0x00, 0x00, 0x00, 0xef, 0xff, 0xff, 0xf9,
    0x00, 0x00, 0x00, 0x06, 0xff, 0xb0, 0x00, 0x00,
    0x00, 0x00, 0x00, 0x09, 0xff, 0xff, 0xff, 0xf5,
    0x00, 0x00, 0x6d, 0xff, 0xff, 0xb6, 0x10, 0x00,
    0x00, 0x00, 0x49, 0xff, 0xff, 0xff, 0xff, 0xfa,
    0x40, 0x4f, 0xff, 0xff, 0xff, 0xf9, 0x00, 0x00,
    0x00, 0x2f, 0xff, 0xff, 0xff, 0xff, 0xff, 0xff,
    0x10,

    /* U+0059 "Y" */
    0x5f, 0xff, 0xff, 0xff, 0xff, 0xff, 0xc0, 0x00,
    0x00, 0x00, 0xdf, 0xff, 0xff, 0xff, 0x60, 0x6c,
    0xff, 0xff, 0xff, 0xfa, 0x62, 0x00, 0x00, 0x00,
    0x03, 0x8e, 0xff, 0xfe, 0x70, 0x00, 0x0d, 0xff,
    0xff, 0xff, 0x10, 0x00, 0x00, 0x00, 0x00, 0x00,
    0x1e, 0xfe, 0x10, 0x00, 0x00, 0x6f, 0xff, 0xff,
    0xf7, 0x00, 0x00, 0x00, 0x00, 0x00, 0x00, 0xbf,
    0x50, 0x00, 0x00, 0x00, 0xef, 0xff, 0xff, 0xe0,
    0x00, 0x00, 0x00, 0x00, 0x00, 0x0e, 0xd0, 0x00,
    0x00, 0x00, 0x07, 0xff, 0xff, 0xff, 0x60, 0x00,
    0x00, 0x00, 0x00, 0x05, 0xf5, 0x00, 0x00, 0x00,
    0x00, 0x0f, 0xff, 0xff, 0xfd, 0x00, 0x00, 0x00,
    0x00, 0x00, 0xde, 0x00, 0x00, 0x00, 0x00, 0x00,
    0x8f, 0xff, 0xff, 0xf4, 0x00, 0x00, 0x00, 0x00,
    0x4f, 0x70, 0x00, 0x00, 0x00, 0x00, 0x01, 0xff,
    0xff, 0xff, 0xb0, 0x00, 0x00, 0x00, 0x0b, 0xf0,
    0x00, 0x00, 0x00, 0x00, 0x00, 0x09, 0xff, 0xff,
    0xff, 0x30, 0x00, 0x00, 0x02, 0xf8, 0x00, 0x00,
    0x00, 0x00, 0x00, 0x00, 0x1f, 0xff, 0xff, 0xfa,
    0x00, 0x00, 0x00, 0xaf, 0x10, 0x00, 0x00, 0x00,
    0x00, 0x00, 0x00, 0xaf, 0xff, 0xff, 0xf1, 0x00,
    0x00, 0x1f, 0xa0, 0x00, 0x00, 0x00, 0x00, 0x00,
    0x00, 0x02, 0xff, 0xff, 0xff, 0x80, 0x00, 0x08,
    0xf3, 0x00, 0x00, 0x00, 0x00, 0x00, 0x00, 0x00,
    0x0a, 0xff, 0xff, 0xff, 0x00, 0x00, 0xfb, 0x00,
    0x00, 0x00, 0x00, 0x00, 0x00, 0x00, 0x00, 0x3f,
    0xff, 0xff, 0xf7, 0x00, 0x7f, 0x40, 0x00, 0x00,
    0x00, 0x00, 0x00, 0x00, 0x00, 0x00, 0xbf, 0xff,
    0xff, 0xe0, 0x0e, 0xd0, 0x00, 0x00, 0x00, 0x00,
    0x00, 0x00, 0x00, 0x00, 0x04, 0xff, 0xff, 0xff,
    0x55, 0xf5, 0x00, 0x00, 0x00, 0x00, 0x00, 0x00,
    0x00, 0x00, 0x00, 0x0c, 0xff, 0xff, 0xfd, 0xde,
    0x00, 0x00, 0x00, 0x00, 0x00, 0x00, 0x00, 0x00,
    0x00, 0x00, 0x5f, 0xff, 0xff, 0xff, 0x70, 0x00,
    0x00, 0x00, 0x00, 0x00, 0x00, 0x00, 0x00, 0x00,
    0x00, 0xdf, 0xff, 0xff, 0xf0, 0x00, 0x00, 0x00,
    0x00, 0x00, 0x00, 0x00, 0x00, 0x00, 0x00, 0x09,
    0xff, 0xff, 0xff, 0x00, 0x00, 0x00, 0x00, 0x00,
    0x00, 0x00, 0x00, 0x00, 0x00, 0x00, 0x9f, 0xff,
    0xff, 0xf0, 0x00, 0x00, 0x00, 0x00, 0x00, 0x00,
    0x00, 0x00, 0x00, 0x00, 0x09, 0xff, 0xff, 0xff,
    0x00, 0x00, 0x00, 0x00, 0x00, 0x00, 0x00, 0x00,
    0x00, 0x00, 0x00, 0x9f, 0xff, 0xff, 0xf0, 0x00,
    0x00, 0x00, 0x00, 0x00, 0x00, 0x00, 0x00, 0x00,
    0x00, 0x09, 0xff, 0xff, 0xff, 0x00, 0x00, 0x00,
    0x00, 0x00, 0x00, 0x00, 0x00, 0x00, 0x00, 0x00,
    0x9f, 0xff, 0xff, 0xf0, 0x00, 0x00, 0x00, 0x00,
    0x00, 0x00, 0x00, 0x00, 0x00, 0x00, 0x09, 0xff,
    0xff, 0xff, 0x00, 0x00, 0x00, 0x00, 0x00, 0x00,
    0x00, 0x00, 0x00, 0x00, 0x00, 0x9f, 0xff, 0xff,
    0xf0, 0x00, 0x00, 0x00, 0x00, 0x00, 0x00, 0x00,
    0x00, 0x00, 0x00, 0x09, 0xff, 0xff, 0xff, 0x00,
    0x00, 0x00, 0x00, 0x00, 0x00, 0x00, 0x00, 0x00,
    0x01, 0x6a, 0xff, 0xff, 0xff, 0xfc, 0x84, 0x00,
    0x00, 0x00, 0x00, 0x00, 0x00, 0x00, 0x00, 0x8f,
    0xff, 0xff, 0xff, 0xff, 0xff, 0xe0, 0x00, 0x00,
    0x00, 0x00,

    /* U+005A "Z" */
    0x00, 0x02, 0x73, 0x00, 0x00, 0x00, 0x00, 0x00,
    0x00, 0x00, 0x00, 0x00, 0x00, 0x00, 0x0a, 0xff,
    0xff, 0xff, 0xff, 0xff, 0xff, 0xff, 0xff, 0xff,
    0xff, 0xf4, 0x00, 0x0d, 0xff, 0xff, 0xa7, 0x66,
    0x66, 0x66, 0x68, 0xff, 0xff, 0xff, 0xf1, 0x00,
    0x0f, 0xff, 0xc1, 0x00, 0x00, 0x00, 0x00, 0x0a,
    0xff, 0xff, 0xff, 0x70, 0x00, 0x3f, 0xfd, 0x00,
    0x00, 0x00, 0x00, 0x00, 0x3f, 0xff, 0xff, 0xfd,
    0x00, 0x00, 0x5f, 0xf3, 0x00, 0x00, 0x00, 0x00,
    0x00, 0xdf, 0xff, 0xff, 0xf4, 0x00, 0x00, 0x8f,
    0xa0, 0x00, 0x00, 0x00, 0x00, 0x06, 0xff, 0xff,
    0xff, 0xb0, 0x00, 0x00, 0xbf, 0x30, 0x00, 0x00,
    0x00, 0x00, 0x1f, 0xff, 0xff, 0xff, 0x20, 0x00,
    0x00, 0xec, 0x00, 0x00, 0x00, 0x00, 0x00, 0xaf,
    0xff, 0xff, 0xf8, 0x00, 0x00, 0x00, 0x52, 0x00,
    0x00, 0x00, 0x00, 0x03, 0xff, 0xff, 0xff, 0xd0,
    0x00, 0x00, 0x00, 0x00, 0x00, 0x00, 0x00, 0x00,
    0x0c, 0xff, 0xff, 0xff, 0x50, 0x00, 0x00, 0x00,
    0x00, 0x00, 0x00, 0x00, 0x00, 0x6f, 0xff, 0xff,
    0xfb, 0x00, 0x00, 0x00, 0x00, 0x00, 0x00, 0x00,
    0x00, 0x01, 0xef, 0xff, 0xff, 0xf2, 0x00, 0x00,
    0x00, 0x00, 0x00, 0x00, 0x00, 0x00, 0x09, 0xff,
    0xff, 0xff, 0x80, 0x00, 0x00, 0x00, 0x00, 0x00,
    0x00, 0x00, 0x00, 0x3f, 0xff, 0xff, 0xfe, 0x00,
    0x00, 0x00, 0x00, 0x00, 0x00, 0x00, 0x00, 0x00,
    0xcf, 0xff, 0xff, 0xf5, 0x00, 0x00, 0x00, 0x00,
    0x00, 0x00, 0x00, 0x00, 0x06, 0xff, 0xff, 0xff,
    0xb0, 0x00, 0x00, 0x00, 0x00, 0x00, 0x00, 0x00,
    0x00, 0x1e, 0xff, 0xff, 0xff, 0x20, 0x00, 0x00,
    0x00, 0x00, 0x00, 0x00, 0x00, 0x00, 0x9f, 0xff,
    0xff, 0xf8, 0x00, 0x00, 0x00, 0x00, 0x00, 0x00,
    0x00, 0x00, 0x03, 0xff, 0xff, 0xff, 0xe0, 0x00,
    0x00, 0x00, 0x00, 0x00, 0x00, 0x00, 0x00, 0x0c,
    0xff, 0xff, 0xff, 0x50, 0x00, 0x00, 0x00, 0x00,
    0x00, 0x00, 0x00, 0x00, 0x6f, 0xff, 0xff, 0xfc,
    0x00, 0x00, 0x00, 0x00, 0x00, 0x00, 0x00, 0x00,
    0x01, 0xef, 0xff, 0xff, 0xf2, 0x00, 0x00, 0x00,
    0x00, 0x00, 0x64, 0x00, 0x00, 0x09, 0xff, 0xff,
    0xff, 0x90, 0x00, 0x00, 0x00, 0x00, 0x01, 0xf8,
    0x00, 0x00, 0x3f, 0xff, 0xff, 0xfe, 0x10, 0x00,
    0x00, 0x00, 0x00, 0x08, 0xf5, 0x00, 0x00, 0xcf,
    0xff, 0xff, 0xf6, 0x00, 0x00, 0x00, 0x00, 0x00,
    0x0e, 0xf2, 0x00, 0x06, 0xff, 0xff, 0xff, 0xc0,
    0x00, 0x00, 0x00, 0x00, 0x00, 0x7f, 0xf0, 0x00,
    0x1e, 0xff, 0xff, 0xff, 0x30, 0x00, 0x00, 0x00,
    0x00, 0x01, 0xef, 0xd0, 0x00, 0x9f, 0xff, 0xff,
    0xf9, 0x00, 0x00, 0x00, 0x00, 0x00, 0x0b, 0xff,
    0xa0, 0x03, 0xff, 0xff, 0xff, 0xe1, 0x00, 0x00,
    0x00, 0x00, 0x00, 0xaf, 0xff, 0x70, 0x0c, 0xff,
    0xff, 0xff, 0xb6, 0x66, 0x66, 0x66, 0x67, 0x9e,
    0xff, 0xff, 0x40, 0x0e, 0xff, 0xff, 0xff, 0xff,
    0xff, 0xff, 0xff, 0xff, 0xff, 0xff, 0xff, 0x10,
    0x00, 0x00, 0x00, 0x00, 0x00, 0x00, 0x00, 0x00,
    0x00, 0x00, 0x01, 0x55, 0x00,

    /* U+005B "[" */
    0x4f, 0xff, 0xff, 0xff, 0xff, 0xf2, 0x7f, 0xff,
    0xfb, 0x55, 0x55, 0x50, 0x7f, 0xff, 0xf5, 0x00,
    0x00, 0x00, 0x7f, 0xff, 0xf5, 0x00, 0x00, 0x00,
    0x7f, 0xff, 0xf5, 0x00, 0x00, 0x00, 0x7f, 0xff,
    0xf5, 0x00, 0x00, 0x00, 0x7f, 0xff, 0xf5, 0x00,
    0x00, 0x00, 0x7f, 0xff, 0xf5, 0x00, 0x00, 0x00,
    0x7f, 0xff, 0xf5, 0x00, 0x00, 0x00, 0x7f, 0xff,
    0xf5, 0x00, 0x00, 0x00, 0x7f, 0xff, 0xf5, 0x00,
    0x00, 0x00, 0x7f, 0xff, 0xf5, 0x00, 0x00, 0x00,
    0x7f, 0xff, 0xf5, 0x00, 0x00, 0x00, 0x7f, 0xff,
    0xf5, 0x00, 0x00, 0x00, 0x7f, 0xff, 0xf5, 0x00,
    0x00, 0x00, 0x7f, 0xff, 0xf5, 0x00, 0x00, 0x00,
    0x7f, 0xff, 0xf5, 0x00, 0x00, 0x00, 0x7f, 0xff,
    0xf5, 0x00, 0x00, 0x00, 0x7f, 0xff, 0xf5, 0x00,
    0x00, 0x00, 0x7f, 0xff, 0xf5, 0x00, 0x00, 0x00,
    0x7f, 0xff, 0xf5, 0x00, 0x00, 0x00, 0x7f, 0xff,
    0xf5, 0x00, 0x00, 0x00, 0x7f, 0xff, 0xf5, 0x00,
    0x00, 0x00, 0x7f, 0xff, 0xf5, 0x00, 0x00, 0x00,
    0x7f, 0xff, 0xf5, 0x00, 0x00, 0x00, 0x7f, 0xff,
    0xf5, 0x00, 0x00, 0x00, 0x7f, 0xff, 0xf5, 0x00,
    0x00, 0x00, 0x7f, 0xff, 0xf5, 0x00, 0x00, 0x00,
    0x7f, 0xff, 0xf5, 0x00, 0x00, 0x00, 0x7f, 0xff,
    0xf5, 0x00, 0x00, 0x00, 0x7f, 0xff, 0xf5, 0x00,
    0x00, 0x00, 0x7f, 0xff, 0xf5, 0x00, 0x00, 0x00,
    0x7f, 0xff, 0xf5, 0x00, 0x00, 0x00, 0x7f, 0xff,
    0xf5, 0x00, 0x00, 0x00, 0x7f, 0xff, 0xf5, 0x00,
    0x00, 0x00, 0x7f, 0xff, 0xf5, 0x00, 0x00, 0x00,
    0x7f, 0xff, 0xf7, 0x11, 0x11, 0x00, 0x6f, 0xff,
    0xff, 0xff, 0xff, 0xf2, 0x03, 0x44, 0x44, 0x44,
    0x44, 0x30,

    /* U+005C "\\" */
    0x28, 0x30, 0x00, 0x00, 0x00, 0x00, 0x00, 0x00,
    0x00, 0xbf, 0xd0, 0x00, 0x00, 0x00, 0x00, 0x00,
    0x00, 0x00, 0x8f, 0xf4, 0x00, 0x00, 0x00, 0x00,
    0x00, 0x00, 0x00, 0x2f, 0xfa, 0x00, 0x00, 0x00,
    0x00, 0x00, 0x00, 0x00, 0x0b, 0xff, 0x00, 0x00,
    0x00, 0x00, 0x00, 0x00, 0x00, 0x04, 0xff, 0x60,
    0x00, 0x00, 0x00, 0x00, 0x00, 0x00, 0x00, 0xdf,
    0xb0, 0x00, 0x00, 0x00, 0x00, 0x00, 0x00, 0x00,
    0x7f, 0xf1, 0x00, 0x00, 0x00, 0x00, 0x00, 0x00,
    0x00, 0x1f, 0xf6, 0x00, 0x00, 0x00, 0x00, 0x00,
    0x00, 0x00, 0x09, 0xfc, 0x00, 0x00, 0x00, 0x00,
    0x00, 0x00, 0x00, 0x02, 0xff, 0x20, 0x00, 0x00,
    0x00, 0x00, 0x00, 0x00, 0x00, 0xbf, 0x70, 0x00,
    0x00, 0x00, 0x00, 0x00, 0x00, 0x00, 0x5f, 0xd0,
    0x00, 0x00, 0x00, 0x00, 0x00, 0x00, 0x00, 0x0e,
    0xf2, 0x00, 0x00, 0x00, 0x00, 0x00, 0x00, 0x00,
    0x07, 0xf8, 0x00, 0x00, 0x00, 0x00, 0x00, 0x00,
    0x00, 0x01, 0xfe, 0x00, 0x00, 0x00, 0x00, 0x00,
    0x00, 0x00, 0x00, 0x9f, 0x40, 0x00, 0x00, 0x00,
    0x00, 0x00, 0x00, 0x00, 0x2f, 0xa0, 0x00, 0x00,
    0x00, 0x00, 0x00, 0x00, 0x00, 0x0c, 0xf0, 0x00,
    0x00, 0x00, 0x00, 0x00, 0x00, 0x00, 0x05, 0xf6,
    0x00, 0x00, 0x00, 0x00, 0x00, 0x00, 0x00, 0x00,
    0xec, 0x00, 0x00, 0x00, 0x00, 0x00, 0x00, 0x00,
    0x00, 0x8f, 0x30, 0x00, 0x00, 0x00, 0x00, 0x00,
    0x00, 0x00, 0x2f, 0xa0, 0x00, 0x00, 0x00, 0x00,
    0x00, 0x00, 0x00, 0x0c, 0xf1, 0x00, 0x00, 0x00,
    0x00, 0x00, 0x00, 0x00, 0x06, 0xf7, 0x00, 0x00,
    0x00, 0x00, 0x00, 0x00, 0x00, 0x01, 0xfe, 0x00,
    0x00, 0x00, 0x00, 0x00, 0x00, 0x00, 0x00, 0xaf,
    0x50, 0x00, 0x00, 0x00, 0x00, 0x00, 0x00, 0x00,
    0x5f, 0xb0, 0x00, 0x00, 0x00, 0x00, 0x00, 0x00,
    0x00, 0x0f, 0xf2, 0x00, 0x00, 0x00, 0x00, 0x00,
    0x00, 0x00, 0x09, 0xf9, 0x00, 0x00, 0x00, 0x00,
    0x00, 0x00, 0x00, 0x04, 0xff, 0x10, 0x00, 0x00,
    0x00, 0x00, 0x00, 0x00, 0x00, 0xef, 0x70, 0x00,
    0x00, 0x00, 0x00, 0x00, 0x00, 0x00, 0x9f, 0xe0,
    0x00, 0x00, 0x00, 0x00, 0x00, 0x00, 0x00, 0x3f,
    0xf5, 0x00, 0x00, 0x00, 0x00, 0x00, 0x00, 0x00,
    0x0d, 0xfc, 0x00, 0x00, 0x00, 0x00, 0x00, 0x00,
    0x00, 0x08, 0xff, 0x30, 0x00, 0x00, 0x00, 0x00,
    0x00, 0x00, 0x02, 0xff, 0x90, 0x00, 0x00, 0x00,
    0x00, 0x00, 0x00, 0x00, 0xcf, 0xf1, 0x00, 0x00,
    0x00, 0x00, 0x00, 0x00, 0x00, 0x6f, 0xf6, 0x00,
    0x00, 0x00, 0x00, 0x00, 0x00, 0x00, 0x0e, 0xf3,
    0x00, 0x00, 0x00, 0x00, 0x00, 0x00, 0x00, 0x00,
    0x00,

    /* U+005D "]" */
    0x7f, 0xff, 0xff, 0xff, 0xff, 0xe0, 0x15, 0x55,
    0x55, 0xdf, 0xff, 0xf2, 0x00, 0x00, 0x00, 0xaf,
    0xff, 0xf2, 0x00, 0x00, 0x00, 0xaf, 0xff, 0xf2,
    0x00, 0x00, 0x00, 0xaf, 0xff, 0xf2, 0x00, 0x00,
    0x00, 0xaf, 0xff, 0xf2, 0x00, 0x00, 0x00, 0xaf,
    0xff, 0xf2, 0x00, 0x00, 0x00, 0xaf, 0xff, 0xf2,
    0x00, 0x00, 0x00, 0xaf, 0xff, 0xf2, 0x00, 0x00,
    0x00, 0xaf, 0xff, 0xf2, 0x00, 0x00, 0x00, 0xaf,
    0xff, 0xf2, 0x00, 0x00, 0x00, 0xaf, 0xff, 0xf2,
    0x00, 0x00, 0x00, 0xaf, 0xff, 0xf2, 0x00, 0x00,
    0x00, 0xaf, 0xff, 0xf2, 0x00, 0x00, 0x00, 0xaf,
    0xff, 0xf2, 0x00, 0x00, 0x00, 0xaf, 0xff, 0xf2,
    0x00, 0x00, 0x00, 0xaf, 0xff, 0xf2, 0x00, 0x00,
    0x00, 0xaf, 0xff, 0xf2, 0x00, 0x00, 0x00, 0xaf,
    0xff, 0xf2, 0x00, 0x00, 0x00, 0xaf, 0xff, 0xf2,
    0x00, 0x00, 0x00, 0xaf, 0xff, 0xf2, 0x00, 0x00,
    0x00, 0xaf, 0xff, 0xf2, 0x00, 0x00, 0x00, 0xaf,
    0xff, 0xf2, 0x00, 0x00, 0x00, 0xaf, 0xff, 0xf2,
    0x00, 0x00, 0x00, 0xaf, 0xff, 0xf2, 0x00, 0x00,
    0x00, 0xaf, 0xff, 0xf2, 0x00, 0x00, 0x00, 0xaf,
    0xff, 0xf2, 0x00, 0x00, 0x00, 0xaf, 0xff, 0xf2,
    0x00, 0x00, 0x00, 0xaf, 0xff, 0xf2, 0x00, 0x00,
    0x00, 0xaf, 0xff, 0xf2, 0x00, 0x00, 0x00, 0xaf,
    0xff, 0xf2, 0x00, 0x00, 0x00, 0xaf, 0xff, 0xf2,
    0x00, 0x00, 0x00, 0xaf, 0xff, 0xf2, 0x00, 0x00,
    0x00, 0xaf, 0xff, 0xf2, 0x00, 0x00, 0x00, 0xaf,
    0xff, 0xf2, 0x00, 0x00, 0x00, 0xaf, 0xff, 0xf2,
    0x01, 0x11, 0x11, 0xcf, 0xff, 0xf2, 0x7f, 0xff,
    0xff, 0xff, 0xff, 0xf1, 0x14, 0x44, 0x44, 0x44,
    0x44, 0x20,

    /* U+005E "^" */
    0x00, 0x00, 0x00, 0x06, 0x40, 0x00, 0x00, 0x00,
    0x00, 0x00, 0x00, 0x9f, 0xf4, 0x00, 0x00, 0x00,
    0x00, 0x00, 0x01, 0xff, 0xfc, 0x00, 0x00, 0x00,
    0x00, 0x00, 0x09, 0xfc, 0xff, 0x30, 0x00, 0x00,
    0x00, 0x00, 0x1f, 0xf2, 0x8f, 0xa0, 0x00, 0x00,
    0x00, 0x00, 0x8f, 0xa0, 0x1f, 0xf2, 0x00, 0x00,
    0x00, 0x00, 0xff, 0x20, 0x08, 0xf9, 0x00, 0x00,
    0x00, 0x07, 0xf9, 0x00, 0x01, 0xff, 0x10, 0x00,
    0x00, 0x0e, 0xf1, 0x00, 0x00, 0x8f, 0x80, 0x00,
    0x00, 0x6f, 0x80, 0x00, 0x00, 0x1f, 0xe0, 0x00,
    0x00, 0xef, 0x10, 0x00, 0x00, 0x08, 0xf6, 0x00,
    0x06, 0xf8, 0x00, 0x00, 0x00, 0x01, 0xfd, 0x00,
    0x0d, 0xe0, 0x00, 0x00, 0x00, 0x00, 0x8f, 0x50,
    0x5f, 0x70, 0x00, 0x00, 0x00, 0x00, 0x1f, 0xc0,
    0x5a, 0x00, 0x00, 0x00, 0x00, 0x00, 0x06, 0xb0,

    /* U+005F "_" */
    0xce, 0xee, 0xee, 0xee, 0xee, 0xee, 0xee, 0xee,
    0xee, 0xad, 0xff, 0xff, 0xff, 0xff, 0xff, 0xff,
    0xff, 0xff, 0xfb,

    /* U+0060 "`" */
    0x00, 0x00, 0x00, 0x00, 0x2d, 0xfb, 0x10, 0x00,
    0xaf, 0xff, 0xb0, 0x00, 0xaf, 0xff, 0xf4, 0x00,
    0x3f, 0xff, 0xfb, 0x00, 0x04, 0xef, 0xff, 0x20,
    0x00, 0x1b, 0xff, 0xa0, 0x00, 0x00, 0x7f, 0xf1,
    0x00, 0x00, 0x02, 0xd6,

    /* U+0061 "a" */
    0x00, 0x00, 0x00, 0x03, 0x57, 0x77, 0x53, 0x00,
    0x00, 0x00, 0x00, 0x00, 0x02, 0x9f, 0xfb, 0x8a,
    0xff, 0xfe, 0x60, 0x00, 0x00, 0x00, 0x06, 0xff,
    0xf6, 0x00, 0x03, 0xff, 0xff, 0xa0, 0x00, 0x00,
    0x07, 0xff, 0xff, 0x00, 0x00, 0x0b, 0xff, 0xff,
    0x60, 0x00, 0x02, 0xff, 0xff, 0xf0, 0x00, 0x00,
    0x8f, 0xff, 0xfe, 0x00, 0x00, 0x7f, 0xff, 0xff,
    0x00, 0x00, 0x08, 0xff, 0xff, 0xf2, 0x00, 0x08,
    0xff, 0xff, 0xd0, 0x00, 0x00, 0x8f, 0xff, 0xff,
    0x30, 0x00, 0x3f, 0xff, 0xf6, 0x00, 0x00, 0x08,
    0xff, 0xff, 0xf3, 0x00, 0x00, 0x49, 0x94, 0x00,
    0x00, 0x00, 0x8f, 0xff, 0xff, 0x30, 0x00, 0x00,
    0x00, 0x00, 0x00, 0x00, 0x08, 0xff, 0xff, 0xf3,
    0x00, 0x00, 0x00, 0x00, 0x00, 0x00, 0x00, 0x8f,
    0xff, 0xff, 0x30, 0x00, 0x00, 0x00, 0x02, 0x45,
    0x65, 0x28, 0xff, 0xff, 0xf3, 0x00, 0x00, 0x03,
    0xaf, 0xff, 0xda, 0xad, 0xff, 0xff, 0xff, 0x30,
    0x00, 0x09, 0xff, 0xff, 0x70, 0x00, 0x08, 0xff,
    0xff, 0xf3, 0x00, 0x09, 0xff, 0xff, 0xa0, 0x00,
    0x00, 0x8f, 0xff, 0xff, 0x30, 0x02, 0xff, 0xff,
    0xf6, 0x00, 0x00, 0x08, 0xff, 0xff, 0xf3, 0x00,
    0x7f, 0xff, 0xff, 0x40, 0x00, 0x00, 0x8f, 0xff,
    0xff, 0x30, 0x08, 0xff, 0xff, 0xf6, 0x00, 0x00,
    0x08, 0xff, 0xff, 0xf3, 0x00, 0x6f, 0xff, 0xff,
    0xb0, 0x00, 0x00, 0x8f, 0xff, 0xff, 0x30, 0x01,
    0xff, 0xff, 0xff, 0x91, 0x01, 0x7e, 0xff, 0xff,
    0xf6, 0x0c, 0x07, 0xff, 0xff, 0xff, 0xff, 0xfe,
    0x4f, 0xff, 0xff, 0xff, 0xa0, 0x05, 0xef, 0xff,
    0xff, 0xf9, 0x10, 0x5f, 0xff, 0xff, 0xb0, 0x00,
    0x00, 0x47, 0x77, 0x40, 0x00, 0x00, 0x16, 0x77,
    0x30, 0x00,

    /* U+0062 "b" */
    0x00, 0x00, 0x26, 0xcf, 0x50, 0x00, 0x00, 0x00,
    0x00, 0x00, 0x00, 0x00, 0x03, 0x8d, 0xff, 0xff,
    0x70, 0x00, 0x00, 0x00, 0x00, 0x00, 0x00, 0x00,
    0x7f, 0xff, 0xff, 0xff, 0x70, 0x00, 0x00, 0x00,
    0x00, 0x00, 0x00, 0x00, 0x00, 0x6f, 0xff, 0xff,
    0x70, 0x00, 0x00, 0x00, 0x00, 0x00, 0x00, 0x00,
    0x00, 0x4f, 0xff, 0xff, 0x70, 0x00, 0x00, 0x00,
    0x00, 0x00, 0x00, 0x00, 0x00, 0x4f, 0xff, 0xff,
    0x70, 0x00, 0x00, 0x00, 0x00, 0x00, 0x00, 0x00,
    0x00, 0x4f, 0xff, 0xff, 0x70, 0x00, 0x00, 0x00,
    0x00, 0x00, 0x00, 0x00, 0x00, 0x4f, 0xff, 0xff,
    0x70, 0x00, 0x00, 0x00, 0x00, 0x00, 0x00, 0x00,
    0x00, 0x4f, 0xff, 0xff, 0x70, 0x00, 0x00, 0x00,
    0x00, 0x00, 0x00, 0x00, 0x00, 0x4f, 0xff, 0xff,
    0x70, 0x00, 0x00, 0x00, 0x00, 0x00, 0x00, 0x00,
    0x00, 0x4f, 0xff, 0xff, 0x70, 0x00, 0x00, 0x00,
    0x00, 0x00, 0x00, 0x00, 0x00, 0x4f, 0xff, 0xff,
    0x70, 0x00, 0x26, 0x77, 0x51, 0x00, 0x00, 0x00,
    0x00, 0x4f, 0xff, 0xff, 0x70, 0x3c, 0xff, 0xff,
    0xff, 0xa1, 0x00, 0x00, 0x00, 0x4f, 0xff, 0xff,
    0x77, 0xff, 0xce, 0xff, 0xff, 0xfe, 0x30, 0x00,
    0x00, 0x4f, 0xff, 0xff, 0xde, 0x50, 0x00, 0x4e,
    0xff, 0xff, 0xf2, 0x00, 0x00, 0x4f, 0xff, 0xff,
    0xe2, 0x00, 0x00, 0x02, 0xff, 0xff, 0xfd, 0x00,
    0x00, 0x4f, 0xff, 0xff, 0x70, 0x00, 0x00, 0x00,
    0x9f, 0xff, 0xff, 0x50, 0x00, 0x4f, 0xff, 0xff,
    0x70, 0x00, 0x00, 0x00, 0x2f, 0xff, 0xff, 0xc0,
    0x00, 0x4f, 0xff, 0xff, 0x70, 0x00, 0x00, 0x00,
    0x0e, 0xff, 0xff, 0xf1, 0x00, 0x4f, 0xff, 0xff,
    0x70, 0x00, 0x00, 0x00, 0x0b, 0xff, 0xff, 0xf4,
    0x00, 0x4f, 0xff, 0xff, 0x70, 0x00, 0x00, 0x00,
    0x09, 0xff, 0xff, 0xf6, 0x00, 0x4f, 0xff, 0xff,
    0x70, 0x00, 0x00, 0x00, 0x08, 0xff, 0xff, 0xf7,
    0x00, 0x4f, 0xff, 0xff, 0x70, 0x00, 0x00, 0x00,
    0x08, 0xff, 0xff, 0xf7, 0x00, 0x4f, 0xff, 0xff,
    0x70, 0x00, 0x00, 0x00, 0x08, 0xff, 0xff, 0xf6,
    0x00, 0x4f, 0xff, 0xff, 0x70, 0x00, 0x00, 0x00,
    0x09, 0xff, 0xff, 0xf4, 0x00, 0x4f, 0xff, 0xff,
    0x70, 0x00, 0x00, 0x00, 0x0b, 0xff, 0xff, 0xf0,
    0x00, 0x4f, 0xff, 0xff, 0x70, 0x00, 0x00, 0x00,
    0x0d, 0xff, 0xff, 0xc0, 0x00, 0x4f, 0xff, 0xff,
    0x70, 0x00, 0x00, 0x00, 0x1f, 0xff, 0xff, 0x60,
    0x00, 0x4f, 0xff, 0xff, 0x70, 0x00, 0x00, 0x00,
    0x6f, 0xff, 0xfd, 0x00, 0x00, 0x4f, 0xff, 0xff,
    0x70, 0x00, 0x00, 0x00, 0xdf, 0xff, 0xf4, 0x00,
    0x00, 0x4f, 0xff, 0xff, 0xe2, 0x00, 0x00, 0x09,
    0xff, 0xff, 0x70, 0x00, 0x00, 0x4f, 0xff, 0xf8,
    0xbf, 0x83, 0x25, 0xcf, 0xff, 0xf6, 0x00, 0x00,
    0x00, 0x4f, 0xfb, 0x20, 0x07, 0xef, 0xff, 0xff,
    0xfa, 0x20, 0x00, 0x00, 0x00, 0x07, 0x30, 0x00,
    0x00, 0x04, 0x77, 0x74, 0x10, 0x00, 0x00, 0x00,

    /* U+0063 "c" */
    0x00, 0x00, 0x00, 0x00, 0x46, 0x77, 0x63, 0x00,
    0x00, 0x00, 0x00, 0x00, 0x2a, 0xff, 0xff, 0xff,
    0xfe, 0x80, 0x00, 0x00, 0x00, 0x7f, 0xfe, 0x50,
    0x03, 0xdf, 0xff, 0xd2, 0x00, 0x00, 0x9f, 0xff,
    0x30, 0x00, 0x02, 0xff, 0xff, 0xd0, 0x00, 0x7f,
    0xff, 0x80, 0x00, 0x00, 0x0d, 0xff, 0xff, 0x70,
    0x2f, 0xff, 0xf2, 0x00, 0x00, 0x00, 0xcf, 0xff,
    0xfc, 0x0a, 0xff, 0xfd, 0x00, 0x00, 0x00, 0x0c,
    0xff, 0xff, 0xd1, 0xff, 0xff, 0xa0, 0x00, 0x00,
    0x00, 0x9f, 0xff, 0xfa, 0x6f, 0xff, 0xf9, 0x00,
    0x00, 0x00, 0x01, 0xef, 0xfe, 0x29, 0xff, 0xff,
    0x80, 0x00, 0x00, 0x00, 0x00, 0x33, 0x00, 0xbf,
    0xff, 0xf9, 0x00, 0x00, 0x00, 0x00, 0x00, 0x00,
    0x0c, 0xff, 0xff, 0xa0, 0x00, 0x00, 0x00, 0x00,
    0x00, 0x00, 0xcf, 0xff, 0xfd, 0x00, 0x00, 0x00,
    0x00, 0x00, 0x00, 0x0b, 0xff, 0xff, 0xf1, 0x00,
    0x00, 0x00, 0x00, 0x00, 0x00, 0x9f, 0xff, 0xff,
    0x70, 0x00, 0x00, 0x00, 0x00, 0x00, 0x25, 0xff,
    0xff, 0xfe, 0x10, 0x00, 0x00, 0x00, 0x00, 0x5d,
    0x0f, 0xff, 0xff, 0xfb, 0x00, 0x00, 0x00, 0x00,
    0x1d, 0xa0, 0x8f, 0xff, 0xff, 0xfc, 0x20, 0x00,
    0x00, 0x3d, 0xf5, 0x01, 0xef, 0xff, 0xff, 0xff,
    0xb8, 0x79, 0xcf, 0xfd, 0x00, 0x03, 0xff, 0xff,
    0xff, 0xff, 0xff, 0xff, 0xff, 0x20, 0x00, 0x03,
    0xdf, 0xff, 0xff, 0xff, 0xff, 0xfe, 0x30, 0x00,
    0x00, 0x00, 0x7e, 0xff, 0xff, 0xff, 0xe8, 0x00,
    0x00, 0x00, 0x00, 0x00, 0x03, 0x67, 0x76, 0x30,
    0x00, 0x00, 0x00,

    /* U+0064 "d" */
    0x00, 0x00, 0x00, 0x00, 0x00, 0x00, 0x00, 0x00,
    0x04, 0x8e, 0xe0, 0x00, 0x00, 0x00, 0x00, 0x00,
    0x00, 0x00, 0x00, 0x5a, 0xef, 0xff, 0xf0, 0x00,
    0x00, 0x00, 0x00, 0x00, 0x00, 0x00, 0x0e, 0xff,
    0xff, 0xff, 0xf0, 0x00, 0x00, 0x00, 0x00, 0x00,
    0x00, 0x00, 0x00, 0x0c, 0xff, 0xff, 0xf0, 0x00,
    0x00, 0x00, 0x00, 0x00, 0x00, 0x00, 0x00, 0x0b,
    0xff, 0xff, 0xf0, 0x00, 0x00, 0x00, 0x00, 0x00,
    0x00, 0x00, 0x00, 0x0b, 0xff, 0xff, 0xf0, 0x00,
    0x00, 0x00, 0x00, 0x00, 0x00, 0x00, 0x00, 0x0b,
    0xff, 0xff, 0xf0, 0x00, 0x00, 0x00, 0x00, 0x00,
    0x00, 0x00, 0x00, 0x0b, 0xff, 0xff, 0xf0, 0x00,
    0x00, 0x00, 0x00, 0x00, 0x00, 0x00, 0x00, 0x0b,
    0xff, 0xff, 0xf0, 0x00, 0x00, 0x00, 0x00, 0x00,
    0x00, 0x00, 0x00, 0x0b, 0xff, 0xff, 0xf0, 0x00,
    0x00, 0x00, 0x00, 0x00, 0x00, 0x00, 0x00, 0x0b,
    0xff, 0xff, 0xf0, 0x00, 0x00, 0x00, 0x00, 0x01,
    0x57, 0x76, 0x30, 0x0b, 0xff, 0xff, 0xf0, 0x00,
    0x00, 0x00, 0x04, 0xcf, 0xff, 0xff, 0xfd, 0x4b,
    0xff, 0xff, 0xf0, 0x00, 0x00, 0x00, 0x9f, 0xff,
    0xfb, 0x54, 0x6b, 0xff, 0xff, 0xff, 0xf0, 0x00,
    0x00, 0x0b, 0xff, 0xff, 0x70, 0x00, 0x00, 0x6f,
    0xff, 0xff, 0xf0, 0x00, 0x00, 0x8f, 0xff, 0xfa,
    0x00, 0x00, 0x00, 0x0b, 0xff, 0xff, 0xf0, 0x00,
    0x02, 0xff, 0xff, 0xf2, 0x00, 0x00, 0x00, 0x0b,
    0xff, 0xff, 0xf0, 0x00, 0x0a, 0xff, 0xff, 0xd0,
    0x00, 0x00, 0x00, 0x0b, 0xff, 0xff, 0xf0, 0x00,
    0x0f, 0xff, 0xff, 0x90, 0x00, 0x00, 0x00, 0x0b,
    0xff, 0xff, 0xf0, 0x00, 0x4f, 0xff, 0xff, 0x60,
    0x00, 0x00, 0x00, 0x0b, 0xff, 0xff, 0xf0, 0x00,
    0x8f, 0xff, 0xff, 0x40, 0x00, 0x00, 0x00, 0x0b,
    0xff, 0xff, 0xf0, 0x00, 0xaf, 0xff, 0xff, 0x40,
    0x00, 0x00, 0x00, 0x0b, 0xff, 0xff, 0xf0, 0x00,
    0xbf, 0xff, 0xff, 0x30, 0x00, 0x00, 0x00, 0x0b,
    0xff, 0xff, 0xf0, 0x00, 0xbf, 0xff, 0xff, 0x40,
    0x00, 0x00, 0x00, 0x0b, 0xff, 0xff, 0xf0, 0x00,
    0xaf, 0xff, 0xff, 0x50, 0x00, 0x00, 0x00, 0x0b,
    0xff, 0xff, 0xf0, 0x00, 0x8f, 0xff, 0xff, 0x70,
    0x00, 0x00, 0x00, 0x0b, 0xff, 0xff, 0xf0, 0x00,
    0x4f, 0xff, 0xff, 0xa0, 0x00, 0x00, 0x00, 0x0b,
    0xff, 0xff, 0xf0, 0x00, 0x0f, 0xff, 0xff, 0xe0,
    0x00, 0x00, 0x00, 0x0b, 0xff, 0xff, 0xf0, 0x00,
    0x09, 0xff, 0xff, 0xf5, 0x00, 0x00, 0x00, 0x0b,
    0xff, 0xff, 0xf0, 0x00, 0x01, 0xff, 0xff, 0xfd,
    0x00, 0x00, 0x00, 0x4f, 0xff, 0xff, 0xf0, 0x00,
    0x00, 0x6f, 0xff, 0xff, 0xc2, 0x00, 0x18, 0xfd,
    0xff, 0xff, 0xf0, 0x00, 0x00, 0x06, 0xff, 0xff,
    0xff, 0xed, 0xfe, 0x49, 0xff, 0xff, 0xf9, 0x30,
    0x00, 0x00, 0x3c, 0xff, 0xff, 0xff, 0xa1, 0x02,
    0xdf, 0xff, 0xff, 0xf2, 0x00, 0x00, 0x00, 0x26,
    0x77, 0x51, 0x00, 0x00, 0x00, 0x00, 0x00, 0x00,

    /* U+0065 "e" */
    0x00, 0x00, 0x00, 0x01, 0x57, 0x77, 0x51, 0x00,
    0x00, 0x00, 0x00, 0x00, 0x04, 0xcf, 0xff, 0xff,
    0xff, 0xb3, 0x00, 0x00, 0x00, 0x00, 0xaf, 0xfd,
    0x40, 0x19, 0xff, 0xff, 0x60, 0x00, 0x00, 0x0c,
    0xff, 0xe1, 0x00, 0x00, 0xaf, 0xff, 0xf6, 0x00,
    0x00, 0xaf, 0xff, 0x60, 0x00, 0x00, 0x2f, 0xff,
    0xff, 0x10, 0x04, 0xff, 0xff, 0x00, 0x00, 0x00,
    0x0c, 0xff, 0xff, 0x90, 0x0c, 0xff, 0xfb, 0x00,
    0x00, 0x00, 0x09, 0xff, 0xff, 0xe0, 0x2f, 0xff,
    0xf9, 0x00, 0x00, 0x00, 0x07, 0xff, 0xff, 0xf2,
    0x6f, 0xff, 0xf7, 0x00, 0x00, 0x00, 0x06, 0xff,
    0xff, 0xf4, 0xaf, 0xff, 0xf7, 0x00, 0x00, 0x00,
    0x08, 0xff, 0xff, 0xf5, 0xcf, 0xff, 0xff, 0xff,
    0xff, 0xff, 0xff, 0xff, 0xff, 0xe1, 0xcf, 0xff,
    0xfa, 0x22, 0x22, 0x22, 0x22, 0x22, 0x22, 0x00,
    0xcf, 0xff, 0xfb, 0x00, 0x00, 0x00, 0x00, 0x00,
    0x00, 0x00, 0xbf, 0xff, 0xfe, 0x00, 0x00, 0x00,
    0x00, 0x00, 0x00, 0x00, 0x9f, 0xff, 0xff, 0x30,
    0x00, 0x00, 0x00, 0x00, 0x00, 0x41, 0x5f, 0xff,
    0xff, 0xb0, 0x00, 0x00, 0x00, 0x00, 0x00, 0xf4,
    0x0f, 0xff, 0xff, 0xf6, 0x00, 0x00, 0x00, 0x00,
    0x08, 0xf1, 0x08, 0xff, 0xff, 0xff, 0x70, 0x00,
    0x00, 0x00, 0x7f, 0xc0, 0x00, 0xdf, 0xff, 0xff,
    0xfd, 0x74, 0x34, 0x7d, 0xff, 0x40, 0x00, 0x2e,
    0xff, 0xff, 0xff, 0xff, 0xff, 0xff, 0xf7, 0x00,
    0x00, 0x02, 0xcf, 0xff, 0xff, 0xff, 0xff, 0xff,
    0x70, 0x00, 0x00, 0x00, 0x06, 0xdf, 0xff, 0xff,
    0xff, 0xa2, 0x00, 0x00, 0x00, 0x00, 0x00, 0x02,
    0x57, 0x76, 0x40, 0x00, 0x00, 0x00,

    /* U+0066 "f" */
    0x00, 0x00, 0x03, 0x67, 0x76, 0x20, 0x00, 0x00,
    0x00, 0x6e, 0xfb, 0xaf, 0xff, 0xd4, 0x00, 0x00,
    0x9f, 0xf2, 0x00, 0x3f, 0xff, 0xf4, 0x00, 0x4f,
    0xfa, 0x00, 0x01, 0xff, 0xff, 0xd0, 0x0a, 0xff,
    0x90, 0x00, 0x0f, 0xff, 0xff, 0x00, 0xcf, 0xfd,
    0x00, 0x00, 0xef, 0xff, 0xe0, 0x0b, 0xff, 0xf5,
    0x00, 0x04, 0xef, 0xe4, 0x00, 0x6f, 0xff, 0xf2,
    0x00, 0x00, 0x10, 0x00, 0x00, 0xdf, 0xff, 0xe2,
    0x00, 0x00, 0x00, 0x00, 0x03, 0xff, 0xff, 0xe1,
    0x00, 0x00, 0x00, 0x00, 0x0b, 0xff, 0xff, 0x90,
    0x00, 0x00, 0x0b, 0xff, 0xff, 0xff, 0xff, 0xff,
    0xff, 0x60, 0x17, 0xbf, 0xff, 0xff, 0xf7, 0x77,
    0x60, 0x00, 0x00, 0xbf, 0xff, 0xff, 0x00, 0x00,
    0x00, 0x00, 0x0a, 0xff, 0xff, 0xf0, 0x00, 0x00,
    0x00, 0x00, 0xaf, 0xff, 0xff, 0x00, 0x00, 0x00,
    0x00, 0x0a, 0xff, 0xff, 0xf0, 0x00, 0x00, 0x00,
    0x00, 0xaf, 0xff, 0xff, 0x00, 0x00, 0x00, 0x00,
    0x0a, 0xff, 0xff, 0xf0, 0x00, 0x00, 0x00, 0x00,
    0xaf, 0xff, 0xff, 0x00, 0x00, 0x00, 0x00, 0x0a,
    0xff, 0xff, 0xf0, 0x00, 0x00, 0x00, 0x00, 0xaf,
    0xff, 0xff, 0x00, 0x00, 0x00, 0x00, 0x0a, 0xff,
    0xff, 0xf0, 0x00, 0x00, 0x00, 0x00, 0xaf, 0xff,
    0xff, 0x00, 0x00, 0x00, 0x00, 0x0a, 0xff, 0xff,
    0xf0, 0x00, 0x00, 0x00, 0x00, 0xaf, 0xff, 0xff,
    0x00, 0x00, 0x00, 0x00, 0x0a, 0xff, 0xff, 0xf0,
    0x00, 0x00, 0x00, 0x00, 0xaf, 0xff, 0xff, 0x00,
    0x00, 0x00, 0x00, 0x0a, 0xff, 0xff, 0xf0, 0x00,
    0x00, 0x00, 0x00, 0xbf, 0xff, 0xff, 0x10, 0x00,
    0x00, 0x04, 0x8f, 0xff, 0xff, 0xfb, 0x75, 0x20,
    0x04, 0xff, 0xff, 0xff, 0xff, 0xff, 0xfb, 0x00,

    /* U+0067 "g" */
    0x00, 0x00, 0x00, 0x00, 0x00, 0x00, 0x00, 0x00,
    0x00, 0x03, 0x76, 0x20, 0x00, 0x00, 0x00, 0x00,
    0x00, 0x00, 0x00, 0x00, 0x00, 0x1b, 0xff, 0xff,
    0x50, 0x00, 0x00, 0x00, 0x00, 0x00, 0x00, 0x00,
    0x00, 0x0d, 0xff, 0xff, 0xfe, 0x00, 0x00, 0x00,
    0x00, 0x00, 0x00, 0x00, 0x00, 0x09, 0xff, 0xff,
    0xff, 0xf0, 0x00, 0x00, 0x00, 0x00, 0x25, 0x77,
    0x76, 0x33, 0xf3, 0x06, 0xff, 0xfd, 0x00, 0x00,
    0x00, 0x06, 0xdf, 0xc8, 0x9f, 0xff, 0xfc, 0x20,
    0x06, 0xfe, 0x40, 0x00, 0x00, 0x3d, 0xff, 0xa0,
    0x00, 0x2d, 0xff, 0xff, 0x60, 0x00, 0x00, 0x00,
    0x00, 0x4f, 0xff, 0xf1, 0x00, 0x00, 0x2f, 0xff,
    0xff, 0x70, 0x00, 0x00, 0x00, 0x1e, 0xff, 0xfc,
    0x00, 0x00, 0x00, 0xaf, 0xff, 0xff, 0x30, 0x00,
    0x00, 0x09, 0xff, 0xff, 0xa0, 0x00, 0x00, 0x04,
    0xff, 0xff, 0xfb, 0x00, 0x00, 0x00, 0xff, 0xff,
    0xf9, 0x00, 0x00, 0x00, 0x0f, 0xff, 0xff, 0xf1,
    0x00, 0x00, 0x3f, 0xff, 0xff, 0x90, 0x00, 0x00,
    0x00, 0xdf, 0xff, 0xff, 0x30, 0x00, 0x04, 0xff,
    0xff, 0xfa, 0x00, 0x00, 0x00, 0x0b, 0xff, 0xff,
    0xf4, 0x00, 0x00, 0x4f, 0xff, 0xff, 0xc0, 0x00,
    0x00, 0x00, 0xaf, 0xff, 0xff, 0x20, 0x00, 0x01,
    0xff, 0xff, 0xff, 0x00, 0x00, 0x00, 0x0a, 0xff,
    0xff, 0xf0, 0x00, 0x00, 0x0c, 0xff, 0xff, 0xf4,
    0x00, 0x00, 0x00, 0xbf, 0xff, 0xf9, 0x00, 0x00,
    0x00, 0x4f, 0xff, 0xff, 0xb0, 0x00, 0x00, 0x0e,
    0xff, 0xff, 0x10, 0x00, 0x00, 0x00, 0x8f, 0xff,
    0xff, 0x40, 0x00, 0x04, 0xff, 0xff, 0x40, 0x00,
    0x00, 0x00, 0x00, 0x7f, 0xff, 0xff, 0x50, 0x02,
    0xef, 0xfe, 0x40, 0x00, 0x00, 0x00, 0x00, 0x00,
    0x2a, 0xff, 0xff, 0xed, 0xff, 0xe7, 0x00, 0x00,
    0x00, 0x00, 0x00, 0x00, 0x00, 0x6c, 0xe7, 0x88,
    0x86, 0x30, 0x00, 0x00, 0x00, 0x00, 0x00, 0x00,
    0x02, 0xdf, 0xf9, 0x00, 0x00, 0x00, 0x00, 0x00,
    0x00, 0x00, 0x00, 0x00, 0x00, 0xbf, 0xff, 0xf7,
    0x10, 0x00, 0x00, 0x00, 0x00, 0x00, 0x00, 0x00,
    0x00, 0x0f, 0xff, 0xff, 0xff, 0xd9, 0x63, 0x00,
    0x00, 0x00, 0x00, 0x00, 0x00, 0x00, 0xef, 0xff,
    0xff, 0xff, 0xff, 0xff, 0xda, 0x51, 0x00, 0x00,
    0x00, 0x00, 0x05, 0xff, 0xff, 0xff, 0xff, 0xff,
    0xff, 0xff, 0xf8, 0x00, 0x00, 0x00, 0x00, 0x04,
    0xef, 0xff, 0xff, 0xff, 0xff, 0xff, 0xff, 0xfd,
    0x00, 0x00, 0x00, 0x6c, 0xf9, 0x24, 0x8b, 0xef,
    0xff, 0xff, 0xff, 0xff, 0xf8, 0x00, 0x00, 0xcf,
    0xf8, 0x00, 0x00, 0x00, 0x15, 0x8d, 0xff, 0xff,
    0xff, 0xd0, 0x00, 0xaf, 0xff, 0x20, 0x00, 0x00,
    0x00, 0x00, 0x04, 0xef, 0xff, 0xfe, 0x00, 0x0f,
    0xff, 0xf2, 0x00, 0x00, 0x00, 0x00, 0x00, 0x02,
    0xff, 0xff, 0xc0, 0x01, 0xff, 0xff, 0x70, 0x00,
    0x00, 0x00, 0x00, 0x00, 0x0f, 0xff, 0xf7, 0x00,
    0x0d, 0xff, 0xfe, 0x10, 0x00, 0x00, 0x00, 0x00,
    0x02, 0xff, 0xfd, 0x00, 0x00, 0x3f, 0xff, 0xfd,
    0x30, 0x00, 0x00, 0x00, 0x02, 0xdf, 0xfc, 0x10,
    0x00, 0x00, 0x2b, 0xff, 0xff, 0xd9, 0x65, 0x56,
    0x8b, 0xff, 0xe6, 0x00, 0x00, 0x00, 0x00, 0x02,
    0x6a, 0xce, 0xff, 0xff, 0xed, 0xb7, 0x30, 0x00,
    0x00, 0x00,

    /* U+0068 "h" */
    0x00, 0x00, 0x27, 0xdf, 0x20, 0x00, 0x00, 0x00,
    0x00, 0x00, 0x00, 0x00, 0x00, 0x49, 0xef, 0xff,
    0xf4, 0x00, 0x00, 0x00, 0x00, 0x00, 0x00, 0x00,
    0x00, 0xaf, 0xff, 0xff, 0xff, 0x40, 0x00, 0x00,
    0x00, 0x00, 0x00, 0x00, 0x00, 0x00, 0x09, 0xff,
    0xff, 0xf4, 0x00, 0x00, 0x00, 0x00, 0x00, 0x00,
    0x00, 0x00, 0x00, 0x7f, 0xff, 0xff, 0x40, 0x00,
    0x00, 0x00, 0x00, 0x00, 0x00, 0x00, 0x00, 0x07,
    0xff, 0xff, 0xf4, 0x00, 0x00, 0x00, 0x00, 0x00,
    0x00, 0x00, 0x00, 0x00, 0x7f, 0xff, 0xff, 0x40,
    0x00, 0x00, 0x00, 0x00, 0x00, 0x00, 0x00, 0x00,
    0x07, 0xff, 0xff, 0xf4, 0x00, 0x00, 0x00, 0x00,
    0x00, 0x00, 0x00, 0x00, 0x00, 0x7f, 0xff, 0xff,
    0x40, 0x00, 0x00, 0x00, 0x00, 0x00, 0x00, 0x00,
    0x00, 0x07, 0xff, 0xff, 0xf4, 0x00, 0x00, 0x00,
    0x00, 0x00, 0x00, 0x00, 0x00, 0x00, 0x7f, 0xff,
    0xff, 0x40, 0x00, 0x00, 0x00, 0x00, 0x00, 0x00,
    0x00, 0x00, 0x07, 0xff, 0xff, 0xf4, 0x00, 0x00,
    0x15, 0x76, 0x20, 0x00, 0x00, 0x00, 0x00, 0x7f,
    0xff, 0xff, 0x40, 0x01, 0xaf, 0xff, 0xff, 0xa0,
    0x00, 0x00, 0x00, 0x07, 0xff, 0xff, 0xf4, 0x05,
    0xff, 0xff, 0xff, 0xff, 0x90, 0x00, 0x00, 0x00,
    0x7f, 0xff, 0xff, 0x49, 0xfc, 0xbe, 0xff, 0xff,
    0xff, 0x20, 0x00, 0x00, 0x07, 0xff, 0xff, 0xfd,
    0xc3, 0x00, 0x0b, 0xff, 0xff, 0xf8, 0x00, 0x00,
    0x00, 0x7f, 0xff, 0xff, 0xa0, 0x00, 0x00, 0x2f,
    0xff, 0xff, 0xc0, 0x00, 0x00, 0x07, 0xff, 0xff,
    0xf4, 0x00, 0x00, 0x00, 0xef, 0xff, 0xff, 0x00,
    0x00, 0x00, 0x7f, 0xff, 0xff, 0x40, 0x00, 0x00,
    0x0b, 0xff, 0xff, 0xf1, 0x00, 0x00, 0x07, 0xff,
    0xff, 0xf4, 0x00, 0x00, 0x00, 0x9f, 0xff, 0xff,
    0x30, 0x00, 0x00, 0x7f, 0xff, 0xff, 0x40, 0x00,
    0x00, 0x08, 0xff, 0xff, 0xf4, 0x00, 0x00, 0x07,
    0xff, 0xff, 0xf4, 0x00, 0x00, 0x00, 0x6f, 0xff,
    0xff, 0x60, 0x00, 0x00, 0x7f, 0xff, 0xff, 0x40,
    0x00, 0x00, 0x04, 0xff, 0xff, 0xf8, 0x00, 0x00,
    0x07, 0xff, 0xff, 0xf4, 0x00, 0x00, 0x00, 0x2f,
    0xff, 0xff, 0xa0, 0x00, 0x00, 0x7f, 0xff, 0xff,
    0x40, 0x00, 0x00, 0x01, 0xff, 0xff, 0xfc, 0x00,
    0x00, 0x07, 0xff, 0xff, 0xf4, 0x00, 0x00, 0x00,
    0x0f, 0xff, 0xff, 0xd0, 0x00, 0x00, 0x7f, 0xff,
    0xff, 0x40, 0x00, 0x00, 0x00, 0xdf, 0xff, 0xff,
    0x00, 0x00, 0x07, 0xff, 0xff, 0xf4, 0x00, 0x00,
    0x00, 0x0b, 0xff, 0xff, 0xf1, 0x00, 0x00, 0x7f,
    0xff, 0xff, 0x40, 0x00, 0x00, 0x00, 0xaf, 0xff,
    0xff, 0x30, 0x00, 0x07, 0xff, 0xff, 0xf4, 0x00,
    0x00, 0x00, 0x08, 0xff, 0xff, 0xf5, 0x00, 0x00,
    0x7f, 0xff, 0xff, 0x40, 0x00, 0x00, 0x00, 0x7f,
    0xff, 0xff, 0x70, 0x01, 0x5d, 0xff, 0xff, 0xfb,
    0x40, 0x00, 0x01, 0x5d, 0xff, 0xff, 0xfd, 0x50,
    0x9f, 0xff, 0xff, 0xff, 0xff, 0x50, 0x00, 0x8f,
    0xff, 0xff, 0xff, 0xff, 0x80,

    /* U+0069 "i" */
    0x00, 0x03, 0x88, 0x50, 0x00, 0x00, 0x08, 0xff,
    0xff, 0xc0, 0x00, 0x02, 0xff, 0xff, 0xff, 0x70,
    0x00, 0x6f, 0xff, 0xff, 0xfb, 0x00, 0x04, 0xff,
    0xff, 0xff, 0x90, 0x00, 0x0d, 0xff, 0xff, 0xf3,
    0x00, 0x00, 0x1a, 0xff, 0xc4, 0x00, 0x00, 0x00,
    0x00, 0x00, 0x00, 0x00, 0x00, 0x00, 0x00, 0x00,
    0x00, 0x00, 0x00, 0x00, 0x04, 0x70, 0x00, 0x00,
    0x04, 0x9e, 0xff, 0x50, 0x02, 0x9e, 0xff, 0xff,
    0xf5, 0x00, 0x8d, 0xff, 0xff, 0xff, 0x50, 0x00,
    0x07, 0xff, 0xff, 0xf5, 0x00, 0x00, 0x7f, 0xff,
    0xff, 0x50, 0x00, 0x07, 0xff, 0xff, 0xf5, 0x00,
    0x00, 0x7f, 0xff, 0xff, 0x50, 0x00, 0x07, 0xff,
    0xff, 0xf5, 0x00, 0x00, 0x7f, 0xff, 0xff, 0x50,
    0x00, 0x07, 0xff, 0xff, 0xf5, 0x00, 0x00, 0x7f,
    0xff, 0xff, 0x50, 0x00, 0x07, 0xff, 0xff, 0xf5,
    0x00, 0x00, 0x7f, 0xff, 0xff, 0x50, 0x00, 0x07,
    0xff, 0xff, 0xf5, 0x00, 0x00, 0x7f, 0xff, 0xff,
    0x50, 0x00, 0x07, 0xff, 0xff, 0xf5, 0x00, 0x00,
    0x7f, 0xff, 0xff, 0x50, 0x00, 0x07, 0xff, 0xff,
    0xf5, 0x00, 0x00, 0x7f, 0xff, 0xff, 0x50, 0x01,
    0x5d, 0xff, 0xff, 0xfc, 0x50, 0x9f, 0xff, 0xff,
    0xff, 0xff, 0x70,

    /* U+006A "j" */
    0x00, 0x00, 0x02, 0xbf, 0xfc, 0x30, 0x00, 0x00,
    0x00, 0x0e, 0xff, 0xff, 0xf2, 0x00, 0x00, 0x00,
    0x5f, 0xff, 0xff, 0xf8, 0x00, 0x00, 0x00, 0x7f,
    0xff, 0xff, 0xfa, 0x00, 0x00, 0x00, 0x3f, 0xff,
    0xff, 0xf6, 0x00, 0x00, 0x00, 0x09, 0xff, 0xff,
    0xb0, 0x00, 0x00, 0x00, 0x00, 0x38, 0x85, 0x00,
    0x00, 0x00, 0x00, 0x00, 0x00, 0x00, 0x00, 0x00,
    0x00, 0x00, 0x00, 0x00, 0x00, 0x00, 0x00, 0x00,
    0x00, 0x00, 0x00, 0x05, 0x70, 0x00, 0x00, 0x00,
    0x00, 0x4a, 0xff, 0xf5, 0x00, 0x00, 0x03, 0xaf,
    0xff, 0xff, 0xf5, 0x00, 0x00, 0x07, 0xce, 0xff,
    0xff, 0xf5, 0x00, 0x00, 0x00, 0x07, 0xff, 0xff,
    0xf5, 0x00, 0x00, 0x00, 0x07, 0xff, 0xff, 0xf5,
    0x00, 0x00, 0x00, 0x07, 0xff, 0xff, 0xf5, 0x00,
    0x00, 0x00, 0x07, 0xff, 0xff, 0xf5, 0x00, 0x00,
    0x00, 0x07, 0xff, 0xff, 0xf5, 0x00, 0x00, 0x00,
    0x07, 0xff, 0xff, 0xf5, 0x00, 0x00, 0x00, 0x07,
    0xff, 0xff, 0xf5, 0x00, 0x00, 0x00, 0x07, 0xff,
    0xff, 0xf5, 0x00, 0x00, 0x00, 0x07, 0xff, 0xff,
    0xf5, 0x00, 0x00, 0x00, 0x07, 0xff, 0xff, 0xf5,
    0x00, 0x00, 0x00, 0x07, 0xff, 0xff, 0xf5, 0x00,
    0x00, 0x00, 0x07, 0xff, 0xff, 0xf5, 0x00, 0x00,
    0x00, 0x07, 0xff, 0xff, 0xf5, 0x00, 0x00, 0x00,
    0x07, 0xff, 0xff, 0xf5, 0x00, 0x00, 0x00, 0x07,
    0xff, 0xff, 0xf5, 0x00, 0x00, 0x00, 0x05, 0xff,
    0xff, 0xf7, 0x00, 0x00, 0x00, 0x01, 0xff, 0xff,
    0xfb, 0x00, 0x00, 0x00, 0x00, 0x9f, 0xff, 0xff,
    0x00, 0x00, 0x00, 0x00, 0x0e, 0xff, 0xff, 0x60,
    0x00, 0x00, 0x00, 0x04, 0xff, 0xff, 0xc0, 0x00,
    0x58, 0x60, 0x00, 0x8f, 0xff, 0xf1, 0x09, 0xff,
    0xf9, 0x00, 0x0d, 0xff, 0xf4, 0x0f, 0xff, 0xff,
    0x10, 0x06, 0xff, 0xf5, 0x0f, 0xff, 0xff, 0x20,
    0x01, 0xff, 0xf5, 0x0e, 0xff, 0xff, 0x30, 0x00,
    0xff, 0xf1, 0x06, 0xff, 0xff, 0x30, 0x02, 0xff,
    0x90, 0x00, 0x8f, 0xff, 0xb2, 0x3b, 0xfb, 0x00,
    0x00, 0x03, 0x9d, 0xff, 0xeb, 0x50, 0x00,

    /* U+006B "k" */
    0x00, 0x00, 0x27, 0xdf, 0x20, 0x00, 0x00, 0x00,
    0x00, 0x00, 0x00, 0x00, 0x00, 0x49, 0xef, 0xff,
    0xf4, 0x00, 0x00, 0x00, 0x00, 0x00, 0x00, 0x00,
    0x00, 0xaf, 0xff, 0xff, 0xff, 0x40, 0x00, 0x00,
    0x00, 0x00, 0x00, 0x00, 0x00, 0x00, 0x09, 0xff,
    0xff, 0xf4, 0x00, 0x00, 0x00, 0x00, 0x00, 0x00,
    0x00, 0x00, 0x00, 0x7f, 0xff, 0xff, 0x40, 0x00,
    0x00, 0x00, 0x00, 0x00, 0x00, 0x00, 0x00, 0x07,
    0xff, 0xff, 0xf4, 0x00, 0x00, 0x00, 0x00, 0x00,
    0x00, 0x00, 0x00, 0x00, 0x7f, 0xff, 0xff, 0x40,
    0x00, 0x00, 0x00, 0x00, 0x00, 0x00, 0x00, 0x00,
    0x07, 0xff, 0xff, 0xf4, 0x00, 0x00, 0x00, 0x00,
    0x00, 0x00, 0x00, 0x00, 0x00, 0x7f, 0xff, 0xff,
    0x40, 0x00, 0x00, 0x00, 0x00, 0x00, 0x00, 0x00,
    0x00, 0x07, 0xff, 0xff, 0xf4, 0x00, 0x00, 0x00,
    0x00, 0x00, 0x00, 0x00, 0x00, 0x00, 0x7f, 0xff,
    0xff, 0x40, 0x00, 0x00, 0x00, 0x00, 0x00, 0x00,
    0x00, 0x00, 0x07, 0xff, 0xff, 0xf4, 0x00, 0x00,
    0x00, 0x00, 0x00, 0x00, 0x00, 0x00, 0x00, 0x7f,
    0xff, 0xff, 0x40, 0x00, 0x00, 0xff, 0xff, 0xff,
    0xff, 0xf0, 0x00, 0x07, 0xff, 0xff, 0xf4, 0x00,
    0x00, 0x03, 0x8f, 0xff, 0xfe, 0x83, 0x00, 0x00,
    0x7f, 0xff, 0xff, 0x40, 0x00, 0x00, 0x00, 0xaf,
    0xf7, 0x00, 0x00, 0x00, 0x07, 0xff, 0xff, 0xf4,
    0x00, 0x00, 0x00, 0x1e, 0xe2, 0x00, 0x00, 0x00,
    0x00, 0x7f, 0xff, 0xff, 0x40, 0x00, 0x00, 0x2e,
    0xd1, 0x00, 0x00, 0x00, 0x00, 0x07, 0xff, 0xff,
    0xf4, 0x00, 0x00, 0x2e, 0xc1, 0x00, 0x00, 0x00,
    0x00, 0x00, 0x7f, 0xff, 0xff, 0x40, 0x00, 0x3e,
    0xc0, 0x00, 0x00, 0x00, 0x00, 0x00, 0x07, 0xff,
    0xff, 0xf4, 0x00, 0x4f, 0xfd, 0x00, 0x00, 0x00,
    0x00, 0x00, 0x00, 0x7f, 0xff, 0xff, 0x40, 0x5f,
    0xff, 0xf8, 0x00, 0x00, 0x00, 0x00, 0x00, 0x07,
    0xff, 0xff, 0xf4, 0x5f, 0xff, 0xff, 0xf2, 0x00,
    0x00, 0x00, 0x00, 0x00, 0x7f, 0xff, 0xff, 0xaf,
    0xcf, 0xff, 0xff, 0xc0, 0x00, 0x00, 0x00, 0x00,
    0x07, 0xff, 0xff, 0xff, 0x50, 0xef, 0xff, 0xff,
    0x60, 0x00, 0x00, 0x00, 0x00, 0x7f, 0xff, 0xff,
    0x60, 0x06, 0xff, 0xff, 0xfe, 0x10, 0x00, 0x00,
    0x00, 0x07, 0xff, 0xff, 0xf4, 0x00, 0x0c, 0xff,
    0xff, 0xf9, 0x00, 0x00, 0x00, 0x00, 0x7f, 0xff,
    0xff, 0x40, 0x00, 0x3f, 0xff, 0xff, 0xf3, 0x00,
    0x00, 0x00, 0x07, 0xff, 0xff, 0xf4, 0x00, 0x00,
    0x9f, 0xff, 0xff, 0xd0, 0x00, 0x00, 0x00, 0x7f,
    0xff, 0xff, 0x40, 0x00, 0x01, 0xef, 0xff, 0xff,
    0x70, 0x00, 0x00, 0x07, 0xff, 0xff, 0xf4, 0x00,
    0x00, 0x06, 0xff, 0xff, 0xff, 0x10, 0x00, 0x00,
    0x7f, 0xff, 0xff, 0x40, 0x00, 0x00, 0x0d, 0xff,
    0xff, 0xfb, 0x00, 0x01, 0x5d, 0xff, 0xff, 0xfb,
    0x40, 0x00, 0x04, 0xdf, 0xff, 0xff, 0xfb, 0x30,
    0x9f, 0xff, 0xff, 0xff, 0xff, 0x50, 0x07, 0xff,
    0xff, 0xff, 0xff, 0xfe, 0x00,

    /* U+006C "l" */
    0x00, 0x00, 0x16, 0xcf, 0x40, 0x00, 0x27, 0xcf,
    0xff, 0xf6, 0x00, 0x8f, 0xff, 0xff, 0xff, 0x60,
    0x01, 0x39, 0xff, 0xff, 0xf6, 0x00, 0x00, 0x6f,
    0xff, 0xff, 0x60, 0x00, 0x06, 0xff, 0xff, 0xf6,
    0x00, 0x00, 0x6f, 0xff, 0xff, 0x60, 0x00, 0x06,
    0xff, 0xff, 0xf6, 0x00, 0x00, 0x6f, 0xff, 0xff,
    0x60, 0x00, 0x06, 0xff, 0xff, 0xf6, 0x00, 0x00,
    0x6f, 0xff, 0xff, 0x60, 0x00, 0x06, 0xff, 0xff,
    0xf6, 0x00, 0x00, 0x6f, 0xff, 0xff, 0x60, 0x00,
    0x06, 0xff, 0xff, 0xf6, 0x00, 0x00, 0x6f, 0xff,
    0xff, 0x60, 0x00, 0x06, 0xff, 0xff, 0xf6, 0x00,
    0x00, 0x6f, 0xff, 0xff, 0x60, 0x00, 0x06, 0xff,
    0xff, 0xf6, 0x00, 0x00, 0x6f, 0xff, 0xff, 0x60,
    0x00, 0x06, 0xff, 0xff, 0xf6, 0x00, 0x00, 0x6f,
    0xff, 0xff, 0x60, 0x00, 0x06, 0xff, 0xff, 0xf6,
    0x00, 0x00, 0x6f, 0xff, 0xff, 0x60, 0x00, 0x06,
    0xff, 0xff, 0xf6, 0x00, 0x00, 0x6f, 0xff, 0xff,
    0x60, 0x00, 0x06, 0xff, 0xff, 0xf6, 0x00, 0x00,
    0x6f, 0xff, 0xff, 0x60, 0x00, 0x06, 0xff, 0xff,
    0xf6, 0x00, 0x00, 0x6f, 0xff, 0xff, 0x60, 0x00,
    0x06, 0xff, 0xff, 0xf6, 0x00, 0x00, 0x6f, 0xff,
    0xff, 0x60, 0x00, 0x4c, 0xff, 0xff, 0xfc, 0x40,
    0x8f, 0xff, 0xff, 0xff, 0xff, 0x80,

    /* U+006D "m" */
    0x00, 0x00, 0x00, 0x57, 0x00, 0x00, 0x00, 0x47,
    0x75, 0x00, 0x00, 0x00, 0x00, 0x15, 0x76, 0x30,
    0x00, 0x00, 0x00, 0x00, 0x04, 0xaf, 0xff, 0x40,
    0x01, 0x9f, 0xff, 0xff, 0xe5, 0x00, 0x00, 0x1a,
    0xff, 0xff, 0xfa, 0x00, 0x00, 0x00, 0x39, 0xef,
    0xff, 0xff, 0x40, 0x6f, 0xff, 0xff, 0xff, 0xff,
    0x50, 0x05, 0xff, 0xff, 0xff, 0xff, 0xb0, 0x00,
    0x00, 0x9d, 0xff, 0xff, 0xff, 0x49, 0xff, 0xde,
    0xff, 0xff, 0xff, 0xe0, 0x7f, 0xed, 0xff, 0xff,
    0xff, 0xf5, 0x00, 0x00, 0x00, 0x8f, 0xff, 0xff,
    0xec, 0x40, 0x00, 0x6f, 0xff, 0xff, 0xfc, 0xe5,
    0x00, 0x1c, 0xff, 0xff, 0xfb, 0x00, 0x00, 0x00,
    0x7f, 0xff, 0xff, 0x90, 0x00, 0x00, 0x08, 0xff,
    0xff, 0xfd, 0x10, 0x00, 0x01, 0xff, 0xff, 0xff,
    0x00, 0x00, 0x00, 0x7f, 0xff, 0xff, 0x40, 0x00,
    0x00, 0x03, 0xff, 0xff, 0xfa, 0x00, 0x00, 0x00,
    0xbf, 0xff, 0xff, 0x20, 0x00, 0x00, 0x7f, 0xff,
    0xff, 0x40, 0x00, 0x00, 0x01, 0xff, 0xff, 0xfa,
    0x00, 0x00, 0x00, 0x8f, 0xff, 0xff, 0x40, 0x00,
    0x00, 0x7f, 0xff, 0xff, 0x40, 0x00, 0x00, 0x01,
    0xff, 0xff, 0xfa, 0x00, 0x00, 0x00, 0x6f, 0xff,
    0xff, 0x60, 0x00, 0x00, 0x7f, 0xff, 0xff, 0x40,
    0x00, 0x00, 0x01, 0xff, 0xff, 0xfa, 0x00, 0x00,
    0x00, 0x5f, 0xff, 0xff, 0x80, 0x00, 0x00, 0x7f,
    0xff, 0xff, 0x40, 0x00, 0x00, 0x01, 0xff, 0xff,
    0xfa, 0x00, 0x00, 0x00, 0x3f, 0xff, 0xff, 0xa0,
    0x00, 0x00, 0x7f, 0xff, 0xff, 0x40, 0x00, 0x00,
    0x01, 0xff, 0xff, 0xfa, 0x00, 0x00, 0x00, 0x1f,
    0xff, 0xff, 0xb0, 0x00, 0x00, 0x7f, 0xff, 0xff,
    0x40, 0x00, 0x00, 0x01, 0xff, 0xff, 0xfa, 0x00,
    0x00, 0x00, 0x0f, 0xff, 0xff, 0xd0, 0x00, 0x00,
    0x7f, 0xff, 0xff, 0x40, 0x00, 0x00, 0x01, 0xff,
    0xff, 0xfa, 0x00, 0x00, 0x00, 0x0e, 0xff, 0xff,
    0xf0, 0x00, 0x00, 0x7f, 0xff, 0xff, 0x40, 0x00,
    0x00, 0x01, 0xff, 0xff, 0xfa, 0x00, 0x00, 0x00,
    0x0c, 0xff, 0xff, 0xf1, 0x00, 0x00, 0x7f, 0xff,
    0xff, 0x40, 0x00, 0x00, 0x01, 0xff, 0xff, 0xfa,
    0x00, 0x00, 0x00, 0x0a, 0xff, 0xff, 0xf3, 0x00,
    0x00, 0x7f, 0xff, 0xff, 0x40, 0x00, 0x00, 0x01,
    0xff, 0xff, 0xfa, 0x00, 0x00, 0x00, 0x08, 0xff,
    0xff, 0xf4, 0x00, 0x00, 0x7f, 0xff, 0xff, 0x40,
    0x00, 0x00, 0x01, 0xff, 0xff, 0xfa, 0x00, 0x00,
    0x00, 0x07, 0xff, 0xff, 0xf6, 0x00, 0x00, 0x7f,
    0xff, 0xff, 0x40, 0x00, 0x00, 0x01, 0xff, 0xff,
    0xfa, 0x00, 0x00, 0x00, 0x05, 0xff, 0xff, 0xf8,
    0x00, 0x00, 0x8f, 0xff, 0xff, 0x40, 0x00, 0x00,
    0x01, 0xff, 0xff, 0xfa, 0x00, 0x00, 0x00, 0x04,
    0xff, 0xff, 0xfa, 0x00, 0x15, 0xdf, 0xff, 0xff,
    0xc4, 0x00, 0x00, 0x3a, 0xff, 0xff, 0xfe, 0x61,
    0x00, 0x00, 0x4b, 0xff, 0xff, 0xff, 0x51, 0x9f,
    0xff, 0xff, 0xff, 0xff, 0x50, 0x02, 0xff, 0xff,
    0xff, 0xff, 0xf8, 0x00, 0x04, 0xff, 0xff, 0xff,
    0xff, 0xf9,

    /* U+006E "n" */
    0x00, 0x00, 0x00, 0x57, 0x00, 0x00, 0x01, 0x57,
    0x62, 0x00, 0x00, 0x00, 0x00, 0x00, 0x4a, 0xff,
    0xf4, 0x00, 0x1a, 0xff, 0xff, 0xfa, 0x00, 0x00,
    0x00, 0x39, 0xef, 0xff, 0xff, 0x40, 0x6f, 0xff,
    0xff, 0xff, 0xf9, 0x00, 0x00, 0x09, 0xdf, 0xff,
    0xff, 0xf4, 0x9f, 0xed, 0xff, 0xff, 0xff, 0xf2,
    0x00, 0x00, 0x00, 0x8f, 0xff, 0xff, 0xec, 0x40,
    0x01, 0xdf, 0xff, 0xff, 0x80, 0x00, 0x00, 0x07,
    0xff, 0xff, 0xf9, 0x00, 0x00, 0x03, 0xff, 0xff,
    0xfc, 0x00, 0x00, 0x00, 0x7f, 0xff, 0xff, 0x40,
    0x00, 0x00, 0x0e, 0xff, 0xff, 0xf0, 0x00, 0x00,
    0x07, 0xff, 0xff, 0xf4, 0x00, 0x00, 0x00, 0xbf,
    0xff, 0xff, 0x10, 0x00, 0x00, 0x7f, 0xff, 0xff,
    0x40, 0x00, 0x00, 0x09, 0xff, 0xff, 0xf3, 0x00,
    0x00, 0x07, 0xff, 0xff, 0xf4, 0x00, 0x00, 0x00,
    0x8f, 0xff, 0xff, 0x40, 0x00, 0x00, 0x7f, 0xff,
    0xff, 0x40, 0x00, 0x00, 0x06, 0xff, 0xff, 0xf6,
    0x00, 0x00, 0x07, 0xff, 0xff, 0xf4, 0x00, 0x00,
    0x00, 0x4f, 0xff, 0xff, 0x80, 0x00, 0x00, 0x7f,
    0xff, 0xff, 0x40, 0x00, 0x00, 0x02, 0xff, 0xff,
    0xfa, 0x00, 0x00, 0x07, 0xff, 0xff, 0xf4, 0x00,
    0x00, 0x00, 0x1f, 0xff, 0xff, 0xc0, 0x00, 0x00,
    0x7f, 0xff, 0xff, 0x40, 0x00, 0x00, 0x00, 0xff,
    0xff, 0xfd, 0x00, 0x00, 0x07, 0xff, 0xff, 0xf4,
    0x00, 0x00, 0x00, 0x0d, 0xff, 0xff, 0xf0, 0x00,
    0x00, 0x7f, 0xff, 0xff, 0x40, 0x00, 0x00, 0x00,
    0xbf, 0xff, 0xff, 0x10, 0x00, 0x07, 0xff, 0xff,
    0xf4, 0x00, 0x00, 0x00, 0x0a, 0xff, 0xff, 0xf3,
    0x00, 0x00, 0x7f, 0xff, 0xff, 0x40, 0x00, 0x00,
    0x00, 0x8f, 0xff, 0xff, 0x50, 0x00, 0x08, 0xff,
    0xff, 0xf4, 0x00, 0x00, 0x00, 0x07, 0xff, 0xff,
    0xf7, 0x00, 0x15, 0xdf, 0xff, 0xff, 0xc4, 0x00,
    0x00, 0x15, 0xdf, 0xff, 0xff, 0xd5, 0x09, 0xff,
    0xff, 0xff, 0xff, 0xf5, 0x00, 0x08, 0xff, 0xff,
    0xff, 0xff, 0xf8,

    /* U+006F "o" */
    0x00, 0x00, 0x00, 0x00, 0x36, 0x77, 0x64, 0x10,
    0x00, 0x00, 0x00, 0x00, 0x00, 0x01, 0x9e, 0xff,
    0xff, 0xff, 0xfb, 0x40, 0x00, 0x00, 0x00, 0x00,
    0x6f, 0xff, 0xd8, 0x7b, 0xff, 0xff, 0xfa, 0x10,
    0x00, 0x00, 0x09, 0xff, 0xfa, 0x00, 0x00, 0x4f,
    0xff, 0xff, 0xd1, 0x00, 0x00, 0x7f, 0xff, 0xe0,
    0x00, 0x00, 0x05, 0xff, 0xff, 0xfc, 0x00, 0x02,
    0xff, 0xff, 0x80, 0x00, 0x00, 0x00, 0xbf, 0xff,
    0xff, 0x60, 0x0b, 0xff, 0xff, 0x50, 0x00, 0x00,
    0x00, 0x4f, 0xff, 0xff, 0xe0, 0x1f, 0xff, 0xff,
    0x20, 0x00, 0x00, 0x00, 0x0e, 0xff, 0xff, 0xf5,
    0x6f, 0xff, 0xff, 0x20, 0x00, 0x00, 0x00, 0x0a,
    0xff, 0xff, 0xfa, 0x9f, 0xff, 0xff, 0x20, 0x00,
    0x00, 0x00, 0x06, 0xff, 0xff, 0xfd, 0xbf, 0xff,
    0xff, 0x20, 0x00, 0x00, 0x00, 0x03, 0xff, 0xff,
    0xff, 0xbf, 0xff, 0xff, 0x40, 0x00, 0x00, 0x00,
    0x01, 0xff, 0xff, 0xff, 0xbf, 0xff, 0xff, 0x60,
    0x00, 0x00, 0x00, 0x00, 0xff, 0xff, 0xff, 0x9f,
    0xff, 0xff, 0x90, 0x00, 0x00, 0x00, 0x00, 0xef,
    0xff, 0xfd, 0x6f, 0xff, 0xff, 0xc0, 0x00, 0x00,
    0x00, 0x00, 0xdf, 0xff, 0xfa, 0x2f, 0xff, 0xff,
    0xf0, 0x00, 0x00, 0x00, 0x00, 0xdf, 0xff, 0xf5,
    0x0b, 0xff, 0xff, 0xf5, 0x00, 0x00, 0x00, 0x00,
    0xff, 0xff, 0xe0, 0x03, 0xff, 0xff, 0xfc, 0x00,
    0x00, 0x00, 0x02, 0xff, 0xff, 0x60, 0x00, 0x8f,
    0xff, 0xff, 0x40, 0x00, 0x00, 0x07, 0xff, 0xfa,
    0x00, 0x00, 0x0a, 0xff, 0xff, 0xe1, 0x00, 0x00,
    0x1e, 0xff, 0xb0, 0x00, 0x00, 0x00, 0x8f, 0xff,
    0xfe, 0x40, 0x03, 0xdf, 0xf8, 0x00, 0x00, 0x00,
    0x00, 0x02, 0xaf, 0xff, 0xff, 0xff, 0xfa, 0x20,
    0x00, 0x00, 0x00, 0x00, 0x00, 0x00, 0x46, 0x77,
    0x64, 0x00, 0x00, 0x00, 0x00,

    /* U+0070 "p" */
    0x00, 0x00, 0x00, 0x16, 0x40, 0x00, 0x04, 0x67,
    0x74, 0x00, 0x00, 0x00, 0x00, 0x00, 0x16, 0xbf,
    0xfe, 0x00, 0x6e, 0xff, 0xff, 0xfe, 0x70, 0x00,
    0x00, 0x05, 0xbf, 0xff, 0xff, 0xe1, 0xbf, 0xdc,
    0xff, 0xff, 0xff, 0xb0, 0x00, 0x00, 0xbc, 0xff,
    0xff, 0xff, 0xcb, 0x20, 0x00, 0x8f, 0xff, 0xff,
    0xb0, 0x00, 0x00, 0x0b, 0xff, 0xff, 0xf9, 0x00,
    0x00, 0x00, 0x8f, 0xff, 0xff, 0x70, 0x00, 0x00,
    0xbf, 0xff, 0xff, 0x10, 0x00, 0x00, 0x00, 0xef,
    0xff, 0xff, 0x00, 0x00, 0x0b, 0xff, 0xff, 0xf0,
    0x00, 0x00, 0x00, 0x08, 0xff, 0xff, 0xf6, 0x00,
    0x00, 0xbf, 0xff, 0xff, 0x00, 0x00, 0x00, 0x00,
    0x4f, 0xff, 0xff, 0xb0, 0x00, 0x0b, 0xff, 0xff,
    0xf0, 0x00, 0x00, 0x00, 0x01, 0xff, 0xff, 0xfe,
    0x00, 0x00, 0xbf, 0xff, 0xff, 0x00, 0x00, 0x00,
    0x00, 0x0f, 0xff, 0xff, 0xf0, 0x00, 0x0b, 0xff,
    0xff, 0xf0, 0x00, 0x00, 0x00, 0x00, 0xef, 0xff,
    0xff, 0x10, 0x00, 0xbf, 0xff, 0xff, 0x00, 0x00,
    0x00, 0x00, 0x0e, 0xff, 0xff, 0xf1, 0x00, 0x0b,
    0xff, 0xff, 0xf0, 0x00, 0x00, 0x00, 0x00, 0xef,
    0xff, 0xff, 0x00, 0x00, 0xbf, 0xff, 0xff, 0x00,
    0x00, 0x00, 0x00, 0x0f, 0xff, 0xff, 0xe0, 0x00,
    0x0b, 0xff, 0xff, 0xf0, 0x00, 0x00, 0x00, 0x00,
    0xff, 0xff, 0xfb, 0x00, 0x00, 0xbf, 0xff, 0xff,
    0x00, 0x00, 0x00, 0x00, 0x3f, 0xff, 0xff, 0x60,
    0x00, 0x0b, 0xff, 0xff, 0xf0, 0x00, 0x00, 0x00,
    0x07, 0xff, 0xff, 0xf1, 0x00, 0x00, 0xbf, 0xff,
    0xff, 0x00, 0x00, 0x00, 0x00, 0xcf, 0xff, 0xf8,
    0x00, 0x00, 0x0b, 0xff, 0xff, 0xf1, 0x00, 0x00,
    0x00, 0x4f, 0xff, 0xfd, 0x00, 0x00, 0x00, 0xbf,
    0xff, 0xff, 0xc1, 0x00, 0x00, 0x3e, 0xff, 0xfe,
    0x20, 0x00, 0x00, 0x0b, 0xff, 0xff, 0xfe, 0xe8,
    0x55, 0x9f, 0xff, 0xfd, 0x20, 0x00, 0x00, 0x00,
    0xbf, 0xff, 0xff, 0x2a, 0xff, 0xff, 0xff, 0xe7,
    0x00, 0x00, 0x00, 0x00, 0x0b, 0xff, 0xff, 0xf0,
    0x01, 0x57, 0x76, 0x30, 0x00, 0x00, 0x00, 0x00,
    0x00, 0xbf, 0xff, 0xff, 0x00, 0x00, 0x00, 0x00,
    0x00, 0x00, 0x00, 0x00, 0x00, 0x0b, 0xff, 0xff,
    0xf0, 0x00, 0x00, 0x00, 0x00, 0x00, 0x00, 0x00,
    0x00, 0x00, 0xbf, 0xff, 0xff, 0x00, 0x00, 0x00,
    0x00, 0x00, 0x00, 0x00, 0x00, 0x00, 0x0b, 0xff,
    0xff, 0xf0, 0x00, 0x00, 0x00, 0x00, 0x00, 0x00,
    0x00, 0x00, 0x00, 0xbf, 0xff, 0xff, 0x00, 0x00,
    0x00, 0x00, 0x00, 0x00, 0x00, 0x00, 0x00, 0x0b,
    0xff, 0xff, 0xf0, 0x00, 0x00, 0x00, 0x00, 0x00,
    0x00, 0x00, 0x00, 0x00, 0xbf, 0xff, 0xff, 0x00,
    0x00, 0x00, 0x00, 0x00, 0x00, 0x00, 0x00, 0x01,
    0x6f, 0xff, 0xff, 0xf9, 0x40, 0x00, 0x00, 0x00,
    0x00, 0x00, 0x00, 0x00, 0xcf, 0xff, 0xff, 0xff,
    0xff, 0x60, 0x00, 0x00, 0x00, 0x00, 0x00, 0x00,

    /* U+0071 "q" */
    0x00, 0x00, 0x00, 0x01, 0x57, 0x76, 0x30, 0x00,
    0x00, 0x05, 0x60, 0x00, 0x00, 0x00, 0x03, 0xbf,
    0xff, 0xff, 0xfe, 0x50, 0x03, 0xdf, 0xf0, 0x00,
    0x00, 0x00, 0x8f, 0xff, 0xfb, 0x53, 0x5a, 0xf9,
    0xaf, 0xff, 0xf1, 0x00, 0x00, 0x0a, 0xff, 0xff,
    0x60, 0x00, 0x00, 0x5f, 0xff, 0xff, 0xf1, 0x00,
    0x00, 0x7f, 0xff, 0xfa, 0x00, 0x00, 0x00, 0x0b,
    0xff, 0xff, 0xf1, 0x00, 0x02, 0xff, 0xff, 0xf2,
    0x00, 0x00, 0x00, 0x0b, 0xff, 0xff, 0xf1, 0x00,
    0x09, 0xff, 0xff, 0xd0, 0x00, 0x00, 0x00, 0x0b,
    0xff, 0xff, 0xf1, 0x00, 0x0f, 0xff, 0xff, 0x90,
    0x00, 0x00, 0x00, 0x0b, 0xff, 0xff, 0xf1, 0x00,
    0x4f, 0xff, 0xff, 0x60, 0x00, 0x00, 0x00, 0x0b,
    0xff, 0xff, 0xf1, 0x00, 0x7f, 0xff, 0xff, 0x50,
    0x00, 0x00, 0x00, 0x0b, 0xff, 0xff, 0xf1, 0x00,
    0x9f, 0xff, 0xff, 0x40, 0x00, 0x00, 0x00, 0x0b,
    0xff, 0xff, 0xf1, 0x00, 0xaf, 0xff, 0xff, 0x40,
    0x00, 0x00, 0x00, 0x0b, 0xff, 0xff, 0xf1, 0x00,
    0xaf, 0xff, 0xff, 0x40, 0x00, 0x00, 0x00, 0x0b,
    0xff, 0xff, 0xf1, 0x00, 0xaf, 0xff, 0xff, 0x50,
    0x00, 0x00, 0x00, 0x0b, 0xff, 0xff, 0xf1, 0x00,
    0x8f, 0xff, 0xff, 0x70, 0x00, 0x00, 0x00, 0x0b,
    0xff, 0xff, 0xf1, 0x00, 0x4f, 0xff, 0xff, 0xa0,
    0x00, 0x00, 0x00, 0x0b, 0xff, 0xff, 0xf1, 0x00,
    0x0f, 0xff, 0xff, 0xe0, 0x00, 0x00, 0x00, 0x0b,
    0xff, 0xff, 0xf1, 0x00, 0x09, 0xff, 0xff, 0xf5,
    0x00, 0x00, 0x00, 0x0b, 0xff, 0xff, 0xf1, 0x00,
    0x01, 0xff, 0xff, 0xfe, 0x10, 0x00, 0x00, 0x4f,
    0xff, 0xff, 0xf1, 0x00, 0x00, 0x6f, 0xff, 0xff,
    0xd3, 0x00, 0x07, 0xfe, 0xff, 0xff, 0xf1, 0x00,
    0x00, 0x06, 0xff, 0xff, 0xff, 0xed, 0xff, 0x4b,
    0xff, 0xff, 0xf1, 0x00, 0x00, 0x00, 0x3c, 0xff,
    0xff, 0xff, 0xa2, 0x0b, 0xff, 0xff, 0xf1, 0x00,
    0x00, 0x00, 0x00, 0x26, 0x77, 0x51, 0x00, 0x0b,
    0xff, 0xff, 0xf1, 0x00, 0x00, 0x00, 0x00, 0x00,
    0x00, 0x00, 0x00, 0x0b, 0xff, 0xff, 0xf1, 0x00,
    0x00, 0x00, 0x00, 0x00, 0x00, 0x00, 0x00, 0x0b,
    0xff, 0xff, 0xf1, 0x00, 0x00, 0x00, 0x00, 0x00,
    0x00, 0x00, 0x00, 0x0b, 0xff, 0xff, 0xf1, 0x00,
    0x00, 0x00, 0x00, 0x00, 0x00, 0x00, 0x00, 0x0b,
    0xff, 0xff, 0xf1, 0x00, 0x00, 0x00, 0x00, 0x00,
    0x00, 0x00, 0x00, 0x0b, 0xff, 0xff, 0xf1, 0x00,
    0x00, 0x00, 0x00, 0x00, 0x00, 0x00, 0x00, 0x0b,
    0xff, 0xff, 0xf1, 0x00, 0x00, 0x00, 0x00, 0x00,
    0x00, 0x00, 0x00, 0x0b, 0xff, 0xff, 0xf1, 0x00,
    0x00, 0x00, 0x00, 0x00, 0x00, 0x00, 0x03, 0x6f,
    0xff, 0xff, 0xf9, 0x30, 0x00, 0x00, 0x00, 0x00,
    0x00, 0x00, 0x3f, 0xff, 0xff, 0xff, 0xff, 0xf3,

    /* U+0072 "r" */
    0x00, 0x00, 0x00, 0x46, 0x00, 0x00, 0x47, 0x73,
    0x00, 0x00, 0x04, 0x9e, 0xff, 0x10, 0x2d, 0xff,
    0xff, 0x90, 0x3a, 0xff, 0xff, 0xff, 0x22, 0xef,
    0xff, 0xff, 0xf5, 0x9d, 0xff, 0xff, 0xff, 0x2c,
    0xfd, 0xff, 0xff, 0xfa, 0x00, 0x7f, 0xff, 0xff,
    0x7c, 0x10, 0xaf, 0xff, 0xfc, 0x00, 0x7f, 0xff,
    0xff, 0xd2, 0x00, 0x7f, 0xff, 0xfc, 0x00, 0x7f,
    0xff, 0xff, 0xc0, 0x00, 0x6f, 0xff, 0xf9, 0x00,
    0x7f, 0xff, 0xff, 0x80, 0x00, 0x1f, 0xff, 0xe2,
    0x00, 0x7f, 0xff, 0xff, 0x70, 0x00, 0x02, 0x77,
    0x10, 0x00, 0x7f, 0xff, 0xff, 0x60, 0x00, 0x00,
    0x00, 0x00, 0x00, 0x7f, 0xff, 0xff, 0x50, 0x00,
    0x00, 0x00, 0x00, 0x00, 0x7f, 0xff, 0xff, 0x50,
    0x00, 0x00, 0x00, 0x00, 0x00, 0x7f, 0xff, 0xff,
    0x50, 0x00, 0x00, 0x00, 0x00, 0x00, 0x7f, 0xff,
    0xff, 0x50, 0x00, 0x00, 0x00, 0x00, 0x00, 0x7f,
    0xff, 0xff, 0x50, 0x00, 0x00, 0x00, 0x00, 0x00,
    0x7f, 0xff, 0xff, 0x50, 0x00, 0x00, 0x00, 0x00,
    0x00, 0x7f, 0xff, 0xff, 0x50, 0x00, 0x00, 0x00,
    0x00, 0x00, 0x7f, 0xff, 0xff, 0x50, 0x00, 0x00,
    0x00, 0x00, 0x00, 0x7f, 0xff, 0xff, 0x50, 0x00,
    0x00, 0x00, 0x00, 0x00, 0x7f, 0xff, 0xff, 0x50,
    0x00, 0x00, 0x00, 0x00, 0x15, 0xdf, 0xff, 0xff,
    0xd8, 0x52, 0x00, 0x00, 0x00, 0x9f, 0xff, 0xff,
    0xff, 0xff, 0xfb, 0x00, 0x00, 0x00,

    /* U+0073 "s" */
    0x00, 0x00, 0x03, 0x67, 0x76, 0x30, 0x00, 0x62,
    0x00, 0x00, 0x08, 0xef, 0xfd, 0xce, 0xfd, 0x8c,
    0xfa, 0x00, 0x01, 0xdf, 0xfb, 0x10, 0x00, 0x29,
    0xff, 0xfe, 0x00, 0x0b, 0xff, 0xf1, 0x00, 0x00,
    0x00, 0x4f, 0xff, 0x20, 0x3f, 0xff, 0xb0, 0x00,
    0x00, 0x00, 0x04, 0xff, 0x60, 0x8f, 0xff, 0xc0,
    0x00, 0x00, 0x00, 0x00, 0x8f, 0xa0, 0xaf, 0xff,
    0xf3, 0x00, 0x00, 0x00, 0x00, 0x0d, 0xd0, 0xaf,
    0xff, 0xfe, 0x50, 0x00, 0x00, 0x00, 0x04, 0xc0,
    0x8f, 0xff, 0xff, 0xfd, 0x83, 0x00, 0x00, 0x00,
    0x00, 0x4f, 0xff, 0xff, 0xff, 0xff, 0xe9, 0x30,
    0x00, 0x00, 0x0c, 0xff, 0xff, 0xff, 0xff, 0xff,
    0xfb, 0x10, 0x00, 0x02, 0xef, 0xff, 0xff, 0xff,
    0xff, 0xff, 0xe2, 0x00, 0x00, 0x1a, 0xff, 0xff,
    0xff, 0xff, 0xff, 0xfd, 0x00, 0x00, 0x00, 0x3a,
    0xff, 0xff, 0xff, 0xff, 0xff, 0x50, 0x00, 0x00,
    0x00, 0x05, 0x9e, 0xff, 0xff, 0xff, 0xa0, 0x04,
    0x30, 0x00, 0x00, 0x00, 0x6e, 0xff, 0xff, 0xc0,
    0x0a, 0xd0, 0x00, 0x00, 0x00, 0x02, 0xff, 0xff,
    0xc0, 0x08, 0xf8, 0x00, 0x00, 0x00, 0x00, 0xaf,
    0xff, 0xa0, 0x05, 0xff, 0x40, 0x00, 0x00, 0x00,
    0x9f, 0xff, 0x50, 0x02, 0xff, 0xf4, 0x00, 0x00,
    0x00, 0xdf, 0xfd, 0x00, 0x00, 0xff, 0xff, 0x92,
    0x00, 0x09, 0xff, 0xe2, 0x00, 0x00, 0xcf, 0x75,
    0xcf, 0xed, 0xff, 0xf9, 0x10, 0x00, 0x00, 0x43,
    0x00, 0x03, 0x67, 0x74, 0x10, 0x00, 0x00,

    /* U+0074 "t" */
    0x00, 0x00, 0x00, 0x03, 0x50, 0x00, 0x00, 0x00,
    0x00, 0x00, 0x04, 0xfe, 0x00, 0x00, 0x00, 0x00,
    0x00, 0x04, 0xff, 0xe0, 0x00, 0x00, 0x00, 0x00,
    0x03, 0xff, 0xfe, 0x00, 0x00, 0x00, 0x00, 0x03,
    0xff, 0xff, 0xe0, 0x00, 0x00, 0x05, 0xff, 0xff,
    0xff, 0xff, 0xff, 0xff, 0xf7, 0x04, 0x8f, 0xff,
    0xff, 0xf6, 0x66, 0x66, 0x00, 0x00, 0xcf, 0xff,
    0xfe, 0x00, 0x00, 0x00, 0x00, 0x0c, 0xff, 0xff,
    0xe0, 0x00, 0x00, 0x00, 0x00, 0xcf, 0xff, 0xfe,
    0x00, 0x00, 0x00, 0x00, 0x0c, 0xff, 0xff, 0xe0,
    0x00, 0x00, 0x00, 0x00, 0xcf, 0xff, 0xfe, 0x00,
    0x00, 0x00, 0x00, 0x0c, 0xff, 0xff, 0xe0, 0x00,
    0x00, 0x00, 0x00, 0xcf, 0xff, 0xfe, 0x00, 0x00,
    0x00, 0x00, 0x0c, 0xff, 0xff, 0xe0, 0x00, 0x00,
    0x00, 0x00, 0xcf, 0xff, 0xfe, 0x00, 0x00, 0x00,
    0x00, 0x0c, 0xff, 0xff, 0xe0, 0x00, 0x00, 0x00,
    0x00, 0xcf, 0xff, 0xfe, 0x00, 0x00, 0x00, 0x00,
    0x0c, 0xff, 0xff, 0xe0, 0x00, 0x00, 0x00, 0x00,
    0xcf, 0xff, 0xfe, 0x00, 0x00, 0x00, 0x00, 0x0c,
    0xff, 0xff, 0xe0, 0x00, 0x00, 0x00, 0x00, 0xbf,
    0xff, 0xff, 0x00, 0x00, 0x16, 0x00, 0x09, 0xff,
    0xff, 0xf7, 0x00, 0x0b, 0x80, 0x00, 0x5f, 0xff,
    0xff, 0xf9, 0x7c, 0xf2, 0x00, 0x00, 0xcf, 0xff,
    0xff, 0xff, 0xf8, 0x00, 0x00, 0x01, 0xaf, 0xff,
    0xff, 0xf7, 0x00, 0x00, 0x00, 0x00, 0x26, 0x77,
    0x51, 0x00, 0x00,

    /* U+0075 "u" */
    0x00, 0x00, 0x00, 0x16, 0x50, 0x00, 0x00, 0x00,
    0x00, 0x00, 0x56, 0x00, 0x00, 0x00, 0x16, 0xbf,
    0xfe, 0x00, 0x00, 0x00, 0x00, 0x5a, 0xff, 0xf2,
    0x00, 0x06, 0xbf, 0xff, 0xff, 0xf0, 0x00, 0x00,
    0x4a, 0xff, 0xff, 0xff, 0x20, 0x01, 0xcd, 0xff,
    0xff, 0xff, 0x00, 0x00, 0x0b, 0xdf, 0xff, 0xff,
    0xf2, 0x00, 0x00, 0x0d, 0xff, 0xff, 0xf0, 0x00,
    0x00, 0x00, 0xaf, 0xff, 0xff, 0x20, 0x00, 0x00,
    0xdf, 0xff, 0xff, 0x00, 0x00, 0x00, 0x09, 0xff,
    0xff, 0xf2, 0x00, 0x00, 0x0d, 0xff, 0xff, 0xf0,
    0x00, 0x00, 0x00, 0x9f, 0xff, 0xff, 0x20, 0x00,
    0x00, 0xdf, 0xff, 0xff, 0x00, 0x00, 0x00, 0x09,
    0xff, 0xff, 0xf2, 0x00, 0x00, 0x0d, 0xff, 0xff,
    0xf0, 0x00, 0x00, 0x00, 0x9f, 0xff, 0xff, 0x20,
    0x00, 0x00, 0xdf, 0xff, 0xff, 0x00, 0x00, 0x00,
    0x09, 0xff, 0xff, 0xf2, 0x00, 0x00, 0x0d, 0xff,
    0xff, 0xf0, 0x00, 0x00, 0x00, 0x9f, 0xff, 0xff,
    0x20, 0x00, 0x00, 0xdf, 0xff, 0xff, 0x00, 0x00,
    0x00, 0x09, 0xff, 0xff, 0xf2, 0x00, 0x00, 0x0d,
    0xff, 0xff, 0xf0, 0x00, 0x00, 0x00, 0x9f, 0xff,
    0xff, 0x20, 0x00, 0x00, 0xdf, 0xff, 0xff, 0x00,
    0x00, 0x00, 0x09, 0xff, 0xff, 0xf2, 0x00, 0x00,
    0x0d, 0xff, 0xff, 0xf0, 0x00, 0x00, 0x00, 0x9f,
    0xff, 0xff, 0x20, 0x00, 0x00, 0xdf, 0xff, 0xff,
    0x00, 0x00, 0x00, 0x09, 0xff, 0xff, 0xf2, 0x00,
    0x00, 0x0d, 0xff, 0xff, 0xf0, 0x00, 0x00, 0x00,
    0x9f, 0xff, 0xff, 0x20, 0x00, 0x00, 0xbf, 0xff,
    0xff, 0x50, 0x00, 0x00, 0x1d, 0xff, 0xff, 0xf2,
    0x00, 0x00, 0x08, 0xff, 0xff, 0xfe, 0x30, 0x00,
    0x5e, 0xef, 0xff, 0xff, 0x20, 0x00, 0x00, 0x2f,
    0xff, 0xff, 0xff, 0xdc, 0xef, 0x68, 0xff, 0xff,
    0xf2, 0x00, 0x00, 0x00, 0x8f, 0xff, 0xff, 0xff,
    0xfe, 0x30, 0x6f, 0xff, 0xff, 0xb4, 0x00, 0x00,
    0x00, 0x7f, 0xff, 0xff, 0xe7, 0x00, 0x00, 0xcf,
    0xff, 0xff, 0xf4, 0x00, 0x00, 0x00, 0x15, 0x77,
    0x40, 0x00, 0x00, 0x00, 0x00, 0x00, 0x00, 0x00,

    /* U+0076 "v" */
    0x0e, 0xff, 0xff, 0xff, 0xff, 0xff, 0x30, 0x00,
    0xaf, 0xff, 0xff, 0xf6, 0x02, 0x8f, 0xff, 0xff,
    0xfe, 0x73, 0x00, 0x00, 0x15, 0xaf, 0xfc, 0x40,
    0x00, 0x0c, 0xff, 0xff, 0xf7, 0x00, 0x00, 0x00,
    0x00, 0x0e, 0xf1, 0x00, 0x00, 0x05, 0xff, 0xff,
    0xfa, 0x00, 0x00, 0x00, 0x00, 0x0f, 0xa0, 0x00,
    0x00, 0x00, 0xff, 0xff, 0xff, 0x00, 0x00, 0x00,
    0x00, 0x5f, 0x40, 0x00, 0x00, 0x00, 0x9f, 0xff,
    0xff, 0x60, 0x00, 0x00, 0x00, 0xbe, 0x00, 0x00,
    0x00, 0x00, 0x3f, 0xff, 0xff, 0xc0, 0x00, 0x00,
    0x01, 0xf8, 0x00, 0x00, 0x00, 0x00, 0x0d, 0xff,
    0xff, 0xf1, 0x00, 0x00, 0x06, 0xf2, 0x00, 0x00,
    0x00, 0x00, 0x07, 0xff, 0xff, 0xf7, 0x00, 0x00,
    0x0c, 0xd0, 0x00, 0x00, 0x00, 0x00, 0x01, 0xff,
    0xff, 0xfd, 0x00, 0x00, 0x1f, 0x70, 0x00, 0x00,
    0x00, 0x00, 0x00, 0xbf, 0xff, 0xff, 0x30, 0x00,
    0x7f, 0x10, 0x00, 0x00, 0x00, 0x00, 0x00, 0x5f,
    0xff, 0xff, 0x90, 0x00, 0xdb, 0x00, 0x00, 0x00,
    0x00, 0x00, 0x00, 0x0e, 0xff, 0xff, 0xe0, 0x02,
    0xf5, 0x00, 0x00, 0x00, 0x00, 0x00, 0x00, 0x09,
    0xff, 0xff, 0xf4, 0x08, 0xf0, 0x00, 0x00, 0x00,
    0x00, 0x00, 0x00, 0x03, 0xff, 0xff, 0xfa, 0x0e,
    0xa0, 0x00, 0x00, 0x00, 0x00, 0x00, 0x00, 0x00,
    0xdf, 0xff, 0xff, 0x4f, 0x40, 0x00, 0x00, 0x00,
    0x00, 0x00, 0x00, 0x00, 0x7f, 0xff, 0xff, 0xee,
    0x00, 0x00, 0x00, 0x00, 0x00, 0x00, 0x00, 0x00,
    0x1f, 0xff, 0xff, 0xf8, 0x00, 0x00, 0x00, 0x00,
    0x00, 0x00, 0x00, 0x00, 0x0b, 0xff, 0xff, 0xf3,
    0x00, 0x00, 0x00, 0x00, 0x00, 0x00, 0x00, 0x00,
    0x05, 0xff, 0xff, 0xd0, 0x00, 0x00, 0x00, 0x00,
    0x00, 0x00, 0x00, 0x00, 0x00, 0xcf, 0xff, 0x50,
    0x00, 0x00, 0x00, 0x00,

    /* U+0077 "w" */
    0x0e, 0xff, 0xff, 0xff, 0xff, 0xfb, 0x00, 0x5f,
    0xff, 0xff, 0xff, 0xff, 0xf2, 0x00, 0xcf, 0xff,
    0xff, 0xc0, 0x28, 0xff, 0xff, 0xff, 0xc5, 0x10,
    0x00, 0x4d, 0xff, 0xff, 0xfe, 0x63, 0x00, 0x01,
    0x5c, 0xff, 0x82, 0x00, 0x0c, 0xff, 0xff, 0xf7,
    0x00, 0x00, 0x00, 0x4f, 0xff, 0xff, 0xb0, 0x00,
    0x00, 0x00, 0x4f, 0xa0, 0x00, 0x00, 0x6f, 0xff,
    0xff, 0xa0, 0x00, 0x00, 0x00, 0xef, 0xff, 0xff,
    0x00, 0x00, 0x00, 0x06, 0xf3, 0x00, 0x00, 0x01,
    0xff, 0xff, 0xff, 0x00, 0x00, 0x00, 0x0c, 0xff,
    0xff, 0xf4, 0x00, 0x00, 0x00, 0xae, 0x00, 0x00,
    0x00, 0x0c, 0xff, 0xff, 0xf4, 0x00, 0x00, 0x01,
    0xff, 0xff, 0xff, 0x90, 0x00, 0x00, 0x0f, 0x90,
    0x00, 0x00, 0x00, 0x6f, 0xff, 0xff, 0x90, 0x00,
    0x00, 0x5f, 0xff, 0xff, 0xfe, 0x00, 0x00, 0x04,
    0xf3, 0x00, 0x00, 0x00, 0x01, 0xff, 0xff, 0xfe,
    0x00, 0x00, 0x0b, 0xca, 0xff, 0xff, 0xf3, 0x00,
    0x00, 0x9e, 0x00, 0x00, 0x00, 0x00, 0x0c, 0xff,
    0xff, 0xf4, 0x00, 0x00, 0xf7, 0x5f, 0xff, 0xff,
    0x80, 0x00, 0x0e, 0x90, 0x00, 0x00, 0x00, 0x00,
    0x7f, 0xff, 0xff, 0x90, 0x00, 0x5f, 0x20, 0xff,
    0xff, 0xfd, 0x00, 0x03, 0xf4, 0x00, 0x00, 0x00,
    0x00, 0x01, 0xff, 0xff, 0xfe, 0x00, 0x0a, 0xd0,
    0x0b, 0xff, 0xff, 0xf2, 0x00, 0x7f, 0x00, 0x00,
    0x00, 0x00, 0x00, 0x0c, 0xff, 0xff, 0xf3, 0x00,
    0xf7, 0x00, 0x6f, 0xff, 0xff, 0x70, 0x0c, 0xa0,
    0x00, 0x00, 0x00, 0x00, 0x00, 0x7f, 0xff, 0xff,
    0x80, 0x4f, 0x20, 0x01, 0xff, 0xff, 0xfc, 0x01,
    0xf5, 0x00, 0x00, 0x00, 0x00, 0x00, 0x02, 0xff,
    0xff, 0xfd, 0x09, 0xd0, 0x00, 0x0b, 0xff, 0xff,
    0xf1, 0x6f, 0x10, 0x00, 0x00, 0x00, 0x00, 0x00,
    0x0c, 0xff, 0xff, 0xf2, 0xe8, 0x00, 0x00, 0x6f,
    0xff, 0xff, 0x6b, 0xb0, 0x00, 0x00, 0x00, 0x00,
    0x00, 0x00, 0x7f, 0xff, 0xff, 0xbf, 0x20, 0x00,
    0x01, 0xff, 0xff, 0xfc, 0xf6, 0x00, 0x00, 0x00,
    0x00, 0x00, 0x00, 0x02, 0xff, 0xff, 0xff, 0xd0,
    0x00, 0x00, 0x0c, 0xff, 0xff, 0xff, 0x10, 0x00,
    0x00, 0x00, 0x00, 0x00, 0x00, 0x0c, 0xff, 0xff,
    0xf8, 0x00, 0x00, 0x00, 0x7f, 0xff, 0xff, 0xc0,
    0x00, 0x00, 0x00, 0x00, 0x00, 0x00, 0x00, 0x7f,
    0xff, 0xff, 0x30, 0x00, 0x00, 0x02, 0xff, 0xff,
    0xf7, 0x00, 0x00, 0x00, 0x00, 0x00, 0x00, 0x00,
    0x02, 0xff, 0xff, 0xe0, 0x00, 0x00, 0x00, 0x0d,
    0xff, 0xff, 0x20, 0x00, 0x00, 0x00, 0x00, 0x00,
    0x00, 0x00, 0x0a, 0xff, 0xf6, 0x00, 0x00, 0x00,
    0x00, 0x5f, 0xff, 0xb0, 0x00, 0x00, 0x00, 0x00,

    /* U+0078 "x" */
    0x5f, 0xff, 0xff, 0xff, 0xff, 0xf4, 0x00, 0x6f,
    0xff, 0xff, 0xf8, 0x01, 0x7f, 0xff, 0xff, 0xff,
    0xb5, 0x00, 0x00, 0x4b, 0xff, 0xf7, 0x10, 0x00,
    0x3f, 0xff, 0xff, 0xf6, 0x00, 0x00, 0x00, 0x2f,
    0xf2, 0x00, 0x00, 0x00, 0x8f, 0xff, 0xff, 0xe1,
    0x00, 0x00, 0x05, 0xf5, 0x00, 0x00, 0x00, 0x00,
    0xdf, 0xff, 0xff, 0x90, 0x00, 0x00, 0xea, 0x00,
    0x00, 0x00, 0x00, 0x03, 0xff, 0xff, 0xff, 0x40,
    0x00, 0x9e, 0x10, 0x00, 0x00, 0x00, 0x00, 0x09,
    0xff, 0xff, 0xfe, 0x00, 0x4f, 0x40, 0x00, 0x00,
    0x00, 0x00, 0x00, 0x0d, 0xff, 0xff, 0xf9, 0x0e,
    0x90, 0x00, 0x00, 0x00, 0x00, 0x00, 0x00, 0x4f,
    0xff, 0xff, 0xfc, 0xd0, 0x00, 0x00, 0x00, 0x00,
    0x00, 0x00, 0x00, 0x9f, 0xff, 0xff, 0xf4, 0x00,
    0x00, 0x00, 0x00, 0x00, 0x00, 0x00, 0x01, 0xef,
    0xff, 0xff, 0x90, 0x00, 0x00, 0x00, 0x00, 0x00,
    0x00, 0x00, 0x2f, 0xff, 0xff, 0xff, 0x40, 0x00,
    0x00, 0x00, 0x00, 0x00, 0x00, 0x0c, 0xb9, 0xff,
    0xff, 0xfe, 0x10, 0x00, 0x00, 0x00, 0x00, 0x00,
    0x07, 0xf2, 0x1e, 0xff, 0xff, 0xfa, 0x00, 0x00,
    0x00, 0x00, 0x00, 0x02, 0xf6, 0x00, 0x4f, 0xff,
    0xff, 0xf5, 0x00, 0x00, 0x00, 0x00, 0x00, 0xcb,
    0x00, 0x00, 0xaf, 0xff, 0xff, 0xe1, 0x00, 0x00,
    0x00, 0x00, 0x8f, 0x10, 0x00, 0x01, 0xef, 0xff,
    0xff, 0xa0, 0x00, 0x00, 0x00, 0x3f, 0x70, 0x00,
    0x00, 0x05, 0xff, 0xff, 0xff, 0x50, 0x00, 0x00,
    0x2e, 0xf3, 0x00, 0x00, 0x00, 0x0c, 0xff, 0xff,
    0xfe, 0x10, 0x01, 0x8f, 0xff, 0xd5, 0x00, 0x00,
    0x36, 0xef, 0xff, 0xff, 0xfd, 0x40, 0x8f, 0xff,
    0xff, 0xf7, 0x00, 0x0e, 0xff, 0xff, 0xff, 0xff,
    0xff, 0x00,

    /* U+0079 "y" */
    0x0e, 0xff, 0xff, 0xff, 0xff, 0xff, 0x30, 0x00,
    0x2f, 0xff, 0xff, 0xfe, 0x00, 0x29, 0xff, 0xff,
    0xff, 0xe6, 0x30, 0x00, 0x00, 0x37, 0xef, 0xf8,
    0x20, 0x00, 0x0a, 0xff, 0xff, 0xfa, 0x00, 0x00,
    0x00, 0x00, 0x07, 0xf7, 0x00, 0x00, 0x00, 0x1f,
    0xff, 0xff, 0xe0, 0x00, 0x00, 0x00, 0x00, 0x9e,
    0x00, 0x00, 0x00, 0x00, 0xaf, 0xff, 0xff, 0x50,
    0x00, 0x00, 0x00, 0x0e, 0x70, 0x00, 0x00, 0x00,
    0x03, 0xff, 0xff, 0xfc, 0x00, 0x00, 0x00, 0x05,
    0xf1, 0x00, 0x00, 0x00, 0x00, 0x0c, 0xff, 0xff,
    0xf2, 0x00, 0x00, 0x00, 0xbb, 0x00, 0x00, 0x00,
    0x00, 0x00, 0x5f, 0xff, 0xff, 0x90, 0x00, 0x00,
    0x2f, 0x50, 0x00, 0x00, 0x00, 0x00, 0x00, 0xef,
    0xff, 0xff, 0x00, 0x00, 0x08, 0xe0, 0x00, 0x00,
    0x00, 0x00, 0x00, 0x07, 0xff, 0xff, 0xf6, 0x00,
    0x00, 0xe8, 0x00, 0x00, 0x00, 0x00, 0x00, 0x00,
    0x1f, 0xff, 0xff, 0xc0, 0x00, 0x4f, 0x20, 0x00,
    0x00, 0x00, 0x00, 0x00, 0x00, 0x9f, 0xff, 0xff,
    0x30, 0x0a, 0xb0, 0x00, 0x00, 0x00, 0x00, 0x00,
    0x00, 0x03, 0xff, 0xff, 0xfa, 0x01, 0xf5, 0x00,
    0x00, 0x00, 0x00, 0x00, 0x00, 0x00, 0x0c, 0xff,
    0xff, 0xf1, 0x7e, 0x00, 0x00, 0x00, 0x00, 0x00,
    0x00, 0x00, 0x00, 0x5f, 0xff, 0xff, 0x7d, 0x90,
    0x00, 0x00, 0x00, 0x00, 0x00, 0x00, 0x00, 0x00,
    0xdf, 0xff, 0xff, 0xf2, 0x00, 0x00, 0x00, 0x00,
    0x00, 0x00, 0x00, 0x00, 0x07, 0xff, 0xff, 0xfc,
    0x00, 0x00, 0x00, 0x00, 0x00, 0x00, 0x00, 0x00,
    0x00, 0x1f, 0xff, 0xff, 0x60, 0x00, 0x00, 0x00,
    0x00, 0x00, 0x00, 0x00, 0x00, 0x00, 0x9f, 0xff,
    0xf0, 0x00, 0x00, 0x00, 0x00, 0x00, 0x00, 0x00,
    0x00, 0x00, 0x02, 0xff, 0xf9, 0x00, 0x00, 0x00,
    0x00, 0x00, 0x00, 0x00, 0x00, 0x00, 0x00, 0x0b,
    0xff, 0x30, 0x00, 0x00, 0x00, 0x00, 0x00, 0x00,
    0x00, 0x00, 0x00, 0x00, 0x4f, 0xd0, 0x00, 0x00,
    0x00, 0x00, 0x00, 0x00, 0x00, 0x00, 0x00, 0x00,
    0x01, 0xf6, 0x00, 0x00, 0x00, 0x00, 0x00, 0x00,
    0x00, 0x00, 0x00, 0x00, 0x00, 0x7f, 0x10, 0x00,
    0x00, 0x00, 0x00, 0x00, 0x00, 0x4c, 0xd5, 0x00,
    0x00, 0x0d, 0xa0, 0x00, 0x00, 0x00, 0x00, 0x00,
    0x00, 0x0e, 0xff, 0xf2, 0x00, 0x04, 0xf3, 0x00,
    0x00, 0x00, 0x00, 0x00, 0x00, 0x02, 0xff, 0xff,
    0x80, 0x00, 0xbc, 0x00, 0x00, 0x00, 0x00, 0x00,
    0x00, 0x00, 0x2f, 0xff, 0xfd, 0x00, 0x4f, 0x40,
    0x00, 0x00, 0x00, 0x00, 0x00, 0x00, 0x00, 0xdf,
    0xff, 0xf7, 0x3e, 0xc0, 0x00, 0x00, 0x00, 0x00,
    0x00, 0x00, 0x00, 0x03, 0xff, 0xff, 0xff, 0xe2,
    0x00, 0x00, 0x00, 0x00, 0x00, 0x00, 0x00, 0x00,
    0x02, 0xae, 0xfe, 0xa2, 0x00, 0x00, 0x00, 0x00,
    0x00, 0x00, 0x00, 0x00,

    /* U+007A "z" */
    0x01, 0x62, 0x00, 0x00, 0x00, 0x00, 0x00, 0x00,
    0x00, 0x00, 0x7f, 0xff, 0xff, 0xff, 0xff, 0xff,
    0xff, 0xff, 0xd0, 0x0a, 0xff, 0xf8, 0x54, 0x44,
    0x4c, 0xff, 0xff, 0xfa, 0x00, 0xdf, 0xf3, 0x00,
    0x00, 0x03, 0xff, 0xff, 0xff, 0x10, 0x0f, 0xf6,
    0x00, 0x00, 0x00, 0xcf, 0xff, 0xff, 0x60, 0x03,
    0xfd, 0x00, 0x00, 0x00, 0x6f, 0xff, 0xff, 0xc0,
    0x00, 0x6f, 0x40, 0x00, 0x00, 0x1f, 0xff, 0xff,
    0xf3, 0x00, 0x06, 0xa0, 0x00, 0x00, 0x0a, 0xff,
    0xff, 0xf9, 0x00, 0x00, 0x00, 0x00, 0x00, 0x04,
    0xff, 0xff, 0xfe, 0x10, 0x00, 0x00, 0x00, 0x00,
    0x00, 0xdf, 0xff, 0xff, 0x50, 0x00, 0x00, 0x00,
    0x00, 0x00, 0x8f, 0xff, 0xff, 0xb0, 0x00, 0x00,
    0x00, 0x00, 0x00, 0x2f, 0xff, 0xff, 0xf2, 0x00,
    0x00, 0x00, 0x00, 0x00, 0x0b, 0xff, 0xff, 0xf8,
    0x00, 0x00, 0x00, 0x00, 0x00, 0x05, 0xff, 0xff,
    0xfe, 0x00, 0x00, 0x00, 0x00, 0x00, 0x00, 0xef,
    0xff, 0xff, 0x40, 0x00, 0x00, 0x06, 0x10, 0x00,
    0x9f, 0xff, 0xff, 0xb0, 0x00, 0x00, 0x04, 0xf4,
    0x00, 0x3f, 0xff, 0xff, 0xf1, 0x00, 0x00, 0x00,
    0xcf, 0x10, 0x0c, 0xff, 0xff, 0xf7, 0x00, 0x00,
    0x00, 0x6f, 0xd0, 0x06, 0xff, 0xff, 0xfd, 0x00,
    0x00, 0x00, 0x1e, 0xfa, 0x01, 0xff, 0xff, 0xff,
    0x40, 0x00, 0x00, 0x1c, 0xff, 0x70, 0xaf, 0xff,
    0xff, 0xc4, 0x44, 0x44, 0x7e, 0xff, 0xf4, 0x0d,
    0xff, 0xff, 0xff, 0xff, 0xff, 0xff, 0xff, 0xff,
    0x10, 0x00, 0x00, 0x00, 0x00, 0x00, 0x00, 0x00,
    0x04, 0x60, 0x00,

    /* U+007B "{" */
    0x00, 0x00, 0x00, 0x5a, 0xdf, 0xff, 0xf8, 0x00,
    0x00, 0x4e, 0xff, 0xfe, 0x85, 0x52, 0x00, 0x05,
    0xff, 0xff, 0xb0, 0x00, 0x00, 0x00, 0x1f, 0xff,
    0xfe, 0x10, 0x00, 0x00, 0x00, 0x7f, 0xff, 0xf9,
    0x00, 0x00, 0x00, 0x00, 0xaf, 0xff, 0xf7, 0x00,
    0x00, 0x00, 0x00, 0xaf, 0xff, 0xf7, 0x00, 0x00,
    0x00, 0x00, 0x8f, 0xff, 0xfa, 0x00, 0x00, 0x00,
    0x00, 0x4f, 0xff, 0xff, 0x10, 0x00, 0x00, 0x00,
    0x0d, 0xff, 0xff, 0x90, 0x00, 0x00, 0x00, 0x04,
    0xff, 0xff, 0xf3, 0x00, 0x00, 0x00, 0x00, 0xaf,
    0xff, 0xfd, 0x00, 0x00, 0x00, 0x00, 0x1e, 0xff,
    0xff, 0x70, 0x00, 0x00, 0x00, 0x03, 0xff, 0xff,
    0xe0, 0x00, 0x00, 0x00, 0x00, 0xaf, 0xff, 0xf2,
    0x00, 0x00, 0x00, 0x00, 0x5f, 0xff, 0xf2, 0x00,
    0x00, 0x00, 0x00, 0x5f, 0xff, 0xc0, 0x00, 0x19,
    0x94, 0x02, 0xdf, 0xfb, 0x10, 0x00, 0x9f, 0xff,
    0xfb, 0x76, 0x20, 0x00, 0x00, 0xaf, 0xff, 0xfa,
    0x65, 0x10, 0x00, 0x00, 0x3e, 0xe6, 0x14, 0xef,
    0xfa, 0x10, 0x00, 0x00, 0x00, 0x00, 0x5f, 0xff,
    0xb0, 0x00, 0x00, 0x00, 0x00, 0x4f, 0xff, 0xf2,
    0x00, 0x00, 0x00, 0x00, 0x9f, 0xff, 0xf2, 0x00,
    0x00, 0x00, 0x02, 0xff, 0xff, 0xf0, 0x00, 0x00,
    0x00, 0x0c, 0xff, 0xff, 0x80, 0x00, 0x00, 0x00,
    0x8f, 0xff, 0xfe, 0x00, 0x00, 0x00, 0x03, 0xff,
    0xff, 0xf5, 0x00, 0x00, 0x00, 0x0c, 0xff, 0xff,
    0xb0, 0x00, 0x00, 0x00, 0x3f, 0xff, 0xff, 0x30,
    0x00, 0x00, 0x00, 0x8f, 0xff, 0xfc, 0x00, 0x00,
    0x00, 0x00, 0xaf, 0xff, 0xf8, 0x00, 0x00, 0x00,
    0x00, 0xaf, 0xff, 0xf7, 0x00, 0x00, 0x00, 0x00,
    0x8f, 0xff, 0xf8, 0x00, 0x00, 0x00, 0x00, 0x2f,
    0xff, 0xfd, 0x00, 0x00, 0x00, 0x00, 0x08, 0xff,
    0xff, 0x80, 0x00, 0x00, 0x00, 0x00, 0x8f, 0xff,
    0xfa, 0x41, 0x10, 0x00, 0x00, 0x03, 0x9e, 0xff,
    0xff, 0xf9, 0x00, 0x00, 0x00, 0x00, 0x13, 0x44,
    0x41,

    /* U+007C "|" */
    0x5f, 0x9a, 0xff, 0xaf, 0xfa, 0xfe, 0xaf, 0xe9,
    0xfd, 0x9f, 0xd8, 0xfc, 0x8f, 0xc7, 0xfb, 0x6f,
    0xb6, 0xfa, 0x5f, 0x94, 0xf9, 0x4f, 0x83, 0xf8,
    0x2f, 0x72, 0xf7, 0x2f, 0x61, 0xf6, 0x1f, 0x62,
    0xf6, 0x2f, 0x73, 0xf7, 0x3f, 0x84, 0xf8, 0x4f,
    0x95, 0xfa, 0x6f, 0xa6, 0xfb, 0x7f, 0xc8, 0xfc,
    0x8f, 0xd9, 0xfd, 0x9f, 0xea, 0xfe, 0xaf, 0xeb,
    0xff, 0xaf, 0xe2, 0x94,

    /* U+007D "}" */
    0xdf, 0xff, 0xec, 0x93, 0x00, 0x00, 0x00, 0x35,
    0x69, 0xff, 0xff, 0xb1, 0x00, 0x00, 0x00, 0x00,
    0x2e, 0xff, 0xfe, 0x10, 0x00, 0x00, 0x00, 0x05,
    0xff, 0xff, 0xb0, 0x00, 0x00, 0x00, 0x00, 0xef,
    0xff, 0xf1, 0x00, 0x00, 0x00, 0x00, 0xcf, 0xff,
    0xf5, 0x00, 0x00, 0x00, 0x00, 0xdf, 0xff, 0xf5,
    0x00, 0x00, 0x00, 0x00, 0xff, 0xff, 0xf3, 0x00,
    0x00, 0x00, 0x06, 0xff, 0xff, 0xf0, 0x00, 0x00,
    0x00, 0x0e, 0xff, 0xff, 0x80, 0x00, 0x00, 0x00,
    0x8f, 0xff, 0xfe, 0x10, 0x00, 0x00, 0x03, 0xff,
    0xff, 0xf5, 0x00, 0x00, 0x00, 0x0c, 0xff, 0xff,
    0x90, 0x00, 0x00, 0x00, 0x3f, 0xff, 0xfd, 0x00,
    0x00, 0x00, 0x00, 0x7f, 0xff, 0xf5, 0x00, 0x00,
    0x00, 0x00, 0x7f, 0xff, 0xf0, 0x00, 0x00, 0x00,
    0x00, 0x2f, 0xff, 0xf0, 0x00, 0x00, 0x00, 0x00,
    0x04, 0xef, 0xf9, 0x10, 0x59, 0x60, 0x00, 0x00,
    0x04, 0x78, 0xef, 0xff, 0xf4, 0x00, 0x00, 0x02,
    0x56, 0xdf, 0xff, 0xf5, 0x00, 0x03, 0xdf, 0xfa,
    0x22, 0xaf, 0xc0, 0x00, 0x1f, 0xff, 0xf0, 0x00,
    0x00, 0x00, 0x00, 0x7f, 0xff, 0xf0, 0x00, 0x00,
    0x00, 0x00, 0x8f, 0xff, 0xf4, 0x00, 0x00, 0x00,
    0x00, 0x4f, 0xff, 0xfc, 0x00, 0x00, 0x00, 0x00,
    0x0d, 0xff, 0xff, 0x80, 0x00, 0x00, 0x00, 0x04,
    0xff, 0xff, 0xf3, 0x00, 0x00, 0x00, 0x00, 0xaf,
    0xff, 0xfd, 0x00, 0x00, 0x00, 0x00, 0x1f, 0xff,
    0xff, 0x70, 0x00, 0x00, 0x00, 0x08, 0xff, 0xff,
    0xe0, 0x00, 0x00, 0x00, 0x01, 0xff, 0xff, 0xf3,
    0x00, 0x00, 0x00, 0x00, 0xdf, 0xff, 0xf5, 0x00,
    0x00, 0x00, 0x00, 0xcf, 0xff, 0xf5, 0x00, 0x00,
    0x00, 0x00, 0xef, 0xff, 0xf2, 0x00, 0x00, 0x00,
    0x03, 0xff, 0xff, 0xd0, 0x00, 0x00, 0x00, 0x0c,
    0xff, 0xff, 0x30, 0x00, 0x01, 0x25, 0xdf, 0xff,
    0xe4, 0x00, 0x00, 0xef, 0xff, 0xff, 0xd7, 0x10,
    0x00, 0x00, 0x24, 0x44, 0x31, 0x00, 0x00, 0x00,
    0x00,

    /* U+007E "~" */
    0x00, 0x05, 0xab, 0xa5, 0x00, 0x00, 0x00, 0x00,
    0x00, 0x06, 0x70, 0x1c, 0xff, 0xff, 0xfd, 0x30,
    0x00, 0x00, 0x00, 0x00, 0xdc, 0x0c, 0xf9, 0x20,
    0x28, 0xff, 0x70, 0x00, 0x00, 0x00, 0x0f, 0xa5,
    0xf9, 0x00, 0x00, 0x02, 0xdf, 0xa1, 0x00, 0x00,
    0x06, 0xf6, 0xaf, 0x10, 0x00, 0x00, 0x00, 0x9f,
    0xe4, 0x00, 0x05, 0xfe, 0x0c, 0xd0, 0x00, 0x00,
    0x00, 0x00, 0x5e, 0xfe, 0xce, 0xff, 0x30, 0xb9,
    0x00, 0x00, 0x00, 0x00, 0x00, 0x18, 0xef, 0xea,
    0x20, 0x00,

    /* U+00C0 "À" */
    0x00, 0x00, 0x00, 0x00, 0x00, 0x01, 0x00, 0x00,
    0x00, 0x00, 0x00, 0x00, 0x00, 0x00, 0x00, 0x00,
    0x00, 0x00, 0x00, 0x03, 0xef, 0xc1, 0x00, 0x00,
    0x00, 0x00, 0x00, 0x00, 0x00, 0x00, 0x00, 0x00,
    0x00, 0x00, 0x0a, 0xff, 0xfd, 0x00, 0x00, 0x00,
    0x00, 0x00, 0x00, 0x00, 0x00, 0x00, 0x00, 0x00,
    0x00, 0x0a, 0xff, 0xff, 0x90, 0x00, 0x00, 0x00,
    0x00, 0x00, 0x00, 0x00, 0x00, 0x00, 0x00, 0x00,
    0x03, 0xff, 0xff, 0xf4, 0x00, 0x00, 0x00, 0x00,
    0x00, 0x00, 0x00, 0x00, 0x00, 0x00, 0x00, 0x00,
    0x2b, 0xff, 0xfe, 0x10, 0x00, 0x00, 0x00, 0x00,
    0x00, 0x00, 0x00, 0x00, 0x00, 0x00, 0x00, 0x00,
    0x29, 0xff, 0xa0, 0x00, 0x00, 0x00, 0x00, 0x00,
    0x00, 0x00, 0x00, 0x00, 0x00, 0x00, 0x00, 0x00,
    0x18, 0xe3, 0x00, 0x00, 0x00, 0x00, 0x00, 0x00,
    0x00, 0x00, 0x00, 0x00, 0x00, 0x00, 0x00, 0x00,
    0x00, 0x00, 0x00, 0x00, 0x00, 0x00, 0x00, 0x00,
    0x00, 0x00, 0x00, 0x00, 0x00, 0x00, 0x00, 0x00,
    0x00, 0x00, 0x00, 0x00, 0x00, 0x00, 0x00, 0x00,
    0x00, 0x00, 0x0b, 0xff, 0xff, 0xff, 0xff, 0xff,
    0x70, 0x00, 0x00, 0x00, 0x00, 0x00, 0x00, 0x00,
    0x00, 0x02, 0xbf, 0xff, 0xff, 0xff, 0xf8, 0x10,
    0x00, 0x00, 0x00, 0x00, 0x00, 0x00, 0x00, 0x00,
    0x00, 0x0f, 0xff, 0xff, 0xff, 0xf2, 0x00, 0x00,
    0x00, 0x00, 0x00, 0x00, 0x00, 0x00, 0x00, 0x00,
    0x3f, 0xcf, 0xff, 0xff, 0xf7, 0x00, 0x00, 0x00,
    0x00, 0x00, 0x00, 0x00, 0x00, 0x00, 0x00, 0x7f,
    0x3e, 0xff, 0xff, 0xfc, 0x00, 0x00, 0x00, 0x00,
    0x00, 0x00, 0x00, 0x00, 0x00, 0x00, 0xce, 0x09,
    0xff, 0xff, 0xff, 0x20, 0x00, 0x00, 0x00, 0x00,
    0x00, 0x00, 0x00, 0x00, 0x01, 0xf9, 0x04, 0xff,
    0xff, 0xff, 0x70, 0x00, 0x00, 0x00, 0x00, 0x00,
    0x00, 0x00, 0x00, 0x06, 0xf4, 0x00, 0xff, 0xff,
    0xff, 0xc0, 0x00, 0x00, 0x00, 0x00, 0x00, 0x00,
    0x00, 0x00, 0x0b, 0xf0, 0x00, 0xaf, 0xff, 0xff,
    0xf1, 0x00, 0x00, 0x00, 0x00, 0x00, 0x00, 0x00,
    0x00, 0x1f, 0xa0, 0x00, 0x5f, 0xff, 0xff, 0xf6,
    0x00, 0x00, 0x00, 0x00, 0x00, 0x00, 0x00, 0x00,
    0x5f, 0x50, 0x00, 0x0f, 0xff, 0xff, 0xfb, 0x00,
    0x00, 0x00, 0x00, 0x00, 0x00, 0x00, 0x00, 0xaf,
    0x10, 0x00, 0x0b, 0xff, 0xff, 0xff, 0x10, 0x00,
    0x00, 0x00, 0x00, 0x00, 0x00, 0x00, 0xfc, 0x00,
    0x00, 0x06, 0xff, 0xff, 0xff, 0x60, 0x00, 0x00,
    0x00, 0x00, 0x00, 0x00, 0x04, 0xf7, 0x00, 0x00,
    0x01, 0xff, 0xff, 0xff, 0xb0, 0x00, 0x00, 0x00,
    0x00, 0x00, 0x00, 0x09, 0xf2, 0x00, 0x00, 0x00,
    0xbf, 0xff, 0xff, 0xf0, 0x00, 0x00, 0x00, 0x00,
    0x00, 0x00, 0x0e, 0xd0, 0x00, 0x00, 0x00, 0x6f,
    0xff, 0xff, 0xf5, 0x00, 0x00, 0x00, 0x00, 0x00,
    0x00, 0x3f, 0x80, 0x00, 0x00, 0x00, 0x1f, 0xff,
    0xff, 0xfa, 0x00, 0x00, 0x00, 0x00, 0x00, 0x00,
    0x8f, 0x30, 0x00, 0x00, 0x00, 0x0c, 0xff, 0xff,
    0xff, 0x00, 0x00, 0x00, 0x00, 0x00, 0x00, 0xde,
    0x22, 0x22, 0x22, 0x22, 0x29, 0xff, 0xff, 0xff,
    0x50, 0x00, 0x00, 0x00, 0x00, 0x02, 0xff, 0xff,
    0xff, 0xff, 0xff, 0xff, 0xff, 0xff, 0xff, 0xa0,
    0x00, 0x00, 0x00, 0x00, 0x07, 0xf7, 0x55, 0x55,
    0x55, 0x55, 0x55, 0xdf, 0xff, 0xff, 0xf0, 0x00,
    0x00, 0x00, 0x00, 0x0c, 0xf0, 0x00, 0x00, 0x00,
    0x00, 0x00, 0x8f, 0xff, 0xff, 0xf4, 0x00, 0x00,
    0x00, 0x00, 0x1f, 0xa0, 0x00, 0x00, 0x00, 0x00,
    0x00, 0x3f, 0xff, 0xff, 0xf9, 0x00, 0x00, 0x00,
    0x00, 0x5f, 0x50, 0x00, 0x00, 0x00, 0x00, 0x00,
    0x0e, 0xff, 0xff, 0xfe, 0x00, 0x00, 0x00, 0x00,
    0xaf, 0x10, 0x00, 0x00, 0x00, 0x00, 0x00, 0x08,
    0xff, 0xff, 0xff, 0x40, 0x00, 0x00, 0x00, 0xfb,
    0x00, 0x00, 0x00, 0x00, 0x00, 0x00, 0x03, 0xff,
    0xff, 0xff, 0x90, 0x00, 0x00, 0x04, 0xf7, 0x00,
    0x00, 0x00, 0x00, 0x00, 0x00, 0x00, 0xef, 0xff,
    0xff, 0xe0, 0x00, 0x00, 0x0a, 0xf5, 0x00, 0x00,
    0x00, 0x00, 0x00, 0x00, 0x00, 0x9f, 0xff, 0xff,
    0xf3, 0x00, 0x00, 0x4f, 0xfa, 0x00, 0x00, 0x00,
    0x00, 0x00, 0x00, 0x00, 0x5f, 0xff, 0xff, 0xf9,
    0x00, 0x18, 0xff, 0xff, 0xd7, 0x20, 0x00, 0x00,
    0x00, 0x00, 0x15, 0xbf, 0xff, 0xff, 0xff, 0x92,
    0xaf, 0xff, 0xff, 0xff, 0xb0, 0x00, 0x00, 0x00,
    0x00, 0x9f, 0xff, 0xff, 0xff, 0xff, 0xf8,

    /* U+00C1 "Á" */
    0x00, 0x00, 0x00, 0x00, 0x00, 0x00, 0x00, 0x00,
    0x00, 0x00, 0x00, 0x00, 0x00, 0x00, 0x00, 0x00,
    0x00, 0x00, 0x00, 0x00, 0x00, 0x00, 0x00, 0x00,
    0x9f, 0xf5, 0x00, 0x00, 0x00, 0x00, 0x00, 0x00,
    0x00, 0x00, 0x00, 0x00, 0x00, 0x00, 0x09, 0xff,
    0xfe, 0x00, 0x00, 0x00, 0x00, 0x00, 0x00, 0x00,
    0x00, 0x00, 0x00, 0x00, 0x00, 0x4f, 0xff, 0xff,
    0x00, 0x00, 0x00, 0x00, 0x00, 0x00, 0x00, 0x00,
    0x00, 0x00, 0x00, 0x01, 0xef, 0xff, 0xf7, 0x00,
    0x00, 0x00, 0x00, 0x00, 0x00, 0x00, 0x00, 0x00,
    0x00, 0x00, 0x0b, 0xff, 0xfd, 0x50, 0x00, 0x00,
    0x00, 0x00, 0x00, 0x00, 0x00, 0x00, 0x00, 0x00,
    0x00, 0x6f, 0xfc, 0x50, 0x00, 0x00, 0x00, 0x00,
    0x00, 0x00, 0x00, 0x00, 0x00, 0x00, 0x00, 0x00,
    0xeb, 0x30, 0x00, 0x00, 0x00, 0x00, 0x00, 0x00,
    0x00, 0x00, 0x00, 0x00, 0x00, 0x00, 0x00, 0x00,
    0x00, 0x00, 0x00, 0x00, 0x00, 0x00, 0x00, 0x00,
    0x00, 0x00, 0x00, 0x00, 0x00, 0x00, 0x00, 0x00,
    0x00, 0x00, 0x00, 0x00, 0x00, 0x00, 0x00, 0x00,
    0x00, 0x00, 0x0b, 0xff, 0xff, 0xff, 0xff, 0xff,
    0x70, 0x00, 0x00, 0x00, 0x00, 0x00, 0x00, 0x00,
    0x00, 0x02, 0xbf, 0xff, 0xff, 0xff, 0xf8, 0x10,
    0x00, 0x00, 0x00, 0x00, 0x00, 0x00, 0x00, 0x00,
    0x00, 0x0f, 0xff, 0xff, 0xff, 0xf2, 0x00, 0x00,
    0x00, 0x00, 0x00, 0x00, 0x00, 0x00, 0x00, 0x00,
    0x3f, 0xcf, 0xff, 0xff, 0xf7, 0x00, 0x00, 0x00,
    0x00, 0x00, 0x00, 0x00, 0x00, 0x00, 0x00, 0x7f,
    0x3e, 0xff, 0xff, 0xfc, 0x00, 0x00, 0x00, 0x00,
    0x00, 0x00, 0x00, 0x00, 0x00, 0x00, 0xce, 0x09,
    0xff, 0xff, 0xff, 0x20, 0x00, 0x00, 0x00, 0x00,
    0x00, 0x00, 0x00, 0x00, 0x01, 0xf9, 0x04, 0xff,
    0xff, 0xff, 0x70, 0x00, 0x00, 0x00, 0x00, 0x00,
    0x00, 0x00, 0x00, 0x06, 0xf4, 0x00, 0xff, 0xff,
    0xff, 0xc0, 0x00, 0x00, 0x00, 0x00, 0x00, 0x00,
    0x00, 0x00, 0x0b, 0xf0, 0x00, 0xaf, 0xff, 0xff,
    0xf1, 0x00, 0x00, 0x00, 0x00, 0x00, 0x00, 0x00,
    0x00, 0x1f, 0xa0, 0x00, 0x5f, 0xff, 0xff, 0xf6,
    0x00, 0x00, 0x00, 0x00, 0x00, 0x00, 0x00, 0x00,
    0x5f, 0x50, 0x00, 0x0f, 0xff, 0xff, 0xfb, 0x00,
    0x00, 0x00, 0x00, 0x00, 0x00, 0x00, 0x00, 0xaf,
    0x10, 0x00, 0x0b, 0xff, 0xff, 0xff, 0x10, 0x00,
    0x00, 0x00, 0x00, 0x00, 0x00, 0x00, 0xfc, 0x00,
    0x00, 0x06, 0xff, 0xff, 0xff, 0x60, 0x00, 0x00,
    0x00, 0x00, 0x00, 0x00, 0x04, 0xf7, 0x00, 0x00,
    0x01, 0xff, 0xff, 0xff, 0xb0, 0x00, 0x00, 0x00,
    0x00, 0x00, 0x00, 0x09, 0xf2, 0x00, 0x00, 0x00,
    0xbf, 0xff, 0xff, 0xf0, 0x00, 0x00, 0x00, 0x00,
    0x00, 0x00, 0x0e, 0xd0, 0x00, 0x00, 0x00, 0x6f,
    0xff, 0xff, 0xf5, 0x00, 0x00, 0x00, 0x00, 0x00,
    0x00, 0x3f, 0x80, 0x00, 0x00, 0x00, 0x1f, 0xff,
    0xff, 0xfa, 0x00, 0x00, 0x00, 0x00, 0x00, 0x00,
    0x8f, 0x30, 0x00, 0x00, 0x00, 0x0c, 0xff, 0xff,
    0xff, 0x00, 0x00, 0x00, 0x00, 0x00, 0x00, 0xde,
    0x22, 0x22, 0x22, 0x22, 0x29, 0xff, 0xff, 0xff,
    0x50, 0x00, 0x00, 0x00, 0x00, 0x02, 0xff, 0xff,
    0xff, 0xff, 0xff, 0xff, 0xff, 0xff, 0xff, 0xa0,
    0x00, 0x00, 0x00, 0x00, 0x07, 0xf7, 0x55, 0x55,
    0x55, 0x55, 0x55, 0xdf, 0xff, 0xff, 0xf0, 0x00,
    0x00, 0x00, 0x00, 0x0c, 0xf0, 0x00, 0x00, 0x00,
    0x00, 0x00, 0x8f, 0xff, 0xff, 0xf4, 0x00, 0x00,
    0x00, 0x00, 0x1f, 0xa0, 0x00, 0x00, 0x00, 0x00,
    0x00, 0x3f, 0xff, 0xff, 0xf9, 0x00, 0x00, 0x00,
    0x00, 0x5f, 0x50, 0x00, 0x00, 0x00, 0x00, 0x00,
    0x0e, 0xff, 0xff, 0xfe, 0x00, 0x00, 0x00, 0x00,
    0xaf, 0x10, 0x00, 0x00, 0x00, 0x00, 0x00, 0x08,
    0xff, 0xff, 0xff, 0x40, 0x00, 0x00, 0x00, 0xfb,
    0x00, 0x00, 0x00, 0x00, 0x00, 0x00, 0x03, 0xff,
    0xff, 0xff, 0x90, 0x00, 0x00, 0x04, 0xf7, 0x00,
    0x00, 0x00, 0x00, 0x00, 0x00, 0x00, 0xef, 0xff,
    0xff, 0xe0, 0x00, 0x00, 0x0a, 0xf5, 0x00, 0x00,
    0x00, 0x00, 0x00, 0x00, 0x00, 0x9f, 0xff, 0xff,
    0xf3, 0x00, 0x00, 0x4f, 0xfa, 0x00, 0x00, 0x00,
    0x00, 0x00, 0x00, 0x00, 0x5f, 0xff, 0xff, 0xf9,
    0x00, 0x18, 0xff, 0xff, 0xd7, 0x20, 0x00, 0x00,
    0x00, 0x00, 0x15, 0xbf, 0xff, 0xff, 0xff, 0x92,
    0xaf, 0xff, 0xff, 0xff, 0xb0, 0x00, 0x00, 0x00,
    0x00, 0x9f, 0xff, 0xff, 0xff, 0xff, 0xf8,

    /* U+00C2 "Â" */
    0x00, 0x00, 0x00, 0x00, 0x00, 0x00, 0x02, 0xdc,
    0x10, 0x00, 0x00, 0x00, 0x00, 0x00, 0x00, 0x00,
    0x00, 0x00, 0x00, 0x00, 0x00, 0x1e, 0xff, 0xc0,
    0x00, 0x00, 0x00, 0x00, 0x00, 0x00, 0x00, 0x00,
    0x00, 0x00, 0x00, 0x00, 0xcf, 0xff, 0xfb, 0x00,
    0x00, 0x00, 0x00, 0x00, 0x00, 0x00, 0x00, 0x00,
    0x00, 0x00, 0x0b, 0xff, 0xff, 0xff, 0x90, 0x00,
    0x00, 0x00, 0x00, 0x00, 0x00, 0x00, 0x00, 0x00,
    0x00, 0x9f, 0xfe, 0x67, 0xff, 0xf7, 0x00, 0x00,
    0x00, 0x00, 0x00, 0x00, 0x00, 0x00, 0x00, 0x07,
    0xff, 0x70, 0x00, 0x18, 0xff, 0x50, 0x00, 0x00,
    0x00, 0x00, 0x00, 0x00, 0x00, 0x00, 0x3f, 0x81,
    0x00, 0x00, 0x00, 0x19, 0xf1, 0x00, 0x00, 0x00,
    0x00, 0x00, 0x00, 0x00, 0x00, 0x00, 0x00, 0x00,
    0x00, 0x00, 0x00, 0x00, 0x00, 0x00, 0x00, 0x00,
    0x00, 0x00, 0x00, 0x00, 0x00, 0x00, 0x00, 0x00,
    0x00, 0x00, 0x00, 0x00, 0x00, 0x00, 0x00, 0x00,
    0x00, 0x00, 0x00, 0x0b, 0xff, 0xff, 0xff, 0xff,
    0xff, 0x70, 0x00, 0x00, 0x00, 0x00, 0x00, 0x00,
    0x00, 0x00, 0x02, 0xbf, 0xff, 0xff, 0xff, 0xf8,
    0x10, 0x00, 0x00, 0x00, 0x00, 0x00, 0x00, 0x00,
    0x00, 0x00, 0x0f, 0xff, 0xff, 0xff, 0xf2, 0x00,
    0x00, 0x00, 0x00, 0x00, 0x00, 0x00, 0x00, 0x00,
    0x00, 0x3f, 0xcf, 0xff, 0xff, 0xf7, 0x00, 0x00,
    0x00, 0x00, 0x00, 0x00, 0x00, 0x00, 0x00, 0x00,
    0x7f, 0x3e, 0xff, 0xff, 0xfc, 0x00, 0x00, 0x00,
    0x00, 0x00, 0x00, 0x00, 0x00, 0x00, 0x00, 0xce,
    0x09, 0xff, 0xff, 0xff, 0x20, 0x00, 0x00, 0x00,
    0x00, 0x00, 0x00, 0x00, 0x00, 0x01, 0xf9, 0x04,
    0xff, 0xff, 0xff, 0x70, 0x00, 0x00, 0x00, 0x00,
    0x00, 0x00, 0x00, 0x00, 0x06, 0xf4, 0x00, 0xff,
    0xff, 0xff, 0xc0, 0x00, 0x00, 0x00, 0x00, 0x00,
    0x00, 0x00, 0x00, 0x0b, 0xf0, 0x00, 0xaf, 0xff,
    0xff, 0xf1, 0x00, 0x00, 0x00, 0x00, 0x00, 0x00,
    0x00, 0x00, 0x1f, 0xa0, 0x00, 0x5f, 0xff, 0xff,
    0xf6, 0x00, 0x00, 0x00, 0x00, 0x00, 0x00, 0x00,
    0x00, 0x5f, 0x50, 0x00, 0x0f, 0xff, 0xff, 0xfb,
    0x00, 0x00, 0x00, 0x00, 0x00, 0x00, 0x00, 0x00,
    0xaf, 0x10, 0x00, 0x0b, 0xff, 0xff, 0xff, 0x10,
    0x00, 0x00, 0x00, 0x00, 0x00, 0x00, 0x00, 0xfc,
    0x00, 0x00, 0x06, 0xff, 0xff, 0xff, 0x60, 0x00,
    0x00, 0x00, 0x00, 0x00, 0x00, 0x04, 0xf7, 0x00,
    0x00, 0x01, 0xff, 0xff, 0xff, 0xb0, 0x00, 0x00,
    0x00, 0x00, 0x00, 0x00, 0x09, 0xf2, 0x00, 0x00,
    0x00, 0xbf, 0xff, 0xff, 0xf0, 0x00, 0x00, 0x00,
    0x00, 0x00, 0x00, 0x0e, 0xd0, 0x00, 0x00, 0x00,
    0x6f, 0xff, 0xff, 0xf5, 0x00, 0x00, 0x00, 0x00,
    0x00, 0x00, 0x3f, 0x80, 0x00, 0x00, 0x00, 0x1f,
    0xff, 0xff, 0xfa, 0x00, 0x00, 0x00, 0x00, 0x00,
    0x00, 0x8f, 0x30, 0x00, 0x00, 0x00, 0x0c, 0xff,
    0xff, 0xff, 0x00, 0x00, 0x00, 0x00, 0x00, 0x00,
    0xde, 0x22, 0x22, 0x22, 0x22, 0x29, 0xff, 0xff,
    0xff, 0x50, 0x00, 0x00, 0x00, 0x00, 0x02, 0xff,
    0xff, 0xff, 0xff, 0xff, 0xff, 0xff, 0xff, 0xff,
    0xa0, 0x00, 0x00, 0x00, 0x00, 0x07, 0xf7, 0x55,
    0x55, 0x55, 0x55, 0x55, 0xdf, 0xff, 0xff, 0xf0,
    0x00, 0x00, 0x00, 0x00, 0x0c, 0xf0, 0x00, 0x00,
    0x00, 0x00, 0x00, 0x8f, 0xff, 0xff, 0xf4, 0x00,
    0x00, 0x00, 0x00, 0x1f, 0xa0, 0x00, 0x00, 0x00,
    0x00, 0x00, 0x3f, 0xff, 0xff, 0xf9, 0x00, 0x00,
    0x00, 0x00, 0x5f, 0x50, 0x00, 0x00, 0x00, 0x00,
    0x00, 0x0e, 0xff, 0xff, 0xfe, 0x00, 0x00, 0x00,
    0x00, 0xaf, 0x10, 0x00, 0x00, 0x00, 0x00, 0x00,
    0x08, 0xff, 0xff, 0xff, 0x40, 0x00, 0x00, 0x00,
    0xfb, 0x00, 0x00, 0x00, 0x00, 0x00, 0x00, 0x03,
    0xff, 0xff, 0xff, 0x90, 0x00, 0x00, 0x04, 0xf7,
    0x00, 0x00, 0x00, 0x00, 0x00, 0x00, 0x00, 0xef,
    0xff, 0xff, 0xe0, 0x00, 0x00, 0x0a, 0xf5, 0x00,
    0x00, 0x00, 0x00, 0x00, 0x00, 0x00, 0x9f, 0xff,
    0xff, 0xf3, 0x00, 0x00, 0x4f, 0xfa, 0x00, 0x00,
    0x00, 0x00, 0x00, 0x00, 0x00, 0x5f, 0xff, 0xff,
    0xf9, 0x00, 0x18, 0xff, 0xff, 0xd7, 0x20, 0x00,
    0x00, 0x00, 0x00, 0x15, 0xbf, 0xff, 0xff, 0xff,
    0x92, 0xaf, 0xff, 0xff, 0xff, 0xb0, 0x00, 0x00,
    0x00, 0x00, 0x9f, 0xff, 0xff, 0xff, 0xff, 0xf8,

    /* U+00C3 "Ã" */
    0x00, 0x00, 0x00, 0x00, 0x00, 0x05, 0x76, 0x10,
    0x00, 0x01, 0x50, 0x00, 0x00, 0x00, 0x00, 0x00,
    0x00, 0x00, 0x00, 0x00, 0xbf, 0xff, 0xf8, 0x00,
    0x06, 0xd0, 0x00, 0x00, 0x00, 0x00, 0x00, 0x00,
    0x00, 0x00, 0x05, 0xff, 0xff, 0xff, 0xd6, 0x4d,
    0xc0, 0x00, 0x00, 0x00, 0x00, 0x00, 0x00, 0x00,
    0x00, 0x09, 0xfc, 0xdf, 0xff, 0xff, 0xff, 0x80,
    0x00, 0x00, 0x00, 0x00, 0x00, 0x00, 0x00, 0x00,
    0x0b, 0xa0, 0x04, 0xef, 0xff, 0xff, 0x20, 0x00,
    0x00, 0x00, 0x00, 0x00, 0x00, 0x00, 0x00, 0x0a,
    0x50, 0x00, 0x07, 0xef, 0xd4, 0x00, 0x00, 0x00,
    0x00, 0x00, 0x00, 0x00, 0x00, 0x00, 0x00, 0x00,
    0x00, 0x00, 0x00, 0x00, 0x00, 0x00, 0x00, 0x00,
    0x00, 0x00, 0x00, 0x00, 0x00, 0x00, 0x00, 0x00,
    0x00, 0x00, 0x00, 0x00, 0x00, 0x00, 0x00, 0x00,
    0x00, 0x00, 0x00, 0x00, 0x0b, 0xff, 0xff, 0xff,
    0xff, 0xff, 0x70, 0x00, 0x00, 0x00, 0x00, 0x00,
    0x00, 0x00, 0x00, 0x02, 0xbf, 0xff, 0xff, 0xff,
    0xf8, 0x10, 0x00, 0x00, 0x00, 0x00, 0x00, 0x00,
    0x00, 0x00, 0x00, 0x0f, 0xff, 0xff, 0xff, 0xf2,
    0x00, 0x00, 0x00, 0x00, 0x00, 0x00, 0x00, 0x00,
    0x00, 0x00, 0x3f, 0xcf, 0xff, 0xff, 0xf7, 0x00,
    0x00, 0x00, 0x00, 0x00, 0x00, 0x00, 0x00, 0x00,
    0x00, 0x7f, 0x3e, 0xff, 0xff, 0xfc, 0x00, 0x00,
    0x00, 0x00, 0x00, 0x00, 0x00, 0x00, 0x00, 0x00,
    0xce, 0x09, 0xff, 0xff, 0xff, 0x20, 0x00, 0x00,
    0x00, 0x00, 0x00, 0x00, 0x00, 0x00, 0x01, 0xf9,
    0x04, 0xff, 0xff, 0xff, 0x70, 0x00, 0x00, 0x00,
    0x00, 0x00, 0x00, 0x00, 0x00, 0x06, 0xf4, 0x00,
    0xff, 0xff, 0xff, 0xc0, 0x00, 0x00, 0x00, 0x00,
    0x00, 0x00, 0x00, 0x00, 0x0b, 0xf0, 0x00, 0xaf,
    0xff, 0xff, 0xf1, 0x00, 0x00, 0x00, 0x00, 0x00,
    0x00, 0x00, 0x00, 0x1f, 0xa0, 0x00, 0x5f, 0xff,
    0xff, 0xf6, 0x00, 0x00, 0x00, 0x00, 0x00, 0x00,
    0x00, 0x00, 0x5f, 0x50, 0x00, 0x0f, 0xff, 0xff,
    0xfb, 0x00, 0x00, 0x00, 0x00, 0x00, 0x00, 0x00,
    0x00, 0xaf, 0x10, 0x00, 0x0b, 0xff, 0xff, 0xff,
    0x10, 0x00, 0x00, 0x00, 0x00, 0x00, 0x00, 0x00,
    0xfc, 0x00, 0x00, 0x06, 0xff, 0xff, 0xff, 0x60,
    0x00, 0x00, 0x00, 0x00, 0x00, 0x00, 0x04, 0xf7,
    0x00, 0x00, 0x01, 0xff, 0xff, 0xff, 0xb0, 0x00,
    0x00, 0x00, 0x00, 0x00, 0x00, 0x09, 0xf2, 0x00,
    0x00, 0x00, 0xbf, 0xff, 0xff, 0xf0, 0x00, 0x00,
    0x00, 0x00, 0x00, 0x00, 0x0e, 0xd0, 0x00, 0x00,
    0x00, 0x6f, 0xff, 0xff, 0xf5, 0x00, 0x00, 0x00,
    0x00, 0x00, 0x00, 0x3f, 0x80, 0x00, 0x00, 0x00,
    0x1f, 0xff, 0xff, 0xfa, 0x00, 0x00, 0x00, 0x00,
    0x00, 0x00, 0x8f, 0x30, 0x00, 0x00, 0x00, 0x0c,
    0xff, 0xff, 0xff, 0x00, 0x00, 0x00, 0x00, 0x00,
    0x00, 0xde, 0x22, 0x22, 0x22, 0x22, 0x29, 0xff,
    0xff, 0xff, 0x50, 0x00, 0x00, 0x00, 0x00, 0x02,
    0xff, 0xff, 0xff, 0xff, 0xff, 0xff, 0xff, 0xff,
    0xff, 0xa0, 0x00, 0x00, 0x00, 0x00, 0x07, 0xf7,
    0x55, 0x55, 0x55, 0x55, 0x55, 0xdf, 0xff, 0xff,
    0xf0, 0x00, 0x00, 0x00, 0x00, 0x0c, 0xf0, 0x00,
    0x00, 0x00, 0x00, 0x00, 0x8f, 0xff, 0xff, 0xf4,
    0x00, 0x00, 0x00, 0x00, 0x1f, 0xa0, 0x00, 0x00,
    0x00, 0x00, 0x00, 0x3f, 0xff, 0xff, 0xf9, 0x00,
    0x00, 0x00, 0x00, 0x5f, 0x50, 0x00, 0x00, 0x00,
    0x00, 0x00, 0x0e, 0xff, 0xff, 0xfe, 0x00, 0x00,
    0x00, 0x00, 0xaf, 0x10, 0x00, 0x00, 0x00, 0x00,
    0x00, 0x08, 0xff, 0xff, 0xff, 0x40, 0x00, 0x00,
    0x00, 0xfb, 0x00, 0x00, 0x00, 0x00, 0x00, 0x00,
    0x03, 0xff, 0xff, 0xff, 0x90, 0x00, 0x00, 0x04,
    0xf7, 0x00, 0x00, 0x00, 0x00, 0x00, 0x00, 0x00,
    0xef, 0xff, 0xff, 0xe0, 0x00, 0x00, 0x0a, 0xf5,
    0x00, 0x00, 0x00, 0x00, 0x00, 0x00, 0x00, 0x9f,
    0xff, 0xff, 0xf3, 0x00, 0x00, 0x4f, 0xfa, 0x00,
    0x00, 0x00, 0x00, 0x00, 0x00, 0x00, 0x5f, 0xff,
    0xff, 0xf9, 0x00, 0x18, 0xff, 0xff, 0xd7, 0x20,
    0x00, 0x00, 0x00, 0x00, 0x15, 0xbf, 0xff, 0xff,
    0xff, 0x92, 0xaf, 0xff, 0xff, 0xff, 0xb0, 0x00,
    0x00, 0x00, 0x00, 0x9f, 0xff, 0xff, 0xff, 0xff,
    0xf8,

    /* U+00C4 "Ä" */
    0x00, 0x00, 0x00, 0x00, 0x2b, 0xfe, 0x70, 0x00,
    0x09, 0xff, 0xa0, 0x00, 0x00, 0x00, 0x00, 0x00,
    0x00, 0x00, 0x00, 0xdf, 0xff, 0xf5, 0x00, 0x9f,
    0xff, 0xf9, 0x00, 0x00, 0x00, 0x00, 0x00, 0x00,
    0x00, 0x01, 0xff, 0xff, 0xfa, 0x00, 0xef, 0xff,
    0xfe, 0x00, 0x00, 0x00, 0x00, 0x00, 0x00, 0x00,
    0x01, 0xff, 0xff, 0xf9, 0x00, 0xdf, 0xff, 0xfd,
    0x00, 0x00, 0x00, 0x00, 0x00, 0x00, 0x00, 0x00,
    0xaf, 0xff, 0xf3, 0x00, 0x6f, 0xff, 0xf6, 0x00,
    0x00, 0x00, 0x00, 0x00, 0x00, 0x00, 0x00, 0x06,
    0xa9, 0x30, 0x00, 0x05, 0xaa, 0x50, 0x00, 0x00,
    0x00, 0x00, 0x00, 0x00, 0x00, 0x00, 0x00, 0x00,
    0x00, 0x00, 0x00, 0x00, 0x00, 0x00, 0x00, 0x00,
    0x00, 0x00, 0x00, 0x00, 0x00, 0x00, 0x00, 0x00,
    0x00, 0x00, 0x00, 0x00, 0x00, 0x00, 0x00, 0x00,
    0x00, 0x00, 0x00, 0x00, 0x0b, 0xff, 0xff, 0xff,
    0xff, 0xff, 0x70, 0x00, 0x00, 0x00, 0x00, 0x00,
    0x00, 0x00, 0x00, 0x02, 0xbf, 0xff, 0xff, 0xff,
    0xf8, 0x10, 0x00, 0x00, 0x00, 0x00, 0x00, 0x00,
    0x00, 0x00, 0x00, 0x0f, 0xff, 0xff, 0xff, 0xf2,
    0x00, 0x00, 0x00, 0x00, 0x00, 0x00, 0x00, 0x00,
    0x00, 0x00, 0x3f, 0xcf, 0xff, 0xff, 0xf7, 0x00,
    0x00, 0x00, 0x00, 0x00, 0x00, 0x00, 0x00, 0x00,
    0x00, 0x7f, 0x3e, 0xff, 0xff, 0xfc, 0x00, 0x00,
    0x00, 0x00, 0x00, 0x00, 0x00, 0x00, 0x00, 0x00,
    0xce, 0x09, 0xff, 0xff, 0xff, 0x20, 0x00, 0x00,
    0x00, 0x00, 0x00, 0x00, 0x00, 0x00, 0x01, 0xf9,
    0x04, 0xff, 0xff, 0xff, 0x70, 0x00, 0x00, 0x00,
    0x00, 0x00, 0x00, 0x00, 0x00, 0x06, 0xf4, 0x00,
    0xff, 0xff, 0xff, 0xc0, 0x00, 0x00, 0x00, 0x00,
    0x00, 0x00, 0x00, 0x00, 0x0b, 0xf0, 0x00, 0xaf,
    0xff, 0xff, 0xf1, 0x00, 0x00, 0x00, 0x00, 0x00,
    0x00, 0x00, 0x00, 0x1f, 0xa0, 0x00, 0x5f, 0xff,
    0xff, 0xf6, 0x00, 0x00, 0x00, 0x00, 0x00, 0x00,
    0x00, 0x00, 0x5f, 0x50, 0x00, 0x0f, 0xff, 0xff,
    0xfb, 0x00, 0x00, 0x00, 0x00, 0x00, 0x00, 0x00,
    0x00, 0xaf, 0x10, 0x00, 0x0b, 0xff, 0xff, 0xff,
    0x10, 0x00, 0x00, 0x00, 0x00, 0x00, 0x00, 0x00,
    0xfc, 0x00, 0x00, 0x06, 0xff, 0xff, 0xff, 0x60,
    0x00, 0x00, 0x00, 0x00, 0x00, 0x00, 0x04, 0xf7,
    0x00, 0x00, 0x01, 0xff, 0xff, 0xff, 0xb0, 0x00,
    0x00, 0x00, 0x00, 0x00, 0x00, 0x09, 0xf2, 0x00,
    0x00, 0x00, 0xbf, 0xff, 0xff, 0xf0, 0x00, 0x00,
    0x00, 0x00, 0x00, 0x00, 0x0e, 0xd0, 0x00, 0x00,
    0x00, 0x6f, 0xff, 0xff, 0xf5, 0x00, 0x00, 0x00,
    0x00, 0x00, 0x00, 0x3f, 0x80, 0x00, 0x00, 0x00,
    0x1f, 0xff, 0xff, 0xfa, 0x00, 0x00, 0x00, 0x00,
    0x00, 0x00, 0x8f, 0x30, 0x00, 0x00, 0x00, 0x0c,
    0xff, 0xff, 0xff, 0x00, 0x00, 0x00, 0x00, 0x00,
    0x00, 0xde, 0x22, 0x22, 0x22, 0x22, 0x29, 0xff,
    0xff, 0xff, 0x50, 0x00, 0x00, 0x00, 0x00, 0x02,
    0xff, 0xff, 0xff, 0xff, 0xff, 0xff, 0xff, 0xff,
    0xff, 0xa0, 0x00, 0x00, 0x00, 0x00, 0x07, 0xf7,
    0x55, 0x55, 0x55, 0x55, 0x55, 0xdf, 0xff, 0xff,
    0xf0, 0x00, 0x00, 0x00, 0x00, 0x0c, 0xf0, 0x00,
    0x00, 0x00, 0x00, 0x00, 0x8f, 0xff, 0xff, 0xf4,
    0x00, 0x00, 0x00, 0x00, 0x1f, 0xa0, 0x00, 0x00,
    0x00, 0x00, 0x00, 0x3f, 0xff, 0xff, 0xf9, 0x00,
    0x00, 0x00, 0x00, 0x5f, 0x50, 0x00, 0x00, 0x00,
    0x00, 0x00, 0x0e, 0xff, 0xff, 0xfe, 0x00, 0x00,
    0x00, 0x00, 0xaf, 0x10, 0x00, 0x00, 0x00, 0x00,
    0x00, 0x08, 0xff, 0xff, 0xff, 0x40, 0x00, 0x00,
    0x00, 0xfb, 0x00, 0x00, 0x00, 0x00, 0x00, 0x00,
    0x03, 0xff, 0xff, 0xff, 0x90, 0x00, 0x00, 0x04,
    0xf7, 0x00, 0x00, 0x00, 0x00, 0x00, 0x00, 0x00,
    0xef, 0xff, 0xff, 0xe0, 0x00, 0x00, 0x0a, 0xf5,
    0x00, 0x00, 0x00, 0x00, 0x00, 0x00, 0x00, 0x9f,
    0xff, 0xff, 0xf3, 0x00, 0x00, 0x4f, 0xfa, 0x00,
    0x00, 0x00, 0x00, 0x00, 0x00, 0x00, 0x5f, 0xff,
    0xff, 0xf9, 0x00, 0x18, 0xff, 0xff, 0xd7, 0x20,
    0x00, 0x00, 0x00, 0x00, 0x15, 0xbf, 0xff, 0xff,
    0xff, 0x92, 0xaf, 0xff, 0xff, 0xff, 0xb0, 0x00,
    0x00, 0x00, 0x00, 0x9f, 0xff, 0xff, 0xff, 0xff,
    0xf8,

    /* U+00C5 "Å" */
    0x00, 0x00, 0x00, 0x00, 0x00, 0x00, 0x28, 0xbb,
    0x82, 0x00, 0x00, 0x00, 0x00, 0x00, 0x00, 0x00,
    0x00, 0x00, 0x00, 0x00, 0x06, 0xff, 0x88, 0xff,
    0x60, 0x00, 0x00, 0x00, 0x00, 0x00, 0x00, 0x00,
    0x00, 0x00, 0x00, 0x2f, 0xf7, 0x00, 0x7f, 0xf2,
    0x00, 0x00, 0x00, 0x00, 0x00, 0x00, 0x00, 0x00,
    0x00, 0x00, 0x7f, 0xf3, 0x00, 0x3f, 0xf6, 0x00,
    0x00, 0x00, 0x00, 0x00, 0x00, 0x00, 0x00, 0x00,
    0x00, 0x7f, 0xf3, 0x00, 0x3f, 0xf7, 0x00, 0x00,
    0x00, 0x00, 0x00, 0x00, 0x00, 0x00, 0x00, 0x00,
    0x4f, 0xf6, 0x00, 0x6f, 0xf3, 0x00, 0x00, 0x00,
    0x00, 0x00, 0x00, 0x00, 0x00, 0x00, 0x00, 0x0a,
    0xfe, 0x33, 0xef, 0x90, 0x00, 0x00, 0x00, 0x00,
    0x00, 0x00, 0x00, 0x00, 0x00, 0x00, 0x00, 0x6c,
    0xff, 0xc6, 0x00, 0x00, 0x00, 0x00, 0x00, 0x00,
    0x00, 0x00, 0x00, 0x00, 0x00, 0x00, 0x00, 0x00,
    0x00, 0x00, 0x00, 0x00, 0x00, 0x00, 0x00, 0x00,
    0x00, 0x00, 0x00, 0x00, 0x00, 0x00, 0x00, 0x00,
    0x00, 0x00, 0x00, 0x00, 0x00, 0x00, 0x00, 0x00,
    0x00, 0x00, 0x0b, 0xff, 0xff, 0xff, 0xff, 0xff,
    0x70, 0x00, 0x00, 0x00, 0x00, 0x00, 0x00, 0x00,
    0x00, 0x02, 0xbf, 0xff, 0xff, 0xff, 0xf8, 0x10,
    0x00, 0x00, 0x00, 0x00, 0x00, 0x00, 0x00, 0x00,
    0x00, 0x0f, 0xff, 0xff, 0xff, 0xf2, 0x00, 0x00,
    0x00, 0x00, 0x00, 0x00, 0x00, 0x00, 0x00, 0x00,
    0x3f, 0xcf, 0xff, 0xff, 0xf7, 0x00, 0x00, 0x00,
    0x00, 0x00, 0x00, 0x00, 0x00, 0x00, 0x00, 0x7f,
    0x3e, 0xff, 0xff, 0xfc, 0x00, 0x00, 0x00, 0x00,
    0x00, 0x00, 0x00, 0x00, 0x00, 0x00, 0xce, 0x09,
    0xff, 0xff, 0xff, 0x20, 0x00, 0x00, 0x00, 0x00,
    0x00, 0x00, 0x00, 0x00, 0x01, 0xf9, 0x04, 0xff,
    0xff, 0xff, 0x70, 0x00, 0x00, 0x00, 0x00, 0x00,
    0x00, 0x00, 0x00, 0x06, 0xf4, 0x00, 0xff, 0xff,
    0xff, 0xc0, 0x00, 0x00, 0x00, 0x00, 0x00, 0x00,
    0x00, 0x00, 0x0b, 0xf0, 0x00, 0xaf, 0xff, 0xff,
    0xf1, 0x00, 0x00, 0x00, 0x00, 0x00, 0x00, 0x00,
    0x00, 0x1f, 0xa0, 0x00, 0x5f, 0xff, 0xff, 0xf6,
    0x00, 0x00, 0x00, 0x00, 0x00, 0x00, 0x00, 0x00,
    0x5f, 0x50, 0x00, 0x0f, 0xff, 0xff, 0xfb, 0x00,
    0x00, 0x00, 0x00, 0x00, 0x00, 0x00, 0x00, 0xaf,
    0x10, 0x00, 0x0b, 0xff, 0xff, 0xff, 0x10, 0x00,
    0x00, 0x00, 0x00, 0x00, 0x00, 0x00, 0xfc, 0x00,
    0x00, 0x06, 0xff, 0xff, 0xff, 0x60, 0x00, 0x00,
    0x00, 0x00, 0x00, 0x00, 0x04, 0xf7, 0x00, 0x00,
    0x01, 0xff, 0xff, 0xff, 0xb0, 0x00, 0x00, 0x00,
    0x00, 0x00, 0x00, 0x09, 0xf2, 0x00, 0x00, 0x00,
    0xbf, 0xff, 0xff, 0xf0, 0x00, 0x00, 0x00, 0x00,
    0x00, 0x00, 0x0e, 0xd0, 0x00, 0x00, 0x00, 0x6f,
    0xff, 0xff, 0xf5, 0x00, 0x00, 0x00, 0x00, 0x00,
    0x00, 0x3f, 0x80, 0x00, 0x00, 0x00, 0x1f, 0xff,
    0xff, 0xfa, 0x00, 0x00, 0x00, 0x00, 0x00, 0x00,
    0x8f, 0x30, 0x00, 0x00, 0x00, 0x0c, 0xff, 0xff,
    0xff, 0x00, 0x00, 0x00, 0x00, 0x00, 0x00, 0xde,
    0x22, 0x22, 0x22, 0x22, 0x29, 0xff, 0xff, 0xff,
    0x50, 0x00, 0x00, 0x00, 0x00, 0x02, 0xff, 0xff,
    0xff, 0xff, 0xff, 0xff, 0xff, 0xff, 0xff, 0xa0,
    0x00, 0x00, 0x00, 0x00, 0x07, 0xf7, 0x55, 0x55,
    0x55, 0x55, 0x55, 0xdf, 0xff, 0xff, 0xf0, 0x00,
    0x00, 0x00, 0x00, 0x0c, 0xf0, 0x00, 0x00, 0x00,
    0x00, 0x00, 0x8f, 0xff, 0xff, 0xf4, 0x00, 0x00,
    0x00, 0x00, 0x1f, 0xa0, 0x00, 0x00, 0x00, 0x00,
    0x00, 0x3f, 0xff, 0xff, 0xf9, 0x00, 0x00, 0x00,
    0x00, 0x5f, 0x50, 0x00, 0x00, 0x00, 0x00, 0x00,
    0x0e, 0xff, 0xff, 0xfe, 0x00, 0x00, 0x00, 0x00,
    0xaf, 0x10, 0x00, 0x00, 0x00, 0x00, 0x00, 0x08,
    0xff, 0xff, 0xff, 0x40, 0x00, 0x00, 0x00, 0xfb,
    0x00, 0x00, 0x00, 0x00, 0x00, 0x00, 0x03, 0xff,
    0xff, 0xff, 0x90, 0x00, 0x00, 0x04, 0xf7, 0x00,
    0x00, 0x00, 0x00, 0x00, 0x00, 0x00, 0xef, 0xff,
    0xff, 0xe0, 0x00, 0x00, 0x0a, 0xf5, 0x00, 0x00,
    0x00, 0x00, 0x00, 0x00, 0x00, 0x9f, 0xff, 0xff,
    0xf3, 0x00, 0x00, 0x4f, 0xfa, 0x00, 0x00, 0x00,
    0x00, 0x00, 0x00, 0x00, 0x5f, 0xff, 0xff, 0xf9,
    0x00, 0x18, 0xff, 0xff, 0xd7, 0x20, 0x00, 0x00,
    0x00, 0x00, 0x15, 0xbf, 0xff, 0xff, 0xff, 0x92,
    0xaf, 0xff, 0xff, 0xff, 0xb0, 0x00, 0x00, 0x00,
    0x00, 0x9f, 0xff, 0xff, 0xff, 0xff, 0xf8,

    /* U+00C6 "Æ" */
    0x00, 0x00, 0x00, 0x00, 0x00, 0x00, 0x00, 0x00,
    0x00, 0x00, 0x00, 0x00, 0x00, 0x00, 0x00, 0x00,
    0x00, 0x00, 0x15, 0x60, 0x00, 0x00, 0x00, 0x00,
    0x00, 0x00, 0x00, 0x00, 0x03, 0xff, 0xff, 0xff,
    0xff, 0xff, 0xff, 0xff, 0xff, 0xff, 0xff, 0xff,
    0xf3, 0x00, 0x00, 0x00, 0x00, 0x00, 0x00, 0x00,
    0x00, 0x00, 0x6e, 0xff, 0xcf, 0xff, 0xff, 0xf7,
    0x77, 0x77, 0x79, 0xdf, 0xff, 0xf7, 0x00, 0x00,
    0x00, 0x00, 0x00, 0x00, 0x00, 0x00, 0x00, 0x06,
    0xfa, 0x8f, 0xff, 0xff, 0xf0, 0x00, 0x00, 0x00,
    0x06, 0xff, 0xfc, 0x00, 0x00, 0x00, 0x00, 0x00,
    0x00, 0x00, 0x00, 0x00, 0x0b, 0xf1, 0x8f, 0xff,
    0xff, 0xf0, 0x00, 0x00, 0x00, 0x00, 0x5f, 0xff,
    0x00, 0x00, 0x00, 0x00, 0x00, 0x00, 0x00, 0x00,
    0x00, 0x3f, 0x80, 0x8f, 0xff, 0xff, 0xf0, 0x00,
    0x00, 0x00, 0x00, 0x07, 0xff, 0x40, 0x00, 0x00,
    0x00, 0x00, 0x00, 0x00, 0x00, 0x00, 0xce, 0x10,
    0x8f, 0xff, 0xff, 0xf0, 0x00, 0x00, 0x00, 0x00,
    0x00, 0xcf, 0x80, 0x00, 0x00, 0x00, 0x00, 0x00,
    0x00, 0x00, 0x05, 0xf7, 0x00, 0x8f, 0xff, 0xff,
    0xf0, 0x00, 0x00, 0x00, 0x00, 0x00, 0x2f, 0xd0,
    0x00, 0x00, 0x00, 0x00, 0x00, 0x00, 0x00, 0x0d,
    0xe0, 0x00, 0x8f, 0xff, 0xff, 0xf0, 0x00, 0x00,
    0x00, 0x00, 0x00, 0x09, 0xf0, 0x00, 0x00, 0x00,
    0x00, 0x00, 0x00, 0x00, 0x6f, 0x60, 0x00, 0x8f,
    0xff, 0xff, 0xf0, 0x00, 0x00, 0x00, 0x00, 0x00,
    0x00, 0x50, 0x00, 0x00, 0x00, 0x00, 0x00, 0x00,
    0x00, 0xed, 0x00, 0x00, 0x8f, 0xff, 0xff, 0xf0,
    0x00, 0x00, 0x00, 0x00, 0x00, 0x00, 0x00, 0x00,
    0x00, 0x00, 0x00, 0x00, 0x00, 0x08, 0xf4, 0x00,
    0x00, 0x8f, 0xff, 0xff, 0xf0, 0x00, 0x00, 0x00,
    0x6b, 0x00, 0x00, 0x00, 0x00, 0x00, 0x00, 0x00,
    0x00, 0x00, 0x1f, 0xc0, 0x00, 0x00, 0x8f, 0xff,
    0xff, 0xf0, 0x00, 0x00, 0x00, 0xaf, 0x10, 0x00,
    0x00, 0x00, 0x00, 0x00, 0x00, 0x00, 0x00, 0x9f,
    0x30, 0x00, 0x00, 0x8f, 0xff, 0xff, 0xf0, 0x00,
    0x00, 0x01, 0xff, 0x50, 0x00, 0x00, 0x00, 0x00,
    0x00, 0x00, 0x00, 0x02, 0xfa, 0x00, 0x00, 0x00,
    0x8f, 0xff, 0xff, 0xf1, 0x11, 0x11, 0x4c, 0xff,
    0xa0, 0x00, 0x00, 0x00, 0x00, 0x00, 0x00, 0x00,
    0x0b, 0xf2, 0x00, 0x00, 0x00, 0x8f, 0xff, 0xff,
    0xff, 0xff, 0xff, 0xff, 0xff, 0xe0, 0x00, 0x00,
    0x00, 0x00, 0x00, 0x00, 0x00, 0x4f, 0x90, 0x00,
    0x00, 0x00, 0x8f, 0xff, 0xff, 0xf4, 0x44, 0x44,
    0x58, 0xef, 0xf2, 0x00, 0x00, 0x00, 0x00, 0x00,
    0x00, 0x00, 0xcf, 0x32, 0x22, 0x22, 0x22, 0x9f,
    0xff, 0xff, 0xf0, 0x00, 0x00, 0x00, 0x1d, 0xf7,
    0x00, 0x00, 0x00, 0x00, 0x00, 0x00, 0x05, 0xff,
    0xff, 0xff, 0xff, 0xff, 0xff, 0xff, 0xff, 0xf0,
    0x00, 0x00, 0x00, 0x02, 0xfb, 0x00, 0x00, 0x00,
    0x00, 0x00, 0x00, 0x0d, 0xe5, 0x55, 0x55, 0x55,
    0x55, 0xbf, 0xff, 0xff, 0xf0, 0x00, 0x00, 0x00,
    0x00, 0x58, 0x00, 0x00, 0x00, 0x00, 0x00, 0x00,
    0x7f, 0x60, 0x00, 0x00, 0x00, 0x00, 0x8f, 0xff,
    0xff, 0xf0, 0x00, 0x00, 0x00, 0x00, 0x00, 0x00,
    0x00, 0x00, 0x00, 0x00, 0x00, 0xed, 0x00, 0x00,
    0x00, 0x00, 0x00, 0x8f, 0xff, 0xff, 0xf0, 0x00,
    0x00, 0x00, 0x00, 0x00, 0x00, 0x00, 0x00, 0x00,
    0x00, 0x08, 0xf5, 0x00, 0x00, 0x00, 0x00, 0x00,
    0x8f, 0xff, 0xff, 0xf0, 0x00, 0x00, 0x00, 0x00,
    0x00, 0x00, 0x7b, 0x00, 0x00, 0x00, 0x1f, 0xc0,
    0x00, 0x00, 0x00, 0x00, 0x00, 0x8f, 0xff, 0xff,
    0xf0, 0x00, 0x00, 0x00, 0x00, 0x00, 0x01, 0xfc,
    0x00, 0x00, 0x00, 0xaf, 0x40, 0x00, 0x00, 0x00,
    0x00, 0x00, 0x8f, 0xff, 0xff, 0xf0, 0x00, 0x00,
    0x00, 0x00, 0x00, 0x08, 0xf8, 0x00, 0x00, 0x02,
    0xfb, 0x00, 0x00, 0x00, 0x00, 0x00, 0x00, 0x8f,
    0xff, 0xff, 0xf0, 0x00, 0x00, 0x00, 0x00, 0x00,
    0x1f, 0xf4, 0x00, 0x00, 0x0b, 0xf2, 0x00, 0x00,
    0x00, 0x00, 0x00, 0x00, 0x8f, 0xff, 0xff, 0xf0,
    0x00, 0x00, 0x00, 0x00, 0x00, 0xaf, 0xf0, 0x00,
    0x00, 0x4f, 0xa0, 0x00, 0x00, 0x00, 0x00, 0x00,
    0x00, 0x8f, 0xff, 0xff, 0xf0, 0x00, 0x00, 0x00,
    0x00, 0x05, 0xff, 0xc0, 0x00, 0x00, 0xdf, 0x50,
    0x00, 0x00, 0x00, 0x00, 0x00, 0x00, 0x8f, 0xff,
    0xff, 0xf0, 0x00, 0x00, 0x00, 0x00, 0x2f, 0xff,
    0x80, 0x00, 0x0a, 0xff, 0x90, 0x00, 0x00, 0x00,
    0x00, 0x00, 0x00, 0x9f, 0xff, 0xff, 0xf1, 0x00,
    0x00, 0x00, 0x04, 0xef, 0xff, 0x40, 0x04, 0xcf,
    0xff, 0xfb, 0x50, 0x00, 0x00, 0x00, 0x01, 0x69,
    0xff, 0xff, 0xff, 0xfd, 0x87, 0x77, 0x78, 0xcf,
    0xff, 0xff, 0x00, 0x1f, 0xff, 0xff, 0xff, 0xf7,
    0x00, 0x00, 0x00, 0x08, 0xff, 0xff, 0xff, 0xff,
    0xff, 0xff, 0xff, 0xff, 0xff, 0xff, 0xfc, 0x00,
    0x00, 0x00, 0x00, 0x00, 0x00, 0x00, 0x00, 0x00,
    0x00, 0x00, 0x00, 0x00, 0x00, 0x00, 0x00, 0x00,
    0x00, 0x00, 0x03, 0x72, 0x00,

    /* U+00C7 "Ç" */
    0x00, 0x00, 0x00, 0x00, 0x00, 0x00, 0x46, 0x77,
    0x75, 0x10, 0x00, 0x01, 0x60, 0x00, 0x00, 0x00,
    0x00, 0x00, 0x05, 0xbf, 0xff, 0xff, 0xff, 0xfc,
    0x60, 0x0b, 0xf2, 0x00, 0x00, 0x00, 0x00, 0x04,
    0xdf, 0xff, 0xfa, 0x52, 0x23, 0x6b, 0xfd, 0xcf,
    0xf7, 0x00, 0x00, 0x00, 0x00, 0x9f, 0xff, 0xfc,
    0x20, 0x00, 0x00, 0x00, 0x2c, 0xff, 0xfb, 0x00,
    0x00, 0x00, 0x0b, 0xff, 0xff, 0xb0, 0x00, 0x00,
    0x00, 0x00, 0x00, 0xaf, 0xff, 0x00, 0x00, 0x00,
    0xaf, 0xff, 0xfd, 0x00, 0x00, 0x00, 0x00, 0x00,
    0x00, 0x0b, 0xff, 0x40, 0x00, 0x07, 0xff, 0xff,
    0xf3, 0x00, 0x00, 0x00, 0x00, 0x00, 0x00, 0x01,
    0xef, 0x80, 0x00, 0x2f, 0xff, 0xff, 0xb0, 0x00,
    0x00, 0x00, 0x00, 0x00, 0x00, 0x00, 0x6f, 0xc0,
    0x00, 0xaf, 0xff, 0xff, 0x40, 0x00, 0x00, 0x00,
    0x00, 0x00, 0x00, 0x00, 0x0d, 0xf1, 0x01, 0xff,
    0xff, 0xff, 0x00, 0x00, 0x00, 0x00, 0x00, 0x00,
    0x00, 0x00, 0x06, 0xf5, 0x07, 0xff, 0xff, 0xfb,
    0x00, 0x00, 0x00, 0x00, 0x00, 0x00, 0x00, 0x00,
    0x00, 0x82, 0x0d, 0xff, 0xff, 0xf8, 0x00, 0x00,
    0x00, 0x00, 0x00, 0x00, 0x00, 0x00, 0x00, 0x00,
    0x1f, 0xff, 0xff, 0xf6, 0x00, 0x00, 0x00, 0x00,
    0x00, 0x00, 0x00, 0x00, 0x00, 0x00, 0x3f, 0xff,
    0xff, 0xf4, 0x00, 0x00, 0x00, 0x00, 0x00, 0x00,
    0x00, 0x00, 0x00, 0x00, 0x6f, 0xff, 0xff, 0xf4,
    0x00, 0x00, 0x00, 0x00, 0x00, 0x00, 0x00, 0x00,
    0x00, 0x00, 0x7f, 0xff, 0xff, 0xf4, 0x00, 0x00,
    0x00, 0x00, 0x00, 0x00, 0x00, 0x00, 0x00, 0x00,
    0x7f, 0xff, 0xff, 0xf4, 0x00, 0x00, 0x00, 0x00,
    0x00, 0x00, 0x00, 0x00, 0x00, 0x00, 0x7f, 0xff,
    0xff, 0xf5, 0x00, 0x00, 0x00, 0x00, 0x00, 0x00,
    0x00, 0x00, 0x00, 0x00, 0x6f, 0xff, 0xff, 0xf7,
    0x00, 0x00, 0x00, 0x00, 0x00, 0x00, 0x00, 0x00,
    0x00, 0x00, 0x5f, 0xff, 0xff, 0xfa, 0x00, 0x00,
    0x00, 0x00, 0x00, 0x00, 0x00, 0x00, 0x00, 0x00,
    0x2f, 0xff, 0xff, 0xfd, 0x00, 0x00, 0x00, 0x00,
    0x00, 0x00, 0x00, 0x00, 0x00, 0x00, 0x0f, 0xff,
    0xff, 0xff, 0x10, 0x00, 0x00, 0x00, 0x00, 0x00,
    0x00, 0x00, 0x00, 0x00, 0x0a, 0xff, 0xff, 0xff,
    0x70, 0x00, 0x00, 0x00, 0x00, 0x00, 0x00, 0x00,
    0x00, 0x43, 0x05, 0xff, 0xff, 0xff, 0xe0, 0x00,
    0x00, 0x00, 0x00, 0x00, 0x00, 0x00, 0x00, 0xe6,
    0x00, 0xef, 0xff, 0xff, 0xf7, 0x00, 0x00, 0x00,
    0x00, 0x00, 0x00, 0x00, 0x05, 0xf3, 0x00, 0x6f,
    0xff, 0xff, 0xff, 0x20, 0x00, 0x00, 0x00, 0x00,
    0x00, 0x00, 0x0d, 0xe0, 0x00, 0x0c, 0xff, 0xff,
    0xff, 0xe1, 0x00, 0x00, 0x00, 0x00, 0x00, 0x00,
    0xaf, 0x70, 0x00, 0x01, 0xef, 0xff, 0xff, 0xfe,
    0x40, 0x00, 0x00, 0x00, 0x00, 0x0a, 0xfd, 0x00,
    0x00, 0x00, 0x3e, 0xff, 0xff, 0xff, 0xfb, 0x40,
    0x00, 0x00, 0x16, 0xef, 0xe2, 0x00, 0x00, 0x00,
    0x02, 0xdf, 0xff, 0xff, 0xff, 0xff, 0xcb, 0xbd,
    0xff, 0xfe, 0x30, 0x00, 0x00, 0x00, 0x00, 0x08,
    0xff, 0xff, 0xff, 0xff, 0xff, 0xff, 0xff, 0xa1,
    0x00, 0x00, 0x00, 0x00, 0x00, 0x00, 0x17, 0xdf,
    0xff, 0xff, 0xff, 0xfe, 0x93, 0x00, 0x00, 0x00,
    0x00, 0x00, 0x00, 0x00, 0x00, 0x01, 0x47, 0xf8,
    0x75, 0x30, 0x00, 0x00, 0x00, 0x00, 0x00, 0x00,
    0x00, 0x00, 0x00, 0x00, 0x08, 0x80, 0x00, 0x00,
    0x00, 0x00, 0x00, 0x00, 0x00, 0x00, 0x00, 0x00,
    0x00, 0x00, 0x2f, 0xb9, 0x72, 0x00, 0x00, 0x00,
    0x00, 0x00, 0x00, 0x00, 0x00, 0x00, 0x00, 0x00,
    0x15, 0x7f, 0xff, 0x60, 0x00, 0x00, 0x00, 0x00,
    0x00, 0x00, 0x00, 0x00, 0x00, 0x00, 0x00, 0x07,
    0xff, 0xf1, 0x00, 0x00, 0x00, 0x00, 0x00, 0x00,
    0x00, 0x00, 0x00, 0x00, 0x00, 0x03, 0xff, 0xf3,
    0x00, 0x00, 0x00, 0x00, 0x00, 0x00, 0x00, 0x00,
    0x00, 0x45, 0x00, 0x05, 0xff, 0xf2, 0x00, 0x00,
    0x00, 0x00, 0x00, 0x00, 0x00, 0x00, 0x00, 0x3f,
    0x60, 0x1c, 0xff, 0xa0, 0x00, 0x00, 0x00, 0x00,
    0x00, 0x00, 0x00, 0x00, 0x00, 0x04, 0xdf, 0xff,
    0xf8, 0x00, 0x00, 0x00, 0x00, 0x00, 0x00, 0x00,
    0x00, 0x00, 0x00, 0x00, 0x01, 0x22, 0x00, 0x00,
    0x00, 0x00, 0x00, 0x00,

    /* U+00C8 "È" */
    0x00, 0x00, 0x00, 0x00, 0x01, 0x00, 0x00, 0x00,
    0x00, 0x00, 0x00, 0x00, 0x00, 0x00, 0x00, 0x00,
    0x00, 0xbf, 0xf5, 0x00, 0x00, 0x00, 0x00, 0x00,
    0x00, 0x00, 0x00, 0x00, 0x00, 0x05, 0xff, 0xff,
    0x40, 0x00, 0x00, 0x00, 0x00, 0x00, 0x00, 0x00,
    0x00, 0x00, 0x04, 0xff, 0xff, 0xe1, 0x00, 0x00,
    0x00, 0x00, 0x00, 0x00, 0x00, 0x00, 0x00, 0x00,
    0xcf, 0xff, 0xfa, 0x00, 0x00, 0x00, 0x00, 0x00,
    0x00, 0x00, 0x00, 0x00, 0x00, 0x08, 0xef, 0xff,
    0x50, 0x00, 0x00, 0x00, 0x00, 0x00, 0x00, 0x00,
    0x00, 0x00, 0x00, 0x07, 0xef, 0xf1, 0x00, 0x00,
    0x00, 0x00, 0x00, 0x00, 0x00, 0x00, 0x00, 0x00,
    0x00, 0x05, 0xc9, 0x00, 0x00, 0x00, 0x00, 0x00,
    0x00, 0x00, 0x00, 0x00, 0x00, 0x00, 0x00, 0x00,
    0x00, 0x00, 0x00, 0x00, 0x00, 0x00, 0x00, 0x00,
    0x00, 0x00, 0x00, 0x00, 0x00, 0x00, 0x00, 0x26,
    0x50, 0x00, 0x0e, 0xff, 0xff, 0xff, 0xff, 0xff,
    0xff, 0xff, 0xff, 0xff, 0xff, 0xf1, 0x00, 0x02,
    0x6a, 0xff, 0xff, 0xff, 0xb5, 0x55, 0x55, 0x57,
    0xdf, 0xff, 0xf6, 0x00, 0x00, 0x00, 0xff, 0xff,
    0xff, 0x80, 0x00, 0x00, 0x00, 0x06, 0xff, 0xfa,
    0x00, 0x00, 0x00, 0xff, 0xff, 0xff, 0x80, 0x00,
    0x00, 0x00, 0x00, 0x5f, 0xfe, 0x00, 0x00, 0x00,
    0xff, 0xff, 0xff, 0x80, 0x00, 0x00, 0x00, 0x00,
    0x08, 0xff, 0x20, 0x00, 0x00, 0xff, 0xff, 0xff,
    0x80, 0x00, 0x00, 0x00, 0x00, 0x00, 0xdf, 0x70,
    0x00, 0x00, 0xff, 0xff, 0xff, 0x80, 0x00, 0x00,
    0x00, 0x00, 0x00, 0x3f, 0xb0, 0x00, 0x00, 0xff,
    0xff, 0xff, 0x80, 0x00, 0x00, 0x00, 0x00, 0x00,
    0x0a, 0xf0, 0x00, 0x00, 0xff, 0xff, 0xff, 0x80,
    0x00, 0x00, 0x00, 0x00, 0x00, 0x00, 0x30, 0x00,
    0x00, 0xff, 0xff, 0xff, 0x80, 0x00, 0x00, 0x00,
    0x00, 0x00, 0x00, 0x00, 0x00, 0x00, 0xff, 0xff,
    0xff, 0x80, 0x00, 0x00, 0x00, 0x89, 0x00, 0x00,
    0x00, 0x00, 0x00, 0xff, 0xff, 0xff, 0x80, 0x00,
    0x00, 0x00, 0xce, 0x00, 0x00, 0x00, 0x00, 0x00,
    0xff, 0xff, 0xff, 0x80, 0x00, 0x00, 0x00, 0xff,
    0x20, 0x00, 0x00, 0x00, 0x00, 0xff, 0xff, 0xff,
    0x80, 0x00, 0x00, 0x07, 0xff, 0x60, 0x00, 0x00,
    0x00, 0x00, 0xff, 0xff, 0xff, 0xc8, 0x88, 0x88,
    0xcf, 0xff, 0xa0, 0x00, 0x00, 0x00, 0x00, 0xff,
    0xff, 0xff, 0xff, 0xff, 0xff, 0xff, 0xff, 0xe0,
    0x00, 0x00, 0x00, 0x00, 0xff, 0xff, 0xff, 0x91,
    0x11, 0x11, 0x15, 0xcf, 0xf2, 0x00, 0x00, 0x00,
    0x00, 0xff, 0xff, 0xff, 0x80, 0x00, 0x00, 0x00,
    0x0c, 0xf6, 0x00, 0x00, 0x00, 0x00, 0xff, 0xff,
    0xff, 0x80, 0x00, 0x00, 0x00, 0x01, 0xea, 0x00,
    0x00, 0x00, 0x00, 0xff, 0xff, 0xff, 0x80, 0x00,
    0x00, 0x00, 0x00, 0x34, 0x00, 0x00, 0x00, 0x00,
    0xff, 0xff, 0xff, 0x80, 0x00, 0x00, 0x00, 0x00,
    0x00, 0x00, 0x00, 0x00, 0x00, 0xff, 0xff, 0xff,
    0x80, 0x00, 0x00, 0x00, 0x00, 0x00, 0x00, 0x88,
    0x00, 0x00, 0xff, 0xff, 0xff, 0x80, 0x00, 0x00,
    0x00, 0x00, 0x00, 0x02, 0xf9, 0x00, 0x00, 0xff,
    0xff, 0xff, 0x80, 0x00, 0x00, 0x00, 0x00, 0x00,
    0x0a, 0xf5, 0x00, 0x00, 0xff, 0xff, 0xff, 0x80,
    0x00, 0x00, 0x00, 0x00, 0x00, 0x3f, 0xf2, 0x00,
    0x00, 0xff, 0xff, 0xff, 0x80, 0x00, 0x00, 0x00,
    0x00, 0x00, 0xcf, 0xe0, 0x00, 0x00, 0xff, 0xff,
    0xff, 0x80, 0x00, 0x00, 0x00, 0x00, 0x06, 0xff,
    0xa0, 0x00, 0x00, 0xff, 0xff, 0xff, 0x80, 0x00,
    0x00, 0x00, 0x00, 0x3f, 0xff, 0x60, 0x00, 0x00,
    0xff, 0xff, 0xff, 0xa0, 0x00, 0x00, 0x00, 0x04,
    0xef, 0xff, 0x20, 0x04, 0x7c, 0xff, 0xff, 0xff,
    0xf9, 0x66, 0x66, 0x68, 0xcf, 0xff, 0xfe, 0x00,
    0x0e, 0xff, 0xff, 0xff, 0xff, 0xff, 0xff, 0xff,
    0xff, 0xff, 0xff, 0xf9, 0x00, 0x00, 0x00, 0x00,
    0x00, 0x00, 0x00, 0x00, 0x00, 0x00, 0x00, 0x04,
    0x71, 0x00,

    /* U+00C9 "É" */
    0x00, 0x00, 0x00, 0x00, 0x00, 0x00, 0x00, 0x00,
    0x00, 0x00, 0x00, 0x00, 0x00, 0x00, 0x00, 0x00,
    0x00, 0x00, 0x00, 0x00, 0x00, 0x7f, 0xf7, 0x00,
    0x00, 0x00, 0x00, 0x00, 0x00, 0x00, 0x00, 0x00,
    0x00, 0x07, 0xff, 0xff, 0x10, 0x00, 0x00, 0x00,
    0x00, 0x00, 0x00, 0x00, 0x00, 0x00, 0x3f, 0xff,
    0xff, 0x10, 0x00, 0x00, 0x00, 0x00, 0x00, 0x00,
    0x00, 0x00, 0x00, 0xdf, 0xff, 0xf9, 0x00, 0x00,
    0x00, 0x00, 0x00, 0x00, 0x00, 0x00, 0x00, 0x09,
    0xff, 0xfe, 0x60, 0x00, 0x00, 0x00, 0x00, 0x00,
    0x00, 0x00, 0x00, 0x00, 0x4f, 0xfd, 0x60, 0x00,
    0x00, 0x00, 0x00, 0x00, 0x00, 0x00, 0x00, 0x00,
    0x00, 0xdb, 0x40, 0x00, 0x00, 0x00, 0x00, 0x00,
    0x00, 0x00, 0x00, 0x00, 0x00, 0x00, 0x00, 0x00,
    0x00, 0x00, 0x00, 0x00, 0x00, 0x00, 0x00, 0x00,
    0x00, 0x00, 0x00, 0x00, 0x00, 0x00, 0x00, 0x26,
    0x50, 0x00, 0x0e, 0xff, 0xff, 0xff, 0xff, 0xff,
    0xff, 0xff, 0xff, 0xff, 0xff, 0xf1, 0x00, 0x02,
    0x6a, 0xff, 0xff, 0xff, 0xb5, 0x55, 0x55, 0x57,
    0xdf, 0xff, 0xf6, 0x00, 0x00, 0x00, 0xff, 0xff,
    0xff, 0x80, 0x00, 0x00, 0x00, 0x06, 0xff, 0xfa,
    0x00, 0x00, 0x00, 0xff, 0xff, 0xff, 0x80, 0x00,
    0x00, 0x00, 0x00, 0x5f, 0xfe, 0x00, 0x00, 0x00,
    0xff, 0xff, 0xff, 0x80, 0x00, 0x00, 0x00, 0x00,
    0x08, 0xff, 0x20, 0x00, 0x00, 0xff, 0xff, 0xff,
    0x80, 0x00, 0x00, 0x00, 0x00, 0x00, 0xdf, 0x70,
    0x00, 0x00, 0xff, 0xff, 0xff, 0x80, 0x00, 0x00,
    0x00, 0x00, 0x00, 0x3f, 0xb0, 0x00, 0x00, 0xff,
    0xff, 0xff, 0x80, 0x00, 0x00, 0x00, 0x00, 0x00,
    0x0a, 0xf0, 0x00, 0x00, 0xff, 0xff, 0xff, 0x80,
    0x00, 0x00, 0x00, 0x00, 0x00, 0x00, 0x30, 0x00,
    0x00, 0xff, 0xff, 0xff, 0x80, 0x00, 0x00, 0x00,
    0x00, 0x00, 0x00, 0x00, 0x00, 0x00, 0xff, 0xff,
    0xff, 0x80, 0x00, 0x00, 0x00, 0x89, 0x00, 0x00,
    0x00, 0x00, 0x00, 0xff, 0xff, 0xff, 0x80, 0x00,
    0x00, 0x00, 0xce, 0x00, 0x00, 0x00, 0x00, 0x00,
    0xff, 0xff, 0xff, 0x80, 0x00, 0x00, 0x00, 0xff,
    0x20, 0x00, 0x00, 0x00, 0x00, 0xff, 0xff, 0xff,
    0x80, 0x00, 0x00, 0x07, 0xff, 0x60, 0x00, 0x00,
    0x00, 0x00, 0xff, 0xff, 0xff, 0xc8, 0x88, 0x88,
    0xcf, 0xff, 0xa0, 0x00, 0x00, 0x00, 0x00, 0xff,
    0xff, 0xff, 0xff, 0xff, 0xff, 0xff, 0xff, 0xe0,
    0x00, 0x00, 0x00, 0x00, 0xff, 0xff, 0xff, 0x91,
    0x11, 0x11, 0x15, 0xcf, 0xf2, 0x00, 0x00, 0x00,
    0x00, 0xff, 0xff, 0xff, 0x80, 0x00, 0x00, 0x00,
    0x0c, 0xf6, 0x00, 0x00, 0x00, 0x00, 0xff, 0xff,
    0xff, 0x80, 0x00, 0x00, 0x00, 0x01, 0xea, 0x00,
    0x00, 0x00, 0x00, 0xff, 0xff, 0xff, 0x80, 0x00,
    0x00, 0x00, 0x00, 0x34, 0x00, 0x00, 0x00, 0x00,
    0xff, 0xff, 0xff, 0x80, 0x00, 0x00, 0x00, 0x00,
    0x00, 0x00, 0x00, 0x00, 0x00, 0xff, 0xff, 0xff,
    0x80, 0x00, 0x00, 0x00, 0x00, 0x00, 0x00, 0x88,
    0x00, 0x00, 0xff, 0xff, 0xff, 0x80, 0x00, 0x00,
    0x00, 0x00, 0x00, 0x02, 0xf9, 0x00, 0x00, 0xff,
    0xff, 0xff, 0x80, 0x00, 0x00, 0x00, 0x00, 0x00,
    0x0a, 0xf5, 0x00, 0x00, 0xff, 0xff, 0xff, 0x80,
    0x00, 0x00, 0x00, 0x00, 0x00, 0x3f, 0xf2, 0x00,
    0x00, 0xff, 0xff, 0xff, 0x80, 0x00, 0x00, 0x00,
    0x00, 0x00, 0xcf, 0xe0, 0x00, 0x00, 0xff, 0xff,
    0xff, 0x80, 0x00, 0x00, 0x00, 0x00, 0x06, 0xff,
    0xa0, 0x00, 0x00, 0xff, 0xff, 0xff, 0x80, 0x00,
    0x00, 0x00, 0x00, 0x3f, 0xff, 0x60, 0x00, 0x00,
    0xff, 0xff, 0xff, 0xa0, 0x00, 0x00, 0x00, 0x04,
    0xef, 0xff, 0x20, 0x04, 0x7c, 0xff, 0xff, 0xff,
    0xf9, 0x66, 0x66, 0x68, 0xcf, 0xff, 0xfe, 0x00,
    0x0e, 0xff, 0xff, 0xff, 0xff, 0xff, 0xff, 0xff,
    0xff, 0xff, 0xff, 0xf9, 0x00, 0x00, 0x00, 0x00,
    0x00, 0x00, 0x00, 0x00, 0x00, 0x00, 0x00, 0x04,
    0x71, 0x00,

    /* U+00CA "Ê" */
    0x00, 0x00, 0x00, 0x00, 0x00, 0x01, 0xbe, 0x50,
    0x00, 0x00, 0x00, 0x00, 0x00, 0x00, 0x00, 0x00,
    0x00, 0x00, 0x0c, 0xff, 0xf5, 0x00, 0x00, 0x00,
    0x00, 0x00, 0x00, 0x00, 0x00, 0x00, 0x00, 0xcf,
    0xff, 0xff, 0x40, 0x00, 0x00, 0x00, 0x00, 0x00,
    0x00, 0x00, 0x00, 0x0b, 0xff, 0xfd, 0xff, 0xf3,
    0x00, 0x00, 0x00, 0x00, 0x00, 0x00, 0x00, 0x00,
    0xaf, 0xf9, 0x10, 0x5d, 0xff, 0x30, 0x00, 0x00,
    0x00, 0x00, 0x00, 0x00, 0x09, 0xfa, 0x20, 0x00,
    0x00, 0x6e, 0xe2, 0x00, 0x00, 0x00, 0x00, 0x00,
    0x00, 0x08, 0x30, 0x00, 0x00, 0x00, 0x00, 0x73,
    0x00, 0x00, 0x00, 0x00, 0x00, 0x00, 0x00, 0x00,
    0x00, 0x00, 0x00, 0x00, 0x00, 0x00, 0x00, 0x00,
    0x00, 0x00, 0x00, 0x00, 0x00, 0x00, 0x00, 0x00,
    0x00, 0x00, 0x26, 0x50, 0x00, 0x0e, 0xff, 0xff,
    0xff, 0xff, 0xff, 0xff, 0xff, 0xff, 0xff, 0xff,
    0xf1, 0x00, 0x02, 0x6a, 0xff, 0xff, 0xff, 0xb5,
    0x55, 0x55, 0x57, 0xdf, 0xff, 0xf6, 0x00, 0x00,
    0x00, 0xff, 0xff, 0xff, 0x80, 0x00, 0x00, 0x00,
    0x06, 0xff, 0xfa, 0x00, 0x00, 0x00, 0xff, 0xff,
    0xff, 0x80, 0x00, 0x00, 0x00, 0x00, 0x5f, 0xfe,
    0x00, 0x00, 0x00, 0xff, 0xff, 0xff, 0x80, 0x00,
    0x00, 0x00, 0x00, 0x08, 0xff, 0x20, 0x00, 0x00,
    0xff, 0xff, 0xff, 0x80, 0x00, 0x00, 0x00, 0x00,
    0x00, 0xdf, 0x70, 0x00, 0x00, 0xff, 0xff, 0xff,
    0x80, 0x00, 0x00, 0x00, 0x00, 0x00, 0x3f, 0xb0,
    0x00, 0x00, 0xff, 0xff, 0xff, 0x80, 0x00, 0x00,
    0x00, 0x00, 0x00, 0x0a, 0xf0, 0x00, 0x00, 0xff,
    0xff, 0xff, 0x80, 0x00, 0x00, 0x00, 0x00, 0x00,
    0x00, 0x30, 0x00, 0x00, 0xff, 0xff, 0xff, 0x80,
    0x00, 0x00, 0x00, 0x00, 0x00, 0x00, 0x00, 0x00,
    0x00, 0xff, 0xff, 0xff, 0x80, 0x00, 0x00, 0x00,
    0x89, 0x00, 0x00, 0x00, 0x00, 0x00, 0xff, 0xff,
    0xff, 0x80, 0x00, 0x00, 0x00, 0xce, 0x00, 0x00,
    0x00, 0x00, 0x00, 0xff, 0xff, 0xff, 0x80, 0x00,
    0x00, 0x00, 0xff, 0x20, 0x00, 0x00, 0x00, 0x00,
    0xff, 0xff, 0xff, 0x80, 0x00, 0x00, 0x07, 0xff,
    0x60, 0x00, 0x00, 0x00, 0x00, 0xff, 0xff, 0xff,
    0xc8, 0x88, 0x88, 0xcf, 0xff, 0xa0, 0x00, 0x00,
    0x00, 0x00, 0xff, 0xff, 0xff, 0xff, 0xff, 0xff,
    0xff, 0xff, 0xe0, 0x00, 0x00, 0x00, 0x00, 0xff,
    0xff, 0xff, 0x91, 0x11, 0x11, 0x15, 0xcf, 0xf2,
    0x00, 0x00, 0x00, 0x00, 0xff, 0xff, 0xff, 0x80,
    0x00, 0x00, 0x00, 0x0c, 0xf6, 0x00, 0x00, 0x00,
    0x00, 0xff, 0xff, 0xff, 0x80, 0x00, 0x00, 0x00,
    0x01, 0xea, 0x00, 0x00, 0x00, 0x00, 0xff, 0xff,
    0xff, 0x80, 0x00, 0x00, 0x00, 0x00, 0x34, 0x00,
    0x00, 0x00, 0x00, 0xff, 0xff, 0xff, 0x80, 0x00,
    0x00, 0x00, 0x00, 0x00, 0x00, 0x00, 0x00, 0x00,
    0xff, 0xff, 0xff, 0x80, 0x00, 0x00, 0x00, 0x00,
    0x00, 0x00, 0x88, 0x00, 0x00, 0xff, 0xff, 0xff,
    0x80, 0x00, 0x00, 0x00, 0x00, 0x00, 0x02, 0xf9,
    0x00, 0x00, 0xff, 0xff, 0xff, 0x80, 0x00, 0x00,
    0x00, 0x00, 0x00, 0x0a, 0xf5, 0x00, 0x00, 0xff,
    0xff, 0xff, 0x80, 0x00, 0x00, 0x00, 0x00, 0x00,
    0x3f, 0xf2, 0x00, 0x00, 0xff, 0xff, 0xff, 0x80,
    0x00, 0x00, 0x00, 0x00, 0x00, 0xcf, 0xe0, 0x00,
    0x00, 0xff, 0xff, 0xff, 0x80, 0x00, 0x00, 0x00,
    0x00, 0x06, 0xff, 0xa0, 0x00, 0x00, 0xff, 0xff,
    0xff, 0x80, 0x00, 0x00, 0x00, 0x00, 0x3f, 0xff,
    0x60, 0x00, 0x00, 0xff, 0xff, 0xff, 0xa0, 0x00,
    0x00, 0x00, 0x04, 0xef, 0xff, 0x20, 0x04, 0x7c,
    0xff, 0xff, 0xff, 0xf9, 0x66, 0x66, 0x68, 0xcf,
    0xff, 0xfe, 0x00, 0x0e, 0xff, 0xff, 0xff, 0xff,
    0xff, 0xff, 0xff, 0xff, 0xff, 0xff, 0xf9, 0x00,
    0x00, 0x00, 0x00, 0x00, 0x00, 0x00, 0x00, 0x00,
    0x00, 0x00, 0x04, 0x71, 0x00,

    /* U+00CB "Ë" */
    0x00, 0x00, 0x00, 0x09, 0xef, 0xb1, 0x00, 0x06,
    0xef, 0xc3, 0x00, 0x00, 0x00, 0x00, 0x00, 0x00,
    0x7f, 0xff, 0xfb, 0x00, 0x4f, 0xff, 0xfe, 0x00,
    0x00, 0x00, 0x00, 0x00, 0x00, 0xcf, 0xff, 0xff,
    0x00, 0x8f, 0xff, 0xff, 0x30, 0x00, 0x00, 0x00,
    0x00, 0x00, 0xbf, 0xff, 0xff, 0x00, 0x7f, 0xff,
    0xff, 0x30, 0x00, 0x00, 0x00, 0x00, 0x00, 0x5f,
    0xff, 0xf8, 0x00, 0x2f, 0xff, 0xfc, 0x00, 0x00,
    0x00, 0x00, 0x00, 0x00, 0x04, 0x9a, 0x50, 0x00,
    0x02, 0x9a, 0x70, 0x00, 0x00, 0x00, 0x00, 0x00,
    0x00, 0x00, 0x00, 0x00, 0x00, 0x00, 0x00, 0x00,
    0x00, 0x00, 0x00, 0x00, 0x00, 0x00, 0x00, 0x00,
    0x00, 0x00, 0x00, 0x00, 0x00, 0x26, 0x50, 0x00,
    0x0e, 0xff, 0xff, 0xff, 0xff, 0xff, 0xff, 0xff,
    0xff, 0xff, 0xff, 0xf1, 0x00, 0x02, 0x6a, 0xff,
    0xff, 0xff, 0xb5, 0x55, 0x55, 0x57, 0xdf, 0xff,
    0xf6, 0x00, 0x00, 0x00, 0xff, 0xff, 0xff, 0x80,
    0x00, 0x00, 0x00, 0x06, 0xff, 0xfa, 0x00, 0x00,
    0x00, 0xff, 0xff, 0xff, 0x80, 0x00, 0x00, 0x00,
    0x00, 0x5f, 0xfe, 0x00, 0x00, 0x00, 0xff, 0xff,
    0xff, 0x80, 0x00, 0x00, 0x00, 0x00, 0x08, 0xff,
    0x20, 0x00, 0x00, 0xff, 0xff, 0xff, 0x80, 0x00,
    0x00, 0x00, 0x00, 0x00, 0xdf, 0x70, 0x00, 0x00,
    0xff, 0xff, 0xff, 0x80, 0x00, 0x00, 0x00, 0x00,
    0x00, 0x3f, 0xb0, 0x00, 0x00, 0xff, 0xff, 0xff,
    0x80, 0x00, 0x00, 0x00, 0x00, 0x00, 0x0a, 0xf0,
    0x00, 0x00, 0xff, 0xff, 0xff, 0x80, 0x00, 0x00,
    0x00, 0x00, 0x00, 0x00, 0x30, 0x00, 0x00, 0xff,
    0xff, 0xff, 0x80, 0x00, 0x00, 0x00, 0x00, 0x00,
    0x00, 0x00, 0x00, 0x00, 0xff, 0xff, 0xff, 0x80,
    0x00, 0x00, 0x00, 0x89, 0x00, 0x00, 0x00, 0x00,
    0x00, 0xff, 0xff, 0xff, 0x80, 0x00, 0x00, 0x00,
    0xce, 0x00, 0x00, 0x00, 0x00, 0x00, 0xff, 0xff,
    0xff, 0x80, 0x00, 0x00, 0x00, 0xff, 0x20, 0x00,
    0x00, 0x00, 0x00, 0xff, 0xff, 0xff, 0x80, 0x00,
    0x00, 0x07, 0xff, 0x60, 0x00, 0x00, 0x00, 0x00,
    0xff, 0xff, 0xff, 0xc8, 0x88, 0x88, 0xcf, 0xff,
    0xa0, 0x00, 0x00, 0x00, 0x00, 0xff, 0xff, 0xff,
    0xff, 0xff, 0xff, 0xff, 0xff, 0xe0, 0x00, 0x00,
    0x00, 0x00, 0xff, 0xff, 0xff, 0x91, 0x11, 0x11,
    0x15, 0xcf, 0xf2, 0x00, 0x00, 0x00, 0x00, 0xff,
    0xff, 0xff, 0x80, 0x00, 0x00, 0x00, 0x0c, 0xf6,
    0x00, 0x00, 0x00, 0x00, 0xff, 0xff, 0xff, 0x80,
    0x00, 0x00, 0x00, 0x01, 0xea, 0x00, 0x00, 0x00,
    0x00, 0xff, 0xff, 0xff, 0x80, 0x00, 0x00, 0x00,
    0x00, 0x34, 0x00, 0x00, 0x00, 0x00, 0xff, 0xff,
    0xff, 0x80, 0x00, 0x00, 0x00, 0x00, 0x00, 0x00,
    0x00, 0x00, 0x00, 0xff, 0xff, 0xff, 0x80, 0x00,
    0x00, 0x00, 0x00, 0x00, 0x00, 0x88, 0x00, 0x00,
    0xff, 0xff, 0xff, 0x80, 0x00, 0x00, 0x00, 0x00,
    0x00, 0x02, 0xf9, 0x00, 0x00, 0xff, 0xff, 0xff,
    0x80, 0x00, 0x00, 0x00, 0x00, 0x00, 0x0a, 0xf5,
    0x00, 0x00, 0xff, 0xff, 0xff, 0x80, 0x00, 0x00,
    0x00, 0x00, 0x00, 0x3f, 0xf2, 0x00, 0x00, 0xff,
    0xff, 0xff, 0x80, 0x00, 0x00, 0x00, 0x00, 0x00,
    0xcf, 0xe0, 0x00, 0x00, 0xff, 0xff, 0xff, 0x80,
    0x00, 0x00, 0x00, 0x00, 0x06, 0xff, 0xa0, 0x00,
    0x00, 0xff, 0xff, 0xff, 0x80, 0x00, 0x00, 0x00,
    0x00, 0x3f, 0xff, 0x60, 0x00, 0x00, 0xff, 0xff,
    0xff, 0xa0, 0x00, 0x00, 0x00, 0x04, 0xef, 0xff,
    0x20, 0x04, 0x7c, 0xff, 0xff, 0xff, 0xf9, 0x66,
    0x66, 0x68, 0xcf, 0xff, 0xfe, 0x00, 0x0e, 0xff,
    0xff, 0xff, 0xff, 0xff, 0xff, 0xff, 0xff, 0xff,
    0xff, 0xf9, 0x00, 0x00, 0x00, 0x00, 0x00, 0x00,
    0x00, 0x00, 0x00, 0x00, 0x00, 0x04, 0x71, 0x00,

    /* U+00CC "Ì" */
    0x00, 0x01, 0x00, 0x00, 0x00, 0x00, 0x00, 0x00,
    0xaf, 0xf5, 0x00, 0x00, 0x00, 0x00, 0x04, 0xff,
    0xff, 0x40, 0x00, 0x00, 0x00, 0x04, 0xff, 0xff,
    0xe1, 0x00, 0x00, 0x00, 0x00, 0xcf, 0xff, 0xfb,
    0x00, 0x00, 0x00, 0x00, 0x07, 0xef, 0xff, 0x60,
    0x00, 0x00, 0x00, 0x00, 0x06, 0xdf, 0xf2, 0x00,
    0x00, 0x00, 0x00, 0x00, 0x05, 0xc9, 0x00, 0x00,
    0x00, 0x00, 0x00, 0x00, 0x00, 0x00, 0x00, 0x00,
    0x00, 0x00, 0x00, 0x00, 0x00, 0x00, 0x0e, 0xff,
    0xff, 0xff, 0xff, 0xff, 0xf8, 0x03, 0x7c, 0xff,
    0xff, 0xff, 0xfa, 0x61, 0x00, 0x00, 0xff, 0xff,
    0xff, 0x90, 0x00, 0x00, 0x00, 0xff, 0xff, 0xff,
    0x80, 0x00, 0x00, 0x00, 0xff, 0xff, 0xff, 0x80,
    0x00, 0x00, 0x00, 0xff, 0xff, 0xff, 0x80, 0x00,
    0x00, 0x00, 0xff, 0xff, 0xff, 0x80, 0x00, 0x00,
    0x00, 0xff, 0xff, 0xff, 0x80, 0x00, 0x00, 0x00,
    0xff, 0xff, 0xff, 0x80, 0x00, 0x00, 0x00, 0xff,
    0xff, 0xff, 0x80, 0x00, 0x00, 0x00, 0xff, 0xff,
    0xff, 0x80, 0x00, 0x00, 0x00, 0xff, 0xff, 0xff,
    0x80, 0x00, 0x00, 0x00, 0xff, 0xff, 0xff, 0x80,
    0x00, 0x00, 0x00, 0xff, 0xff, 0xff, 0x80, 0x00,
    0x00, 0x00, 0xff, 0xff, 0xff, 0x80, 0x00, 0x00,
    0x00, 0xff, 0xff, 0xff, 0x80, 0x00, 0x00, 0x00,
    0xff, 0xff, 0xff, 0x80, 0x00, 0x00, 0x00, 0xff,
    0xff, 0xff, 0x80, 0x00, 0x00, 0x00, 0xff, 0xff,
    0xff, 0x80, 0x00, 0x00, 0x00, 0xff, 0xff, 0xff,
    0x80, 0x00, 0x00, 0x00, 0xff, 0xff, 0xff, 0x80,
    0x00, 0x00, 0x00, 0xff, 0xff, 0xff, 0x80, 0x00,
    0x00, 0x00, 0xff, 0xff, 0xff, 0x80, 0x00, 0x00,
    0x00, 0xff, 0xff, 0xff, 0x80, 0x00, 0x00, 0x00,
    0xff, 0xff, 0xff, 0x80, 0x00, 0x00, 0x00, 0xff,
    0xff, 0xff, 0x80, 0x00, 0x00, 0x00, 0xff, 0xff,
    0xff, 0x80, 0x00, 0x00, 0x00, 0xff, 0xff, 0xff,
    0x80, 0x00, 0x00, 0x00, 0xff, 0xff, 0xff, 0x90,
    0x00, 0x04, 0x7c, 0xff, 0xff, 0xff, 0xfa, 0x61,
    0x0e, 0xff, 0xff, 0xff, 0xff, 0xff, 0xf8,

    /* U+00CD "Í" */
    0x00, 0x00, 0x00, 0x00, 0x00, 0x00, 0x00, 0x00,
    0x00, 0x00, 0x00, 0x00, 0x07, 0xff, 0x80, 0x00,
    0x00, 0x00, 0x00, 0x06, 0xff, 0xff, 0x10, 0x00,
    0x00, 0x00, 0x02, 0xff, 0xff, 0xf1, 0x00, 0x00,
    0x00, 0x00, 0xcf, 0xff, 0xfa, 0x00, 0x00, 0x00,
    0x00, 0x8f, 0xff, 0xe7, 0x00, 0x00, 0x00, 0x00,
    0x3f, 0xfd, 0x60, 0x00, 0x00, 0x00, 0x00, 0x0c,
    0xc4, 0x00, 0x00, 0x00, 0x00, 0x00, 0x00, 0x00,
    0x00, 0x00, 0x00, 0x00, 0x00, 0x00, 0x00, 0x00,
    0x00, 0x00, 0x00, 0x0e, 0xff, 0xff, 0xff, 0xff,
    0xff, 0xf8, 0x00, 0x37, 0xcf, 0xff, 0xff, 0xff,
    0xa6, 0x10, 0x00, 0x00, 0xff, 0xff, 0xff, 0x90,
    0x00, 0x00, 0x00, 0x0f, 0xff, 0xff, 0xf8, 0x00,
    0x00, 0x00, 0x00, 0xff, 0xff, 0xff, 0x80, 0x00,
    0x00, 0x00, 0x0f, 0xff, 0xff, 0xf8, 0x00, 0x00,
    0x00, 0x00, 0xff, 0xff, 0xff, 0x80, 0x00, 0x00,
    0x00, 0x0f, 0xff, 0xff, 0xf8, 0x00, 0x00, 0x00,
    0x00, 0xff, 0xff, 0xff, 0x80, 0x00, 0x00, 0x00,
    0x0f, 0xff, 0xff, 0xf8, 0x00, 0x00, 0x00, 0x00,
    0xff, 0xff, 0xff, 0x80, 0x00, 0x00, 0x00, 0x0f,
    0xff, 0xff, 0xf8, 0x00, 0x00, 0x00, 0x00, 0xff,
    0xff, 0xff, 0x80, 0x00, 0x00, 0x00, 0x0f, 0xff,
    0xff, 0xf8, 0x00, 0x00, 0x00, 0x00, 0xff, 0xff,
    0xff, 0x80, 0x00, 0x00, 0x00, 0x0f, 0xff, 0xff,
    0xf8, 0x00, 0x00, 0x00, 0x00, 0xff, 0xff, 0xff,
    0x80, 0x00, 0x00, 0x00, 0x0f, 0xff, 0xff, 0xf8,
    0x00, 0x00, 0x00, 0x00, 0xff, 0xff, 0xff, 0x80,
    0x00, 0x00, 0x00, 0x0f, 0xff, 0xff, 0xf8, 0x00,
    0x00, 0x00, 0x00, 0xff, 0xff, 0xff, 0x80, 0x00,
    0x00, 0x00, 0x0f, 0xff, 0xff, 0xf8, 0x00, 0x00,
    0x00, 0x00, 0xff, 0xff, 0xff, 0x80, 0x00, 0x00,
    0x00, 0x0f, 0xff, 0xff, 0xf8, 0x00, 0x00, 0x00,
    0x00, 0xff, 0xff, 0xff, 0x80, 0x00, 0x00, 0x00,
    0x0f, 0xff, 0xff, 0xf8, 0x00, 0x00, 0x00, 0x00,
    0xff, 0xff, 0xff, 0x80, 0x00, 0x00, 0x00, 0x0f,
    0xff, 0xff, 0xf8, 0x00, 0x00, 0x00, 0x00, 0xff,
    0xff, 0xff, 0x90, 0x00, 0x00, 0x47, 0xcf, 0xff,
    0xff, 0xff, 0xa6, 0x10, 0x0e, 0xff, 0xff, 0xff,
    0xff, 0xff, 0xf8, 0x00,

    /* U+00CE "Î" */
    0x00, 0x00, 0x00, 0xaf, 0x40, 0x00, 0x00, 0x00,
    0x00, 0x0a, 0xff, 0xf3, 0x00, 0x00, 0x00, 0x00,
    0x8f, 0xff, 0xfe, 0x20, 0x00, 0x00, 0x06, 0xff,
    0xff, 0xff, 0xd1, 0x00, 0x00, 0x4f, 0xff, 0x95,
    0xdf, 0xfc, 0x00, 0x03, 0xff, 0xa2, 0x00, 0x05,
    0xdf, 0xb0, 0x0d, 0xb3, 0x00, 0x00, 0x00, 0x06,
    0xe6, 0x00, 0x00, 0x00, 0x00, 0x00, 0x00, 0x00,
    0x00, 0x00, 0x00, 0x00, 0x00, 0x00, 0x00, 0x0e,
    0xff, 0xff, 0xff, 0xff, 0xff, 0xf8, 0x03, 0x7c,
    0xff, 0xff, 0xff, 0xfa, 0x61, 0x00, 0x00, 0xff,
    0xff, 0xff, 0x90, 0x00, 0x00, 0x00, 0xff, 0xff,
    0xff, 0x80, 0x00, 0x00, 0x00, 0xff, 0xff, 0xff,
    0x80, 0x00, 0x00, 0x00, 0xff, 0xff, 0xff, 0x80,
    0x00, 0x00, 0x00, 0xff, 0xff, 0xff, 0x80, 0x00,
    0x00, 0x00, 0xff, 0xff, 0xff, 0x80, 0x00, 0x00,
    0x00, 0xff, 0xff, 0xff, 0x80, 0x00, 0x00, 0x00,
    0xff, 0xff, 0xff, 0x80, 0x00, 0x00, 0x00, 0xff,
    0xff, 0xff, 0x80, 0x00, 0x00, 0x00, 0xff, 0xff,
    0xff, 0x80, 0x00, 0x00, 0x00, 0xff, 0xff, 0xff,
    0x80, 0x00, 0x00, 0x00, 0xff, 0xff, 0xff, 0x80,
    0x00, 0x00, 0x00, 0xff, 0xff, 0xff, 0x80, 0x00,
    0x00, 0x00, 0xff, 0xff, 0xff, 0x80, 0x00, 0x00,
    0x00, 0xff, 0xff, 0xff, 0x80, 0x00, 0x00, 0x00,
    0xff, 0xff, 0xff, 0x80, 0x00, 0x00, 0x00, 0xff,
    0xff, 0xff, 0x80, 0x00, 0x00, 0x00, 0xff, 0xff,
    0xff, 0x80, 0x00, 0x00, 0x00, 0xff, 0xff, 0xff,
    0x80, 0x00, 0x00, 0x00, 0xff, 0xff, 0xff, 0x80,
    0x00, 0x00, 0x00, 0xff, 0xff, 0xff, 0x80, 0x00,
    0x00, 0x00, 0xff, 0xff, 0xff, 0x80, 0x00, 0x00,
    0x00, 0xff, 0xff, 0xff, 0x80, 0x00, 0x00, 0x00,
    0xff, 0xff, 0xff, 0x80, 0x00, 0x00, 0x00, 0xff,
    0xff, 0xff, 0x80, 0x00, 0x00, 0x00, 0xff, 0xff,
    0xff, 0x80, 0x00, 0x00, 0x00, 0xff, 0xff, 0xff,
    0x90, 0x00, 0x04, 0x7c, 0xff, 0xff, 0xff, 0xfa,
    0x61, 0x0e, 0xff, 0xff, 0xff, 0xff, 0xff, 0xf8,

    /* U+00CF "Ï" */
    0x08, 0xef, 0xb1, 0x00, 0x05, 0xdf, 0xc3, 0x06,
    0xff, 0xff, 0xc0, 0x03, 0xff, 0xff, 0xf1, 0xbf,
    0xff, 0xff, 0x00, 0x7f, 0xff, 0xff, 0x4a, 0xff,
    0xff, 0xf0, 0x06, 0xff, 0xff, 0xf3, 0x4f, 0xff,
    0xf9, 0x00, 0x1e, 0xff, 0xfc, 0x00, 0x39, 0xa6,
    0x00, 0x00, 0x28, 0xa7, 0x00, 0x00, 0x00, 0x00,
    0x00, 0x00, 0x00, 0x00, 0x00, 0x00, 0x00, 0x00,
    0x00, 0x00, 0x00, 0x00, 0x0e, 0xff, 0xff, 0xff,
    0xff, 0xff, 0xf8, 0x00, 0x37, 0xcf, 0xff, 0xff,
    0xff, 0xa6, 0x10, 0x00, 0x00, 0xff, 0xff, 0xff,
    0x90, 0x00, 0x00, 0x00, 0x0f, 0xff, 0xff, 0xf8,
    0x00, 0x00, 0x00, 0x00, 0xff, 0xff, 0xff, 0x80,
    0x00, 0x00, 0x00, 0x0f, 0xff, 0xff, 0xf8, 0x00,
    0x00, 0x00, 0x00, 0xff, 0xff, 0xff, 0x80, 0x00,
    0x00, 0x00, 0x0f, 0xff, 0xff, 0xf8, 0x00, 0x00,
    0x00, 0x00, 0xff, 0xff, 0xff, 0x80, 0x00, 0x00,
    0x00, 0x0f, 0xff, 0xff, 0xf8, 0x00, 0x00, 0x00,
    0x00, 0xff, 0xff, 0xff, 0x80, 0x00, 0x00, 0x00,
    0x0f, 0xff, 0xff, 0xf8, 0x00, 0x00, 0x00, 0x00,
    0xff, 0xff, 0xff, 0x80, 0x00, 0x00, 0x00, 0x0f,
    0xff, 0xff, 0xf8, 0x00, 0x00, 0x00, 0x00, 0xff,
    0xff, 0xff, 0x80, 0x00, 0x00, 0x00, 0x0f, 0xff,
    0xff, 0xf8, 0x00, 0x00, 0x00, 0x00, 0xff, 0xff,
    0xff, 0x80, 0x00, 0x00, 0x00, 0x0f, 0xff, 0xff,
    0xf8, 0x00, 0x00, 0x00, 0x00, 0xff, 0xff, 0xff,
    0x80, 0x00, 0x00, 0x00, 0x0f, 0xff, 0xff, 0xf8,
    0x00, 0x00, 0x00, 0x00, 0xff, 0xff, 0xff, 0x80,
    0x00, 0x00, 0x00, 0x0f, 0xff, 0xff, 0xf8, 0x00,
    0x00, 0x00, 0x00, 0xff, 0xff, 0xff, 0x80, 0x00,
    0x00, 0x00, 0x0f, 0xff, 0xff, 0xf8, 0x00, 0x00,
    0x00, 0x00, 0xff, 0xff, 0xff, 0x80, 0x00, 0x00,
    0x00, 0x0f, 0xff, 0xff, 0xf8, 0x00, 0x00, 0x00,
    0x00, 0xff, 0xff, 0xff, 0x80, 0x00, 0x00, 0x00,
    0x0f, 0xff, 0xff, 0xf8, 0x00, 0x00, 0x00, 0x00,
    0xff, 0xff, 0xff, 0x90, 0x00, 0x00, 0x47, 0xcf,
    0xff, 0xff, 0xff, 0xa6, 0x10, 0x0e, 0xff, 0xff,
    0xff, 0xff, 0xff, 0xf8, 0x00,

    /* U+00D0 "Ð" */
    0x0e, 0xff, 0xff, 0xff, 0xff, 0xff, 0xff, 0xfd,
    0xb9, 0x51, 0x00, 0x00, 0x00, 0x00, 0x00, 0x00,
    0x04, 0x7c, 0xff, 0xff, 0xff, 0xb6, 0x67, 0x9c,
    0xff, 0xff, 0xb5, 0x00, 0x00, 0x00, 0x00, 0x00,
    0x00, 0x00, 0xff, 0xff, 0xff, 0x80, 0x00, 0x00,
    0x17, 0xff, 0xff, 0xd4, 0x00, 0x00, 0x00, 0x00,
    0x00, 0x00, 0xff, 0xff, 0xff, 0x80, 0x00, 0x00,
    0x00, 0x1b, 0xff, 0xff, 0xa0, 0x00, 0x00, 0x00,
    0x00, 0x00, 0xff, 0xff, 0xff, 0x80, 0x00, 0x00,
    0x00, 0x00, 0xaf, 0xff, 0xfd, 0x10, 0x00, 0x00,
    0x00, 0x00, 0xff, 0xff, 0xff, 0x80, 0x00, 0x00,
    0x00, 0x00, 0x0c, 0xff, 0xff, 0xd1, 0x00, 0x00,
    0x00, 0x00, 0xff, 0xff, 0xff, 0x80, 0x00, 0x00,
    0x00, 0x00, 0x02, 0xff, 0xff, 0xfc, 0x00, 0x00,
    0x00, 0x00, 0xff, 0xff, 0xff, 0x80, 0x00, 0x00,
    0x00, 0x00, 0x00, 0x9f, 0xff, 0xff, 0x70, 0x00,
    0x00, 0x00, 0xff, 0xff, 0xff, 0x80, 0x00, 0x00,
    0x00, 0x00, 0x00, 0x2f, 0xff, 0xff, 0xf1, 0x00,
    0x00, 0x00, 0xff, 0xff, 0xff, 0x80, 0x00, 0x00,
    0x00, 0x00, 0x00, 0x0c, 0xff, 0xff, 0xf8, 0x00,
    0x00, 0x00, 0xff, 0xff, 0xff, 0x80, 0x00, 0x00,
    0x00, 0x00, 0x00, 0x07, 0xff, 0xff, 0xfe, 0x00,
    0x00, 0x00, 0xff, 0xff, 0xff, 0x80, 0x00, 0x00,
    0x00, 0x00, 0x00, 0x03, 0xff, 0xff, 0xff, 0x40,
    0x00, 0x00, 0xff, 0xff, 0xff, 0x80, 0x00, 0x00,
    0x00, 0x00, 0x00, 0x01, 0xff, 0xff, 0xff, 0x80,
    0x00, 0x00, 0xff, 0xff, 0xff, 0x80, 0x00, 0x00,
    0x00, 0x00, 0x00, 0x00, 0xff, 0xff, 0xff, 0xb0,
    0x00, 0x00, 0xff, 0xff, 0xff, 0x80, 0x00, 0x00,
    0x00, 0x00, 0x00, 0x00, 0xdf, 0xff, 0xff, 0xe0,
    0x4f, 0xff, 0xff, 0xff, 0xff, 0xff, 0xff, 0xff,
    0xb0, 0x00, 0x00, 0x00, 0xcf, 0xff, 0xff, 0xf0,
    0x02, 0x22, 0xff, 0xff, 0xff, 0x92, 0x22, 0x22,
    0x10, 0x00, 0x00, 0x00, 0xcf, 0xff, 0xff, 0xf0,
    0x00, 0x00, 0xff, 0xff, 0xff, 0x80, 0x00, 0x00,
    0x00, 0x00, 0x00, 0x00, 0xcf, 0xff, 0xff, 0xf0,
    0x00, 0x00, 0xff, 0xff, 0xff, 0x80, 0x00, 0x00,
    0x00, 0x00, 0x00, 0x00, 0xdf, 0xff, 0xff, 0xe0,
    0x00, 0x00, 0xff, 0xff, 0xff, 0x80, 0x00, 0x00,
    0x00, 0x00, 0x00, 0x00, 0xff, 0xff, 0xff, 0xc0,
    0x00, 0x00, 0xff, 0xff, 0xff, 0x80, 0x00, 0x00,
    0x00, 0x00, 0x00, 0x01, 0xff, 0xff, 0xff, 0x90,
    0x00, 0x00, 0xff, 0xff, 0xff, 0x80, 0x00, 0x00,
    0x00, 0x00, 0x00, 0x04, 0xff, 0xff, 0xff, 0x50,
    0x00, 0x00, 0xff, 0xff, 0xff, 0x80, 0x00, 0x00,
    0x00, 0x00, 0x00, 0x08, 0xff, 0xff, 0xfe, 0x00,
    0x00, 0x00, 0xff, 0xff, 0xff, 0x80, 0x00, 0x00,
    0x00, 0x00, 0x00, 0x0d, 0xff, 0xff, 0xf7, 0x00,
    0x00, 0x00, 0xff, 0xff, 0xff, 0x80, 0x00, 0x00,
    0x00, 0x00, 0x00, 0x4f, 0xff, 0xff, 0xd0, 0x00,
    0x00, 0x00, 0xff, 0xff, 0xff, 0x80, 0x00, 0x00,
    0x00, 0x00, 0x00, 0xcf, 0xff, 0xff, 0x30, 0x00,
    0x00, 0x00, 0xff, 0xff, 0xff, 0x80, 0x00, 0x00,
    0x00, 0x00, 0x08, 0xff, 0xff, 0xf5, 0x00, 0x00,
    0x00, 0x00, 0xff, 0xff, 0xff, 0x80, 0x00, 0x00,
    0x00, 0x00, 0x7f, 0xff, 0xff, 0x40, 0x00, 0x00,
    0x00, 0x00, 0xff, 0xff, 0xff, 0x90, 0x00, 0x00,
    0x00, 0x2b, 0xff, 0xff, 0xb2, 0x00, 0x00, 0x00,
    0x04, 0x7c, 0xff, 0xff, 0xff, 0xf7, 0x66, 0x66,
    0x8c, 0xff, 0xff, 0xb3, 0x00, 0x00, 0x00, 0x00,
    0x0e, 0xff, 0xff, 0xff, 0xff, 0xff, 0xff, 0xff,
    0xfe, 0xc9, 0x51, 0x00, 0x00, 0x00, 0x00, 0x00,

    /* U+00D1 "Ñ" */
    0x00, 0x00, 0x00, 0x00, 0x00, 0x05, 0xdf, 0xd5,
    0x00, 0x00, 0x69, 0x00, 0x00, 0x00, 0x00, 0x00,
    0x00, 0x00, 0x00, 0x00, 0x3f, 0xff, 0xff, 0xa0,
    0x00, 0xaa, 0x00, 0x00, 0x00, 0x00, 0x00, 0x00,
    0x00, 0x00, 0x00, 0x9f, 0xff, 0xff, 0xfd, 0x56,
    0xf8, 0x00, 0x00, 0x00, 0x00, 0x00, 0x00, 0x00,
    0x00, 0x00, 0xdd, 0x46, 0xef, 0xff, 0xff, 0xf5,
    0x00, 0x00, 0x00, 0x00, 0x00, 0x00, 0x00, 0x00,
    0x00, 0xe5, 0x00, 0x1c, 0xff, 0xff, 0xd0, 0x00,
    0x00, 0x00, 0x00, 0x00, 0x00, 0x00, 0x00, 0x00,
    0xd2, 0x00, 0x00, 0x7e, 0xfc, 0x20, 0x00, 0x00,
    0x00, 0x00, 0x00, 0x00, 0x00, 0x00, 0x00, 0x00,
    0x00, 0x00, 0x00, 0x00, 0x00, 0x00, 0x00, 0x00,
    0x00, 0x00, 0x00, 0x00, 0x00, 0x00, 0x00, 0x00,
    0x00, 0x00, 0x00, 0x00, 0x00, 0x00, 0x00, 0x00,
    0x0c, 0xff, 0xff, 0xff, 0x90, 0x00, 0x00, 0x00,
    0x00, 0x00, 0x5f, 0xff, 0xff, 0xff, 0xfd, 0x06,
    0xff, 0xff, 0xff, 0xf5, 0x00, 0x00, 0x00, 0x00,
    0x00, 0x06, 0xaf, 0xff, 0xfe, 0x93, 0x00, 0xbf,
    0xff, 0xff, 0xfe, 0x10, 0x00, 0x00, 0x00, 0x00,
    0x00, 0x01, 0xef, 0xc0, 0x00, 0x00, 0x1f, 0xff,
    0xff, 0xff, 0xa0, 0x00, 0x00, 0x00, 0x00, 0x00,
    0x00, 0x7f, 0x40, 0x00, 0x00, 0x05, 0xff, 0xff,
    0xff, 0xf5, 0x00, 0x00, 0x00, 0x00, 0x00, 0x00,
    0x6f, 0x30, 0x00, 0x00, 0x00, 0xef, 0xff, 0xff,
    0xfe, 0x10, 0x00, 0x00, 0x00, 0x00, 0x00, 0x6f,
    0x30, 0x00, 0x00, 0x00, 0xdf, 0xff, 0xff, 0xff,
    0xb0, 0x00, 0x00, 0x00, 0x00, 0x00, 0x6f, 0x30,
    0x00, 0x00, 0x00, 0xdd, 0xff, 0xff, 0xff, 0xf6,
    0x00, 0x00, 0x00, 0x00, 0x00, 0x6f, 0x30, 0x00,
    0x00, 0x00, 0xdb, 0x7f, 0xff, 0xff, 0xff, 0x10,
    0x00, 0x00, 0x00, 0x00, 0x6f, 0x30, 0x00, 0x00,
    0x00, 0xdb, 0x0c, 0xff, 0xff, 0xff, 0xb0, 0x00,
    0x00, 0x00, 0x00, 0x6f, 0x30, 0x00, 0x00, 0x00,
    0xdb, 0x02, 0xff, 0xff, 0xff, 0xf6, 0x00, 0x00,
    0x00, 0x00, 0x6f, 0x30, 0x00, 0x00, 0x00, 0xdb,
    0x00, 0x6f, 0xff, 0xff, 0xff, 0x20, 0x00, 0x00,
    0x00, 0x6f, 0x30, 0x00, 0x00, 0x00, 0xdb, 0x00,
    0x0b, 0xff, 0xff, 0xff, 0xb0, 0x00, 0x00, 0x00,
    0x6f, 0x30, 0x00, 0x00, 0x00, 0xdb, 0x00, 0x02,
    0xff, 0xff, 0xff, 0xf6, 0x00, 0x00, 0x00, 0x6f,
    0x30, 0x00, 0x00, 0x00, 0xdb, 0x00, 0x00, 0x6f,
    0xff, 0xff, 0xff, 0x20, 0x00, 0x00, 0x6f, 0x30,
    0x00, 0x00, 0x00, 0xdb, 0x00, 0x00, 0x0b, 0xff,
    0xff, 0xff, 0xc0, 0x00, 0x00, 0x6f, 0x30, 0x00,
    0x00, 0x00, 0xdb, 0x00, 0x00, 0x01, 0xff, 0xff,
    0xff, 0xf7, 0x00, 0x00, 0x6f, 0x30, 0x00, 0x00,
    0x00, 0xdb, 0x00, 0x00, 0x00, 0x5f, 0xff, 0xff,
    0xff, 0x20, 0x00, 0x6f, 0x30, 0x00, 0x00, 0x00,
    0xdb, 0x00, 0x00, 0x00, 0x0b, 0xff, 0xff, 0xff,
    0xc0, 0x00, 0x6f, 0x30, 0x00, 0x00, 0x00, 0xdb,
    0x00, 0x00, 0x00, 0x01, 0xef, 0xff, 0xff, 0xf7,
    0x00, 0x6f, 0x30, 0x00, 0x00, 0x00, 0xdb, 0x00,
    0x00, 0x00, 0x00, 0x5f, 0xff, 0xff, 0xff, 0x20,
    0x6f, 0x30, 0x00, 0x00, 0x00, 0xdb, 0x00, 0x00,
    0x00, 0x00, 0x0a, 0xff, 0xff, 0xff, 0xc0, 0x6f,
    0x30, 0x00, 0x00, 0x00, 0xdb, 0x00, 0x00, 0x00,
    0x00, 0x01, 0xef, 0xff, 0xff, 0xf7, 0x6f, 0x30,
    0x00, 0x00, 0x00, 0xdb, 0x00, 0x00, 0x00, 0x00,
    0x00, 0x5f, 0xff, 0xff, 0xff, 0x8f, 0x30, 0x00,
    0x00, 0x00, 0xdb, 0x00, 0x00, 0x00, 0x00, 0x00,
    0x0a, 0xff, 0xff, 0xff, 0xff, 0x30, 0x00, 0x00,
    0x00, 0xdb, 0x00, 0x00, 0x00, 0x00, 0x00, 0x01,
    0xef, 0xff, 0xff, 0xff, 0x30, 0x00, 0x00, 0x00,
    0xdb, 0x00, 0x00, 0x00, 0x00, 0x00, 0x00, 0x4f,
    0xff, 0xff, 0xff, 0x50, 0x00, 0x00, 0x00, 0xed,
    0x00, 0x00, 0x00, 0x00, 0x00, 0x00, 0x09, 0xff,
    0xff, 0xff, 0xd0, 0x00, 0x00, 0x07, 0xff, 0x60,
    0x00, 0x00, 0x00, 0x00, 0x00, 0x00, 0xef, 0xff,
    0xff, 0xf8, 0x00, 0x17, 0xcf, 0xff, 0xfc, 0x72,
    0x00, 0x00, 0x00, 0x00, 0x00, 0x4f, 0xff, 0xff,
    0xff, 0x30, 0x8f, 0xff, 0xff, 0xff, 0xfb, 0x00,
    0x00, 0x00, 0x00, 0x00, 0x0d, 0xff, 0xff, 0xff,
    0x70,

    /* U+00D2 "Ò" */
    0x00, 0x00, 0x00, 0x00, 0x00, 0x00, 0x10, 0x00,
    0x00, 0x00, 0x00, 0x00, 0x00, 0x00, 0x00, 0x00,
    0x00, 0x00, 0x00, 0x00, 0x00, 0x5f, 0xfa, 0x00,
    0x00, 0x00, 0x00, 0x00, 0x00, 0x00, 0x00, 0x00,
    0x00, 0x00, 0x00, 0x00, 0x00, 0xef, 0xff, 0xa0,
    0x00, 0x00, 0x00, 0x00, 0x00, 0x00, 0x00, 0x00,
    0x00, 0x00, 0x00, 0x00, 0x00, 0xdf, 0xff, 0xf6,
    0x00, 0x00, 0x00, 0x00, 0x00, 0x00, 0x00, 0x00,
    0x00, 0x00, 0x00, 0x00, 0x00, 0x6f, 0xff, 0xff,
    0x20, 0x00, 0x00, 0x00, 0x00, 0x00, 0x00, 0x00,
    0x00, 0x00, 0x00, 0x00, 0x00, 0x04, 0xcf, 0xff,
    0xc0, 0x00, 0x00, 0x00, 0x00, 0x00, 0x00, 0x00,
    0x00, 0x00, 0x00, 0x00, 0x00, 0x00, 0x03, 0xbf,
    0xf7, 0x00, 0x00, 0x00, 0x00, 0x00, 0x00, 0x00,
    0x00, 0x00, 0x00, 0x00, 0x00, 0x00, 0x00, 0x02,
    0x9e, 0x00, 0x00, 0x00, 0x00, 0x00, 0x00, 0x00,
    0x00, 0x00, 0x00, 0x00, 0x00, 0x00, 0x00, 0x00,
    0x00, 0x00, 0x00, 0x00, 0x00, 0x00, 0x00, 0x00,
    0x00, 0x00, 0x00, 0x00, 0x00, 0x00, 0x35, 0x77,
    0x76, 0x42, 0x00, 0x00, 0x00, 0x00, 0x00, 0x00,
    0x00, 0x00, 0x00, 0x00, 0x04, 0xaf, 0xff, 0xff,
    0xff, 0xff, 0xe9, 0x20, 0x00, 0x00, 0x00, 0x00,
    0x00, 0x00, 0x00, 0x04, 0xcf, 0xfa, 0x41, 0x02,
    0x7e, 0xff, 0xff, 0xfa, 0x10, 0x00, 0x00, 0x00,
    0x00, 0x00, 0x00, 0x9f, 0xff, 0x40, 0x00, 0x00,
    0x01, 0xbf, 0xff, 0xff, 0xf5, 0x00, 0x00, 0x00,
    0x00, 0x00, 0x0b, 0xff, 0xf4, 0x00, 0x00, 0x00,
    0x00, 0x0b, 0xff, 0xff, 0xff, 0x80, 0x00, 0x00,
    0x00, 0x00, 0xbf, 0xff, 0xa0, 0x00, 0x00, 0x00,
    0x00, 0x00, 0xdf, 0xff, 0xff, 0xf7, 0x00, 0x00,
    0x00, 0x08, 0xff, 0xff, 0x20, 0x00, 0x00, 0x00,
    0x00, 0x00, 0x3f, 0xff, 0xff, 0xff, 0x40, 0x00,
    0x00, 0x3f, 0xff, 0xfc, 0x00, 0x00, 0x00, 0x00,
    0x00, 0x00, 0x09, 0xff, 0xff, 0xff, 0xe0, 0x00,
    0x00, 0xbf, 0xff, 0xf8, 0x00, 0x00, 0x00, 0x00,
    0x00, 0x00, 0x01, 0xff, 0xff, 0xff, 0xf7, 0x00,
    0x02, 0xff, 0xff, 0xf6, 0x00, 0x00, 0x00, 0x00,
    0x00, 0x00, 0x00, 0x9f, 0xff, 0xff, 0xfe, 0x00,
    0x09, 0xff, 0xff, 0xf4, 0x00, 0x00, 0x00, 0x00,
    0x00, 0x00, 0x00, 0x2f, 0xff, 0xff, 0xff, 0x50,
    0x0d, 0xff, 0xff, 0xf3, 0x00, 0x00, 0x00, 0x00,
    0x00, 0x00, 0x00, 0x0d, 0xff, 0xff, 0xff, 0xa0,
    0x1f, 0xff, 0xff, 0xf3, 0x00, 0x00, 0x00, 0x00,
    0x00, 0x00, 0x00, 0x08, 0xff, 0xff, 0xff, 0xe0,
    0x4f, 0xff, 0xff, 0xf3, 0x00, 0x00, 0x00, 0x00,
    0x00, 0x00, 0x00, 0x04, 0xff, 0xff, 0xff, 0xf0,
    0x6f, 0xff, 0xff, 0xf4, 0x00, 0x00, 0x00, 0x00,
    0x00, 0x00, 0x00, 0x00, 0xff, 0xff, 0xff, 0xf2,
    0x7f, 0xff, 0xff, 0xf6, 0x00, 0x00, 0x00, 0x00,
    0x00, 0x00, 0x00, 0x00, 0xdf, 0xff, 0xff, 0xf4,
    0x7f, 0xff, 0xff, 0xf8, 0x00, 0x00, 0x00, 0x00,
    0x00, 0x00, 0x00, 0x00, 0xaf, 0xff, 0xff, 0xf4,
    0x7f, 0xff, 0xff, 0xfa, 0x00, 0x00, 0x00, 0x00,
    0x00, 0x00, 0x00, 0x00, 0x8f, 0xff, 0xff, 0xf4,
    0x6f, 0xff, 0xff, 0xfd, 0x00, 0x00, 0x00, 0x00,
    0x00, 0x00, 0x00, 0x00, 0x7f, 0xff, 0xff, 0xf3,
    0x3f, 0xff, 0xff, 0xff, 0x10, 0x00, 0x00, 0x00,
    0x00, 0x00, 0x00, 0x00, 0x6f, 0xff, 0xff, 0xf1,
    0x1f, 0xff, 0xff, 0xff, 0x50, 0x00, 0x00, 0x00,
    0x00, 0x00, 0x00, 0x00, 0x6f, 0xff, 0xff, 0xe0,
    0x0d, 0xff, 0xff, 0xff, 0xa0, 0x00, 0x00, 0x00,
    0x00, 0x00, 0x00, 0x00, 0x6f, 0xff, 0xff, 0xa0,
    0x08, 0xff, 0xff, 0xff, 0xf0, 0x00, 0x00, 0x00,
    0x00, 0x00, 0x00, 0x00, 0x7f, 0xff, 0xff, 0x50,
    0x02, 0xff, 0xff, 0xff, 0xf6, 0x00, 0x00, 0x00,
    0x00, 0x00, 0x00, 0x00, 0x8f, 0xff, 0xfe, 0x00,
    0x00, 0xaf, 0xff, 0xff, 0xfd, 0x00, 0x00, 0x00,
    0x00, 0x00, 0x00, 0x00, 0xbf, 0xff, 0xf8, 0x00,
    0x00, 0x2f, 0xff, 0xff, 0xff, 0x60, 0x00, 0x00,
    0x00, 0x00, 0x00, 0x00, 0xff, 0xff, 0xe0, 0x00,
    0x00, 0x07, 0xff, 0xff, 0xff, 0xe1, 0x00, 0x00,
    0x00, 0x00, 0x00, 0x04, 0xff, 0xff, 0x50, 0x00,
    0x00, 0x00, 0xaf, 0xff, 0xff, 0xfb, 0x00, 0x00,
    0x00, 0x00, 0x00, 0x0c, 0xff, 0xf8, 0x00, 0x00,
    0x00, 0x00, 0x0b, 0xff, 0xff, 0xff, 0x80, 0x00,
    0x00, 0x00, 0x00, 0x6f, 0xff, 0x90, 0x00, 0x00,
    0x00, 0x00, 0x00, 0x8f, 0xff, 0xff, 0xf9, 0x00,
    0x00, 0x00, 0x06, 0xff, 0xf6, 0x00, 0x00, 0x00,
    0x00, 0x00, 0x00, 0x03, 0xcf, 0xff, 0xff, 0xd6,
    0x10, 0x14, 0xbf, 0xfb, 0x20, 0x00, 0x00, 0x00,
    0x00, 0x00, 0x00, 0x00, 0x04, 0xaf, 0xff, 0xff,
    0xff, 0xff, 0xe9, 0x30, 0x00, 0x00, 0x00, 0x00,
    0x00, 0x00, 0x00, 0x00, 0x00, 0x00, 0x25, 0x77,
    0x77, 0x52, 0x00, 0x00, 0x00, 0x00, 0x00, 0x00,

    /* U+00D3 "Ó" */
    0x00, 0x00, 0x00, 0x00, 0x00, 0x00, 0x00, 0x00,
    0x00, 0x00, 0x10, 0x00, 0x00, 0x00, 0x00, 0x00,
    0x00, 0x00, 0x00, 0x00, 0x00, 0x00, 0x00, 0x00,
    0x00, 0x1b, 0xfe, 0x30, 0x00, 0x00, 0x00, 0x00,
    0x00, 0x00, 0x00, 0x00, 0x00, 0x00, 0x00, 0x00,
    0x00, 0xcf, 0xff, 0xb0, 0x00, 0x00, 0x00, 0x00,
    0x00, 0x00, 0x00, 0x00, 0x00, 0x00, 0x00, 0x00,
    0x08, 0xff, 0xff, 0xb0, 0x00, 0x00, 0x00, 0x00,
    0x00, 0x00, 0x00, 0x00, 0x00, 0x00, 0x00, 0x00,
    0x3f, 0xff, 0xff, 0x40, 0x00, 0x00, 0x00, 0x00,
    0x00, 0x00, 0x00, 0x00, 0x00, 0x00, 0x00, 0x00,
    0xdf, 0xff, 0xc3, 0x00, 0x00, 0x00, 0x00, 0x00,
    0x00, 0x00, 0x00, 0x00, 0x00, 0x00, 0x00, 0x09,
    0xff, 0xa3, 0x00, 0x00, 0x00, 0x00, 0x00, 0x00,
    0x00, 0x00, 0x00, 0x00, 0x00, 0x00, 0x00, 0x2f,
    0x92, 0x00, 0x00, 0x00, 0x00, 0x00, 0x00, 0x00,
    0x00, 0x00, 0x00, 0x00, 0x00, 0x00, 0x00, 0x00,
    0x00, 0x00, 0x00, 0x00, 0x00, 0x00, 0x00, 0x00,
    0x00, 0x00, 0x00, 0x00, 0x00, 0x00, 0x35, 0x77,
    0x76, 0x42, 0x00, 0x00, 0x00, 0x00, 0x00, 0x00,
    0x00, 0x00, 0x00, 0x00, 0x04, 0xaf, 0xff, 0xff,
    0xff, 0xff, 0xe9, 0x20, 0x00, 0x00, 0x00, 0x00,
    0x00, 0x00, 0x00, 0x04, 0xcf, 0xfa, 0x41, 0x02,
    0x7e, 0xff, 0xff, 0xfa, 0x10, 0x00, 0x00, 0x00,
    0x00, 0x00, 0x00, 0x9f, 0xff, 0x40, 0x00, 0x00,
    0x01, 0xbf, 0xff, 0xff, 0xf5, 0x00, 0x00, 0x00,
    0x00, 0x00, 0x0b, 0xff, 0xf4, 0x00, 0x00, 0x00,
    0x00, 0x0b, 0xff, 0xff, 0xff, 0x80, 0x00, 0x00,
    0x00, 0x00, 0xbf, 0xff, 0xa0, 0x00, 0x00, 0x00,
    0x00, 0x00, 0xdf, 0xff, 0xff, 0xf7, 0x00, 0x00,
    0x00, 0x08, 0xff, 0xff, 0x20, 0x00, 0x00, 0x00,
    0x00, 0x00, 0x3f, 0xff, 0xff, 0xff, 0x40, 0x00,
    0x00, 0x3f, 0xff, 0xfc, 0x00, 0x00, 0x00, 0x00,
    0x00, 0x00, 0x09, 0xff, 0xff, 0xff, 0xe0, 0x00,
    0x00, 0xbf, 0xff, 0xf8, 0x00, 0x00, 0x00, 0x00,
    0x00, 0x00, 0x01, 0xff, 0xff, 0xff, 0xf7, 0x00,
    0x02, 0xff, 0xff, 0xf6, 0x00, 0x00, 0x00, 0x00,
    0x00, 0x00, 0x00, 0x9f, 0xff, 0xff, 0xfe, 0x00,
    0x09, 0xff, 0xff, 0xf4, 0x00, 0x00, 0x00, 0x00,
    0x00, 0x00, 0x00, 0x2f, 0xff, 0xff, 0xff, 0x50,
    0x0d, 0xff, 0xff, 0xf3, 0x00, 0x00, 0x00, 0x00,
    0x00, 0x00, 0x00, 0x0d, 0xff, 0xff, 0xff, 0xa0,
    0x1f, 0xff, 0xff, 0xf3, 0x00, 0x00, 0x00, 0x00,
    0x00, 0x00, 0x00, 0x08, 0xff, 0xff, 0xff, 0xe0,
    0x4f, 0xff, 0xff, 0xf3, 0x00, 0x00, 0x00, 0x00,
    0x00, 0x00, 0x00, 0x04, 0xff, 0xff, 0xff, 0xf0,
    0x6f, 0xff, 0xff, 0xf4, 0x00, 0x00, 0x00, 0x00,
    0x00, 0x00, 0x00, 0x00, 0xff, 0xff, 0xff, 0xf2,
    0x7f, 0xff, 0xff, 0xf6, 0x00, 0x00, 0x00, 0x00,
    0x00, 0x00, 0x00, 0x00, 0xdf, 0xff, 0xff, 0xf4,
    0x7f, 0xff, 0xff, 0xf8, 0x00, 0x00, 0x00, 0x00,
    0x00, 0x00, 0x00, 0x00, 0xaf, 0xff, 0xff, 0xf4,
    0x7f, 0xff, 0xff, 0xfa, 0x00, 0x00, 0x00, 0x00,
    0x00, 0x00, 0x00, 0x00, 0x8f, 0xff, 0xff, 0xf4,
    0x6f, 0xff, 0xff, 0xfd, 0x00, 0x00, 0x00, 0x00,
    0x00, 0x00, 0x00, 0x00, 0x7f, 0xff, 0xff, 0xf3,
    0x3f, 0xff, 0xff, 0xff, 0x10, 0x00, 0x00, 0x00,
    0x00, 0x00, 0x00, 0x00, 0x6f, 0xff, 0xff, 0xf1,
    0x1f, 0xff, 0xff, 0xff, 0x50, 0x00, 0x00, 0x00,
    0x00, 0x00, 0x00, 0x00, 0x6f, 0xff, 0xff, 0xe0,
    0x0d, 0xff, 0xff, 0xff, 0xa0, 0x00, 0x00, 0x00,
    0x00, 0x00, 0x00, 0x00, 0x6f, 0xff, 0xff, 0xa0,
    0x08, 0xff, 0xff, 0xff, 0xf0, 0x00, 0x00, 0x00,
    0x00, 0x00, 0x00, 0x00, 0x7f, 0xff, 0xff, 0x50,
    0x02, 0xff, 0xff, 0xff, 0xf6, 0x00, 0x00, 0x00,
    0x00, 0x00, 0x00, 0x00, 0x8f, 0xff, 0xfe, 0x00,
    0x00, 0xaf, 0xff, 0xff, 0xfd, 0x00, 0x00, 0x00,
    0x00, 0x00, 0x00, 0x00, 0xbf, 0xff, 0xf8, 0x00,
    0x00, 0x2f, 0xff, 0xff, 0xff, 0x60, 0x00, 0x00,
    0x00, 0x00, 0x00, 0x00, 0xff, 0xff, 0xe0, 0x00,
    0x00, 0x07, 0xff, 0xff, 0xff, 0xe1, 0x00, 0x00,
    0x00, 0x00, 0x00, 0x04, 0xff, 0xff, 0x50, 0x00,
    0x00, 0x00, 0xaf, 0xff, 0xff, 0xfb, 0x00, 0x00,
    0x00, 0x00, 0x00, 0x0c, 0xff, 0xf8, 0x00, 0x00,
    0x00, 0x00, 0x0b, 0xff, 0xff, 0xff, 0x80, 0x00,
    0x00, 0x00, 0x00, 0x6f, 0xff, 0x90, 0x00, 0x00,
    0x00, 0x00, 0x00, 0x8f, 0xff, 0xff, 0xf9, 0x00,
    0x00, 0x00, 0x06, 0xff, 0xf6, 0x00, 0x00, 0x00,
    0x00, 0x00, 0x00, 0x03, 0xcf, 0xff, 0xff, 0xd6,
    0x10, 0x14, 0xbf, 0xfb, 0x20, 0x00, 0x00, 0x00,
    0x00, 0x00, 0x00, 0x00, 0x04, 0xaf, 0xff, 0xff,
    0xff, 0xff, 0xe9, 0x30, 0x00, 0x00, 0x00, 0x00,
    0x00, 0x00, 0x00, 0x00, 0x00, 0x00, 0x25, 0x77,
    0x77, 0x52, 0x00, 0x00, 0x00, 0x00, 0x00, 0x00,

    /* U+00D4 "Ô" */
    0x00, 0x00, 0x00, 0x00, 0x00, 0x00, 0x00, 0x2d,
    0xc1, 0x00, 0x00, 0x00, 0x00, 0x00, 0x00, 0x00,
    0x00, 0x00, 0x00, 0x00, 0x00, 0x00, 0x01, 0xef,
    0xfc, 0x00, 0x00, 0x00, 0x00, 0x00, 0x00, 0x00,
    0x00, 0x00, 0x00, 0x00, 0x00, 0x00, 0x1d, 0xff,
    0xff, 0xb0, 0x00, 0x00, 0x00, 0x00, 0x00, 0x00,
    0x00, 0x00, 0x00, 0x00, 0x00, 0x00, 0xbf, 0xff,
    0xff, 0xf9, 0x00, 0x00, 0x00, 0x00, 0x00, 0x00,
    0x00, 0x00, 0x00, 0x00, 0x00, 0x0a, 0xff, 0xe6,
    0x7f, 0xff, 0x70, 0x00, 0x00, 0x00, 0x00, 0x00,
    0x00, 0x00, 0x00, 0x00, 0x00, 0x8f, 0xe7, 0x00,
    0x01, 0x8f, 0xf5, 0x00, 0x00, 0x00, 0x00, 0x00,
    0x00, 0x00, 0x00, 0x00, 0x03, 0xf8, 0x10, 0x00,
    0x00, 0x01, 0x9f, 0x10, 0x00, 0x00, 0x00, 0x00,
    0x00, 0x00, 0x00, 0x00, 0x00, 0x00, 0x00, 0x00,
    0x00, 0x00, 0x00, 0x00, 0x00, 0x00, 0x00, 0x00,
    0x00, 0x00, 0x00, 0x00, 0x00, 0x00, 0x35, 0x77,
    0x76, 0x42, 0x00, 0x00, 0x00, 0x00, 0x00, 0x00,
    0x00, 0x00, 0x00, 0x00, 0x04, 0xaf, 0xff, 0xff,
    0xff, 0xff, 0xe9, 0x20, 0x00, 0x00, 0x00, 0x00,
    0x00, 0x00, 0x00, 0x04, 0xcf, 0xfa, 0x41, 0x02,
    0x7e, 0xff, 0xff, 0xfa, 0x10, 0x00, 0x00, 0x00,
    0x00, 0x00, 0x00, 0x9f, 0xff, 0x40, 0x00, 0x00,
    0x01, 0xbf, 0xff, 0xff, 0xf5, 0x00, 0x00, 0x00,
    0x00, 0x00, 0x0b, 0xff, 0xf4, 0x00, 0x00, 0x00,
    0x00, 0x0b, 0xff, 0xff, 0xff, 0x80, 0x00, 0x00,
    0x00, 0x00, 0xbf, 0xff, 0xa0, 0x00, 0x00, 0x00,
    0x00, 0x00, 0xdf, 0xff, 0xff, 0xf7, 0x00, 0x00,
    0x00, 0x08, 0xff, 0xff, 0x20, 0x00, 0x00, 0x00,
    0x00, 0x00, 0x3f, 0xff, 0xff, 0xff, 0x40, 0x00,
    0x00, 0x3f, 0xff, 0xfc, 0x00, 0x00, 0x00, 0x00,
    0x00, 0x00, 0x09, 0xff, 0xff, 0xff, 0xe0, 0x00,
    0x00, 0xbf, 0xff, 0xf8, 0x00, 0x00, 0x00, 0x00,
    0x00, 0x00, 0x01, 0xff, 0xff, 0xff, 0xf7, 0x00,
    0x02, 0xff, 0xff, 0xf6, 0x00, 0x00, 0x00, 0x00,
    0x00, 0x00, 0x00, 0x9f, 0xff, 0xff, 0xfe, 0x00,
    0x09, 0xff, 0xff, 0xf4, 0x00, 0x00, 0x00, 0x00,
    0x00, 0x00, 0x00, 0x2f, 0xff, 0xff, 0xff, 0x50,
    0x0d, 0xff, 0xff, 0xf3, 0x00, 0x00, 0x00, 0x00,
    0x00, 0x00, 0x00, 0x0d, 0xff, 0xff, 0xff, 0xa0,
    0x1f, 0xff, 0xff, 0xf3, 0x00, 0x00, 0x00, 0x00,
    0x00, 0x00, 0x00, 0x08, 0xff, 0xff, 0xff, 0xe0,
    0x4f, 0xff, 0xff, 0xf3, 0x00, 0x00, 0x00, 0x00,
    0x00, 0x00, 0x00, 0x04, 0xff, 0xff, 0xff, 0xf0,
    0x6f, 0xff, 0xff, 0xf4, 0x00, 0x00, 0x00, 0x00,
    0x00, 0x00, 0x00, 0x00, 0xff, 0xff, 0xff, 0xf2,
    0x7f, 0xff, 0xff, 0xf6, 0x00, 0x00, 0x00, 0x00,
    0x00, 0x00, 0x00, 0x00, 0xdf, 0xff, 0xff, 0xf4,
    0x7f, 0xff, 0xff, 0xf8, 0x00, 0x00, 0x00, 0x00,
    0x00, 0x00, 0x00, 0x00, 0xaf, 0xff, 0xff, 0xf4,
    0x7f, 0xff, 0xff, 0xfa, 0x00, 0x00, 0x00, 0x00,
    0x00, 0x00, 0x00, 0x00, 0x8f, 0xff, 0xff, 0xf4,
    0x6f, 0xff, 0xff, 0xfd, 0x00, 0x00, 0x00, 0x00,
    0x00, 0x00, 0x00, 0x00, 0x7f, 0xff, 0xff, 0xf3,
    0x3f, 0xff, 0xff, 0xff, 0x10, 0x00, 0x00, 0x00,
    0x00, 0x00, 0x00, 0x00, 0x6f, 0xff, 0xff, 0xf1,
    0x1f, 0xff, 0xff, 0xff, 0x50, 0x00, 0x00, 0x00,
    0x00, 0x00, 0x00, 0x00, 0x6f, 0xff, 0xff, 0xe0,
    0x0d, 0xff, 0xff, 0xff, 0xa0, 0x00, 0x00, 0x00,
    0x00, 0x00, 0x00, 0x00, 0x6f, 0xff, 0xff, 0xa0,
    0x08, 0xff, 0xff, 0xff, 0xf0, 0x00, 0x00, 0x00,
    0x00, 0x00, 0x00, 0x00, 0x7f, 0xff, 0xff, 0x50,
    0x02, 0xff, 0xff, 0xff, 0xf6, 0x00, 0x00, 0x00,
    0x00, 0x00, 0x00, 0x00, 0x8f, 0xff, 0xfe, 0x00,
    0x00, 0xaf, 0xff, 0xff, 0xfd, 0x00, 0x00, 0x00,
    0x00, 0x00, 0x00, 0x00, 0xbf, 0xff, 0xf8, 0x00,
    0x00, 0x2f, 0xff, 0xff, 0xff, 0x60, 0x00, 0x00,
    0x00, 0x00, 0x00, 0x00, 0xff, 0xff, 0xe0, 0x00,
    0x00, 0x07, 0xff, 0xff, 0xff, 0xe1, 0x00, 0x00,
    0x00, 0x00, 0x00, 0x04, 0xff, 0xff, 0x50, 0x00,
    0x00, 0x00, 0xaf, 0xff, 0xff, 0xfb, 0x00, 0x00,
    0x00, 0x00, 0x00, 0x0c, 0xff, 0xf8, 0x00, 0x00,
    0x00, 0x00, 0x0b, 0xff, 0xff, 0xff, 0x80, 0x00,
    0x00, 0x00, 0x00, 0x6f, 0xff, 0x90, 0x00, 0x00,
    0x00, 0x00, 0x00, 0x8f, 0xff, 0xff, 0xf9, 0x00,
    0x00, 0x00, 0x06, 0xff, 0xf6, 0x00, 0x00, 0x00,
    0x00, 0x00, 0x00, 0x03, 0xcf, 0xff, 0xff, 0xd6,
    0x10, 0x14, 0xbf, 0xfb, 0x20, 0x00, 0x00, 0x00,
    0x00, 0x00, 0x00, 0x00, 0x04, 0xaf, 0xff, 0xff,
    0xff, 0xff, 0xe9, 0x30, 0x00, 0x00, 0x00, 0x00,
    0x00, 0x00, 0x00, 0x00, 0x00, 0x00, 0x25, 0x77,
    0x77, 0x52, 0x00, 0x00, 0x00, 0x00, 0x00, 0x00,

    /* U+00D5 "Õ" */
    0x00, 0x00, 0x00, 0x00, 0x00, 0x05, 0xdf, 0xe8,
    0x10, 0x00, 0x6a, 0x00, 0x00, 0x00, 0x00, 0x00,
    0x00, 0x00, 0x00, 0x00, 0x00, 0x4f, 0xff, 0xff,
    0xf7, 0x11, 0xda, 0x00, 0x00, 0x00, 0x00, 0x00,
    0x00, 0x00, 0x00, 0x00, 0x00, 0xaf, 0xff, 0xff,
    0xff, 0xff, 0xf8, 0x00, 0x00, 0x00, 0x00, 0x00,
    0x00, 0x00, 0x00, 0x00, 0x00, 0xda, 0x01, 0xaf,
    0xff, 0xff, 0xf3, 0x00, 0x00, 0x00, 0x00, 0x00,
    0x00, 0x00, 0x00, 0x00, 0x00, 0xd4, 0x00, 0x04,
    0xcf, 0xff, 0x70, 0x00, 0x00, 0x00, 0x00, 0x00,
    0x00, 0x00, 0x00, 0x00, 0x00, 0x20, 0x00, 0x00,
    0x02, 0x31, 0x00, 0x00, 0x00, 0x00, 0x00, 0x00,
    0x00, 0x00, 0x00, 0x00, 0x00, 0x00, 0x00, 0x00,
    0x00, 0x00, 0x00, 0x00, 0x00, 0x00, 0x00, 0x00,
    0x00, 0x00, 0x00, 0x00, 0x00, 0x00, 0x35, 0x77,
    0x76, 0x42, 0x00, 0x00, 0x00, 0x00, 0x00, 0x00,
    0x00, 0x00, 0x00, 0x00, 0x04, 0xaf, 0xff, 0xff,
    0xff, 0xff, 0xe9, 0x20, 0x00, 0x00, 0x00, 0x00,
    0x00, 0x00, 0x00, 0x04, 0xcf, 0xfa, 0x41, 0x02,
    0x7e, 0xff, 0xff, 0xfa, 0x10, 0x00, 0x00, 0x00,
    0x00, 0x00, 0x00, 0x9f, 0xff, 0x40, 0x00, 0x00,
    0x01, 0xbf, 0xff, 0xff, 0xf5, 0x00, 0x00, 0x00,
    0x00, 0x00, 0x0b, 0xff, 0xf4, 0x00, 0x00, 0x00,
    0x00, 0x0b, 0xff, 0xff, 0xff, 0x80, 0x00, 0x00,
    0x00, 0x00, 0xbf, 0xff, 0xa0, 0x00, 0x00, 0x00,
    0x00, 0x00, 0xdf, 0xff, 0xff, 0xf7, 0x00, 0x00,
    0x00, 0x08, 0xff, 0xff, 0x20, 0x00, 0x00, 0x00,
    0x00, 0x00, 0x3f, 0xff, 0xff, 0xff, 0x40, 0x00,
    0x00, 0x3f, 0xff, 0xfc, 0x00, 0x00, 0x00, 0x00,
    0x00, 0x00, 0x09, 0xff, 0xff, 0xff, 0xe0, 0x00,
    0x00, 0xbf, 0xff, 0xf8, 0x00, 0x00, 0x00, 0x00,
    0x00, 0x00, 0x01, 0xff, 0xff, 0xff, 0xf7, 0x00,
    0x02, 0xff, 0xff, 0xf6, 0x00, 0x00, 0x00, 0x00,
    0x00, 0x00, 0x00, 0x9f, 0xff, 0xff, 0xfe, 0x00,
    0x09, 0xff, 0xff, 0xf4, 0x00, 0x00, 0x00, 0x00,
    0x00, 0x00, 0x00, 0x2f, 0xff, 0xff, 0xff, 0x50,
    0x0d, 0xff, 0xff, 0xf3, 0x00, 0x00, 0x00, 0x00,
    0x00, 0x00, 0x00, 0x0d, 0xff, 0xff, 0xff, 0xa0,
    0x1f, 0xff, 0xff, 0xf3, 0x00, 0x00, 0x00, 0x00,
    0x00, 0x00, 0x00, 0x08, 0xff, 0xff, 0xff, 0xe0,
    0x4f, 0xff, 0xff, 0xf3, 0x00, 0x00, 0x00, 0x00,
    0x00, 0x00, 0x00, 0x04, 0xff, 0xff, 0xff, 0xf0,
    0x6f, 0xff, 0xff, 0xf4, 0x00, 0x00, 0x00, 0x00,
    0x00, 0x00, 0x00, 0x00, 0xff, 0xff, 0xff, 0xf2,
    0x7f, 0xff, 0xff, 0xf6, 0x00, 0x00, 0x00, 0x00,
    0x00, 0x00, 0x00, 0x00, 0xdf, 0xff, 0xff, 0xf4,
    0x7f, 0xff, 0xff, 0xf8, 0x00, 0x00, 0x00, 0x00,
    0x00, 0x00, 0x00, 0x00, 0xaf, 0xff, 0xff, 0xf4,
    0x7f, 0xff, 0xff, 0xfa, 0x00, 0x00, 0x00, 0x00,
    0x00, 0x00, 0x00, 0x00, 0x8f, 0xff, 0xff, 0xf4,
    0x6f, 0xff, 0xff, 0xfd, 0x00, 0x00, 0x00, 0x00,
    0x00, 0x00, 0x00, 0x00, 0x7f, 0xff, 0xff, 0xf3,
    0x3f, 0xff, 0xff, 0xff, 0x10, 0x00, 0x00, 0x00,
    0x00, 0x00, 0x00, 0x00, 0x6f, 0xff, 0xff, 0xf1,
    0x1f, 0xff, 0xff, 0xff, 0x50, 0x00, 0x00, 0x00,
    0x00, 0x00, 0x00, 0x00, 0x6f, 0xff, 0xff, 0xe0,
    0x0d, 0xff, 0xff, 0xff, 0xa0, 0x00, 0x00, 0x00,
    0x00, 0x00, 0x00, 0x00, 0x6f, 0xff, 0xff, 0xa0,
    0x08, 0xff, 0xff, 0xff, 0xf0, 0x00, 0x00, 0x00,
    0x00, 0x00, 0x00, 0x00, 0x7f, 0xff, 0xff, 0x50,
    0x02, 0xff, 0xff, 0xff, 0xf6, 0x00, 0x00, 0x00,
    0x00, 0x00, 0x00, 0x00, 0x8f, 0xff, 0xfe, 0x00,
    0x00, 0xaf, 0xff, 0xff, 0xfd, 0x00, 0x00, 0x00,
    0x00, 0x00, 0x00, 0x00, 0xbf, 0xff, 0xf8, 0x00,
    0x00, 0x2f, 0xff, 0xff, 0xff, 0x60, 0x00, 0x00,
    0x00, 0x00, 0x00, 0x00, 0xff, 0xff, 0xe0, 0x00,
    0x00, 0x07, 0xff, 0xff, 0xff, 0xe1, 0x00, 0x00,
    0x00, 0x00, 0x00, 0x04, 0xff, 0xff, 0x50, 0x00,
    0x00, 0x00, 0xaf, 0xff, 0xff, 0xfb, 0x00, 0x00,
    0x00, 0x00, 0x00, 0x0c, 0xff, 0xf8, 0x00, 0x00,
    0x00, 0x00, 0x0b, 0xff, 0xff, 0xff, 0x80, 0x00,
    0x00, 0x00, 0x00, 0x6f, 0xff, 0x90, 0x00, 0x00,
    0x00, 0x00, 0x00, 0x8f, 0xff, 0xff, 0xf9, 0x00,
    0x00, 0x00, 0x06, 0xff, 0xf6, 0x00, 0x00, 0x00,
    0x00, 0x00, 0x00, 0x03, 0xcf, 0xff, 0xff, 0xd6,
    0x10, 0x14, 0xbf, 0xfb, 0x20, 0x00, 0x00, 0x00,
    0x00, 0x00, 0x00, 0x00, 0x04, 0xaf, 0xff, 0xff,
    0xff, 0xff, 0xe9, 0x30, 0x00, 0x00, 0x00, 0x00,
    0x00, 0x00, 0x00, 0x00, 0x00, 0x00, 0x25, 0x77,
    0x77, 0x52, 0x00, 0x00, 0x00, 0x00, 0x00, 0x00,

    /* U+00D6 "Ö" */
    0x00, 0x00, 0x00, 0x00, 0x02, 0xbf, 0xe8, 0x00,
    0x00, 0x9f, 0xfa, 0x00, 0x00, 0x00, 0x00, 0x00,
    0x00, 0x00, 0x00, 0x00, 0x0c, 0xff, 0xff, 0x60,
    0x09, 0xff, 0xff, 0xa0, 0x00, 0x00, 0x00, 0x00,
    0x00, 0x00, 0x00, 0x00, 0x1f, 0xff, 0xff, 0xa0,
    0x0d, 0xff, 0xff, 0xe0, 0x00, 0x00, 0x00, 0x00,
    0x00, 0x00, 0x00, 0x00, 0x0f, 0xff, 0xff, 0x90,
    0x0c, 0xff, 0xff, 0xd0, 0x00, 0x00, 0x00, 0x00,
    0x00, 0x00, 0x00, 0x00, 0x09, 0xff, 0xff, 0x30,
    0x06, 0xff, 0xff, 0x70, 0x00, 0x00, 0x00, 0x00,
    0x00, 0x00, 0x00, 0x00, 0x00, 0x6a, 0x93, 0x00,
    0x00, 0x4a, 0xa5, 0x00, 0x00, 0x00, 0x00, 0x00,
    0x00, 0x00, 0x00, 0x00, 0x00, 0x00, 0x00, 0x00,
    0x00, 0x00, 0x00, 0x00, 0x00, 0x00, 0x00, 0x00,
    0x00, 0x00, 0x00, 0x00, 0x00, 0x00, 0x35, 0x77,
    0x76, 0x42, 0x00, 0x00, 0x00, 0x00, 0x00, 0x00,
    0x00, 0x00, 0x00, 0x00, 0x04, 0xaf, 0xff, 0xff,
    0xff, 0xff, 0xe9, 0x20, 0x00, 0x00, 0x00, 0x00,
    0x00, 0x00, 0x00, 0x04, 0xcf, 0xfa, 0x41, 0x02,
    0x7e, 0xff, 0xff, 0xfa, 0x10, 0x00, 0x00, 0x00,
    0x00, 0x00, 0x00, 0x9f, 0xff, 0x40, 0x00, 0x00,
    0x01, 0xbf, 0xff, 0xff, 0xf5, 0x00, 0x00, 0x00,
    0x00, 0x00, 0x0b, 0xff, 0xf4, 0x00, 0x00, 0x00,
    0x00, 0x0b, 0xff, 0xff, 0xff, 0x80, 0x00, 0x00,
    0x00, 0x00, 0xbf, 0xff, 0xa0, 0x00, 0x00, 0x00,
    0x00, 0x00, 0xdf, 0xff, 0xff, 0xf7, 0x00, 0x00,
    0x00, 0x08, 0xff, 0xff, 0x20, 0x00, 0x00, 0x00,
    0x00, 0x00, 0x3f, 0xff, 0xff, 0xff, 0x40, 0x00,
    0x00, 0x3f, 0xff, 0xfc, 0x00, 0x00, 0x00, 0x00,
    0x00, 0x00, 0x09, 0xff, 0xff, 0xff, 0xe0, 0x00,
    0x00, 0xbf, 0xff, 0xf8, 0x00, 0x00, 0x00, 0x00,
    0x00, 0x00, 0x01, 0xff, 0xff, 0xff, 0xf7, 0x00,
    0x02, 0xff, 0xff, 0xf6, 0x00, 0x00, 0x00, 0x00,
    0x00, 0x00, 0x00, 0x9f, 0xff, 0xff, 0xfe, 0x00,
    0x09, 0xff, 0xff, 0xf4, 0x00, 0x00, 0x00, 0x00,
    0x00, 0x00, 0x00, 0x2f, 0xff, 0xff, 0xff, 0x50,
    0x0d, 0xff, 0xff, 0xf3, 0x00, 0x00, 0x00, 0x00,
    0x00, 0x00, 0x00, 0x0d, 0xff, 0xff, 0xff, 0xa0,
    0x1f, 0xff, 0xff, 0xf3, 0x00, 0x00, 0x00, 0x00,
    0x00, 0x00, 0x00, 0x08, 0xff, 0xff, 0xff, 0xe0,
    0x4f, 0xff, 0xff, 0xf3, 0x00, 0x00, 0x00, 0x00,
    0x00, 0x00, 0x00, 0x04, 0xff, 0xff, 0xff, 0xf0,
    0x6f, 0xff, 0xff, 0xf4, 0x00, 0x00, 0x00, 0x00,
    0x00, 0x00, 0x00, 0x00, 0xff, 0xff, 0xff, 0xf2,
    0x7f, 0xff, 0xff, 0xf6, 0x00, 0x00, 0x00, 0x00,
    0x00, 0x00, 0x00, 0x00, 0xdf, 0xff, 0xff, 0xf4,
    0x7f, 0xff, 0xff, 0xf8, 0x00, 0x00, 0x00, 0x00,
    0x00, 0x00, 0x00, 0x00, 0xaf, 0xff, 0xff, 0xf4,
    0x7f, 0xff, 0xff, 0xfa, 0x00, 0x00, 0x00, 0x00,
    0x00, 0x00, 0x00, 0x00, 0x8f, 0xff, 0xff, 0xf4,
    0x6f, 0xff, 0xff, 0xfd, 0x00, 0x00, 0x00, 0x00,
    0x00, 0x00, 0x00, 0x00, 0x7f, 0xff, 0xff, 0xf3,
    0x3f, 0xff, 0xff, 0xff, 0x10, 0x00, 0x00, 0x00,
    0x00, 0x00, 0x00, 0x00, 0x6f, 0xff, 0xff, 0xf1,
    0x1f, 0xff, 0xff, 0xff, 0x50, 0x00, 0x00, 0x00,
    0x00, 0x00, 0x00, 0x00, 0x6f, 0xff, 0xff, 0xe0,
    0x0d, 0xff, 0xff, 0xff, 0xa0, 0x00, 0x00, 0x00,
    0x00, 0x00, 0x00, 0x00, 0x6f, 0xff, 0xff, 0xa0,
    0x08, 0xff, 0xff, 0xff, 0xf0, 0x00, 0x00, 0x00,
    0x00, 0x00, 0x00, 0x00, 0x7f, 0xff, 0xff, 0x50,
    0x02, 0xff, 0xff, 0xff, 0xf6, 0x00, 0x00, 0x00,
    0x00, 0x00, 0x00, 0x00, 0x8f, 0xff, 0xfe, 0x00,
    0x00, 0xaf, 0xff, 0xff, 0xfd, 0x00, 0x00, 0x00,
    0x00, 0x00, 0x00, 0x00, 0xbf, 0xff, 0xf8, 0x00,
    0x00, 0x2f, 0xff, 0xff, 0xff, 0x60, 0x00, 0x00,
    0x00, 0x00, 0x00, 0x00, 0xff, 0xff, 0xe0, 0x00,
    0x00, 0x07, 0xff, 0xff, 0xff, 0xe1, 0x00, 0x00,
    0x00, 0x00, 0x00, 0x04, 0xff, 0xff, 0x50, 0x00,
    0x00, 0x00, 0xaf, 0xff, 0xff, 0xfb, 0x00, 0x00,
    0x00, 0x00, 0x00, 0x0c, 0xff, 0xf8, 0x00, 0x00,
    0x00, 0x00, 0x0b, 0xff, 0xff, 0xff, 0x80, 0x00,
    0x00, 0x00, 0x00, 0x6f, 0xff, 0x90, 0x00, 0x00,
    0x00, 0x00, 0x00, 0x8f, 0xff, 0xff, 0xf9, 0x00,
    0x00, 0x00, 0x06, 0xff, 0xf6, 0x00, 0x00, 0x00,
    0x00, 0x00, 0x00, 0x03, 0xcf, 0xff, 0xff, 0xd6,
    0x10, 0x14, 0xbf, 0xfb, 0x20, 0x00, 0x00, 0x00,
    0x00, 0x00, 0x00, 0x00, 0x04, 0xaf, 0xff, 0xff,
    0xff, 0xff, 0xe9, 0x30, 0x00, 0x00, 0x00, 0x00,
    0x00, 0x00, 0x00, 0x00, 0x00, 0x00, 0x25, 0x77,
    0x77, 0x52, 0x00, 0x00, 0x00, 0x00, 0x00, 0x00,

    /* U+00D7 "×" */
    0x00, 0x00, 0x00, 0x00, 0x00, 0x00, 0x00, 0x00,
    0x0a, 0x40, 0x00, 0x00, 0x00, 0x00, 0x00, 0xa6,
    0x0d, 0xf2, 0x00, 0x00, 0x00, 0x00, 0x0b, 0xf5,
    0x02, 0xee, 0x10, 0x00, 0x00, 0x00, 0x9f, 0x80,
    0x00, 0x3f, 0xc0, 0x00, 0x00, 0x06, 0xfa, 0x00,
    0x00, 0x05, 0xfb, 0x00, 0x00, 0x4f, 0xc0, 0x00,
    0x00, 0x00, 0x8f, 0x90, 0x03, 0xfd, 0x10, 0x00,
    0x00, 0x00, 0x0a, 0xf6, 0x1e, 0xe2, 0x00, 0x00,
    0x00, 0x00, 0x00, 0xcf, 0xdf, 0x30, 0x00, 0x00,
    0x00, 0x00, 0x00, 0x1f, 0xf7, 0x00, 0x00, 0x00,
    0x00, 0x00, 0x00, 0x9f, 0xfe, 0x10, 0x00, 0x00,
    0x00, 0x00, 0x06, 0xfa, 0x3f, 0xd0, 0x00, 0x00,
    0x00, 0x00, 0x4f, 0xc0, 0x05, 0xfb, 0x00, 0x00,
    0x00, 0x03, 0xfd, 0x10, 0x00, 0x8f, 0x90, 0x00,
    0x00, 0x1e, 0xe2, 0x00, 0x00, 0x0a, 0xf7, 0x00,
    0x00, 0xdf, 0x30, 0x00, 0x00, 0x00, 0xcf, 0x50,
    0x0b, 0xf5, 0x00, 0x00, 0x00, 0x00, 0x1d, 0xf3,
    0x1e, 0x70, 0x00, 0x00, 0x00, 0x00, 0x02, 0xe7,
    0x00, 0x00, 0x00, 0x00, 0x00, 0x00, 0x00, 0x00,

    /* U+00D8 "Ø" */
    0x00, 0x00, 0x00, 0x00, 0x00, 0x00, 0x00, 0x00,
    0x00, 0x00, 0x00, 0x00, 0x00, 0x00, 0x01, 0x00,
    0x00, 0x00, 0x00, 0x00, 0x00, 0x00, 0x35, 0x77,
    0x76, 0x42, 0x00, 0x00, 0x00, 0x00, 0xb9, 0x00,
    0x00, 0x00, 0x00, 0x00, 0x04, 0xaf, 0xff, 0xff,
    0xff, 0xff, 0xe9, 0x20, 0x00, 0x08, 0xc0, 0x00,
    0x00, 0x00, 0x00, 0x04, 0xcf, 0xfa, 0x41, 0x02,
    0x7e, 0xff, 0xff, 0xfa, 0x10, 0x6e, 0x10, 0x00,
    0x00, 0x00, 0x00, 0x9f, 0xff, 0x40, 0x00, 0x00,
    0x01, 0xbf, 0xff, 0xff, 0xf8, 0xf3, 0x00, 0x00,
    0x00, 0x00, 0x0b, 0xff, 0xf4, 0x00, 0x00, 0x00,
    0x00, 0x0b, 0xff, 0xff, 0xff, 0xa0, 0x00, 0x00,
    0x00, 0x00, 0xbf, 0xff, 0xa0, 0x00, 0x00, 0x00,
    0x00, 0x00, 0xdf, 0xff, 0xff, 0xf7, 0x00, 0x00,
    0x00, 0x08, 0xff, 0xff, 0x20, 0x00, 0x00, 0x00,
    0x00, 0x00, 0x3f, 0xff, 0xff, 0xff, 0x40, 0x00,
    0x00, 0x3f, 0xff, 0xfc, 0x00, 0x00, 0x00, 0x00,
    0x00, 0x00, 0x09, 0xff, 0xff, 0xff, 0xe0, 0x00,
    0x00, 0xbf, 0xff, 0xf8, 0x00, 0x00, 0x00, 0x00,
    0x00, 0x00, 0x07, 0xff, 0xff, 0xff, 0xf7, 0x00,
    0x02, 0xff, 0xff, 0xf6, 0x00, 0x00, 0x00, 0x00,
    0x00, 0x00, 0x3f, 0xbf, 0xff, 0xff, 0xfe, 0x00,
    0x09, 0xff, 0xff, 0xf4, 0x00, 0x00, 0x00, 0x00,
    0x00, 0x02, 0xe5, 0x2f, 0xff, 0xff, 0xff, 0x50,
    0x0d, 0xff, 0xff, 0xf3, 0x00, 0x00, 0x00, 0x00,
    0x00, 0x1d, 0x80, 0x0d, 0xff, 0xff, 0xff, 0xa0,
    0x1f, 0xff, 0xff, 0xf3, 0x00, 0x00, 0x00, 0x00,
    0x00, 0xba, 0x00, 0x08, 0xff, 0xff, 0xff, 0xe0,
    0x4f, 0xff, 0xff, 0xf3, 0x00, 0x00, 0x00, 0x00,
    0x09, 0xc0, 0x00, 0x04, 0xff, 0xff, 0xff, 0xf0,
    0x6f, 0xff, 0xff, 0xf4, 0x00, 0x00, 0x00, 0x00,
    0x6e, 0x10, 0x00, 0x00, 0xff, 0xff, 0xff, 0xf2,
    0x7f, 0xff, 0xff, 0xf6, 0x00, 0x00, 0x00, 0x04,
    0xf3, 0x00, 0x00, 0x00, 0xdf, 0xff, 0xff, 0xf4,
    0x7f, 0xff, 0xff, 0xf8, 0x00, 0x00, 0x00, 0x2e,
    0x50, 0x00, 0x00, 0x00, 0xaf, 0xff, 0xff, 0xf4,
    0x7f, 0xff, 0xff, 0xfa, 0x00, 0x00, 0x01, 0xd8,
    0x00, 0x00, 0x00, 0x00, 0x8f, 0xff, 0xff, 0xf4,
    0x6f, 0xff, 0xff, 0xfd, 0x00, 0x00, 0x0b, 0xa0,
    0x00, 0x00, 0x00, 0x00, 0x7f, 0xff, 0xff, 0xf3,
    0x3f, 0xff, 0xff, 0xff, 0x10, 0x00, 0x9c, 0x00,
    0x00, 0x00, 0x00, 0x00, 0x6f, 0xff, 0xff, 0xf1,
    0x1f, 0xff, 0xff, 0xff, 0x50, 0x06, 0xe1, 0x00,
    0x00, 0x00, 0x00, 0x00, 0x6f, 0xff, 0xff, 0xe0,
    0x0d, 0xff, 0xff, 0xff, 0xa0, 0x4f, 0x30, 0x00,
    0x00, 0x00, 0x00, 0x00, 0x6f, 0xff, 0xff, 0xa0,
    0x08, 0xff, 0xff, 0xff, 0xf3, 0xe5, 0x00, 0x00,
    0x00, 0x00, 0x00, 0x00, 0x7f, 0xff, 0xff, 0x50,
    0x02, 0xff, 0xff, 0xff, 0xff, 0x70, 0x00, 0x00,
    0x00, 0x00, 0x00, 0x00, 0x8f, 0xff, 0xfe, 0x00,
    0x00, 0xaf, 0xff, 0xff, 0xfe, 0x00, 0x00, 0x00,
    0x00, 0x00, 0x00, 0x00, 0xbf, 0xff, 0xf8, 0x00,
    0x00, 0x2f, 0xff, 0xff, 0xff, 0x60, 0x00, 0x00,
    0x00, 0x00, 0x00, 0x00, 0xff, 0xff, 0xe0, 0x00,
    0x00, 0x07, 0xff, 0xff, 0xff, 0xe1, 0x00, 0x00,
    0x00, 0x00, 0x00, 0x04, 0xff, 0xff, 0x50, 0x00,
    0x00, 0x00, 0xaf, 0xff, 0xff, 0xfb, 0x00, 0x00,
    0x00, 0x00, 0x00, 0x0c, 0xff, 0xf8, 0x00, 0x00,
    0x00, 0x00, 0x2f, 0xff, 0xff, 0xff, 0x80, 0x00,
    0x00, 0x00, 0x00, 0x6f, 0xff, 0x90, 0x00, 0x00,
    0x00, 0x01, 0xd8, 0x8f, 0xff, 0xff, 0xf9, 0x00,
    0x00, 0x00, 0x06, 0xff, 0xf6, 0x00, 0x00, 0x00,
    0x00, 0x0b, 0xa0, 0x03, 0xcf, 0xff, 0xff, 0xd6,
    0x10, 0x14, 0xbf, 0xfb, 0x20, 0x00, 0x00, 0x00,
    0x00, 0x9c, 0x00, 0x00, 0x04, 0xaf, 0xff, 0xff,
    0xff, 0xff, 0xe9, 0x30, 0x00, 0x00, 0x00, 0x00,
    0x00, 0xb1, 0x00, 0x00, 0x00, 0x00, 0x25, 0x77,
    0x77, 0x52, 0x00, 0x00, 0x00, 0x00, 0x00, 0x00,

    /* U+00D9 "Ù" */
    0x00, 0x00, 0x00, 0x00, 0x00, 0x00, 0x10, 0x00,
    0x00, 0x00, 0x00, 0x00, 0x00, 0x00, 0x00, 0x00,
    0x00, 0x00, 0x00, 0x00, 0x09, 0xff, 0x60, 0x00,
    0x00, 0x00, 0x00, 0x00, 0x00, 0x00, 0x00, 0x00,
    0x00, 0x00, 0x00, 0x2f, 0xff, 0xf6, 0x00, 0x00,
    0x00, 0x00, 0x00, 0x00, 0x00, 0x00, 0x00, 0x00,
    0x00, 0x00, 0x2f, 0xff, 0xff, 0x20, 0x00, 0x00,
    0x00, 0x00, 0x00, 0x00, 0x00, 0x00, 0x00, 0x00,
    0x00, 0x0a, 0xff, 0xff, 0xc0, 0x00, 0x00, 0x00,
    0x00, 0x00, 0x00, 0x00, 0x00, 0x00, 0x00, 0x00,
    0x00, 0x6e, 0xff, 0xf7, 0x00, 0x00, 0x00, 0x00,
    0x00, 0x00, 0x00, 0x00, 0x00, 0x00, 0x00, 0x00,
    0x00, 0x6d, 0xff, 0x30, 0x00, 0x00, 0x00, 0x00,
    0x00, 0x00, 0x00, 0x00, 0x00, 0x00, 0x00, 0x00,
    0x00, 0x4b, 0xb0, 0x00, 0x00, 0x00, 0x00, 0x00,
    0x00, 0x00, 0x00, 0x00, 0x00, 0x00, 0x00, 0x00,
    0x00, 0x00, 0x00, 0x00, 0x00, 0x00, 0x00, 0x00,
    0x00, 0x00, 0x00, 0x00, 0x00, 0x00, 0x00, 0x00,
    0x00, 0x00, 0x00, 0x00, 0x00, 0x00, 0x1f, 0xff,
    0xff, 0xff, 0xff, 0xff, 0xfe, 0x00, 0x00, 0x04,
    0xff, 0xff, 0xff, 0xff, 0xf2, 0x04, 0x7b, 0xff,
    0xff, 0xff, 0xfa, 0x73, 0x00, 0x00, 0x00, 0x59,
    0xef, 0xff, 0xe9, 0x50, 0x00, 0x00, 0xdf, 0xff,
    0xff, 0xb0, 0x00, 0x00, 0x00, 0x00, 0x00, 0x0c,
    0xfd, 0x00, 0x00, 0x00, 0x00, 0xdf, 0xff, 0xff,
    0xa0, 0x00, 0x00, 0x00, 0x00, 0x00, 0x05, 0xf6,
    0x00, 0x00, 0x00, 0x00, 0xef, 0xff, 0xff, 0x90,
    0x00, 0x00, 0x00, 0x00, 0x00, 0x03, 0xf5, 0x00,
    0x00, 0x00, 0x00, 0xff, 0xff, 0xff, 0x80, 0x00,
    0x00, 0x00, 0x00, 0x00, 0x02, 0xf6, 0x00, 0x00,
    0x00, 0x00, 0xff, 0xff, 0xff, 0x70, 0x00, 0x00,
    0x00, 0x00, 0x00, 0x01, 0xf7, 0x00, 0x00, 0x00,
    0x01, 0xff, 0xff, 0xff, 0x60, 0x00, 0x00, 0x00,
    0x00, 0x00, 0x00, 0xf8, 0x00, 0x00, 0x00, 0x02,
    0xff, 0xff, 0xff, 0x50, 0x00, 0x00, 0x00, 0x00,
    0x00, 0x00, 0xf9, 0x00, 0x00, 0x00, 0x03, 0xff,
    0xff, 0xff, 0x40, 0x00, 0x00, 0x00, 0x00, 0x00,
    0x00, 0xea, 0x00, 0x00, 0x00, 0x04, 0xff, 0xff,
    0xff, 0x30, 0x00, 0x00, 0x00, 0x00, 0x00, 0x00,
    0xdb, 0x00, 0x00, 0x00, 0x05, 0xff, 0xff, 0xff,
    0x20, 0x00, 0x00, 0x00, 0x00, 0x00, 0x00, 0xdc,
    0x00, 0x00, 0x00, 0x06, 0xff, 0xff, 0xff, 0x10,
    0x00, 0x00, 0x00, 0x00, 0x00, 0x00, 0xcd, 0x00,
    0x00, 0x00, 0x07, 0xff, 0xff, 0xff, 0x00, 0x00,
    0x00, 0x00, 0x00, 0x00, 0x00, 0xbe, 0x00, 0x00,
    0x00, 0x08, 0xff, 0xff, 0xff, 0x00, 0x00, 0x00,
    0x00, 0x00, 0x00, 0x00, 0xaf, 0x00, 0x00, 0x00,
    0x09, 0xff, 0xff, 0xff, 0x00, 0x00, 0x00, 0x00,
    0x00, 0x00, 0x00, 0x9f, 0x00, 0x00, 0x00, 0x09,
    0xff, 0xff, 0xfe, 0x00, 0x00, 0x00, 0x00, 0x00,
    0x00, 0x00, 0x8f, 0x10, 0x00, 0x00, 0x0a, 0xff,
    0xff, 0xfd, 0x00, 0x00, 0x00, 0x00, 0x00, 0x00,
    0x00, 0x7f, 0x20, 0x00, 0x00, 0x0b, 0xff, 0xff,
    0xfc, 0x00, 0x00, 0x00, 0x00, 0x00, 0x00, 0x00,
    0x6f, 0x30, 0x00, 0x00, 0x0d, 0xff, 0xff, 0xfb,
    0x00, 0x00, 0x00, 0x00, 0x00, 0x00, 0x00, 0x5f,
    0x40, 0x00, 0x00, 0x0d, 0xff, 0xff, 0xfb, 0x00,
    0x00, 0x00, 0x00, 0x00, 0x00, 0x00, 0x4f, 0x50,
    0x00, 0x00, 0x0e, 0xff, 0xff, 0xfb, 0x00, 0x00,
    0x00, 0x00, 0x00, 0x00, 0x00, 0x4f, 0x50, 0x00,
    0x00, 0x0e, 0xff, 0xff, 0xfb, 0x00, 0x00, 0x00,
    0x00, 0x00, 0x00, 0x00, 0x4f, 0x50, 0x00, 0x00,
    0x0d, 0xff, 0xff, 0xfc, 0x00, 0x00, 0x00, 0x00,
    0x00, 0x00, 0x00, 0x5f, 0x40, 0x00, 0x00, 0x0b,
    0xff, 0xff, 0xfe, 0x00, 0x00, 0x00, 0x00, 0x00,
    0x00, 0x00, 0x8f, 0x10, 0x00, 0x00, 0x06, 0xff,
    0xff, 0xff, 0x20, 0x00, 0x00, 0x00, 0x00, 0x00,
    0x00, 0xdd, 0x00, 0x00, 0x00, 0x00, 0xef, 0xff,
    0xff, 0x90, 0x00, 0x00, 0x00, 0x00, 0x00, 0x06,
    0xf6, 0x00, 0x00, 0x00, 0x00, 0x5f, 0xff, 0xff,
    0xf3, 0x00, 0x00, 0x00, 0x00, 0x00, 0x3f, 0xd0,
    0x00, 0x00, 0x00, 0x00, 0x06, 0xff, 0xff, 0xff,
    0x50, 0x00, 0x00, 0x00, 0x06, 0xfe, 0x20, 0x00,
    0x00, 0x00, 0x00, 0x00, 0x4d, 0xff, 0xff, 0xfc,
    0x74, 0x23, 0x58, 0xdf, 0xc1, 0x00, 0x00, 0x00,
    0x00, 0x00, 0x00, 0x00, 0x5b, 0xff, 0xff, 0xff,
    0xff, 0xff, 0xb5, 0x00, 0x00, 0x00, 0x00, 0x00,
    0x00, 0x00, 0x00, 0x00, 0x03, 0x56, 0x77, 0x76,
    0x40, 0x00, 0x00, 0x00, 0x00, 0x00,

    /* U+00DA "Ú" */
    0x00, 0x00, 0x00, 0x00, 0x00, 0x00, 0x00, 0x00,
    0x00, 0x00, 0x00, 0x00, 0x00, 0x00, 0x00, 0x00,
    0x00, 0x00, 0x00, 0x00, 0x00, 0x00, 0x00, 0x00,
    0x05, 0xef, 0x90, 0x00, 0x00, 0x00, 0x00, 0x00,
    0x00, 0x00, 0x00, 0x00, 0x00, 0x00, 0x00, 0x4f,
    0xff, 0xf3, 0x00, 0x00, 0x00, 0x00, 0x00, 0x00,
    0x00, 0x00, 0x00, 0x00, 0x00, 0x01, 0xef, 0xff,
    0xf3, 0x00, 0x00, 0x00, 0x00, 0x00, 0x00, 0x00,
    0x00, 0x00, 0x00, 0x00, 0x0b, 0xff, 0xff, 0xc0,
    0x00, 0x00, 0x00, 0x00, 0x00, 0x00, 0x00, 0x00,
    0x00, 0x00, 0x00, 0x6f, 0xff, 0xf8, 0x00, 0x00,
    0x00, 0x00, 0x00, 0x00, 0x00, 0x00, 0x00, 0x00,
    0x00, 0x02, 0xff, 0xe7, 0x00, 0x00, 0x00, 0x00,
    0x00, 0x00, 0x00, 0x00, 0x00, 0x00, 0x00, 0x00,
    0x0a, 0xd5, 0x00, 0x00, 0x00, 0x00, 0x00, 0x00,
    0x00, 0x00, 0x00, 0x00, 0x00, 0x00, 0x00, 0x00,
    0x00, 0x00, 0x00, 0x00, 0x00, 0x00, 0x00, 0x00,
    0x00, 0x00, 0x00, 0x00, 0x00, 0x00, 0x00, 0x00,
    0x00, 0x00, 0x00, 0x00, 0x00, 0x00, 0x1f, 0xff,
    0xff, 0xff, 0xff, 0xff, 0xfe, 0x00, 0x00, 0x04,
    0xff, 0xff, 0xff, 0xff, 0xf2, 0x04, 0x7b, 0xff,
    0xff, 0xff, 0xfa, 0x73, 0x00, 0x00, 0x00, 0x59,
    0xef, 0xff, 0xe9, 0x50, 0x00, 0x00, 0xdf, 0xff,
    0xff, 0xb0, 0x00, 0x00, 0x00, 0x00, 0x00, 0x0c,
    0xfd, 0x00, 0x00, 0x00, 0x00, 0xdf, 0xff, 0xff,
    0xa0, 0x00, 0x00, 0x00, 0x00, 0x00, 0x05, 0xf6,
    0x00, 0x00, 0x00, 0x00, 0xef, 0xff, 0xff, 0x90,
    0x00, 0x00, 0x00, 0x00, 0x00, 0x03, 0xf5, 0x00,
    0x00, 0x00, 0x00, 0xff, 0xff, 0xff, 0x80, 0x00,
    0x00, 0x00, 0x00, 0x00, 0x02, 0xf6, 0x00, 0x00,
    0x00, 0x00, 0xff, 0xff, 0xff, 0x70, 0x00, 0x00,
    0x00, 0x00, 0x00, 0x01, 0xf7, 0x00, 0x00, 0x00,
    0x01, 0xff, 0xff, 0xff, 0x60, 0x00, 0x00, 0x00,
    0x00, 0x00, 0x00, 0xf8, 0x00, 0x00, 0x00, 0x02,
    0xff, 0xff, 0xff, 0x50, 0x00, 0x00, 0x00, 0x00,
    0x00, 0x00, 0xf9, 0x00, 0x00, 0x00, 0x03, 0xff,
    0xff, 0xff, 0x40, 0x00, 0x00, 0x00, 0x00, 0x00,
    0x00, 0xea, 0x00, 0x00, 0x00, 0x04, 0xff, 0xff,
    0xff, 0x30, 0x00, 0x00, 0x00, 0x00, 0x00, 0x00,
    0xdb, 0x00, 0x00, 0x00, 0x05, 0xff, 0xff, 0xff,
    0x20, 0x00, 0x00, 0x00, 0x00, 0x00, 0x00, 0xdc,
    0x00, 0x00, 0x00, 0x06, 0xff, 0xff, 0xff, 0x10,
    0x00, 0x00, 0x00, 0x00, 0x00, 0x00, 0xcd, 0x00,
    0x00, 0x00, 0x07, 0xff, 0xff, 0xff, 0x00, 0x00,
    0x00, 0x00, 0x00, 0x00, 0x00, 0xbe, 0x00, 0x00,
    0x00, 0x08, 0xff, 0xff, 0xff, 0x00, 0x00, 0x00,
    0x00, 0x00, 0x00, 0x00, 0xaf, 0x00, 0x00, 0x00,
    0x09, 0xff, 0xff, 0xff, 0x00, 0x00, 0x00, 0x00,
    0x00, 0x00, 0x00, 0x9f, 0x00, 0x00, 0x00, 0x09,
    0xff, 0xff, 0xfe, 0x00, 0x00, 0x00, 0x00, 0x00,
    0x00, 0x00, 0x8f, 0x10, 0x00, 0x00, 0x0a, 0xff,
    0xff, 0xfd, 0x00, 0x00, 0x00, 0x00, 0x00, 0x00,
    0x00, 0x7f, 0x20, 0x00, 0x00, 0x0b, 0xff, 0xff,
    0xfc, 0x00, 0x00, 0x00, 0x00, 0x00, 0x00, 0x00,
    0x6f, 0x30, 0x00, 0x00, 0x0d, 0xff, 0xff, 0xfb,
    0x00, 0x00, 0x00, 0x00, 0x00, 0x00, 0x00, 0x5f,
    0x40, 0x00, 0x00, 0x0d, 0xff, 0xff, 0xfb, 0x00,
    0x00, 0x00, 0x00, 0x00, 0x00, 0x00, 0x4f, 0x50,
    0x00, 0x00, 0x0e, 0xff, 0xff, 0xfb, 0x00, 0x00,
    0x00, 0x00, 0x00, 0x00, 0x00, 0x4f, 0x50, 0x00,
    0x00, 0x0e, 0xff, 0xff, 0xfb, 0x00, 0x00, 0x00,
    0x00, 0x00, 0x00, 0x00, 0x4f, 0x50, 0x00, 0x00,
    0x0d, 0xff, 0xff, 0xfc, 0x00, 0x00, 0x00, 0x00,
    0x00, 0x00, 0x00, 0x5f, 0x40, 0x00, 0x00, 0x0b,
    0xff, 0xff, 0xfe, 0x00, 0x00, 0x00, 0x00, 0x00,
    0x00, 0x00, 0x8f, 0x10, 0x00, 0x00, 0x06, 0xff,
    0xff, 0xff, 0x20, 0x00, 0x00, 0x00, 0x00, 0x00,
    0x00, 0xdd, 0x00, 0x00, 0x00, 0x00, 0xef, 0xff,
    0xff, 0x90, 0x00, 0x00, 0x00, 0x00, 0x00, 0x06,
    0xf6, 0x00, 0x00, 0x00, 0x00, 0x5f, 0xff, 0xff,
    0xf3, 0x00, 0x00, 0x00, 0x00, 0x00, 0x3f, 0xd0,
    0x00, 0x00, 0x00, 0x00, 0x06, 0xff, 0xff, 0xff,
    0x50, 0x00, 0x00, 0x00, 0x06, 0xfe, 0x20, 0x00,
    0x00, 0x00, 0x00, 0x00, 0x4d, 0xff, 0xff, 0xfc,
    0x74, 0x23, 0x58, 0xdf, 0xc1, 0x00, 0x00, 0x00,
    0x00, 0x00, 0x00, 0x00, 0x5b, 0xff, 0xff, 0xff,
    0xff, 0xff, 0xb5, 0x00, 0x00, 0x00, 0x00, 0x00,
    0x00, 0x00, 0x00, 0x00, 0x03, 0x56, 0x77, 0x76,
    0x40, 0x00, 0x00, 0x00, 0x00, 0x00,

    /* U+00DB "Û" */
    0x00, 0x00, 0x00, 0x00, 0x00, 0x00, 0x00, 0x08,
    0xf6, 0x00, 0x00, 0x00, 0x00, 0x00, 0x00, 0x00,
    0x00, 0x00, 0x00, 0x00, 0x00, 0x00, 0x8f, 0xff,
    0x50, 0x00, 0x00, 0x00, 0x00, 0x00, 0x00, 0x00,
    0x00, 0x00, 0x00, 0x00, 0x06, 0xff, 0xff, 0xf3,
    0x00, 0x00, 0x00, 0x00, 0x00, 0x00, 0x00, 0x00,
    0x00, 0x00, 0x00, 0x4f, 0xff, 0xff, 0xfe, 0x20,
    0x00, 0x00, 0x00, 0x00, 0x00, 0x00, 0x00, 0x00,
    0x00, 0x02, 0xff, 0xfa, 0x5c, 0xff, 0xe1, 0x00,
    0x00, 0x00, 0x00, 0x00, 0x00, 0x00, 0x00, 0x00,
    0x1e, 0xfb, 0x30, 0x00, 0x4c, 0xfc, 0x00, 0x00,
    0x00, 0x00, 0x00, 0x00, 0x00, 0x00, 0x00, 0xbc,
    0x40, 0x00, 0x00, 0x00, 0x5d, 0x80, 0x00, 0x00,
    0x00, 0x00, 0x00, 0x00, 0x00, 0x00, 0x00, 0x00,
    0x00, 0x00, 0x00, 0x00, 0x00, 0x00, 0x00, 0x00,
    0x00, 0x00, 0x00, 0x00, 0x00, 0x00, 0x00, 0x00,
    0x00, 0x00, 0x00, 0x00, 0x00, 0x00, 0x00, 0x1f,
    0xff, 0xff, 0xff, 0xff, 0xff, 0xfe, 0x00, 0x00,
    0x04, 0xff, 0xff, 0xff, 0xff, 0xf2, 0x04, 0x7b,
    0xff, 0xff, 0xff, 0xfa, 0x73, 0x00, 0x00, 0x00,
    0x59, 0xef, 0xff, 0xe9, 0x50, 0x00, 0x00, 0xdf,
    0xff, 0xff, 0xb0, 0x00, 0x00, 0x00, 0x00, 0x00,
    0x0c, 0xfd, 0x00, 0x00, 0x00, 0x00, 0xdf, 0xff,
    0xff, 0xa0, 0x00, 0x00, 0x00, 0x00, 0x00, 0x05,
    0xf6, 0x00, 0x00, 0x00, 0x00, 0xef, 0xff, 0xff,
    0x90, 0x00, 0x00, 0x00, 0x00, 0x00, 0x03, 0xf5,
    0x00, 0x00, 0x00, 0x00, 0xff, 0xff, 0xff, 0x80,
    0x00, 0x00, 0x00, 0x00, 0x00, 0x02, 0xf6, 0x00,
    0x00, 0x00, 0x00, 0xff, 0xff, 0xff, 0x70, 0x00,
    0x00, 0x00, 0x00, 0x00, 0x01, 0xf7, 0x00, 0x00,
    0x00, 0x01, 0xff, 0xff, 0xff, 0x60, 0x00, 0x00,
    0x00, 0x00, 0x00, 0x00, 0xf8, 0x00, 0x00, 0x00,
    0x02, 0xff, 0xff, 0xff, 0x50, 0x00, 0x00, 0x00,
    0x00, 0x00, 0x00, 0xf9, 0x00, 0x00, 0x00, 0x03,
    0xff, 0xff, 0xff, 0x40, 0x00, 0x00, 0x00, 0x00,
    0x00, 0x00, 0xea, 0x00, 0x00, 0x00, 0x04, 0xff,
    0xff, 0xff, 0x30, 0x00, 0x00, 0x00, 0x00, 0x00,
    0x00, 0xdb, 0x00, 0x00, 0x00, 0x05, 0xff, 0xff,
    0xff, 0x20, 0x00, 0x00, 0x00, 0x00, 0x00, 0x00,
    0xdc, 0x00, 0x00, 0x00, 0x06, 0xff, 0xff, 0xff,
    0x10, 0x00, 0x00, 0x00, 0x00, 0x00, 0x00, 0xcd,
    0x00, 0x00, 0x00, 0x07, 0xff, 0xff, 0xff, 0x00,
    0x00, 0x00, 0x00, 0x00, 0x00, 0x00, 0xbe, 0x00,
    0x00, 0x00, 0x08, 0xff, 0xff, 0xff, 0x00, 0x00,
    0x00, 0x00, 0x00, 0x00, 0x00, 0xaf, 0x00, 0x00,
    0x00, 0x09, 0xff, 0xff, 0xff, 0x00, 0x00, 0x00,
    0x00, 0x00, 0x00, 0x00, 0x9f, 0x00, 0x00, 0x00,
    0x09, 0xff, 0xff, 0xfe, 0x00, 0x00, 0x00, 0x00,
    0x00, 0x00, 0x00, 0x8f, 0x10, 0x00, 0x00, 0x0a,
    0xff, 0xff, 0xfd, 0x00, 0x00, 0x00, 0x00, 0x00,
    0x00, 0x00, 0x7f, 0x20, 0x00, 0x00, 0x0b, 0xff,
    0xff, 0xfc, 0x00, 0x00, 0x00, 0x00, 0x00, 0x00,
    0x00, 0x6f, 0x30, 0x00, 0x00, 0x0d, 0xff, 0xff,
    0xfb, 0x00, 0x00, 0x00, 0x00, 0x00, 0x00, 0x00,
    0x5f, 0x40, 0x00, 0x00, 0x0d, 0xff, 0xff, 0xfb,
    0x00, 0x00, 0x00, 0x00, 0x00, 0x00, 0x00, 0x4f,
    0x50, 0x00, 0x00, 0x0e, 0xff, 0xff, 0xfb, 0x00,
    0x00, 0x00, 0x00, 0x00, 0x00, 0x00, 0x4f, 0x50,
    0x00, 0x00, 0x0e, 0xff, 0xff, 0xfb, 0x00, 0x00,
    0x00, 0x00, 0x00, 0x00, 0x00, 0x4f, 0x50, 0x00,
    0x00, 0x0d, 0xff, 0xff, 0xfc, 0x00, 0x00, 0x00,
    0x00, 0x00, 0x00, 0x00, 0x5f, 0x40, 0x00, 0x00,
    0x0b, 0xff, 0xff, 0xfe, 0x00, 0x00, 0x00, 0x00,
    0x00, 0x00, 0x00, 0x8f, 0x10, 0x00, 0x00, 0x06,
    0xff, 0xff, 0xff, 0x20, 0x00, 0x00, 0x00, 0x00,
    0x00, 0x00, 0xdd, 0x00, 0x00, 0x00, 0x00, 0xef,
    0xff, 0xff, 0x90, 0x00, 0x00, 0x00, 0x00, 0x00,
    0x06, 0xf6, 0x00, 0x00, 0x00, 0x00, 0x5f, 0xff,
    0xff, 0xf3, 0x00, 0x00, 0x00, 0x00, 0x00, 0x3f,
    0xd0, 0x00, 0x00, 0x00, 0x00, 0x06, 0xff, 0xff,
    0xff, 0x50, 0x00, 0x00, 0x00, 0x06, 0xfe, 0x20,
    0x00, 0x00, 0x00, 0x00, 0x00, 0x4d, 0xff, 0xff,
    0xfc, 0x74, 0x23, 0x58, 0xdf, 0xc1, 0x00, 0x00,
    0x00, 0x00, 0x00, 0x00, 0x00, 0x5b, 0xff, 0xff,
    0xff, 0xff, 0xff, 0xb5, 0x00, 0x00, 0x00, 0x00,
    0x00, 0x00, 0x00, 0x00, 0x00, 0x03, 0x56, 0x77,
    0x76, 0x40, 0x00, 0x00, 0x00, 0x00, 0x00,

    /* U+00DC "Ü" */
    0x00, 0x00, 0x00, 0x00, 0x00, 0x7e, 0xfc, 0x20,
    0x00, 0x4d, 0xfd, 0x50, 0x00, 0x00, 0x00, 0x00,
    0x00, 0x00, 0x00, 0x05, 0xff, 0xff, 0xd0, 0x01,
    0xff, 0xff, 0xf2, 0x00, 0x00, 0x00, 0x00, 0x00,
    0x00, 0x00, 0x09, 0xff, 0xff, 0xf2, 0x06, 0xff,
    0xff, 0xf6, 0x00, 0x00, 0x00, 0x00, 0x00, 0x00,
    0x00, 0x08, 0xff, 0xff, 0xf1, 0x05, 0xff, 0xff,
    0xf5, 0x00, 0x00, 0x00, 0x00, 0x00, 0x00, 0x00,
    0x02, 0xff, 0xff, 0xa0, 0x00, 0xdf, 0xff, 0xe0,
    0x00, 0x00, 0x00, 0x00, 0x00, 0x00, 0x00, 0x00,
    0x29, 0xa7, 0x00, 0x00, 0x18, 0xa8, 0x10, 0x00,
    0x00, 0x00, 0x00, 0x00, 0x00, 0x00, 0x00, 0x00,
    0x00, 0x00, 0x00, 0x00, 0x00, 0x00, 0x00, 0x00,
    0x00, 0x00, 0x00, 0x00, 0x00, 0x00, 0x00, 0x00,
    0x00, 0x00, 0x00, 0x00, 0x00, 0x00, 0x00, 0x00,
    0x1f, 0xff, 0xff, 0xff, 0xff, 0xff, 0xfe, 0x00,
    0x00, 0x04, 0xff, 0xff, 0xff, 0xff, 0xf2, 0x04,
    0x7b, 0xff, 0xff, 0xff, 0xfa, 0x73, 0x00, 0x00,
    0x00, 0x59, 0xef, 0xff, 0xe9, 0x50, 0x00, 0x00,
    0xdf, 0xff, 0xff, 0xb0, 0x00, 0x00, 0x00, 0x00,
    0x00, 0x0c, 0xfd, 0x00, 0x00, 0x00, 0x00, 0xdf,
    0xff, 0xff, 0xa0, 0x00, 0x00, 0x00, 0x00, 0x00,
    0x05, 0xf6, 0x00, 0x00, 0x00, 0x00, 0xef, 0xff,
    0xff, 0x90, 0x00, 0x00, 0x00, 0x00, 0x00, 0x03,
    0xf5, 0x00, 0x00, 0x00, 0x00, 0xff, 0xff, 0xff,
    0x80, 0x00, 0x00, 0x00, 0x00, 0x00, 0x02, 0xf6,
    0x00, 0x00, 0x00, 0x00, 0xff, 0xff, 0xff, 0x70,
    0x00, 0x00, 0x00, 0x00, 0x00, 0x01, 0xf7, 0x00,
    0x00, 0x00, 0x01, 0xff, 0xff, 0xff, 0x60, 0x00,
    0x00, 0x00, 0x00, 0x00, 0x00, 0xf8, 0x00, 0x00,
    0x00, 0x02, 0xff, 0xff, 0xff, 0x50, 0x00, 0x00,
    0x00, 0x00, 0x00, 0x00, 0xf9, 0x00, 0x00, 0x00,
    0x03, 0xff, 0xff, 0xff, 0x40, 0x00, 0x00, 0x00,
    0x00, 0x00, 0x00, 0xea, 0x00, 0x00, 0x00, 0x04,
    0xff, 0xff, 0xff, 0x30, 0x00, 0x00, 0x00, 0x00,
    0x00, 0x00, 0xdb, 0x00, 0x00, 0x00, 0x05, 0xff,
    0xff, 0xff, 0x20, 0x00, 0x00, 0x00, 0x00, 0x00,
    0x00, 0xdc, 0x00, 0x00, 0x00, 0x06, 0xff, 0xff,
    0xff, 0x10, 0x00, 0x00, 0x00, 0x00, 0x00, 0x00,
    0xcd, 0x00, 0x00, 0x00, 0x07, 0xff, 0xff, 0xff,
    0x00, 0x00, 0x00, 0x00, 0x00, 0x00, 0x00, 0xbe,
    0x00, 0x00, 0x00, 0x08, 0xff, 0xff, 0xff, 0x00,
    0x00, 0x00, 0x00, 0x00, 0x00, 0x00, 0xaf, 0x00,
    0x00, 0x00, 0x09, 0xff, 0xff, 0xff, 0x00, 0x00,
    0x00, 0x00, 0x00, 0x00, 0x00, 0x9f, 0x00, 0x00,
    0x00, 0x09, 0xff, 0xff, 0xfe, 0x00, 0x00, 0x00,
    0x00, 0x00, 0x00, 0x00, 0x8f, 0x10, 0x00, 0x00,
    0x0a, 0xff, 0xff, 0xfd, 0x00, 0x00, 0x00, 0x00,
    0x00, 0x00, 0x00, 0x7f, 0x20, 0x00, 0x00, 0x0b,
    0xff, 0xff, 0xfc, 0x00, 0x00, 0x00, 0x00, 0x00,
    0x00, 0x00, 0x6f, 0x30, 0x00, 0x00, 0x0d, 0xff,
    0xff, 0xfb, 0x00, 0x00, 0x00, 0x00, 0x00, 0x00,
    0x00, 0x5f, 0x40, 0x00, 0x00, 0x0d, 0xff, 0xff,
    0xfb, 0x00, 0x00, 0x00, 0x00, 0x00, 0x00, 0x00,
    0x4f, 0x50, 0x00, 0x00, 0x0e, 0xff, 0xff, 0xfb,
    0x00, 0x00, 0x00, 0x00, 0x00, 0x00, 0x00, 0x4f,
    0x50, 0x00, 0x00, 0x0e, 0xff, 0xff, 0xfb, 0x00,
    0x00, 0x00, 0x00, 0x00, 0x00, 0x00, 0x4f, 0x50,
    0x00, 0x00, 0x0d, 0xff, 0xff, 0xfc, 0x00, 0x00,
    0x00, 0x00, 0x00, 0x00, 0x00, 0x5f, 0x40, 0x00,
    0x00, 0x0b, 0xff, 0xff, 0xfe, 0x00, 0x00, 0x00,
    0x00, 0x00, 0x00, 0x00, 0x8f, 0x10, 0x00, 0x00,
    0x06, 0xff, 0xff, 0xff, 0x20, 0x00, 0x00, 0x00,
    0x00, 0x00, 0x00, 0xdd, 0x00, 0x00, 0x00, 0x00,
    0xef, 0xff, 0xff, 0x90, 0x00, 0x00, 0x00, 0x00,
    0x00, 0x06, 0xf6, 0x00, 0x00, 0x00, 0x00, 0x5f,
    0xff, 0xff, 0xf3, 0x00, 0x00, 0x00, 0x00, 0x00,
    0x3f, 0xd0, 0x00, 0x00, 0x00, 0x00, 0x06, 0xff,
    0xff, 0xff, 0x50, 0x00, 0x00, 0x00, 0x06, 0xfe,
    0x20, 0x00, 0x00, 0x00, 0x00, 0x00, 0x4d, 0xff,
    0xff, 0xfc, 0x74, 0x23, 0x58, 0xdf, 0xc1, 0x00,
    0x00, 0x00, 0x00, 0x00, 0x00, 0x00, 0x5b, 0xff,
    0xff, 0xff, 0xff, 0xff, 0xb5, 0x00, 0x00, 0x00,
    0x00, 0x00, 0x00, 0x00, 0x00, 0x00, 0x03, 0x56,
    0x77, 0x76, 0x40, 0x00, 0x00, 0x00, 0x00, 0x00,

    /* U+00DD "Ý" */
    0x00, 0x00, 0x00, 0x00, 0x00, 0x00, 0x00, 0x00,
    0x00, 0x00, 0x00, 0x00, 0x00, 0x00, 0x00, 0x00,
    0x00, 0x00, 0x00, 0x00, 0x00, 0x00, 0x00, 0x00,
    0x4e, 0xfa, 0x00, 0x00, 0x00, 0x00, 0x00, 0x00,
    0x00, 0x00, 0x00, 0x00, 0x00, 0x00, 0x4f, 0xff,
    0xf4, 0x00, 0x00, 0x00, 0x00, 0x00, 0x00, 0x00,
    0x00, 0x00, 0x00, 0x00, 0x1e, 0xff, 0xff, 0x40,
    0x00, 0x00, 0x00, 0x00, 0x00, 0x00, 0x00, 0x00,
    0x00, 0x00, 0x0a, 0xff, 0xff, 0xc0, 0x00, 0x00,
    0x00, 0x00, 0x00, 0x00, 0x00, 0x00, 0x00, 0x00,
    0x05, 0xff, 0xff, 0x80, 0x00, 0x00, 0x00, 0x00,
    0x00, 0x00, 0x00, 0x00, 0x00, 0x00, 0x01, 0xff,
    0xe7, 0x10, 0x00, 0x00, 0x00, 0x00, 0x00, 0x00,
    0x00, 0x00, 0x00, 0x00, 0x00, 0x9d, 0x60, 0x00,
    0x00, 0x00, 0x00, 0x00, 0x00, 0x00, 0x00, 0x00,
    0x00, 0x00, 0x00, 0x00, 0x00, 0x00, 0x00, 0x00,
    0x00, 0x00, 0x00, 0x00, 0x00, 0x00, 0x00, 0x00,
    0x00, 0x00, 0x00, 0x00, 0x00, 0x00, 0x00, 0x00,
    0x00, 0x5f, 0xff, 0xff, 0xff, 0xff, 0xff, 0xc0,
    0x00, 0x00, 0x00, 0xdf, 0xff, 0xff, 0xff, 0x60,
    0x6c, 0xff, 0xff, 0xff, 0xfa, 0x62, 0x00, 0x00,
    0x00, 0x03, 0x8e, 0xff, 0xfe, 0x70, 0x00, 0x0d,
    0xff, 0xff, 0xff, 0x10, 0x00, 0x00, 0x00, 0x00,
    0x00, 0x1e, 0xfe, 0x10, 0x00, 0x00, 0x6f, 0xff,
    0xff, 0xf7, 0x00, 0x00, 0x00, 0x00, 0x00, 0x00,
    0xbf, 0x50, 0x00, 0x00, 0x00, 0xef, 0xff, 0xff,
    0xe0, 0x00, 0x00, 0x00, 0x00, 0x00, 0x0e, 0xd0,
    0x00, 0x00, 0x00, 0x07, 0xff, 0xff, 0xff, 0x60,
    0x00, 0x00, 0x00, 0x00, 0x05, 0xf5, 0x00, 0x00,
    0x00, 0x00, 0x0f, 0xff, 0xff, 0xfd, 0x00, 0x00,
    0x00, 0x00, 0x00, 0xde, 0x00, 0x00, 0x00, 0x00,
    0x00, 0x8f, 0xff, 0xff, 0xf4, 0x00, 0x00, 0x00,
    0x00, 0x4f, 0x70, 0x00, 0x00, 0x00, 0x00, 0x01,
    0xff, 0xff, 0xff, 0xb0, 0x00, 0x00, 0x00, 0x0b,
    0xf0, 0x00, 0x00, 0x00, 0x00, 0x00, 0x09, 0xff,
    0xff, 0xff, 0x30, 0x00, 0x00, 0x02, 0xf8, 0x00,
    0x00, 0x00, 0x00, 0x00, 0x00, 0x1f, 0xff, 0xff,
    0xfa, 0x00, 0x00, 0x00, 0xaf, 0x10, 0x00, 0x00,
    0x00, 0x00, 0x00, 0x00, 0xaf, 0xff, 0xff, 0xf1,
    0x00, 0x00, 0x1f, 0xa0, 0x00, 0x00, 0x00, 0x00,
    0x00, 0x00, 0x02, 0xff, 0xff, 0xff, 0x80, 0x00,
    0x08, 0xf3, 0x00, 0x00, 0x00, 0x00, 0x00, 0x00,
    0x00, 0x0a, 0xff, 0xff, 0xff, 0x00, 0x00, 0xfb,
    0x00, 0x00, 0x00, 0x00, 0x00, 0x00, 0x00, 0x00,
    0x3f, 0xff, 0xff, 0xf7, 0x00, 0x7f, 0x40, 0x00,
    0x00, 0x00, 0x00, 0x00, 0x00, 0x00, 0x00, 0xbf,
    0xff, 0xff, 0xe0, 0x0e, 0xd0, 0x00, 0x00, 0x00,
    0x00, 0x00, 0x00, 0x00, 0x00, 0x04, 0xff, 0xff,
    0xff, 0x55, 0xf5, 0x00, 0x00, 0x00, 0x00, 0x00,
    0x00, 0x00, 0x00, 0x00, 0x0c, 0xff, 0xff, 0xfd,
    0xde, 0x00, 0x00, 0x00, 0x00, 0x00, 0x00, 0x00,
    0x00, 0x00, 0x00, 0x5f, 0xff, 0xff, 0xff, 0x70,
    0x00, 0x00, 0x00, 0x00, 0x00, 0x00, 0x00, 0x00,
    0x00, 0x00, 0xdf, 0xff, 0xff, 0xf0, 0x00, 0x00,
    0x00, 0x00, 0x00, 0x00, 0x00, 0x00, 0x00, 0x00,
    0x09, 0xff, 0xff, 0xff, 0x00, 0x00, 0x00, 0x00,
    0x00, 0x00, 0x00, 0x00, 0x00, 0x00, 0x00, 0x9f,
    0xff, 0xff, 0xf0, 0x00, 0x00, 0x00, 0x00, 0x00,
    0x00, 0x00, 0x00, 0x00, 0x00, 0x09, 0xff, 0xff,
    0xff, 0x00, 0x00, 0x00, 0x00, 0x00, 0x00, 0x00,
    0x00, 0x00, 0x00, 0x00, 0x9f, 0xff, 0xff, 0xf0,
    0x00, 0x00, 0x00, 0x00, 0x00, 0x00, 0x00, 0x00,
    0x00, 0x00, 0x09, 0xff, 0xff, 0xff, 0x00, 0x00,
    0x00, 0x00, 0x00, 0x00, 0x00, 0x00, 0x00, 0x00,
    0x00, 0x9f, 0xff, 0xff, 0xf0, 0x00, 0x00, 0x00,
    0x00, 0x00, 0x00, 0x00, 0x00, 0x00, 0x00, 0x09,
    0xff, 0xff, 0xff, 0x00, 0x00, 0x00, 0x00, 0x00,
    0x00, 0x00, 0x00, 0x00, 0x00, 0x00, 0x9f, 0xff,
    0xff, 0xf0, 0x00, 0x00, 0x00, 0x00, 0x00, 0x00,
    0x00, 0x00, 0x00, 0x00, 0x09, 0xff, 0xff, 0xff,
    0x00, 0x00, 0x00, 0x00, 0x00, 0x00, 0x00, 0x00,
    0x00, 0x01, 0x6a, 0xff, 0xff, 0xff, 0xfc, 0x84,
    0x00, 0x00, 0x00, 0x00, 0x00, 0x00, 0x00, 0x00,
    0x8f, 0xff, 0xff, 0xff, 0xff, 0xff, 0xe0, 0x00,
    0x00, 0x00, 0x00,

    /* U+00DE "Þ" */
    0x0e, 0xff, 0xff, 0xff, 0xff, 0xff, 0xf7, 0x00,
    0x00, 0x00, 0x00, 0x00, 0x00, 0x00, 0x37, 0xcf,
    0xff, 0xff, 0xff, 0x95, 0x00, 0x00, 0x00, 0x00,
    0x00, 0x00, 0x00, 0x00, 0x00, 0xff, 0xff, 0xff,
    0x80, 0x00, 0x00, 0x00, 0x00, 0x00, 0x00, 0x00,
    0x00, 0x00, 0x0f, 0xff, 0xff, 0xf7, 0x00, 0x00,
    0x00, 0x00, 0x00, 0x00, 0x00, 0x00, 0x00, 0x00,
    0xff, 0xff, 0xff, 0x70, 0x00, 0x00, 0x00, 0x00,
    0x00, 0x00, 0x00, 0x00, 0x00, 0x0f, 0xff, 0xff,
    0xf8, 0x00, 0x00, 0x00, 0x00, 0x00, 0x00, 0x00,
    0x00, 0x00, 0x00, 0xff, 0xff, 0xff, 0xff, 0xff,
    0xff, 0xfd, 0xa6, 0x20, 0x00, 0x00, 0x00, 0x00,
    0x0f, 0xff, 0xff, 0xf9, 0x33, 0x47, 0xbf, 0xff,
    0xff, 0xb3, 0x00, 0x00, 0x00, 0x00, 0xff, 0xff,
    0xff, 0x70, 0x00, 0x00, 0x2c, 0xff, 0xff, 0xf8,
    0x00, 0x00, 0x00, 0x0f, 0xff, 0xff, 0xf7, 0x00,
    0x00, 0x00, 0x0c, 0xff, 0xff, 0xfa, 0x00, 0x00,
    0x00, 0xff, 0xff, 0xff, 0x70, 0x00, 0x00, 0x00,
    0x2f, 0xff, 0xff, 0xf7, 0x00, 0x00, 0x0f, 0xff,
    0xff, 0xf7, 0x00, 0x00, 0x00, 0x00, 0x9f, 0xff,
    0xff, 0xf1, 0x00, 0x00, 0xff, 0xff, 0xff, 0x70,
    0x00, 0x00, 0x00, 0x04, 0xff, 0xff, 0xff, 0x70,
    0x00, 0x0f, 0xff, 0xff, 0xf7, 0x00, 0x00, 0x00,
    0x00, 0x0f, 0xff, 0xff, 0xfb, 0x00, 0x00, 0xff,
    0xff, 0xff, 0x70, 0x00, 0x00, 0x00, 0x00, 0xff,
    0xff, 0xff, 0xd0, 0x00, 0x0f, 0xff, 0xff, 0xf7,
    0x00, 0x00, 0x00, 0x00, 0x0e, 0xff, 0xff, 0xfd,
    0x00, 0x00, 0xff, 0xff, 0xff, 0x70, 0x00, 0x00,
    0x00, 0x00, 0xff, 0xff, 0xff, 0xc0, 0x00, 0x0f,
    0xff, 0xff, 0xf7, 0x00, 0x00, 0x00, 0x00, 0x1f,
    0xff, 0xff, 0xf9, 0x00, 0x00, 0xff, 0xff, 0xff,
    0x70, 0x00, 0x00, 0x00, 0x04, 0xff, 0xff, 0xff,
    0x50, 0x00, 0x0f, 0xff, 0xff, 0xf7, 0x00, 0x00,
    0x00, 0x00, 0xaf, 0xff, 0xff, 0xd0, 0x00, 0x00,
    0xff, 0xff, 0xff, 0x70, 0x00, 0x00, 0x00, 0x2f,
    0xff, 0xff, 0xf3, 0x00, 0x00, 0x0f, 0xff, 0xff,
    0xf7, 0x00, 0x00, 0x00, 0x2e, 0xff, 0xff, 0xf4,
    0x00, 0x00, 0x00, 0xff, 0xff, 0xff, 0xc5, 0x21,
    0x13, 0x8f, 0xff, 0xff, 0xb2, 0x00, 0x00, 0x00,
    0x0f, 0xff, 0xff, 0xfc, 0xdf, 0xff, 0xff, 0xff,
    0xd9, 0x30, 0x00, 0x00, 0x00, 0x00, 0xff, 0xff,
    0xff, 0x70, 0x03, 0x44, 0x43, 0x10, 0x00, 0x00,
    0x00, 0x00, 0x00, 0x0f, 0xff, 0xff, 0xf7, 0x00,
    0x00, 0x00, 0x00, 0x00, 0x00, 0x00, 0x00, 0x00,
    0x00, 0xff, 0xff, 0xff, 0x70, 0x00, 0x00, 0x00,
    0x00, 0x00, 0x00, 0x00, 0x00, 0x00, 0x0f, 0xff,
    0xff, 0xf7, 0x00, 0x00, 0x00, 0x00, 0x00, 0x00,
    0x00, 0x00, 0x00, 0x00, 0xff, 0xff, 0xff, 0x80,
    0x00, 0x00, 0x00, 0x00, 0x00, 0x00, 0x00, 0x00,
    0x47, 0xcf, 0xff, 0xff, 0xff, 0x95, 0x00, 0x00,
    0x00, 0x00, 0x00, 0x00, 0x00, 0x0e, 0xff, 0xff,
    0xff, 0xff, 0xff, 0xf7, 0x00, 0x00, 0x00, 0x00,
    0x00, 0x00, 0x00,

    /* U+00DF "ß" */
    0x00, 0x00, 0x00, 0x00, 0x00, 0x04, 0x67, 0x77,
    0x64, 0x10, 0x00, 0x00, 0x00, 0x00, 0x00, 0x00,
    0x00, 0x04, 0xbf, 0xff, 0xcc, 0xef, 0xff, 0xc6,
    0x00, 0x00, 0x00, 0x00, 0x00, 0x00, 0x1b, 0xff,
    0xfa, 0x10, 0x00, 0x5f, 0xff, 0xfc, 0x20, 0x00,
    0x00, 0x00, 0x00, 0x2e, 0xff, 0xfb, 0x00, 0x00,
    0x00, 0x5f, 0xff, 0xfe, 0x10, 0x00, 0x00, 0x00,
    0x0d, 0xff, 0xff, 0x10, 0x00, 0x00, 0x00, 0xdf,
    0xff, 0xfa, 0x00, 0x00, 0x00, 0x07, 0xff, 0xff,
    0xa0, 0x00, 0x00, 0x00, 0x09, 0xff, 0xff, 0xf1,
    0x00, 0x00, 0x00, 0xef, 0xff, 0xf6, 0x00, 0x00,
    0x00, 0x00, 0x7f, 0xff, 0xff, 0x40, 0x00, 0x00,
    0x3f, 0xff, 0xff, 0x20, 0x00, 0x00, 0x00, 0x06,
    0xff, 0xff, 0xf5, 0x00, 0x00, 0x07, 0xff, 0xff,
    0xf0, 0x00, 0x00, 0x00, 0x00, 0x8f, 0xff, 0xff,
    0x30, 0x00, 0x00, 0x9f, 0xff, 0xff, 0x00, 0x00,
    0x00, 0x00, 0x0a, 0xff, 0xff, 0xf0, 0x00, 0x00,
    0x09, 0xff, 0xff, 0xe0, 0x00, 0x00, 0x00, 0x00,
    0xef, 0xff, 0xf8, 0x00, 0x0d, 0xff, 0xff, 0xff,
    0xfe, 0x00, 0x00, 0x00, 0x00, 0x6f, 0xff, 0xfc,
    0x00, 0x00, 0x27, 0xbf, 0xff, 0xff, 0xe0, 0x00,
    0x00, 0x00, 0x3f, 0xff, 0xfb, 0x10, 0x00, 0x00,
    0x00, 0xbf, 0xff, 0xfe, 0x00, 0x00, 0x01, 0x8f,
    0xff, 0xd5, 0x00, 0x00, 0x00, 0x00, 0x0a, 0xff,
    0xff, 0xe0, 0x00, 0x8d, 0xff, 0xfd, 0x60, 0x00,
    0x00, 0x00, 0x00, 0x00, 0xaf, 0xff, 0xfe, 0x00,
    0x08, 0xbd, 0xff, 0xff, 0xfa, 0x30, 0x00, 0x00,
    0x00, 0x0a, 0xff, 0xff, 0xe0, 0x00, 0x00, 0x01,
    0x7f, 0xff, 0xff, 0x90, 0x00, 0x00, 0x00, 0xaf,
    0xff, 0xfe, 0x00, 0x00, 0x00, 0x00, 0x2e, 0xff,
    0xff, 0xc1, 0x00, 0x00, 0x0a, 0xff, 0xff, 0xe0,
    0x00, 0x00, 0x00, 0x00, 0x2f, 0xff, 0xff, 0xc0,
    0x00, 0x00, 0xaf, 0xff, 0xfe, 0x00, 0x00, 0x00,
    0x00, 0x00, 0x6f, 0xff, 0xff, 0x60, 0x00, 0x0a,
    0xff, 0xff, 0xe0, 0x00, 0x00, 0x00, 0x00, 0x00,
    0xef, 0xff, 0xfe, 0x00, 0x00, 0xaf, 0xff, 0xfe,
    0x00, 0x00, 0x00, 0x00, 0x00, 0x0a, 0xff, 0xff,
    0xf3, 0x00, 0x0a, 0xff, 0xff, 0xe0, 0x00, 0x00,
    0x00, 0x00, 0x00, 0x6f, 0xff, 0xff, 0x60, 0x00,
    0xaf, 0xff, 0xfe, 0x00, 0x00, 0x00, 0x00, 0x00,
    0x04, 0xff, 0xff, 0xf7, 0x00, 0x0a, 0xff, 0xff,
    0xe0, 0x00, 0x00, 0x00, 0x00, 0x00, 0x3f, 0xff,
    0xff, 0x70, 0x00, 0xaf, 0xff, 0xfe, 0x00, 0xc7,
    0x00, 0x00, 0x00, 0x04, 0xff, 0xff, 0xf6, 0x00,
    0x0a, 0xff, 0xff, 0xe0, 0x0d, 0xe0, 0x00, 0x00,
    0x00, 0x5f, 0xff, 0xff, 0x30, 0x00, 0xaf, 0xff,
    0xfe, 0x00, 0xdf, 0x50, 0x00, 0x00, 0x09, 0xff,
    0xff, 0xe0, 0x00, 0x0a, 0xff, 0xff, 0xe0, 0x0d,
    0xfd, 0x00, 0x00, 0x00, 0xef, 0xff, 0xf8, 0x00,
    0x00, 0xaf, 0xff, 0xfe, 0x00, 0xdf, 0xf9, 0x00,
    0x00, 0xaf, 0xff, 0xfe, 0x10, 0x02, 0x5e, 0xff,
    0xff, 0xe0, 0x0d, 0xff, 0xdd, 0x88, 0xdf, 0xff,
    0xfe, 0x30, 0x04, 0xff, 0xff, 0xff, 0xfb, 0x00,
    0xdf, 0x40, 0x7f, 0xff, 0xff, 0xfb, 0x10, 0x00,
    0x00, 0x00, 0x00, 0x00, 0x00, 0x04, 0x30, 0x00,
    0x15, 0x77, 0x62, 0x00, 0x00, 0x00,

    /* U+00E0 "à" */
    0x00, 0x00, 0x01, 0x77, 0x10, 0x00, 0x00, 0x00,
    0x00, 0x00, 0x00, 0x00, 0x00, 0xdf, 0xfe, 0x10,
    0x00, 0x00, 0x00, 0x00, 0x00, 0x00, 0x00, 0x1f,
    0xff, 0xfa, 0x00, 0x00, 0x00, 0x00, 0x00, 0x00,
    0x00, 0x00, 0xef, 0xff, 0xf2, 0x00, 0x00, 0x00,
    0x00, 0x00, 0x00, 0x00, 0x03, 0xff, 0xff, 0x90,
    0x00, 0x00, 0x00, 0x00, 0x00, 0x00, 0x00, 0x02,
    0xcf, 0xff, 0x10, 0x00, 0x00, 0x00, 0x00, 0x00,
    0x00, 0x00, 0x00, 0x8f, 0xf7, 0x00, 0x00, 0x00,
    0x00, 0x00, 0x00, 0x00, 0x00, 0x00, 0x3d, 0xe0,
    0x00, 0x00, 0x00, 0x00, 0x00, 0x00, 0x00, 0x00,
    0x00, 0x07, 0x00, 0x00, 0x00, 0x00, 0x00, 0x00,
    0x00, 0x00, 0x35, 0x77, 0x75, 0x30, 0x00, 0x00,
    0x00, 0x00, 0x00, 0x29, 0xff, 0xb8, 0xaf, 0xff,
    0xe6, 0x00, 0x00, 0x00, 0x00, 0x6f, 0xff, 0x60,
    0x00, 0x3f, 0xff, 0xfa, 0x00, 0x00, 0x00, 0x7f,
    0xff, 0xf0, 0x00, 0x00, 0xbf, 0xff, 0xf6, 0x00,
    0x00, 0x2f, 0xff, 0xff, 0x00, 0x00, 0x08, 0xff,
    0xff, 0xe0, 0x00, 0x07, 0xff, 0xff, 0xf0, 0x00,
    0x00, 0x8f, 0xff, 0xff, 0x20, 0x00, 0x8f, 0xff,
    0xfd, 0x00, 0x00, 0x08, 0xff, 0xff, 0xf3, 0x00,
    0x03, 0xff, 0xff, 0x60, 0x00, 0x00, 0x8f, 0xff,
    0xff, 0x30, 0x00, 0x04, 0x99, 0x40, 0x00, 0x00,
    0x08, 0xff, 0xff, 0xf3, 0x00, 0x00, 0x00, 0x00,
    0x00, 0x00, 0x00, 0x8f, 0xff, 0xff, 0x30, 0x00,
    0x00, 0x00, 0x00, 0x00, 0x00, 0x08, 0xff, 0xff,
    0xf3, 0x00, 0x00, 0x00, 0x00, 0x24, 0x56, 0x52,
    0x8f, 0xff, 0xff, 0x30, 0x00, 0x00, 0x3a, 0xff,
    0xfd, 0xaa, 0xdf, 0xff, 0xff, 0xf3, 0x00, 0x00,
    0x9f, 0xff, 0xf7, 0x00, 0x00, 0x8f, 0xff, 0xff,
    0x30, 0x00, 0x9f, 0xff, 0xfa, 0x00, 0x00, 0x08,
    0xff, 0xff, 0xf3, 0x00, 0x2f, 0xff, 0xff, 0x60,
    0x00, 0x00, 0x8f, 0xff, 0xff, 0x30, 0x07, 0xff,
    0xff, 0xf4, 0x00, 0x00, 0x08, 0xff, 0xff, 0xf3,
    0x00, 0x8f, 0xff, 0xff, 0x60, 0x00, 0x00, 0x8f,
    0xff, 0xff, 0x30, 0x06, 0xff, 0xff, 0xfb, 0x00,
    0x00, 0x08, 0xff, 0xff, 0xf3, 0x00, 0x1f, 0xff,
    0xff, 0xf9, 0x10, 0x17, 0xef, 0xff, 0xff, 0x60,
    0xc0, 0x7f, 0xff, 0xff, 0xff, 0xff, 0xe4, 0xff,
    0xff, 0xff, 0xfa, 0x00, 0x5e, 0xff, 0xff, 0xff,
    0x91, 0x05, 0xff, 0xff, 0xfb, 0x00, 0x00, 0x04,
    0x77, 0x74, 0x00, 0x00, 0x01, 0x67, 0x73, 0x00,

    /* U+00E1 "á" */
    0x00, 0x00, 0x00, 0x00, 0x00, 0x00, 0x07, 0xb9,
    0x10, 0x00, 0x00, 0x00, 0x00, 0x00, 0x00, 0x00,
    0x08, 0xff, 0xfa, 0x00, 0x00, 0x00, 0x00, 0x00,
    0x00, 0x00, 0x02, 0xff, 0xff, 0xc0, 0x00, 0x00,
    0x00, 0x00, 0x00, 0x00, 0x00, 0x9f, 0xff, 0xf6,
    0x00, 0x00, 0x00, 0x00, 0x00, 0x00, 0x00, 0x1f,
    0xff, 0xf9, 0x00, 0x00, 0x00, 0x00, 0x00, 0x00,
    0x00, 0x07, 0xff, 0xf5, 0x00, 0x00, 0x00, 0x00,
    0x00, 0x00, 0x00, 0x00, 0xef, 0xc2, 0x00, 0x00,
    0x00, 0x00, 0x00, 0x00, 0x00, 0x00, 0x5f, 0x80,
    0x00, 0x00, 0x00, 0x00, 0x00, 0x00, 0x00, 0x00,
    0x02, 0x30, 0x00, 0x00, 0x00, 0x00, 0x00, 0x00,
    0x00, 0x00, 0x35, 0x77, 0x75, 0x30, 0x00, 0x00,
    0x00, 0x00, 0x00, 0x29, 0xff, 0xb8, 0xaf, 0xff,
    0xe6, 0x00, 0x00, 0x00, 0x00, 0x6f, 0xff, 0x60,
    0x00, 0x3f, 0xff, 0xfa, 0x00, 0x00, 0x00, 0x7f,
    0xff, 0xf0, 0x00, 0x00, 0xbf, 0xff, 0xf6, 0x00,
    0x00, 0x2f, 0xff, 0xff, 0x00, 0x00, 0x08, 0xff,
    0xff, 0xe0, 0x00, 0x07, 0xff, 0xff, 0xf0, 0x00,
    0x00, 0x8f, 0xff, 0xff, 0x20, 0x00, 0x8f, 0xff,
    0xfd, 0x00, 0x00, 0x08, 0xff, 0xff, 0xf3, 0x00,
    0x03, 0xff, 0xff, 0x60, 0x00, 0x00, 0x8f, 0xff,
    0xff, 0x30, 0x00, 0x04, 0x99, 0x40, 0x00, 0x00,
    0x08, 0xff, 0xff, 0xf3, 0x00, 0x00, 0x00, 0x00,
    0x00, 0x00, 0x00, 0x8f, 0xff, 0xff, 0x30, 0x00,
    0x00, 0x00, 0x00, 0x00, 0x00, 0x08, 0xff, 0xff,
    0xf3, 0x00, 0x00, 0x00, 0x00, 0x24, 0x56, 0x52,
    0x8f, 0xff, 0xff, 0x30, 0x00, 0x00, 0x3a, 0xff,
    0xfd, 0xaa, 0xdf, 0xff, 0xff, 0xf3, 0x00, 0x00,
    0x9f, 0xff, 0xf7, 0x00, 0x00, 0x8f, 0xff, 0xff,
    0x30, 0x00, 0x9f, 0xff, 0xfa, 0x00, 0x00, 0x08,
    0xff, 0xff, 0xf3, 0x00, 0x2f, 0xff, 0xff, 0x60,
    0x00, 0x00, 0x8f, 0xff, 0xff, 0x30, 0x07, 0xff,
    0xff, 0xf4, 0x00, 0x00, 0x08, 0xff, 0xff, 0xf3,
    0x00, 0x8f, 0xff, 0xff, 0x60, 0x00, 0x00, 0x8f,
    0xff, 0xff, 0x30, 0x06, 0xff, 0xff, 0xfb, 0x00,
    0x00, 0x08, 0xff, 0xff, 0xf3, 0x00, 0x1f, 0xff,
    0xff, 0xf9, 0x10, 0x17, 0xef, 0xff, 0xff, 0x60,
    0xc0, 0x7f, 0xff, 0xff, 0xff, 0xff, 0xe4, 0xff,
    0xff, 0xff, 0xfa, 0x00, 0x5e, 0xff, 0xff, 0xff,
    0x91, 0x05, 0xff, 0xff, 0xfb, 0x00, 0x00, 0x04,
    0x77, 0x74, 0x00, 0x00, 0x01, 0x67, 0x73, 0x00,

    /* U+00E2 "â" */
    0x00, 0x00, 0x00, 0x00, 0x0a, 0xf6, 0x00, 0x00,
    0x00, 0x00, 0x00, 0x00, 0x00, 0x00, 0x08, 0xff,
    0xf3, 0x00, 0x00, 0x00, 0x00, 0x00, 0x00, 0x00,
    0x05, 0xff, 0xff, 0xe1, 0x00, 0x00, 0x00, 0x00,
    0x00, 0x00, 0x02, 0xff, 0xff, 0xff, 0xc0, 0x00,
    0x00, 0x00, 0x00, 0x00, 0x00, 0xcf, 0xf9, 0x2c,
    0xff, 0x80, 0x00, 0x00, 0x00, 0x00, 0x00, 0x9f,
    0xe4, 0x00, 0x08, 0xff, 0x50, 0x00, 0x00, 0x00,
    0x00, 0x6f, 0xc1, 0x00, 0x00, 0x04, 0xef, 0x20,
    0x00, 0x00, 0x00, 0x0c, 0x70, 0x00, 0x00, 0x00,
    0x01, 0xa8, 0x00, 0x00, 0x00, 0x00, 0x00, 0x03,
    0x57, 0x77, 0x53, 0x00, 0x00, 0x00, 0x00, 0x00,
    0x01, 0x8e, 0xfb, 0x8a, 0xff, 0xfe, 0x60, 0x00,
    0x00, 0x00, 0x05, 0xff, 0xf7, 0x00, 0x03, 0xff,
    0xff, 0xa0, 0x00, 0x00, 0x05, 0xff, 0xff, 0x00,
    0x00, 0x0b, 0xff, 0xff, 0x60, 0x00, 0x01, 0xff,
    0xff, 0xf0, 0x00, 0x00, 0x8f, 0xff, 0xfe, 0x00,
    0x00, 0x6f, 0xff, 0xff, 0x00, 0x00, 0x08, 0xff,
    0xff, 0xf2, 0x00, 0x08, 0xff, 0xff, 0xe0, 0x00,
    0x00, 0x8f, 0xff, 0xff, 0x30, 0x00, 0x5f, 0xff,
    0xf9, 0x00, 0x00, 0x08, 0xff, 0xff, 0xf3, 0x00,
    0x00, 0x9f, 0xe9, 0x00, 0x00, 0x00, 0x8f, 0xff,
    0xff, 0x30, 0x00, 0x00, 0x00, 0x00, 0x00, 0x00,
    0x08, 0xff, 0xff, 0xf3, 0x00, 0x00, 0x00, 0x00,
    0x00, 0x00, 0x00, 0x8f, 0xff, 0xff, 0x30, 0x00,
    0x00, 0x00, 0x02, 0x45, 0x65, 0x28, 0xff, 0xff,
    0xf3, 0x00, 0x00, 0x03, 0xaf, 0xff, 0xda, 0xad,
    0xff, 0xff, 0xff, 0x30, 0x00, 0x09, 0xff, 0xff,
    0x70, 0x00, 0x08, 0xff, 0xff, 0xf3, 0x00, 0x09,
    0xff, 0xff, 0xa0, 0x00, 0x00, 0x8f, 0xff, 0xff,
    0x30, 0x02, 0xff, 0xff, 0xf6, 0x00, 0x00, 0x08,
    0xff, 0xff, 0xf3, 0x00, 0x7f, 0xff, 0xff, 0x40,
    0x00, 0x00, 0x8f, 0xff, 0xff, 0x30, 0x08, 0xff,
    0xff, 0xf6, 0x00, 0x00, 0x08, 0xff, 0xff, 0xf3,
    0x00, 0x6f, 0xff, 0xff, 0xb0, 0x00, 0x00, 0x8f,
    0xff, 0xff, 0x30, 0x01, 0xff, 0xff, 0xff, 0x91,
    0x01, 0x7e, 0xff, 0xff, 0xf6, 0x0c, 0x07, 0xff,
    0xff, 0xff, 0xff, 0xfe, 0x4f, 0xff, 0xff, 0xff,
    0xa0, 0x05, 0xef, 0xff, 0xff, 0xf9, 0x10, 0x5f,
    0xff, 0xff, 0xb0, 0x00, 0x00, 0x47, 0x77, 0x40,
    0x00, 0x00, 0x16, 0x77, 0x30, 0x00,

    /* U+00E3 "ã" */
    0x00, 0x00, 0x00, 0x5a, 0xa4, 0x00, 0x00, 0x08,
    0x10, 0x00, 0x00, 0x00, 0x00, 0x8f, 0xff, 0xfb,
    0x10, 0x00, 0xf3, 0x00, 0x00, 0x00, 0x00, 0x1f,
    0xff, 0xff, 0xfe, 0x40, 0x7f, 0x10, 0x00, 0x00,
    0x00, 0x05, 0xfd, 0xaf, 0xff, 0xff, 0xff, 0xf0,
    0x00, 0x00, 0x00, 0x00, 0x7e, 0x00, 0x2c, 0xff,
    0xff, 0xf9, 0x00, 0x00, 0x00, 0x00, 0x07, 0xa0,
    0x00, 0x08, 0xff, 0xfc, 0x10, 0x00, 0x00, 0x00,
    0x00, 0x12, 0x00, 0x00, 0x01, 0x43, 0x00, 0x00,
    0x00, 0x00, 0x00, 0x00, 0x00, 0x35, 0x77, 0x75,
    0x30, 0x00, 0x00, 0x00, 0x00, 0x00, 0x29, 0xff,
    0xb8, 0xaf, 0xff, 0xe6, 0x00, 0x00, 0x00, 0x00,
    0x6f, 0xff, 0x60, 0x00, 0x3f, 0xff, 0xfa, 0x00,
    0x00, 0x00, 0x7f, 0xff, 0xf0, 0x00, 0x00, 0xbf,
    0xff, 0xf6, 0x00, 0x00, 0x2f, 0xff, 0xff, 0x00,
    0x00, 0x08, 0xff, 0xff, 0xe0, 0x00, 0x07, 0xff,
    0xff, 0xf0, 0x00, 0x00, 0x8f, 0xff, 0xff, 0x20,
    0x00, 0x8f, 0xff, 0xfd, 0x00, 0x00, 0x08, 0xff,
    0xff, 0xf3, 0x00, 0x03, 0xff, 0xff, 0x60, 0x00,
    0x00, 0x8f, 0xff, 0xff, 0x30, 0x00, 0x04, 0x99,
    0x40, 0x00, 0x00, 0x08, 0xff, 0xff, 0xf3, 0x00,
    0x00, 0x00, 0x00, 0x00, 0x00, 0x00, 0x8f, 0xff,
    0xff, 0x30, 0x00, 0x00, 0x00, 0x00, 0x00, 0x00,
    0x08, 0xff, 0xff, 0xf3, 0x00, 0x00, 0x00, 0x00,
    0x24, 0x56, 0x52, 0x8f, 0xff, 0xff, 0x30, 0x00,
    0x00, 0x3a, 0xff, 0xfd, 0xaa, 0xdf, 0xff, 0xff,
    0xf3, 0x00, 0x00, 0x9f, 0xff, 0xf7, 0x00, 0x00,
    0x8f, 0xff, 0xff, 0x30, 0x00, 0x9f, 0xff, 0xfa,
    0x00, 0x00, 0x08, 0xff, 0xff, 0xf3, 0x00, 0x2f,
    0xff, 0xff, 0x60, 0x00, 0x00, 0x8f, 0xff, 0xff,
    0x30, 0x07, 0xff, 0xff, 0xf4, 0x00, 0x00, 0x08,
    0xff, 0xff, 0xf3, 0x00, 0x8f, 0xff, 0xff, 0x60,
    0x00, 0x00, 0x8f, 0xff, 0xff, 0x30, 0x06, 0xff,
    0xff, 0xfb, 0x00, 0x00, 0x08, 0xff, 0xff, 0xf3,
    0x00, 0x1f, 0xff, 0xff, 0xf9, 0x10, 0x17, 0xef,
    0xff, 0xff, 0x60, 0xc0, 0x7f, 0xff, 0xff, 0xff,
    0xff, 0xe4, 0xff, 0xff, 0xff, 0xfa, 0x00, 0x5e,
    0xff, 0xff, 0xff, 0x91, 0x05, 0xff, 0xff, 0xfb,
    0x00, 0x00, 0x04, 0x77, 0x74, 0x00, 0x00, 0x01,
    0x67, 0x73, 0x00,

    /* U+00E4 "ä" */
    0x00, 0x00, 0x3a, 0xc8, 0x00, 0x00, 0x2a, 0xc9,
    0x10, 0x00, 0x00, 0x00, 0x2f, 0xff, 0xfa, 0x00,
    0x1e, 0xff, 0xfd, 0x00, 0x00, 0x00, 0x08, 0xff,
    0xff, 0xf0, 0x06, 0xff, 0xff, 0xf3, 0x00, 0x00,
    0x00, 0x8f, 0xff, 0xff, 0x10, 0x7f, 0xff, 0xff,
    0x30, 0x00, 0x00, 0x04, 0xff, 0xff, 0xc0, 0x02,
    0xff, 0xff, 0xe0, 0x00, 0x00, 0x00, 0x06, 0xef,
    0xb2, 0x00, 0x05, 0xdf, 0xc3, 0x00, 0x00, 0x00,
    0x00, 0x00, 0x00, 0x00, 0x00, 0x00, 0x00, 0x00,
    0x00, 0x00, 0x00, 0x00, 0x00, 0x35, 0x77, 0x75,
    0x30, 0x00, 0x00, 0x00, 0x00, 0x00, 0x29, 0xff,
    0xb8, 0xaf, 0xff, 0xe6, 0x00, 0x00, 0x00, 0x00,
    0x6f, 0xff, 0x60, 0x00, 0x3f, 0xff, 0xfa, 0x00,
    0x00, 0x00, 0x7f, 0xff, 0xf0, 0x00, 0x00, 0xbf,
    0xff, 0xf6, 0x00, 0x00, 0x2f, 0xff, 0xff, 0x00,
    0x00, 0x08, 0xff, 0xff, 0xe0, 0x00, 0x07, 0xff,
    0xff, 0xf0, 0x00, 0x00, 0x8f, 0xff, 0xff, 0x20,
    0x00, 0x8f, 0xff, 0xfd, 0x00, 0x00, 0x08, 0xff,
    0xff, 0xf3, 0x00, 0x03, 0xff, 0xff, 0x60, 0x00,
    0x00, 0x8f, 0xff, 0xff, 0x30, 0x00, 0x04, 0x99,
    0x40, 0x00, 0x00, 0x08, 0xff, 0xff, 0xf3, 0x00,
    0x00, 0x00, 0x00, 0x00, 0x00, 0x00, 0x8f, 0xff,
    0xff, 0x30, 0x00, 0x00, 0x00, 0x00, 0x00, 0x00,
    0x08, 0xff, 0xff, 0xf3, 0x00, 0x00, 0x00, 0x00,
    0x24, 0x56, 0x52, 0x8f, 0xff, 0xff, 0x30, 0x00,
    0x00, 0x3a, 0xff, 0xfd, 0xaa, 0xdf, 0xff, 0xff,
    0xf3, 0x00, 0x00, 0x9f, 0xff, 0xf7, 0x00, 0x00,
    0x8f, 0xff, 0xff, 0x30, 0x00, 0x9f, 0xff, 0xfa,
    0x00, 0x00, 0x08, 0xff, 0xff, 0xf3, 0x00, 0x2f,
    0xff, 0xff, 0x60, 0x00, 0x00, 0x8f, 0xff, 0xff,
    0x30, 0x07, 0xff, 0xff, 0xf4, 0x00, 0x00, 0x08,
    0xff, 0xff, 0xf3, 0x00, 0x8f, 0xff, 0xff, 0x60,
    0x00, 0x00, 0x8f, 0xff, 0xff, 0x30, 0x06, 0xff,
    0xff, 0xfb, 0x00, 0x00, 0x08, 0xff, 0xff, 0xf3,
    0x00, 0x1f, 0xff, 0xff, 0xf9, 0x10, 0x17, 0xef,
    0xff, 0xff, 0x60, 0xc0, 0x7f, 0xff, 0xff, 0xff,
    0xff, 0xe4, 0xff, 0xff, 0xff, 0xfa, 0x00, 0x5e,
    0xff, 0xff, 0xff, 0x91, 0x05, 0xff, 0xff, 0xfb,
    0x00, 0x00, 0x04, 0x77, 0x74, 0x00, 0x00, 0x01,
    0x67, 0x73, 0x00,

    /* U+00E5 "å" */
    0x00, 0x00, 0x00, 0x00, 0x00, 0x00, 0x00, 0x00,
    0x00, 0x00, 0x00, 0x00, 0x00, 0x00, 0x3b, 0xff,
    0xe9, 0x10, 0x00, 0x00, 0x00, 0x00, 0x00, 0x00,
    0x5f, 0xf6, 0x29, 0xfe, 0x20, 0x00, 0x00, 0x00,
    0x00, 0x00, 0x0f, 0xfa, 0x00, 0x0e, 0xfa, 0x00,
    0x00, 0x00, 0x00, 0x00, 0x03, 0xff, 0x70, 0x00,
    0xbf, 0xe0, 0x00, 0x00, 0x00, 0x00, 0x00, 0x3f,
    0xf7, 0x00, 0x0b, 0xfe, 0x00, 0x00, 0x00, 0x00,
    0x00, 0x00, 0xef, 0xb0, 0x00, 0xef, 0xa0, 0x00,
    0x00, 0x00, 0x00, 0x00, 0x05, 0xff, 0x73, 0xaf,
    0xe1, 0x00, 0x00, 0x00, 0x00, 0x00, 0x00, 0x03,
    0xbe, 0xfe, 0x91, 0x00, 0x00, 0x00, 0x00, 0x00,
    0x00, 0x00, 0x35, 0x77, 0x75, 0x30, 0x00, 0x00,
    0x00, 0x00, 0x00, 0x29, 0xff, 0xb8, 0xaf, 0xff,
    0xe6, 0x00, 0x00, 0x00, 0x00, 0x6f, 0xff, 0x60,
    0x00, 0x3f, 0xff, 0xfa, 0x00, 0x00, 0x00, 0x7f,
    0xff, 0xf0, 0x00, 0x00, 0xbf, 0xff, 0xf6, 0x00,
    0x00, 0x2f, 0xff, 0xff, 0x00, 0x00, 0x08, 0xff,
    0xff, 0xe0, 0x00, 0x07, 0xff, 0xff, 0xf0, 0x00,
    0x00, 0x8f, 0xff, 0xff, 0x20, 0x00, 0x8f, 0xff,
    0xfd, 0x00, 0x00, 0x08, 0xff, 0xff, 0xf3, 0x00,
    0x03, 0xff, 0xff, 0x60, 0x00, 0x00, 0x8f, 0xff,
    0xff, 0x30, 0x00, 0x04, 0x99, 0x40, 0x00, 0x00,
    0x08, 0xff, 0xff, 0xf3, 0x00, 0x00, 0x00, 0x00,
    0x00, 0x00, 0x00, 0x8f, 0xff, 0xff, 0x30, 0x00,
    0x00, 0x00, 0x00, 0x00, 0x00, 0x08, 0xff, 0xff,
    0xf3, 0x00, 0x00, 0x00, 0x00, 0x24, 0x56, 0x52,
    0x8f, 0xff, 0xff, 0x30, 0x00, 0x00, 0x3a, 0xff,
    0xfd, 0xaa, 0xdf, 0xff, 0xff, 0xf3, 0x00, 0x00,
    0x9f, 0xff, 0xf7, 0x00, 0x00, 0x8f, 0xff, 0xff,
    0x30, 0x00, 0x9f, 0xff, 0xfa, 0x00, 0x00, 0x08,
    0xff, 0xff, 0xf3, 0x00, 0x2f, 0xff, 0xff, 0x60,
    0x00, 0x00, 0x8f, 0xff, 0xff, 0x30, 0x07, 0xff,
    0xff, 0xf4, 0x00, 0x00, 0x08, 0xff, 0xff, 0xf3,
    0x00, 0x8f, 0xff, 0xff, 0x60, 0x00, 0x00, 0x8f,
    0xff, 0xff, 0x30, 0x06, 0xff, 0xff, 0xfb, 0x00,
    0x00, 0x08, 0xff, 0xff, 0xf3, 0x00, 0x1f, 0xff,
    0xff, 0xf9, 0x10, 0x17, 0xef, 0xff, 0xff, 0x60,
    0xc0, 0x7f, 0xff, 0xff, 0xff, 0xff, 0xe4, 0xff,
    0xff, 0xff, 0xfa, 0x00, 0x5e, 0xff, 0xff, 0xff,
    0x91, 0x05, 0xff, 0xff, 0xfb, 0x00, 0x00, 0x04,
    0x77, 0x74, 0x00, 0x00, 0x01, 0x67, 0x73, 0x00,

    /* U+00E6 "æ" */
    0x00, 0x00, 0x00, 0x03, 0x67, 0x76, 0x40, 0x00,
    0x00, 0x00, 0x36, 0x77, 0x52, 0x00, 0x00, 0x00,
    0x00, 0x00, 0x29, 0xff, 0xda, 0xbf, 0xfe, 0x60,
    0x00, 0x5d, 0xff, 0xff, 0xff, 0xc4, 0x00, 0x00,
    0x00, 0x06, 0xff, 0xf8, 0x00, 0x04, 0xff, 0xf7,
    0x0a, 0xff, 0x50, 0x05, 0xff, 0xff, 0x80, 0x00,
    0x00, 0x6f, 0xff, 0xf0, 0x00, 0x00, 0xbf, 0xff,
    0xcf, 0xf4, 0x00, 0x00, 0x6f, 0xff, 0xf7, 0x00,
    0x01, 0xff, 0xff, 0xf0, 0x00, 0x00, 0x8f, 0xff,
    0xff, 0xb0, 0x00, 0x00, 0x0d, 0xff, 0xff, 0x30,
    0x05, 0xff, 0xff, 0xf0, 0x00, 0x00, 0x8f, 0xff,
    0xff, 0x50, 0x00, 0x00, 0x09, 0xff, 0xff, 0xb0,
    0x06, 0xff, 0xff, 0xd0, 0x00, 0x00, 0x8f, 0xff,
    0xff, 0x10, 0x00, 0x00, 0x05, 0xff, 0xff, 0xf1,
    0x02, 0xff, 0xff, 0x60, 0x00, 0x00, 0x8f, 0xff,
    0xff, 0x00, 0x00, 0x00, 0x04, 0xff, 0xff, 0xf5,
    0x00, 0x4a, 0x94, 0x00, 0x00, 0x00, 0x8f, 0xff,
    0xfe, 0x00, 0x00, 0x00, 0x03, 0xff, 0xff, 0xf7,
    0x00, 0x00, 0x00, 0x00, 0x00, 0x00, 0x8f, 0xff,
    0xfd, 0x00, 0x00, 0x00, 0x04, 0xff, 0xff, 0xf8,
    0x00, 0x00, 0x00, 0x00, 0x00, 0x00, 0x8f, 0xff,
    0xff, 0xff, 0xff, 0xff, 0xff, 0xff, 0xff, 0xe3,
    0x00, 0x00, 0x00, 0x24, 0x56, 0x54, 0x9f, 0xff,
    0xff, 0x00, 0x00, 0x00, 0x00, 0x00, 0x00, 0x00,
    0x00, 0x03, 0xaf, 0xfd, 0x41, 0x13, 0xbf, 0xff,
    0xff, 0x10, 0x00, 0x00, 0x00, 0x00, 0x00, 0x00,
    0x00, 0x9f, 0xff, 0xe1, 0x00, 0x00, 0x6f, 0xff,
    0xff, 0x50, 0x00, 0x00, 0x00, 0x00, 0x00, 0x00,
    0x08, 0xff, 0xff, 0x80, 0x00, 0x00, 0x4f, 0xff,
    0xff, 0xa0, 0x00, 0x00, 0x00, 0x00, 0x00, 0x76,
    0x2f, 0xff, 0xff, 0x50, 0x00, 0x00, 0x1f, 0xff,
    0xff, 0xf2, 0x00, 0x00, 0x00, 0x00, 0x00, 0xd5,
    0x6f, 0xff, 0xff, 0x40, 0x00, 0x00, 0x0b, 0xff,
    0xff, 0xfc, 0x00, 0x00, 0x00, 0x00, 0x07, 0xf2,
    0x7f, 0xff, 0xff, 0x60, 0x00, 0x00, 0x05, 0xff,
    0xff, 0xff, 0xc1, 0x00, 0x00, 0x00, 0x6f, 0xc0,
    0x6f, 0xff, 0xff, 0xb0, 0x00, 0x00, 0x1c, 0xef,
    0xff, 0xff, 0xff, 0x95, 0x34, 0x6c, 0xff, 0x30,
    0x1f, 0xff, 0xff, 0xf7, 0x00, 0x04, 0xdb, 0x1d,
    0xff, 0xff, 0xff, 0xff, 0xff, 0xff, 0xf7, 0x00,
    0x06, 0xff, 0xff, 0xff, 0xec, 0xef, 0xa0, 0x01,
    0xbf, 0xff, 0xff, 0xff, 0xff, 0xff, 0x70, 0x00,
    0x00, 0x4d, 0xff, 0xff, 0xff, 0xc5, 0x00, 0x00,
    0x05, 0xcf, 0xff, 0xff, 0xff, 0xb2, 0x00, 0x00,
    0x00, 0x00, 0x36, 0x77, 0x52, 0x00, 0x00, 0x00,
    0x00, 0x01, 0x57, 0x77, 0x51, 0x00, 0x00, 0x00,

    /* U+00E7 "ç" */
    0x00, 0x00, 0x00, 0x00, 0x46, 0x77, 0x63, 0x00,
    0x00, 0x00, 0x00, 0x00, 0x2a, 0xff, 0xff, 0xff,
    0xfe, 0x80, 0x00, 0x00, 0x00, 0x7f, 0xfe, 0x50,
    0x03, 0xdf, 0xff, 0xd2, 0x00, 0x00, 0x9f, 0xff,
    0x30, 0x00, 0x02, 0xff, 0xff, 0xd0, 0x00, 0x7f,
    0xff, 0x80, 0x00, 0x00, 0x0d, 0xff, 0xff, 0x70,
    0x2f, 0xff, 0xf2, 0x00, 0x00, 0x00, 0xcf, 0xff,
    0xfc, 0x0a, 0xff, 0xfd, 0x00, 0x00, 0x00, 0x0c,
    0xff, 0xff, 0xd1, 0xff, 0xff, 0xa0, 0x00, 0x00,
    0x00, 0x9f, 0xff, 0xfa, 0x6f, 0xff, 0xf9, 0x00,
    0x00, 0x00, 0x01, 0xef, 0xfe, 0x29, 0xff, 0xff,
    0x80, 0x00, 0x00, 0x00, 0x00, 0x33, 0x00, 0xbf,
    0xff, 0xf9, 0x00, 0x00, 0x00, 0x00, 0x00, 0x00,
    0x0c, 0xff, 0xff, 0xa0, 0x00, 0x00, 0x00, 0x00,
    0x00, 0x00, 0xcf, 0xff, 0xfd, 0x00, 0x00, 0x00,
    0x00, 0x00, 0x00, 0x0b, 0xff, 0xff, 0xf1, 0x00,
    0x00, 0x00, 0x00, 0x00, 0x00, 0x9f, 0xff, 0xff,
    0x70, 0x00, 0x00, 0x00, 0x00, 0x00, 0x25, 0xff,
    0xff, 0xfe, 0x10, 0x00, 0x00, 0x00, 0x00, 0x5d,
    0x0f, 0xff, 0xff, 0xfb, 0x00, 0x00, 0x00, 0x00,
    0x1d, 0xa0, 0x8f, 0xff, 0xff, 0xfc, 0x20, 0x00,
    0x00, 0x3d, 0xf5, 0x01, 0xef, 0xff, 0xff, 0xff,
    0xb8, 0x79, 0xcf, 0xfd, 0x00, 0x03, 0xff, 0xff,
    0xff, 0xff, 0xff, 0xff, 0xff, 0x20, 0x00, 0x03,
    0xdf, 0xff, 0xff, 0xff, 0xff, 0xfe, 0x30, 0x00,
    0x00, 0x00, 0x7e, 0xff, 0xff, 0xff, 0xe8, 0x00,
    0x00, 0x00, 0x00, 0x00, 0x03, 0x6f, 0x86, 0x30,
    0x00, 0x00, 0x00, 0x00, 0x00, 0x00, 0x07, 0xa0,
    0x00, 0x00, 0x00, 0x00, 0x00, 0x00, 0x00, 0x01,
    0xf9, 0x64, 0x00, 0x00, 0x00, 0x00, 0x00, 0x00,
    0x00, 0x17, 0xaf, 0xfe, 0x40, 0x00, 0x00, 0x00,
    0x00, 0x00, 0x00, 0x00, 0x8f, 0xfe, 0x00, 0x00,
    0x00, 0x00, 0x00, 0x00, 0x00, 0x04, 0xff, 0xf3,
    0x00, 0x00, 0x00, 0x00, 0x04, 0x50, 0x00, 0x5f,
    0xff, 0x20, 0x00, 0x00, 0x00, 0x00, 0x4f, 0x60,
    0x1c, 0xff, 0xb0, 0x00, 0x00, 0x00, 0x00, 0x00,
    0x4d, 0xff, 0xff, 0x80, 0x00, 0x00, 0x00, 0x00,
    0x00, 0x00, 0x01, 0x22, 0x00, 0x00, 0x00, 0x00,

    /* U+00E8 "è" */
    0x00, 0x00, 0x00, 0x00, 0x00, 0x00, 0x00, 0x00,
    0x00, 0x00, 0x00, 0x00, 0x0a, 0xfd, 0x40, 0x00,
    0x00, 0x00, 0x00, 0x00, 0x00, 0x00, 0x4f, 0xff,
    0xe1, 0x00, 0x00, 0x00, 0x00, 0x00, 0x00, 0x00,
    0x5f, 0xff, 0xf8, 0x00, 0x00, 0x00, 0x00, 0x00,
    0x00, 0x00, 0x1e, 0xff, 0xfe, 0x00, 0x00, 0x00,
    0x00, 0x00, 0x00, 0x00, 0x03, 0xff, 0xff, 0x60,
    0x00, 0x00, 0x00, 0x00, 0x00, 0x00, 0x00, 0x2c,
    0xff, 0xd0, 0x00, 0x00, 0x00, 0x00, 0x00, 0x00,
    0x00, 0x00, 0x9f, 0xf4, 0x00, 0x00, 0x00, 0x00,
    0x00, 0x00, 0x00, 0x00, 0x05, 0xfb, 0x00, 0x00,
    0x00, 0x00, 0x00, 0x00, 0x00, 0x00, 0x00, 0x26,
    0x00, 0x00, 0x00, 0x00, 0x00, 0x00, 0x00, 0x01,
    0x57, 0x77, 0x51, 0x00, 0x00, 0x00, 0x00, 0x00,
    0x04, 0xcf, 0xff, 0xff, 0xff, 0xb3, 0x00, 0x00,
    0x00, 0x00, 0xaf, 0xfd, 0x40, 0x19, 0xff, 0xff,
    0x60, 0x00, 0x00, 0x0c, 0xff, 0xe1, 0x00, 0x00,
    0xaf, 0xff, 0xf6, 0x00, 0x00, 0xaf, 0xff, 0x60,
    0x00, 0x00, 0x2f, 0xff, 0xff, 0x10, 0x04, 0xff,
    0xff, 0x00, 0x00, 0x00, 0x0c, 0xff, 0xff, 0x90,
    0x0c, 0xff, 0xfb, 0x00, 0x00, 0x00, 0x09, 0xff,
    0xff, 0xe0, 0x2f, 0xff, 0xf9, 0x00, 0x00, 0x00,
    0x07, 0xff, 0xff, 0xf2, 0x6f, 0xff, 0xf7, 0x00,
    0x00, 0x00, 0x06, 0xff, 0xff, 0xf4, 0xaf, 0xff,
    0xf7, 0x00, 0x00, 0x00, 0x08, 0xff, 0xff, 0xf5,
    0xcf, 0xff, 0xff, 0xff, 0xff, 0xff, 0xff, 0xff,
    0xff, 0xe1, 0xcf, 0xff, 0xfa, 0x22, 0x22, 0x22,
    0x22, 0x22, 0x22, 0x00, 0xcf, 0xff, 0xfb, 0x00,
    0x00, 0x00, 0x00, 0x00, 0x00, 0x00, 0xbf, 0xff,
    0xfe, 0x00, 0x00, 0x00, 0x00, 0x00, 0x00, 0x00,
    0x9f, 0xff, 0xff, 0x30, 0x00, 0x00, 0x00, 0x00,
    0x00, 0x41, 0x5f, 0xff, 0xff, 0xb0, 0x00, 0x00,
    0x00, 0x00, 0x00, 0xf4, 0x0f, 0xff, 0xff, 0xf6,
    0x00, 0x00, 0x00, 0x00, 0x08, 0xf1, 0x08, 0xff,
    0xff, 0xff, 0x70, 0x00, 0x00, 0x00, 0x7f, 0xc0,
    0x00, 0xdf, 0xff, 0xff, 0xfd, 0x74, 0x34, 0x7d,
    0xff, 0x40, 0x00, 0x2e, 0xff, 0xff, 0xff, 0xff,
    0xff, 0xff, 0xf7, 0x00, 0x00, 0x02, 0xcf, 0xff,
    0xff, 0xff, 0xff, 0xff, 0x70, 0x00, 0x00, 0x00,
    0x06, 0xdf, 0xff, 0xff, 0xff, 0xa2, 0x00, 0x00,
    0x00, 0x00, 0x00, 0x02, 0x57, 0x76, 0x40, 0x00,
    0x00, 0x00,

    /* U+00E9 "é" */
    0x00, 0x00, 0x00, 0x00, 0x00, 0x00, 0x00, 0x00,
    0x00, 0x00, 0x00, 0x00, 0x00, 0x00, 0x00, 0x00,
    0x2c, 0xfc, 0x10, 0x00, 0x00, 0x00, 0x00, 0x00,
    0x00, 0x00, 0xdf, 0xff, 0x90, 0x00, 0x00, 0x00,
    0x00, 0x00, 0x00, 0x06, 0xff, 0xff, 0x90, 0x00,
    0x00, 0x00, 0x00, 0x00, 0x00, 0x0d, 0xff, 0xff,
    0x20, 0x00, 0x00, 0x00, 0x00, 0x00, 0x00, 0x4f,
    0xff, 0xe4, 0x00, 0x00, 0x00, 0x00, 0x00, 0x00,
    0x00, 0xbf, 0xfc, 0x10, 0x00, 0x00, 0x00, 0x00,
    0x00, 0x00, 0x02, 0xff, 0x70, 0x00, 0x00, 0x00,
    0x00, 0x00, 0x00, 0x00, 0x08, 0xe3, 0x00, 0x00,
    0x00, 0x00, 0x00, 0x00, 0x00, 0x00, 0x01, 0x00,
    0x00, 0x00, 0x00, 0x00, 0x00, 0x00, 0x00, 0x01,
    0x57, 0x77, 0x51, 0x00, 0x00, 0x00, 0x00, 0x00,
    0x04, 0xcf, 0xff, 0xff, 0xff, 0xb3, 0x00, 0x00,
    0x00, 0x00, 0xaf, 0xfd, 0x40, 0x19, 0xff, 0xff,
    0x60, 0x00, 0x00, 0x0c, 0xff, 0xe1, 0x00, 0x00,
    0xaf, 0xff, 0xf6, 0x00, 0x00, 0xaf, 0xff, 0x60,
    0x00, 0x00, 0x2f, 0xff, 0xff, 0x10, 0x04, 0xff,
    0xff, 0x00, 0x00, 0x00, 0x0c, 0xff, 0xff, 0x90,
    0x0c, 0xff, 0xfb, 0x00, 0x00, 0x00, 0x09, 0xff,
    0xff, 0xe0, 0x2f, 0xff, 0xf9, 0x00, 0x00, 0x00,
    0x07, 0xff, 0xff, 0xf2, 0x6f, 0xff, 0xf7, 0x00,
    0x00, 0x00, 0x06, 0xff, 0xff, 0xf4, 0xaf, 0xff,
    0xf7, 0x00, 0x00, 0x00, 0x08, 0xff, 0xff, 0xf5,
    0xcf, 0xff, 0xff, 0xff, 0xff, 0xff, 0xff, 0xff,
    0xff, 0xe1, 0xcf, 0xff, 0xfa, 0x22, 0x22, 0x22,
    0x22, 0x22, 0x22, 0x00, 0xcf, 0xff, 0xfb, 0x00,
    0x00, 0x00, 0x00, 0x00, 0x00, 0x00, 0xbf, 0xff,
    0xfe, 0x00, 0x00, 0x00, 0x00, 0x00, 0x00, 0x00,
    0x9f, 0xff, 0xff, 0x30, 0x00, 0x00, 0x00, 0x00,
    0x00, 0x41, 0x5f, 0xff, 0xff, 0xb0, 0x00, 0x00,
    0x00, 0x00, 0x00, 0xf4, 0x0f, 0xff, 0xff, 0xf6,
    0x00, 0x00, 0x00, 0x00, 0x08, 0xf1, 0x08, 0xff,
    0xff, 0xff, 0x70, 0x00, 0x00, 0x00, 0x7f, 0xc0,
    0x00, 0xdf, 0xff, 0xff, 0xfd, 0x74, 0x34, 0x7d,
    0xff, 0x40, 0x00, 0x2e, 0xff, 0xff, 0xff, 0xff,
    0xff, 0xff, 0xf7, 0x00, 0x00, 0x02, 0xcf, 0xff,
    0xff, 0xff, 0xff, 0xff, 0x70, 0x00, 0x00, 0x00,
    0x06, 0xdf, 0xff, 0xff, 0xff, 0xa2, 0x00, 0x00,
    0x00, 0x00, 0x00, 0x02, 0x57, 0x76, 0x40, 0x00,
    0x00, 0x00,

    /* U+00EA "ê" */
    0x00, 0x00, 0x00, 0x00, 0x1c, 0xe4, 0x00, 0x00,
    0x00, 0x00, 0x00, 0x00, 0x00, 0x00, 0xbf, 0xff,
    0x20, 0x00, 0x00, 0x00, 0x00, 0x00, 0x00, 0x09,
    0xff, 0xff, 0xd1, 0x00, 0x00, 0x00, 0x00, 0x00,
    0x00, 0x6f, 0xff, 0xff, 0xfc, 0x00, 0x00, 0x00,
    0x00, 0x00, 0x03, 0xff, 0xe5, 0x1b, 0xff, 0x90,
    0x00, 0x00, 0x00, 0x00, 0x1e, 0xfa, 0x10, 0x00,
    0x6f, 0xf6, 0x00, 0x00, 0x00, 0x00, 0xce, 0x50,
    0x00, 0x00, 0x01, 0xbf, 0x30, 0x00, 0x00, 0x00,
    0x61, 0x00, 0x00, 0x00, 0x00, 0x05, 0x30, 0x00,
    0x00, 0x00, 0x00, 0x01, 0x57, 0x77, 0x51, 0x00,
    0x00, 0x00, 0x00, 0x00, 0x04, 0xcf, 0xff, 0xff,
    0xff, 0xb3, 0x00, 0x00, 0x00, 0x00, 0xaf, 0xfd,
    0x40, 0x19, 0xff, 0xff, 0x60, 0x00, 0x00, 0x0c,
    0xff, 0xe1, 0x00, 0x00, 0xaf, 0xff, 0xf6, 0x00,
    0x00, 0xaf, 0xff, 0x60, 0x00, 0x00, 0x2f, 0xff,
    0xff, 0x10, 0x04, 0xff, 0xff, 0x00, 0x00, 0x00,
    0x0c, 0xff, 0xff, 0x90, 0x0c, 0xff, 0xfb, 0x00,
    0x00, 0x00, 0x09, 0xff, 0xff, 0xe0, 0x2f, 0xff,
    0xf9, 0x00, 0x00, 0x00, 0x07, 0xff, 0xff, 0xf2,
    0x6f, 0xff, 0xf7, 0x00, 0x00, 0x00, 0x06, 0xff,
    0xff, 0xf4, 0xaf, 0xff, 0xf7, 0x00, 0x00, 0x00,
    0x08, 0xff, 0xff, 0xf5, 0xcf, 0xff, 0xff, 0xff,
    0xff, 0xff, 0xff, 0xff, 0xff, 0xe1, 0xcf, 0xff,
    0xfa, 0x22, 0x22, 0x22, 0x22, 0x22, 0x22, 0x00,
    0xcf, 0xff, 0xfb, 0x00, 0x00, 0x00, 0x00, 0x00,
    0x00, 0x00, 0xbf, 0xff, 0xfe, 0x00, 0x00, 0x00,
    0x00, 0x00, 0x00, 0x00, 0x9f, 0xff, 0xff, 0x30,
    0x00, 0x00, 0x00, 0x00, 0x00, 0x41, 0x5f, 0xff,
    0xff, 0xb0, 0x00, 0x00, 0x00, 0x00, 0x00, 0xf4,
    0x0f, 0xff, 0xff, 0xf6, 0x00, 0x00, 0x00, 0x00,
    0x08, 0xf1, 0x08, 0xff, 0xff, 0xff, 0x70, 0x00,
    0x00, 0x00, 0x7f, 0xc0, 0x00, 0xdf, 0xff, 0xff,
    0xfd, 0x74, 0x34, 0x7d, 0xff, 0x40, 0x00, 0x2e,
    0xff, 0xff, 0xff, 0xff, 0xff, 0xff, 0xf7, 0x00,
    0x00, 0x02, 0xcf, 0xff, 0xff, 0xff, 0xff, 0xff,
    0x70, 0x00, 0x00, 0x00, 0x06, 0xdf, 0xff, 0xff,
    0xff, 0xa2, 0x00, 0x00, 0x00, 0x00, 0x00, 0x02,
    0x57, 0x76, 0x40, 0x00, 0x00, 0x00,

    /* U+00EB "ë" */
    0x00, 0x00, 0x16, 0x73, 0x00, 0x00, 0x16, 0x74,
    0x00, 0x00, 0x00, 0x03, 0xff, 0xff, 0x50, 0x01,
    0xef, 0xff, 0x80, 0x00, 0x00, 0x0a, 0xff, 0xff,
    0xd0, 0x08, 0xff, 0xff, 0xf0, 0x00, 0x00, 0x0b,
    0xff, 0xff, 0xf0, 0x09, 0xff, 0xff, 0xf1, 0x00,
    0x00, 0x07, 0xff, 0xff, 0xa0, 0x05, 0xff, 0xff,
    0xd0, 0x00, 0x00, 0x00, 0x9e, 0xfa, 0x10, 0x00,
    0x7e, 0xfb, 0x20, 0x00, 0x00, 0x00, 0x00, 0x00,
    0x00, 0x00, 0x00, 0x00, 0x00, 0x00, 0x00, 0x00,
    0x00, 0x01, 0x57, 0x77, 0x51, 0x00, 0x00, 0x00,
    0x00, 0x00, 0x04, 0xcf, 0xff, 0xff, 0xff, 0xb3,
    0x00, 0x00, 0x00, 0x00, 0xaf, 0xfd, 0x40, 0x19,
    0xff, 0xff, 0x60, 0x00, 0x00, 0x0c, 0xff, 0xe1,
    0x00, 0x00, 0xaf, 0xff, 0xf6, 0x00, 0x00, 0xaf,
    0xff, 0x60, 0x00, 0x00, 0x2f, 0xff, 0xff, 0x10,
    0x04, 0xff, 0xff, 0x00, 0x00, 0x00, 0x0c, 0xff,
    0xff, 0x90, 0x0c, 0xff, 0xfb, 0x00, 0x00, 0x00,
    0x09, 0xff, 0xff, 0xe0, 0x2f, 0xff, 0xf9, 0x00,
    0x00, 0x00, 0x07, 0xff, 0xff, 0xf2, 0x6f, 0xff,
    0xf7, 0x00, 0x00, 0x00, 0x06, 0xff, 0xff, 0xf4,
    0xaf, 0xff, 0xf7, 0x00, 0x00, 0x00, 0x08, 0xff,
    0xff, 0xf5, 0xcf, 0xff, 0xff, 0xff, 0xff, 0xff,
    0xff, 0xff, 0xff, 0xe1, 0xcf, 0xff, 0xfa, 0x22,
    0x22, 0x22, 0x22, 0x22, 0x22, 0x00, 0xcf, 0xff,
    0xfb, 0x00, 0x00, 0x00, 0x00, 0x00, 0x00, 0x00,
    0xbf, 0xff, 0xfe, 0x00, 0x00, 0x00, 0x00, 0x00,
    0x00, 0x00, 0x9f, 0xff, 0xff, 0x30, 0x00, 0x00,
    0x00, 0x00, 0x00, 0x41, 0x5f, 0xff, 0xff, 0xb0,
    0x00, 0x00, 0x00, 0x00, 0x00, 0xf4, 0x0f, 0xff,
    0xff, 0xf6, 0x00, 0x00, 0x00, 0x00, 0x08, 0xf1,
    0x08, 0xff, 0xff, 0xff, 0x70, 0x00, 0x00, 0x00,
    0x7f, 0xc0, 0x00, 0xdf, 0xff, 0xff, 0xfd, 0x74,
    0x34, 0x7d, 0xff, 0x40, 0x00, 0x2e, 0xff, 0xff,
    0xff, 0xff, 0xff, 0xff, 0xf7, 0x00, 0x00, 0x02,
    0xcf, 0xff, 0xff, 0xff, 0xff, 0xff, 0x70, 0x00,
    0x00, 0x00, 0x06, 0xdf, 0xff, 0xff, 0xff, 0xa2,
    0x00, 0x00, 0x00, 0x00, 0x00, 0x02, 0x57, 0x76,
    0x40, 0x00, 0x00, 0x00,

    /* U+00EC "ì" */
    0x00, 0x00, 0x00, 0x00, 0x00, 0x00, 0x0c, 0xfd,
    0x30, 0x00, 0x00, 0x00, 0x7f, 0xff, 0xe0, 0x00,
    0x00, 0x00, 0x7f, 0xff, 0xf8, 0x00, 0x00, 0x00,
    0x1e, 0xff, 0xfe, 0x00, 0x00, 0x00, 0x02, 0xdf,
    0xff, 0x60, 0x00, 0x00, 0x00, 0x08, 0xff, 0xd0,
    0x00, 0x00, 0x00, 0x00, 0x4e, 0xf5, 0x00, 0x00,
    0x00, 0x00, 0x00, 0xaa, 0x00, 0x00, 0x00, 0x00,
    0x00, 0x00, 0x00, 0x00, 0x00, 0x00, 0x00, 0x04,
    0x71, 0x00, 0x00, 0x00, 0x38, 0xef, 0xf4, 0x00,
    0x01, 0x7d, 0xff, 0xff, 0xf4, 0x00, 0x0a, 0xff,
    0xff, 0xff, 0xf4, 0x00, 0x00, 0x07, 0xff, 0xff,
    0xf4, 0x00, 0x00, 0x07, 0xff, 0xff, 0xf4, 0x00,
    0x00, 0x07, 0xff, 0xff, 0xf4, 0x00, 0x00, 0x07,
    0xff, 0xff, 0xf4, 0x00, 0x00, 0x07, 0xff, 0xff,
    0xf4, 0x00, 0x00, 0x07, 0xff, 0xff, 0xf4, 0x00,
    0x00, 0x07, 0xff, 0xff, 0xf4, 0x00, 0x00, 0x07,
    0xff, 0xff, 0xf4, 0x00, 0x00, 0x07, 0xff, 0xff,
    0xf4, 0x00, 0x00, 0x07, 0xff, 0xff, 0xf4, 0x00,
    0x00, 0x07, 0xff, 0xff, 0xf4, 0x00, 0x00, 0x07,
    0xff, 0xff, 0xf4, 0x00, 0x00, 0x07, 0xff, 0xff,
    0xf4, 0x00, 0x00, 0x07, 0xff, 0xff, 0xf4, 0x00,
    0x00, 0x07, 0xff, 0xff, 0xf4, 0x00, 0x00, 0x07,
    0xff, 0xff, 0xf4, 0x00, 0x00, 0x5d, 0xff, 0xff,
    0xfc, 0x50, 0x08, 0xff, 0xff, 0xff, 0xff, 0xf6,

    /* U+00ED "í" */
    0x00, 0x00, 0x00, 0x00, 0x57, 0x40, 0x00, 0x00,
    0x00, 0x09, 0xff, 0xf5, 0x00, 0x00, 0x00, 0x4f,
    0xff, 0xf8, 0x00, 0x00, 0x00, 0xbf, 0xff, 0xf4,
    0x00, 0x00, 0x02, 0xff, 0xff, 0x80, 0x00, 0x00,
    0x09, 0xff, 0xf5, 0x00, 0x00, 0x00, 0x1f, 0xfc,
    0x20, 0x00, 0x00, 0x00, 0x7f, 0x80, 0x00, 0x00,
    0x00, 0x00, 0x54, 0x00, 0x00, 0x00, 0x00, 0x00,
    0x00, 0x47, 0x10, 0x00, 0x00, 0x04, 0x9e, 0xff,
    0x40, 0x00, 0x3a, 0xff, 0xff, 0xff, 0x40, 0x00,
    0x7c, 0xef, 0xff, 0xff, 0x40, 0x00, 0x00, 0x7f,
    0xff, 0xff, 0x40, 0x00, 0x00, 0x7f, 0xff, 0xff,
    0x40, 0x00, 0x00, 0x7f, 0xff, 0xff, 0x40, 0x00,
    0x00, 0x7f, 0xff, 0xff, 0x40, 0x00, 0x00, 0x7f,
    0xff, 0xff, 0x40, 0x00, 0x00, 0x7f, 0xff, 0xff,
    0x40, 0x00, 0x00, 0x7f, 0xff, 0xff, 0x40, 0x00,
    0x00, 0x7f, 0xff, 0xff, 0x40, 0x00, 0x00, 0x7f,
    0xff, 0xff, 0x40, 0x00, 0x00, 0x7f, 0xff, 0xff,
    0x40, 0x00, 0x00, 0x7f, 0xff, 0xff, 0x40, 0x00,
    0x00, 0x7f, 0xff, 0xff, 0x40, 0x00, 0x00, 0x7f,
    0xff, 0xff, 0x40, 0x00, 0x00, 0x7f, 0xff, 0xff,
    0x40, 0x00, 0x00, 0x7f, 0xff, 0xff, 0x40, 0x00,
    0x00, 0x7f, 0xff, 0xff, 0x40, 0x00, 0x15, 0xdf,
    0xff, 0xff, 0xc5, 0x00, 0x8f, 0xff, 0xff, 0xff,
    0xff, 0x60,

    /* U+00EE "î" */
    0x00, 0x00, 0x0b, 0xe3, 0x00, 0x00, 0x00, 0x00,
    0x8f, 0xfe, 0x10, 0x00, 0x00, 0x04, 0xff, 0xff,
    0xb0, 0x00, 0x00, 0x1e, 0xff, 0xff, 0xf7, 0x00,
    0x00, 0xbf, 0xf6, 0x2c, 0xff, 0x30, 0x07, 0xfd,
    0x20, 0x00, 0x8f, 0xd0, 0x3f, 0x90, 0x00, 0x00,
    0x04, 0xe9, 0x24, 0x00, 0x00, 0x00, 0x00, 0x15,
    0x00, 0x00, 0x00, 0x04, 0x71, 0x00, 0x00, 0x00,
    0x49, 0xef, 0xf4, 0x00, 0x03, 0xaf, 0xff, 0xff,
    0xf4, 0x00, 0x07, 0xce, 0xff, 0xff, 0xf4, 0x00,
    0x00, 0x07, 0xff, 0xff, 0xf4, 0x00, 0x00, 0x07,
    0xff, 0xff, 0xf4, 0x00, 0x00, 0x07, 0xff, 0xff,
    0xf4, 0x00, 0x00, 0x07, 0xff, 0xff, 0xf4, 0x00,
    0x00, 0x07, 0xff, 0xff, 0xf4, 0x00, 0x00, 0x07,
    0xff, 0xff, 0xf4, 0x00, 0x00, 0x07, 0xff, 0xff,
    0xf4, 0x00, 0x00, 0x07, 0xff, 0xff, 0xf4, 0x00,
    0x00, 0x07, 0xff, 0xff, 0xf4, 0x00, 0x00, 0x07,
    0xff, 0xff, 0xf4, 0x00, 0x00, 0x07, 0xff, 0xff,
    0xf4, 0x00, 0x00, 0x07, 0xff, 0xff, 0xf4, 0x00,
    0x00, 0x07, 0xff, 0xff, 0xf4, 0x00, 0x00, 0x07,
    0xff, 0xff, 0xf4, 0x00, 0x00, 0x07, 0xff, 0xff,
    0xf4, 0x00, 0x00, 0x07, 0xff, 0xff, 0xf4, 0x00,
    0x01, 0x5d, 0xff, 0xff, 0xfc, 0x50, 0x08, 0xff,
    0xff, 0xff, 0xff, 0xf6,

    /* U+00EF "ï" */
    0x06, 0xb9, 0x00, 0x01, 0xab, 0x50, 0x4f, 0xff,
    0x90, 0x0b, 0xff, 0xf2, 0x8f, 0xff, 0xe0, 0x0f,
    0xff, 0xf7, 0x9f, 0xff, 0xf0, 0x1f, 0xff, 0xf7,
    0x5f, 0xff, 0xb0, 0x0d, 0xff, 0xf3, 0x09, 0xfc,
    0x20, 0x03, 0xdf, 0x80, 0x00, 0x00, 0x00, 0x00,
    0x00, 0x00, 0x00, 0x00, 0x00, 0x04, 0x71, 0x00,
    0x00, 0x00, 0x49, 0xef, 0xf4, 0x00, 0x03, 0xaf,
    0xff, 0xff, 0xf4, 0x00, 0x07, 0xce, 0xff, 0xff,
    0xf4, 0x00, 0x00, 0x07, 0xff, 0xff, 0xf4, 0x00,
    0x00, 0x07, 0xff, 0xff, 0xf4, 0x00, 0x00, 0x07,
    0xff, 0xff, 0xf4, 0x00, 0x00, 0x07, 0xff, 0xff,
    0xf4, 0x00, 0x00, 0x07, 0xff, 0xff, 0xf4, 0x00,
    0x00, 0x07, 0xff, 0xff, 0xf4, 0x00, 0x00, 0x07,
    0xff, 0xff, 0xf4, 0x00, 0x00, 0x07, 0xff, 0xff,
    0xf4, 0x00, 0x00, 0x07, 0xff, 0xff, 0xf4, 0x00,
    0x00, 0x07, 0xff, 0xff, 0xf4, 0x00, 0x00, 0x07,
    0xff, 0xff, 0xf4, 0x00, 0x00, 0x07, 0xff, 0xff,
    0xf4, 0x00, 0x00, 0x07, 0xff, 0xff, 0xf4, 0x00,
    0x00, 0x07, 0xff, 0xff, 0xf4, 0x00, 0x00, 0x07,
    0xff, 0xff, 0xf4, 0x00, 0x00, 0x07, 0xff, 0xff,
    0xf4, 0x00, 0x01, 0x5d, 0xff, 0xff, 0xfc, 0x50,
    0x08, 0xff, 0xff, 0xff, 0xff, 0xf6,

    /* U+00F0 "ð" */
    0x00, 0x00, 0x07, 0x62, 0x00, 0x00, 0x00, 0x00,
    0x00, 0x00, 0x00, 0x00, 0x00, 0x1e, 0xff, 0xc6,
    0x00, 0x00, 0x00, 0x00, 0x00, 0x00, 0x00, 0x00,
    0x00, 0x7f, 0xff, 0xe5, 0x00, 0x00, 0x3c, 0xb0,
    0x00, 0x00, 0x00, 0x00, 0x02, 0xcf, 0xff, 0xb1,
    0x3b, 0xfc, 0x30, 0x00, 0x00, 0x00, 0x00, 0x00,
    0x0b, 0xff, 0xff, 0xfc, 0x40, 0x00, 0x00, 0x00,
    0x00, 0x00, 0x00, 0x00, 0xcf, 0xff, 0xf3, 0x00,
    0x00, 0x00, 0x00, 0x00, 0x00, 0x00, 0x3b, 0xff,
    0xff, 0xff, 0x30, 0x00, 0x00, 0x00, 0x00, 0x00,
    0x3b, 0xfd, 0x53, 0xff, 0xff, 0xe1, 0x00, 0x00,
    0x00, 0x00, 0x08, 0xfd, 0x50, 0x00, 0x9f, 0xff,
    0xfc, 0x00, 0x00, 0x00, 0x00, 0x06, 0x50, 0x00,
    0x00, 0x1f, 0xff, 0xff, 0x70, 0x00, 0x00, 0x00,
    0x00, 0x00, 0x00, 0x00, 0x08, 0xff, 0xff, 0xf1,
    0x00, 0x00, 0x00, 0x00, 0x00, 0x00, 0x00, 0x01,
    0xff, 0xff, 0xf9, 0x00, 0x00, 0x00, 0x00, 0x03,
    0x67, 0x74, 0x00, 0xaf, 0xff, 0xff, 0x10, 0x00,
    0x00, 0x07, 0xef, 0xff, 0xff, 0xf7, 0x5f, 0xff,
    0xff, 0x70, 0x00, 0x01, 0xcf, 0xff, 0xfa, 0x79,
    0xff, 0x9f, 0xff, 0xff, 0xd0, 0x00, 0x1d, 0xff,
    0xfe, 0x20, 0x00, 0x1b, 0xff, 0xff, 0xff, 0xf2,
    0x00, 0xbf, 0xff, 0xf4, 0x00, 0x00, 0x00, 0xdf,
    0xff, 0xff, 0xf6, 0x05, 0xff, 0xff, 0xd0, 0x00,
    0x00, 0x00, 0x3f, 0xff, 0xff, 0xfa, 0x0d, 0xff,
    0xff, 0x90, 0x00, 0x00, 0x00, 0x0c, 0xff, 0xff,
    0xfc, 0x3f, 0xff, 0xff, 0x60, 0x00, 0x00, 0x00,
    0x06, 0xff, 0xff, 0xfe, 0x7f, 0xff, 0xff, 0x50,
    0x00, 0x00, 0x00, 0x02, 0xff, 0xff, 0xff, 0x9f,
    0xff, 0xff, 0x50, 0x00, 0x00, 0x00, 0x00, 0xff,
    0xff, 0xff, 0xbf, 0xff, 0xff, 0x50, 0x00, 0x00,
    0x00, 0x00, 0xdf, 0xff, 0xff, 0xbf, 0xff, 0xff,
    0x60, 0x00, 0x00, 0x00, 0x00, 0xcf, 0xff, 0xfe,
    0xaf, 0xff, 0xff, 0x80, 0x00, 0x00, 0x00, 0x00,
    0xbf, 0xff, 0xfc, 0x8f, 0xff, 0xff, 0xa0, 0x00,
    0x00, 0x00, 0x00, 0xbf, 0xff, 0xf9, 0x5f, 0xff,
    0xff, 0xe0, 0x00, 0x00, 0x00, 0x00, 0xcf, 0xff,
    0xf5, 0x1f, 0xff, 0xff, 0xf2, 0x00, 0x00, 0x00,
    0x00, 0xef, 0xff, 0xf1, 0x0a, 0xff, 0xff, 0xf8,
    0x00, 0x00, 0x00, 0x01, 0xff, 0xff, 0xa0, 0x02,
    0xff, 0xff, 0xfe, 0x10, 0x00, 0x00, 0x06, 0xff,
    0xff, 0x20, 0x00, 0x7f, 0xff, 0xff, 0x90, 0x00,
    0x00, 0x0d, 0xff, 0xf7, 0x00, 0x00, 0x0a, 0xff,
    0xff, 0xf8, 0x00, 0x00, 0x8f, 0xff, 0x90, 0x00,
    0x00, 0x00, 0x7f, 0xff, 0xff, 0xd8, 0x7c, 0xff,
    0xf7, 0x00, 0x00, 0x00, 0x00, 0x02, 0xaf, 0xff,
    0xff, 0xff, 0xfa, 0x20, 0x00, 0x00, 0x00, 0x00,
    0x00, 0x00, 0x46, 0x77, 0x64, 0x00, 0x00, 0x00,
    0x00,

    /* U+00F1 "ñ" */
    0x00, 0x00, 0x00, 0x00, 0x7a, 0x93, 0x00, 0x00,
    0x09, 0x00, 0x00, 0x00, 0x00, 0x00, 0x00, 0x00,
    0xbf, 0xff, 0xf9, 0x00, 0x03, 0xf0, 0x00, 0x00,
    0x00, 0x00, 0x00, 0x00, 0x4f, 0xff, 0xff, 0xfc,
    0x30, 0xae, 0x00, 0x00, 0x00, 0x00, 0x00, 0x00,
    0x08, 0xfb, 0xbf, 0xff, 0xff, 0xff, 0xc0, 0x00,
    0x00, 0x00, 0x00, 0x00, 0x00, 0xac, 0x00, 0x3e,
    0xff, 0xff, 0xf6, 0x00, 0x00, 0x00, 0x00, 0x00,
    0x00, 0x0a, 0x70, 0x00, 0x1a, 0xff, 0xfa, 0x00,
    0x00, 0x00, 0x00, 0x00, 0x00, 0x00, 0x21, 0x00,
    0x00, 0x01, 0x42, 0x00, 0x00, 0x00, 0x00, 0x00,
    0x00, 0x00, 0x05, 0x70, 0x00, 0x00, 0x15, 0x76,
    0x20, 0x00, 0x00, 0x00, 0x00, 0x04, 0xaf, 0xff,
    0x40, 0x01, 0xaf, 0xff, 0xff, 0xa0, 0x00, 0x00,
    0x03, 0x9e, 0xff, 0xff, 0xf4, 0x06, 0xff, 0xff,
    0xff, 0xff, 0x90, 0x00, 0x00, 0x9d, 0xff, 0xff,
    0xff, 0x49, 0xfe, 0xdf, 0xff, 0xff, 0xff, 0x20,
    0x00, 0x00, 0x08, 0xff, 0xff, 0xfe, 0xc4, 0x00,
    0x1d, 0xff, 0xff, 0xf8, 0x00, 0x00, 0x00, 0x7f,
    0xff, 0xff, 0x90, 0x00, 0x00, 0x3f, 0xff, 0xff,
    0xc0, 0x00, 0x00, 0x07, 0xff, 0xff, 0xf4, 0x00,
    0x00, 0x00, 0xef, 0xff, 0xff, 0x00, 0x00, 0x00,
    0x7f, 0xff, 0xff, 0x40, 0x00, 0x00, 0x0b, 0xff,
    0xff, 0xf1, 0x00, 0x00, 0x07, 0xff, 0xff, 0xf4,
    0x00, 0x00, 0x00, 0x9f, 0xff, 0xff, 0x30, 0x00,
    0x00, 0x7f, 0xff, 0xff, 0x40, 0x00, 0x00, 0x08,
    0xff, 0xff, 0xf4, 0x00, 0x00, 0x07, 0xff, 0xff,
    0xf4, 0x00, 0x00, 0x00, 0x6f, 0xff, 0xff, 0x60,
    0x00, 0x00, 0x7f, 0xff, 0xff, 0x40, 0x00, 0x00,
    0x04, 0xff, 0xff, 0xf8, 0x00, 0x00, 0x07, 0xff,
    0xff, 0xf4, 0x00, 0x00, 0x00, 0x2f, 0xff, 0xff,
    0xa0, 0x00, 0x00, 0x7f, 0xff, 0xff, 0x40, 0x00,
    0x00, 0x01, 0xff, 0xff, 0xfc, 0x00, 0x00, 0x07,
    0xff, 0xff, 0xf4, 0x00, 0x00, 0x00, 0x0f, 0xff,
    0xff, 0xd0, 0x00, 0x00, 0x7f, 0xff, 0xff, 0x40,
    0x00, 0x00, 0x00, 0xdf, 0xff, 0xff, 0x00, 0x00,
    0x07, 0xff, 0xff, 0xf4, 0x00, 0x00, 0x00, 0x0b,
    0xff, 0xff, 0xf1, 0x00, 0x00, 0x7f, 0xff, 0xff,
    0x40, 0x00, 0x00, 0x00, 0xaf, 0xff, 0xff, 0x30,
    0x00, 0x07, 0xff, 0xff, 0xf4, 0x00, 0x00, 0x00,
    0x08, 0xff, 0xff, 0xf5, 0x00, 0x00, 0x8f, 0xff,
    0xff, 0x40, 0x00, 0x00, 0x00, 0x7f, 0xff, 0xff,
    0x70, 0x01, 0x5d, 0xff, 0xff, 0xfc, 0x40, 0x00,
    0x01, 0x5d, 0xff, 0xff, 0xfd, 0x50, 0x9f, 0xff,
    0xff, 0xff, 0xff, 0x50, 0x00, 0x8f, 0xff, 0xff,
    0xff, 0xff, 0x80,

    /* U+00F2 "ò" */
    0x00, 0x00, 0x00, 0x00, 0x00, 0x00, 0x00, 0x00,
    0x00, 0x00, 0x00, 0x00, 0x00, 0x00, 0xaf, 0xd3,
    0x00, 0x00, 0x00, 0x00, 0x00, 0x00, 0x00, 0x00,
    0x05, 0xff, 0xfe, 0x10, 0x00, 0x00, 0x00, 0x00,
    0x00, 0x00, 0x00, 0x06, 0xff, 0xff, 0x70, 0x00,
    0x00, 0x00, 0x00, 0x00, 0x00, 0x00, 0x01, 0xff,
    0xff, 0xe0, 0x00, 0x00, 0x00, 0x00, 0x00, 0x00,
    0x00, 0x00, 0x4f, 0xff, 0xf5, 0x00, 0x00, 0x00,
    0x00, 0x00, 0x00, 0x00, 0x00, 0x02, 0xdf, 0xfc,
    0x00, 0x00, 0x00, 0x00, 0x00, 0x00, 0x00, 0x00,
    0x00, 0x09, 0xff, 0x30, 0x00, 0x00, 0x00, 0x00,
    0x00, 0x00, 0x00, 0x00, 0x00, 0x5f, 0xa0, 0x00,
    0x00, 0x00, 0x00, 0x00, 0x00, 0x00, 0x00, 0x00,
    0x02, 0x50, 0x00, 0x00, 0x00, 0x00, 0x00, 0x00,
    0x00, 0x00, 0x36, 0x77, 0x64, 0x10, 0x00, 0x00,
    0x00, 0x00, 0x00, 0x01, 0x9e, 0xff, 0xff, 0xff,
    0xfb, 0x40, 0x00, 0x00, 0x00, 0x00, 0x6f, 0xff,
    0xd8, 0x7b, 0xff, 0xff, 0xfa, 0x10, 0x00, 0x00,
    0x09, 0xff, 0xfa, 0x00, 0x00, 0x4f, 0xff, 0xff,
    0xd1, 0x00, 0x00, 0x7f, 0xff, 0xe0, 0x00, 0x00,
    0x05, 0xff, 0xff, 0xfc, 0x00, 0x02, 0xff, 0xff,
    0x80, 0x00, 0x00, 0x00, 0xbf, 0xff, 0xff, 0x60,
    0x0b, 0xff, 0xff, 0x50, 0x00, 0x00, 0x00, 0x4f,
    0xff, 0xff, 0xe0, 0x1f, 0xff, 0xff, 0x20, 0x00,
    0x00, 0x00, 0x0e, 0xff, 0xff, 0xf5, 0x6f, 0xff,
    0xff, 0x20, 0x00, 0x00, 0x00, 0x0a, 0xff, 0xff,
    0xfa, 0x9f, 0xff, 0xff, 0x20, 0x00, 0x00, 0x00,
    0x06, 0xff, 0xff, 0xfd, 0xbf, 0xff, 0xff, 0x20,
    0x00, 0x00, 0x00, 0x03, 0xff, 0xff, 0xff, 0xbf,
    0xff, 0xff, 0x40, 0x00, 0x00, 0x00, 0x01, 0xff,
    0xff, 0xff, 0xbf, 0xff, 0xff, 0x60, 0x00, 0x00,
    0x00, 0x00, 0xff, 0xff, 0xff, 0x9f, 0xff, 0xff,
    0x90, 0x00, 0x00, 0x00, 0x00, 0xef, 0xff, 0xfd,
    0x6f, 0xff, 0xff, 0xc0, 0x00, 0x00, 0x00, 0x00,
    0xdf, 0xff, 0xfa, 0x2f, 0xff, 0xff, 0xf0, 0x00,
    0x00, 0x00, 0x00, 0xdf, 0xff, 0xf5, 0x0b, 0xff,
    0xff, 0xf5, 0x00, 0x00, 0x00, 0x00, 0xff, 0xff,
    0xe0, 0x03, 0xff, 0xff, 0xfc, 0x00, 0x00, 0x00,
    0x02, 0xff, 0xff, 0x60, 0x00, 0x8f, 0xff, 0xff,
    0x40, 0x00, 0x00, 0x07, 0xff, 0xfa, 0x00, 0x00,
    0x0a, 0xff, 0xff, 0xe1, 0x00, 0x00, 0x1e, 0xff,
    0xb0, 0x00, 0x00, 0x00, 0x8f, 0xff, 0xfe, 0x40,
    0x03, 0xdf, 0xf8, 0x00, 0x00, 0x00, 0x00, 0x02,
    0xaf, 0xff, 0xff, 0xff, 0xfa, 0x20, 0x00, 0x00,
    0x00, 0x00, 0x00, 0x00, 0x46, 0x77, 0x64, 0x00,
    0x00, 0x00, 0x00,

    /* U+00F3 "ó" */
    0x00, 0x00, 0x00, 0x00, 0x00, 0x00, 0x00, 0x00,
    0x00, 0x00, 0x00, 0x00, 0x00, 0x00, 0x00, 0x00,
    0x00, 0x02, 0xcf, 0xc1, 0x00, 0x00, 0x00, 0x00,
    0x00, 0x00, 0x00, 0x00, 0x0d, 0xff, 0xf8, 0x00,
    0x00, 0x00, 0x00, 0x00, 0x00, 0x00, 0x00, 0x7f,
    0xff, 0xf8, 0x00, 0x00, 0x00, 0x00, 0x00, 0x00,
    0x00, 0x00, 0xdf, 0xff, 0xf2, 0x00, 0x00, 0x00,
    0x00, 0x00, 0x00, 0x00, 0x05, 0xff, 0xfe, 0x30,
    0x00, 0x00, 0x00, 0x00, 0x00, 0x00, 0x00, 0x0c,
    0xff, 0xb1, 0x00, 0x00, 0x00, 0x00, 0x00, 0x00,
    0x00, 0x00, 0x3f, 0xf6, 0x00, 0x00, 0x00, 0x00,
    0x00, 0x00, 0x00, 0x00, 0x00, 0x9d, 0x30, 0x00,
    0x00, 0x00, 0x00, 0x00, 0x00, 0x00, 0x00, 0x00,
    0x10, 0x00, 0x00, 0x00, 0x00, 0x00, 0x00, 0x00,
    0x00, 0x00, 0x36, 0x77, 0x64, 0x10, 0x00, 0x00,
    0x00, 0x00, 0x00, 0x01, 0x9e, 0xff, 0xff, 0xff,
    0xfb, 0x40, 0x00, 0x00, 0x00, 0x00, 0x6f, 0xff,
    0xd8, 0x7b, 0xff, 0xff, 0xfa, 0x10, 0x00, 0x00,
    0x09, 0xff, 0xfa, 0x00, 0x00, 0x4f, 0xff, 0xff,
    0xd1, 0x00, 0x00, 0x7f, 0xff, 0xe0, 0x00, 0x00,
    0x05, 0xff, 0xff, 0xfc, 0x00, 0x02, 0xff, 0xff,
    0x80, 0x00, 0x00, 0x00, 0xbf, 0xff, 0xff, 0x60,
    0x0b, 0xff, 0xff, 0x50, 0x00, 0x00, 0x00, 0x4f,
    0xff, 0xff, 0xe0, 0x1f, 0xff, 0xff, 0x20, 0x00,
    0x00, 0x00, 0x0e, 0xff, 0xff, 0xf5, 0x6f, 0xff,
    0xff, 0x20, 0x00, 0x00, 0x00, 0x0a, 0xff, 0xff,
    0xfa, 0x9f, 0xff, 0xff, 0x20, 0x00, 0x00, 0x00,
    0x06, 0xff, 0xff, 0xfd, 0xbf, 0xff, 0xff, 0x20,
    0x00, 0x00, 0x00, 0x03, 0xff, 0xff, 0xff, 0xbf,
    0xff, 0xff, 0x40, 0x00, 0x00, 0x00, 0x01, 0xff,
    0xff, 0xff, 0xbf, 0xff, 0xff, 0x60, 0x00, 0x00,
    0x00, 0x00, 0xff, 0xff, 0xff, 0x9f, 0xff, 0xff,
    0x90, 0x00, 0x00, 0x00, 0x00, 0xef, 0xff, 0xfd,
    0x6f, 0xff, 0xff, 0xc0, 0x00, 0x00, 0x00, 0x00,
    0xdf, 0xff, 0xfa, 0x2f, 0xff, 0xff, 0xf0, 0x00,
    0x00, 0x00, 0x00, 0xdf, 0xff, 0xf5, 0x0b, 0xff,
    0xff, 0xf5, 0x00, 0x00, 0x00, 0x00, 0xff, 0xff,
    0xe0, 0x03, 0xff, 0xff, 0xfc, 0x00, 0x00, 0x00,
    0x02, 0xff, 0xff, 0x60, 0x00, 0x8f, 0xff, 0xff,
    0x40, 0x00, 0x00, 0x07, 0xff, 0xfa, 0x00, 0x00,
    0x0a, 0xff, 0xff, 0xe1, 0x00, 0x00, 0x1e, 0xff,
    0xb0, 0x00, 0x00, 0x00, 0x8f, 0xff, 0xfe, 0x40,
    0x03, 0xdf, 0xf8, 0x00, 0x00, 0x00, 0x00, 0x02,
    0xaf, 0xff, 0xff, 0xff, 0xfa, 0x20, 0x00, 0x00,
    0x00, 0x00, 0x00, 0x00, 0x46, 0x77, 0x64, 0x00,
    0x00, 0x00, 0x00,

    /* U+00F4 "ô" */
    0x00, 0x00, 0x00, 0x00, 0x01, 0xce, 0x40, 0x00,
    0x00, 0x00, 0x00, 0x00, 0x00, 0x00, 0x00, 0x0c,
    0xff, 0xf2, 0x00, 0x00, 0x00, 0x00, 0x00, 0x00,
    0x00, 0x00, 0x9f, 0xff, 0xfd, 0x10, 0x00, 0x00,
    0x00, 0x00, 0x00, 0x00, 0x06, 0xff, 0xff, 0xff,
    0xb0, 0x00, 0x00, 0x00, 0x00, 0x00, 0x00, 0x4f,
    0xfe, 0x42, 0xcf, 0xf8, 0x00, 0x00, 0x00, 0x00,
    0x00, 0x02, 0xef, 0x91, 0x00, 0x06, 0xff, 0x50,
    0x00, 0x00, 0x00, 0x00, 0x0d, 0xe4, 0x00, 0x00,
    0x00, 0x2c, 0xf2, 0x00, 0x00, 0x00, 0x00, 0x06,
    0x00, 0x00, 0x00, 0x00, 0x00, 0x52, 0x00, 0x00,
    0x00, 0x00, 0x00, 0x00, 0x36, 0x77, 0x64, 0x10,
    0x00, 0x00, 0x00, 0x00, 0x00, 0x01, 0x9e, 0xff,
    0xff, 0xff, 0xfb, 0x40, 0x00, 0x00, 0x00, 0x00,
    0x6f, 0xff, 0xd8, 0x7b, 0xff, 0xff, 0xfa, 0x10,
    0x00, 0x00, 0x09, 0xff, 0xfa, 0x00, 0x00, 0x4f,
    0xff, 0xff, 0xd1, 0x00, 0x00, 0x7f, 0xff, 0xe0,
    0x00, 0x00, 0x05, 0xff, 0xff, 0xfc, 0x00, 0x02,
    0xff, 0xff, 0x80, 0x00, 0x00, 0x00, 0xbf, 0xff,
    0xff, 0x60, 0x0b, 0xff, 0xff, 0x50, 0x00, 0x00,
    0x00, 0x4f, 0xff, 0xff, 0xe0, 0x1f, 0xff, 0xff,
    0x20, 0x00, 0x00, 0x00, 0x0e, 0xff, 0xff, 0xf5,
    0x6f, 0xff, 0xff, 0x20, 0x00, 0x00, 0x00, 0x0a,
    0xff, 0xff, 0xfa, 0x9f, 0xff, 0xff, 0x20, 0x00,
    0x00, 0x00, 0x06, 0xff, 0xff, 0xfd, 0xbf, 0xff,
    0xff, 0x20, 0x00, 0x00, 0x00, 0x03, 0xff, 0xff,
    0xff, 0xbf, 0xff, 0xff, 0x40, 0x00, 0x00, 0x00,
    0x01, 0xff, 0xff, 0xff, 0xbf, 0xff, 0xff, 0x60,
    0x00, 0x00, 0x00, 0x00, 0xff, 0xff, 0xff, 0x9f,
    0xff, 0xff, 0x90, 0x00, 0x00, 0x00, 0x00, 0xef,
    0xff, 0xfd, 0x6f, 0xff, 0xff, 0xc0, 0x00, 0x00,
    0x00, 0x00, 0xdf, 0xff, 0xfa, 0x2f, 0xff, 0xff,
    0xf0, 0x00, 0x00, 0x00, 0x00, 0xdf, 0xff, 0xf5,
    0x0b, 0xff, 0xff, 0xf5, 0x00, 0x00, 0x00, 0x00,
    0xff, 0xff, 0xe0, 0x03, 0xff, 0xff, 0xfc, 0x00,
    0x00, 0x00, 0x02, 0xff, 0xff, 0x60, 0x00, 0x8f,
    0xff, 0xff, 0x40, 0x00, 0x00, 0x07, 0xff, 0xfa,
    0x00, 0x00, 0x0a, 0xff, 0xff, 0xe1, 0x00, 0x00,
    0x1e, 0xff, 0xb0, 0x00, 0x00, 0x00, 0x8f, 0xff,
    0xfe, 0x40, 0x03, 0xdf, 0xf8, 0x00, 0x00, 0x00,
    0x00, 0x02, 0xaf, 0xff, 0xff, 0xff, 0xfa, 0x20,
    0x00, 0x00, 0x00, 0x00, 0x00, 0x00, 0x46, 0x77,
    0x64, 0x00, 0x00, 0x00, 0x00,

    /* U+00F5 "õ" */
    0x00, 0x00, 0x00, 0x2c, 0xfe, 0x70, 0x00, 0x01,
    0xd0, 0x00, 0x00, 0x00, 0x00, 0x00, 0xef, 0xff,
    0xfb, 0x10, 0x04, 0xf0, 0x00, 0x00, 0x00, 0x00,
    0x05, 0xff, 0xff, 0xff, 0xd3, 0x0b, 0xd0, 0x00,
    0x00, 0x00, 0x00, 0x09, 0xf6, 0x6e, 0xff, 0xff,
    0xff, 0xa0, 0x00, 0x00, 0x00, 0x00, 0x0b, 0xa0,
    0x01, 0xcf, 0xff, 0xff, 0x50, 0x00, 0x00, 0x00,
    0x00, 0x0b, 0x60, 0x00, 0x09, 0xff, 0xf9, 0x00,
    0x00, 0x00, 0x00, 0x00, 0x02, 0x00, 0x00, 0x00,
    0x14, 0x20, 0x00, 0x00, 0x00, 0x00, 0x00, 0x00,
    0x00, 0x36, 0x77, 0x64, 0x10, 0x00, 0x00, 0x00,
    0x00, 0x00, 0x01, 0x9e, 0xff, 0xff, 0xff, 0xfb,
    0x40, 0x00, 0x00, 0x00, 0x00, 0x6f, 0xff, 0xd8,
    0x7b, 0xff, 0xff, 0xfa, 0x10, 0x00, 0x00, 0x09,
    0xff, 0xfa, 0x00, 0x00, 0x4f, 0xff, 0xff, 0xd1,
    0x00, 0x00, 0x7f, 0xff, 0xe0, 0x00, 0x00, 0x05,
    0xff, 0xff, 0xfc, 0x00, 0x02, 0xff, 0xff, 0x80,
    0x00, 0x00, 0x00, 0xbf, 0xff, 0xff, 0x60, 0x0b,
    0xff, 0xff, 0x50, 0x00, 0x00, 0x00, 0x4f, 0xff,
    0xff, 0xe0, 0x1f, 0xff, 0xff, 0x20, 0x00, 0x00,
    0x00, 0x0e, 0xff, 0xff, 0xf5, 0x6f, 0xff, 0xff,
    0x20, 0x00, 0x00, 0x00, 0x0a, 0xff, 0xff, 0xfa,
    0x9f, 0xff, 0xff, 0x20, 0x00, 0x00, 0x00, 0x06,
    0xff, 0xff, 0xfd, 0xbf, 0xff, 0xff, 0x20, 0x00,
    0x00, 0x00, 0x03, 0xff, 0xff, 0xff, 0xbf, 0xff,
    0xff, 0x40, 0x00, 0x00, 0x00, 0x01, 0xff, 0xff,
    0xff, 0xbf, 0xff, 0xff, 0x60, 0x00, 0x00, 0x00,
    0x00, 0xff, 0xff, 0xff, 0x9f, 0xff, 0xff, 0x90,
    0x00, 0x00, 0x00, 0x00, 0xef, 0xff, 0xfd, 0x6f,
    0xff, 0xff, 0xc0, 0x00, 0x00, 0x00, 0x00, 0xdf,
    0xff, 0xfa, 0x2f, 0xff, 0xff, 0xf0, 0x00, 0x00,
    0x00, 0x00, 0xdf, 0xff, 0xf5, 0x0b, 0xff, 0xff,
    0xf5, 0x00, 0x00, 0x00, 0x00, 0xff, 0xff, 0xe0,
    0x03, 0xff, 0xff, 0xfc, 0x00, 0x00, 0x00, 0x02,
    0xff, 0xff, 0x60, 0x00, 0x8f, 0xff, 0xff, 0x40,
    0x00, 0x00, 0x07, 0xff, 0xfa, 0x00, 0x00, 0x0a,
    0xff, 0xff, 0xe1, 0x00, 0x00, 0x1e, 0xff, 0xb0,
    0x00, 0x00, 0x00, 0x8f, 0xff, 0xfe, 0x40, 0x03,
    0xdf, 0xf8, 0x00, 0x00, 0x00, 0x00, 0x02, 0xaf,
    0xff, 0xff, 0xff, 0xfa, 0x20, 0x00, 0x00, 0x00,
    0x00, 0x00, 0x00, 0x46, 0x77, 0x64, 0x00, 0x00,
    0x00, 0x00,

    /* U+00F6 "ö" */
    0x00, 0x00, 0x05, 0xbb, 0x60, 0x00, 0x04, 0xbc,
    0x80, 0x00, 0x00, 0x00, 0x00, 0x5f, 0xff, 0xf7,
    0x00, 0x3f, 0xff, 0xfa, 0x00, 0x00, 0x00, 0x00,
    0xbf, 0xff, 0xfd, 0x00, 0x9f, 0xff, 0xff, 0x00,
    0x00, 0x00, 0x00, 0xcf, 0xff, 0xfd, 0x00, 0xaf,
    0xff, 0xff, 0x00, 0x00, 0x00, 0x00, 0x7f, 0xff,
    0xf9, 0x00, 0x5f, 0xff, 0xfc, 0x00, 0x00, 0x00,
    0x00, 0x09, 0xff, 0xa0, 0x00, 0x07, 0xef, 0xb1,
    0x00, 0x00, 0x00, 0x00, 0x00, 0x00, 0x00, 0x00,
    0x00, 0x00, 0x00, 0x00, 0x00, 0x00, 0x00, 0x00,
    0x00, 0x36, 0x77, 0x64, 0x10, 0x00, 0x00, 0x00,
    0x00, 0x00, 0x01, 0x9e, 0xff, 0xff, 0xff, 0xfb,
    0x40, 0x00, 0x00, 0x00, 0x00, 0x6f, 0xff, 0xd8,
    0x7b, 0xff, 0xff, 0xfa, 0x10, 0x00, 0x00, 0x09,
    0xff, 0xfa, 0x00, 0x00, 0x4f, 0xff, 0xff, 0xd1,
    0x00, 0x00, 0x7f, 0xff, 0xe0, 0x00, 0x00, 0x05,
    0xff, 0xff, 0xfc, 0x00, 0x02, 0xff, 0xff, 0x80,
    0x00, 0x00, 0x00, 0xbf, 0xff, 0xff, 0x60, 0x0b,
    0xff, 0xff, 0x50, 0x00, 0x00, 0x00, 0x4f, 0xff,
    0xff, 0xe0, 0x1f, 0xff, 0xff, 0x20, 0x00, 0x00,
    0x00, 0x0e, 0xff, 0xff, 0xf5, 0x6f, 0xff, 0xff,
    0x20, 0x00, 0x00, 0x00, 0x0a, 0xff, 0xff, 0xfa,
    0x9f, 0xff, 0xff, 0x20, 0x00, 0x00, 0x00, 0x06,
    0xff, 0xff, 0xfd, 0xbf, 0xff, 0xff, 0x20, 0x00,
    0x00, 0x00, 0x03, 0xff, 0xff, 0xff, 0xbf, 0xff,
    0xff, 0x40, 0x00, 0x00, 0x00, 0x01, 0xff, 0xff,
    0xff, 0xbf, 0xff, 0xff, 0x60, 0x00, 0x00, 0x00,
    0x00, 0xff, 0xff, 0xff, 0x9f, 0xff, 0xff, 0x90,
    0x00, 0x00, 0x00, 0x00, 0xef, 0xff, 0xfd, 0x6f,
    0xff, 0xff, 0xc0, 0x00, 0x00, 0x00, 0x00, 0xdf,
    0xff, 0xfa, 0x2f, 0xff, 0xff, 0xf0, 0x00, 0x00,
    0x00, 0x00, 0xdf, 0xff, 0xf5, 0x0b, 0xff, 0xff,
    0xf5, 0x00, 0x00, 0x00, 0x00, 0xff, 0xff, 0xe0,
    0x03, 0xff, 0xff, 0xfc, 0x00, 0x00, 0x00, 0x02,
    0xff, 0xff, 0x60, 0x00, 0x8f, 0xff, 0xff, 0x40,
    0x00, 0x00, 0x07, 0xff, 0xfa, 0x00, 0x00, 0x0a,
    0xff, 0xff, 0xe1, 0x00, 0x00, 0x1e, 0xff, 0xb0,
    0x00, 0x00, 0x00, 0x8f, 0xff, 0xfe, 0x40, 0x03,
    0xdf, 0xf8, 0x00, 0x00, 0x00, 0x00, 0x02, 0xaf,
    0xff, 0xff, 0xff, 0xfa, 0x20, 0x00, 0x00, 0x00,
    0x00, 0x00, 0x00, 0x46, 0x77, 0x64, 0x00, 0x00,
    0x00, 0x00,

    /* U+00F7 "÷" */
    0x00, 0x00, 0x00, 0x00, 0x9f, 0xd2, 0x00, 0x00,
    0x00, 0x00, 0x00, 0x00, 0x00, 0x5f, 0xff, 0xc0,
    0x00, 0x00, 0x00, 0x00, 0x00, 0x00, 0x05, 0xff,
    0xfc, 0x00, 0x00, 0x00, 0x00, 0x00, 0x00, 0x00,
    0x0b, 0xfe, 0x30, 0x00, 0x00, 0x00, 0x00, 0x00,
    0x00, 0x00, 0x01, 0x00, 0x00, 0x00, 0x00, 0x00,
    0x00, 0x00, 0x00, 0x00, 0x00, 0x00, 0x00, 0x00,
    0x00, 0x00, 0x00, 0x00, 0x00, 0x00, 0x00, 0x00,
    0x00, 0x00, 0x00, 0x00, 0x00, 0x00, 0x00, 0x00,
    0x00, 0x00, 0x00, 0x00, 0x00, 0x00, 0x00, 0x00,
    0x00, 0x00, 0x00, 0x00, 0x00, 0x00, 0x00, 0x00,
    0x00, 0x00, 0x00, 0x00, 0x00, 0x00, 0x00, 0x28,
    0x99, 0x99, 0x99, 0x99, 0x99, 0x99, 0x99, 0x98,
    0x05, 0xff, 0xff, 0xff, 0xff, 0xff, 0xff, 0xff,
    0xff, 0xf2, 0x00, 0x00, 0x00, 0x00, 0x00, 0x00,
    0x00, 0x00, 0x00, 0x00, 0x00, 0x00, 0x00, 0x00,
    0x00, 0x00, 0x00, 0x00, 0x00, 0x00, 0x00, 0x00,
    0x00, 0x00, 0x00, 0x00, 0x00, 0x00, 0x00, 0x00,
    0x00, 0x00, 0x00, 0x00, 0x00, 0x00, 0x00, 0x00,
    0x00, 0x00, 0x00, 0x00, 0x01, 0x00, 0x00, 0x00,
    0x00, 0x00, 0x00, 0x00, 0x00, 0x0b, 0xfe, 0x30,
    0x00, 0x00, 0x00, 0x00, 0x00, 0x00, 0x05, 0xff,
    0xfc, 0x00, 0x00, 0x00, 0x00, 0x00, 0x00, 0x00,
    0x5f, 0xff, 0xc0, 0x00, 0x00, 0x00, 0x00, 0x00,
    0x00, 0x00, 0x9f, 0xd2, 0x00, 0x00, 0x00, 0x00,

    /* U+00F8 "ø" */
    0x00, 0x00, 0x00, 0x00, 0x36, 0x77, 0x64, 0x10,
    0x00, 0x05, 0x10, 0x00, 0x00, 0x01, 0x9e, 0xff,
    0xff, 0xff, 0xfb, 0x40, 0x4e, 0x20, 0x00, 0x00,
    0x6f, 0xff, 0xd8, 0x7b, 0xff, 0xff, 0xfb, 0xe4,
    0x00, 0x00, 0x09, 0xff, 0xfa, 0x00, 0x00, 0x4f,
    0xff, 0xff, 0xe1, 0x00, 0x00, 0x7f, 0xff, 0xe0,
    0x00, 0x00, 0x05, 0xff, 0xff, 0xfc, 0x00, 0x02,
    0xff, 0xff, 0x80, 0x00, 0x00, 0x00, 0xbf, 0xff,
    0xff, 0x60, 0x0b, 0xff, 0xff, 0x50, 0x00, 0x00,
    0x00, 0x6f, 0xff, 0xff, 0xe0, 0x1f, 0xff, 0xff,
    0x20, 0x00, 0x00, 0x02, 0xef, 0xff, 0xff, 0xf5,
    0x6f, 0xff, 0xff, 0x20, 0x00, 0x00, 0x0d, 0x5a,
    0xff, 0xff, 0xfa, 0x9f, 0xff, 0xff, 0x20, 0x00,
    0x00, 0xb7, 0x06, 0xff, 0xff, 0xfd, 0xbf, 0xff,
    0xff, 0x20, 0x00, 0x08, 0xa0, 0x03, 0xff, 0xff,
    0xff, 0xbf, 0xff, 0xff, 0x40, 0x00, 0x6c, 0x00,
    0x01, 0xff, 0xff, 0xff, 0xbf, 0xff, 0xff, 0x60,
    0x03, 0xd1, 0x00, 0x00, 0xff, 0xff, 0xff, 0x9f,
    0xff, 0xff, 0x90, 0x2e, 0x20, 0x00, 0x00, 0xef,
    0xff, 0xfd, 0x6f, 0xff, 0xff, 0xc1, 0xd4, 0x00,
    0x00, 0x00, 0xdf, 0xff, 0xfa, 0x2f, 0xff, 0xff,
    0xfc, 0x70, 0x00, 0x00, 0x00, 0xdf, 0xff, 0xf5,
    0x0b, 0xff, 0xff, 0xfa, 0x00, 0x00, 0x00, 0x00,
    0xff, 0xff, 0xe0, 0x03, 0xff, 0xff, 0xfc, 0x00,
    0x00, 0x00, 0x02, 0xff, 0xff, 0x60, 0x00, 0x8f,
    0xff, 0xff, 0x40, 0x00, 0x00, 0x07, 0xff, 0xfa,
    0x00, 0x00, 0x0b, 0xff, 0xff, 0xe1, 0x00, 0x00,
    0x1e, 0xff, 0xb0, 0x00, 0x00, 0x0d, 0xbf, 0xff,
    0xfe, 0x40, 0x03, 0xdf, 0xf8, 0x00, 0x00, 0x00,
    0xaa, 0x02, 0xaf, 0xff, 0xff, 0xff, 0xfa, 0x20,
    0x00, 0x00, 0x02, 0xc0, 0x00, 0x00, 0x46, 0x77,
    0x64, 0x00, 0x00, 0x00, 0x00, 0x00, 0x00, 0x00,
    0x00, 0x00, 0x00, 0x00, 0x00, 0x00, 0x00, 0x00,

    /* U+00F9 "ù" */
    0x00, 0x00, 0x00, 0x00, 0x67, 0x20, 0x00, 0x00,
    0x00, 0x00, 0x00, 0x00, 0x00, 0x00, 0x00, 0x00,
    0xbf, 0xff, 0x20, 0x00, 0x00, 0x00, 0x00, 0x00,
    0x00, 0x00, 0x00, 0x00, 0x0f, 0xff, 0xfc, 0x00,
    0x00, 0x00, 0x00, 0x00, 0x00, 0x00, 0x00, 0x00,
    0x00, 0xcf, 0xff, 0xf3, 0x00, 0x00, 0x00, 0x00,
    0x00, 0x00, 0x00, 0x00, 0x00, 0x02, 0xef, 0xff,
    0xb0, 0x00, 0x00, 0x00, 0x00, 0x00, 0x00, 0x00,
    0x00, 0x00, 0x01, 0xbf, 0xff, 0x20, 0x00, 0x00,
    0x00, 0x00, 0x00, 0x00, 0x00, 0x00, 0x00, 0x00,
    0x6f, 0xf9, 0x00, 0x00, 0x00, 0x00, 0x00, 0x00,
    0x00, 0x00, 0x00, 0x00, 0x00, 0x2c, 0xf1, 0x00,
    0x00, 0x00, 0x00, 0x00, 0x00, 0x00, 0x00, 0x00,
    0x00, 0x00, 0x06, 0x10, 0x00, 0x00, 0x00, 0x00,
    0x00, 0x00, 0x00, 0x01, 0x65, 0x00, 0x00, 0x00,
    0x00, 0x00, 0x05, 0x60, 0x00, 0x00, 0x01, 0x6b,
    0xff, 0xe0, 0x00, 0x00, 0x00, 0x05, 0xaf, 0xff,
    0x20, 0x00, 0x6b, 0xff, 0xff, 0xff, 0x00, 0x00,
    0x04, 0xaf, 0xff, 0xff, 0xf2, 0x00, 0x1c, 0xdf,
    0xff, 0xff, 0xf0, 0x00, 0x00, 0xbd, 0xff, 0xff,
    0xff, 0x20, 0x00, 0x00, 0xdf, 0xff, 0xff, 0x00,
    0x00, 0x00, 0x0a, 0xff, 0xff, 0xf2, 0x00, 0x00,
    0x0d, 0xff, 0xff, 0xf0, 0x00, 0x00, 0x00, 0x9f,
    0xff, 0xff, 0x20, 0x00, 0x00, 0xdf, 0xff, 0xff,
    0x00, 0x00, 0x00, 0x09, 0xff, 0xff, 0xf2, 0x00,
    0x00, 0x0d, 0xff, 0xff, 0xf0, 0x00, 0x00, 0x00,
    0x9f, 0xff, 0xff, 0x20, 0x00, 0x00, 0xdf, 0xff,
    0xff, 0x00, 0x00, 0x00, 0x09, 0xff, 0xff, 0xf2,
    0x00, 0x00, 0x0d, 0xff, 0xff, 0xf0, 0x00, 0x00,
    0x00, 0x9f, 0xff, 0xff, 0x20, 0x00, 0x00, 0xdf,
    0xff, 0xff, 0x00, 0x00, 0x00, 0x09, 0xff, 0xff,
    0xf2, 0x00, 0x00, 0x0d, 0xff, 0xff, 0xf0, 0x00,
    0x00, 0x00, 0x9f, 0xff, 0xff, 0x20, 0x00, 0x00,
    0xdf, 0xff, 0xff, 0x00, 0x00, 0x00, 0x09, 0xff,
    0xff, 0xf2, 0x00, 0x00, 0x0d, 0xff, 0xff, 0xf0,
    0x00, 0x00, 0x00, 0x9f, 0xff, 0xff, 0x20, 0x00,
    0x00, 0xdf, 0xff, 0xff, 0x00, 0x00, 0x00, 0x09,
    0xff, 0xff, 0xf2, 0x00, 0x00, 0x0d, 0xff, 0xff,
    0xf0, 0x00, 0x00, 0x00, 0x9f, 0xff, 0xff, 0x20,
    0x00, 0x00, 0xdf, 0xff, 0xff, 0x00, 0x00, 0x00,
    0x09, 0xff, 0xff, 0xf2, 0x00, 0x00, 0x0b, 0xff,
    0xff, 0xf5, 0x00, 0x00, 0x01, 0xdf, 0xff, 0xff,
    0x20, 0x00, 0x00, 0x8f, 0xff, 0xff, 0xe3, 0x00,
    0x05, 0xee, 0xff, 0xff, 0xf2, 0x00, 0x00, 0x02,
    0xff, 0xff, 0xff, 0xfd, 0xce, 0xf6, 0x8f, 0xff,
    0xff, 0x20, 0x00, 0x00, 0x08, 0xff, 0xff, 0xff,
    0xff, 0xe3, 0x06, 0xff, 0xff, 0xfb, 0x40, 0x00,
    0x00, 0x07, 0xff, 0xff, 0xfe, 0x70, 0x00, 0x0c,
    0xff, 0xff, 0xff, 0x40, 0x00, 0x00, 0x01, 0x57,
    0x74, 0x00, 0x00, 0x00, 0x00, 0x00, 0x00, 0x00,

    /* U+00FA "ú" */
    0x00, 0x00, 0x00, 0x00, 0x00, 0x00, 0x00, 0x02,
    0x76, 0x10, 0x00, 0x00, 0x00, 0x00, 0x00, 0x00,
    0x00, 0x00, 0x00, 0x03, 0xff, 0xfc, 0x00, 0x00,
    0x00, 0x00, 0x00, 0x00, 0x00, 0x00, 0x00, 0x00,
    0xdf, 0xff, 0xf0, 0x00, 0x00, 0x00, 0x00, 0x00,
    0x00, 0x00, 0x00, 0x00, 0x4f, 0xff, 0xfb, 0x00,
    0x00, 0x00, 0x00, 0x00, 0x00, 0x00, 0x00, 0x00,
    0x0b, 0xff, 0xfd, 0x10, 0x00, 0x00, 0x00, 0x00,
    0x00, 0x00, 0x00, 0x00, 0x02, 0xff, 0xfa, 0x10,
    0x00, 0x00, 0x00, 0x00, 0x00, 0x00, 0x00, 0x00,
    0x00, 0x9f, 0xf6, 0x00, 0x00, 0x00, 0x00, 0x00,
    0x00, 0x00, 0x00, 0x00, 0x00, 0x1f, 0xd2, 0x00,
    0x00, 0x00, 0x00, 0x00, 0x00, 0x00, 0x00, 0x00,
    0x00, 0x01, 0x70, 0x00, 0x00, 0x00, 0x00, 0x00,
    0x00, 0x00, 0x00, 0x01, 0x65, 0x00, 0x00, 0x00,
    0x00, 0x00, 0x05, 0x60, 0x00, 0x00, 0x01, 0x6b,
    0xff, 0xe0, 0x00, 0x00, 0x00, 0x05, 0xaf, 0xff,
    0x20, 0x00, 0x6b, 0xff, 0xff, 0xff, 0x00, 0x00,
    0x04, 0xaf, 0xff, 0xff, 0xf2, 0x00, 0x1c, 0xdf,
    0xff, 0xff, 0xf0, 0x00, 0x00, 0xbd, 0xff, 0xff,
    0xff, 0x20, 0x00, 0x00, 0xdf, 0xff, 0xff, 0x00,
    0x00, 0x00, 0x0a, 0xff, 0xff, 0xf2, 0x00, 0x00,
    0x0d, 0xff, 0xff, 0xf0, 0x00, 0x00, 0x00, 0x9f,
    0xff, 0xff, 0x20, 0x00, 0x00, 0xdf, 0xff, 0xff,
    0x00, 0x00, 0x00, 0x09, 0xff, 0xff, 0xf2, 0x00,
    0x00, 0x0d, 0xff, 0xff, 0xf0, 0x00, 0x00, 0x00,
    0x9f, 0xff, 0xff, 0x20, 0x00, 0x00, 0xdf, 0xff,
    0xff, 0x00, 0x00, 0x00, 0x09, 0xff, 0xff, 0xf2,
    0x00, 0x00, 0x0d, 0xff, 0xff, 0xf0, 0x00, 0x00,
    0x00, 0x9f, 0xff, 0xff, 0x20, 0x00, 0x00, 0xdf,
    0xff, 0xff, 0x00, 0x00, 0x00, 0x09, 0xff, 0xff,
    0xf2, 0x00, 0x00, 0x0d, 0xff, 0xff, 0xf0, 0x00,
    0x00, 0x00, 0x9f, 0xff, 0xff, 0x20, 0x00, 0x00,
    0xdf, 0xff, 0xff, 0x00, 0x00, 0x00, 0x09, 0xff,
    0xff, 0xf2, 0x00, 0x00, 0x0d, 0xff, 0xff, 0xf0,
    0x00, 0x00, 0x00, 0x9f, 0xff, 0xff, 0x20, 0x00,
    0x00, 0xdf, 0xff, 0xff, 0x00, 0x00, 0x00, 0x09,
    0xff, 0xff, 0xf2, 0x00, 0x00, 0x0d, 0xff, 0xff,
    0xf0, 0x00, 0x00, 0x00, 0x9f, 0xff, 0xff, 0x20,
    0x00, 0x00, 0xdf, 0xff, 0xff, 0x00, 0x00, 0x00,
    0x09, 0xff, 0xff, 0xf2, 0x00, 0x00, 0x0b, 0xff,
    0xff, 0xf5, 0x00, 0x00, 0x01, 0xdf, 0xff, 0xff,
    0x20, 0x00, 0x00, 0x8f, 0xff, 0xff, 0xe3, 0x00,
    0x05, 0xee, 0xff, 0xff, 0xf2, 0x00, 0x00, 0x02,
    0xff, 0xff, 0xff, 0xfd, 0xce, 0xf6, 0x8f, 0xff,
    0xff, 0x20, 0x00, 0x00, 0x08, 0xff, 0xff, 0xff,
    0xff, 0xe3, 0x06, 0xff, 0xff, 0xfb, 0x40, 0x00,
    0x00, 0x07, 0xff, 0xff, 0xfe, 0x70, 0x00, 0x0c,
    0xff, 0xff, 0xff, 0x40, 0x00, 0x00, 0x01, 0x57,
    0x74, 0x00, 0x00, 0x00, 0x00, 0x00, 0x00, 0x00,

    /* U+00FB "û" */
    0x00, 0x00, 0x00, 0x00, 0x00, 0x07, 0xf9, 0x00,
    0x00, 0x00, 0x00, 0x00, 0x00, 0x00, 0x00, 0x00,
    0x00, 0x04, 0xff, 0xf7, 0x00, 0x00, 0x00, 0x00,
    0x00, 0x00, 0x00, 0x00, 0x00, 0x01, 0xef, 0xff,
    0xf3, 0x00, 0x00, 0x00, 0x00, 0x00, 0x00, 0x00,
    0x00, 0x00, 0xcf, 0xff, 0xff, 0xe1, 0x00, 0x00,
    0x00, 0x00, 0x00, 0x00, 0x00, 0x00, 0x9f, 0xfc,
    0x29, 0xff, 0xc0, 0x00, 0x00, 0x00, 0x00, 0x00,
    0x00, 0x00, 0x5f, 0xf8, 0x00, 0x05, 0xff, 0x80,
    0x00, 0x00, 0x00, 0x00, 0x00, 0x00, 0x2f, 0xe4,
    0x00, 0x00, 0x02, 0xcf, 0x40, 0x00, 0x00, 0x00,
    0x00, 0x00, 0x09, 0xb1, 0x00, 0x00, 0x00, 0x00,
    0x9c, 0x00, 0x00, 0x00, 0x00, 0x00, 0x00, 0x16,
    0x50, 0x00, 0x00, 0x00, 0x00, 0x00, 0x56, 0x00,
    0x00, 0x00, 0x16, 0xbf, 0xfe, 0x00, 0x00, 0x00,
    0x00, 0x5a, 0xff, 0xf2, 0x00, 0x06, 0xbf, 0xff,
    0xff, 0xf0, 0x00, 0x00, 0x4a, 0xff, 0xff, 0xff,
    0x20, 0x01, 0xcd, 0xff, 0xff, 0xff, 0x00, 0x00,
    0x0b, 0xdf, 0xff, 0xff, 0xf2, 0x00, 0x00, 0x0d,
    0xff, 0xff, 0xf0, 0x00, 0x00, 0x00, 0xaf, 0xff,
    0xff, 0x20, 0x00, 0x00, 0xdf, 0xff, 0xff, 0x00,
    0x00, 0x00, 0x09, 0xff, 0xff, 0xf2, 0x00, 0x00,
    0x0d, 0xff, 0xff, 0xf0, 0x00, 0x00, 0x00, 0x9f,
    0xff, 0xff, 0x20, 0x00, 0x00, 0xdf, 0xff, 0xff,
    0x00, 0x00, 0x00, 0x09, 0xff, 0xff, 0xf2, 0x00,
    0x00, 0x0d, 0xff, 0xff, 0xf0, 0x00, 0x00, 0x00,
    0x9f, 0xff, 0xff, 0x20, 0x00, 0x00, 0xdf, 0xff,
    0xff, 0x00, 0x00, 0x00, 0x09, 0xff, 0xff, 0xf2,
    0x00, 0x00, 0x0d, 0xff, 0xff, 0xf0, 0x00, 0x00,
    0x00, 0x9f, 0xff, 0xff, 0x20, 0x00, 0x00, 0xdf,
    0xff, 0xff, 0x00, 0x00, 0x00, 0x09, 0xff, 0xff,
    0xf2, 0x00, 0x00, 0x0d, 0xff, 0xff, 0xf0, 0x00,
    0x00, 0x00, 0x9f, 0xff, 0xff, 0x20, 0x00, 0x00,
    0xdf, 0xff, 0xff, 0x00, 0x00, 0x00, 0x09, 0xff,
    0xff, 0xf2, 0x00, 0x00, 0x0d, 0xff, 0xff, 0xf0,
    0x00, 0x00, 0x00, 0x9f, 0xff, 0xff, 0x20, 0x00,
    0x00, 0xdf, 0xff, 0xff, 0x00, 0x00, 0x00, 0x09,
    0xff, 0xff, 0xf2, 0x00, 0x00, 0x0d, 0xff, 0xff,
    0xf0, 0x00, 0x00, 0x00, 0x9f, 0xff, 0xff, 0x20,
    0x00, 0x00, 0xbf, 0xff, 0xff, 0x50, 0x00, 0x00,
    0x1d, 0xff, 0xff, 0xf2, 0x00, 0x00, 0x08, 0xff,
    0xff, 0xfe, 0x30, 0x00, 0x5e, 0xef, 0xff, 0xff,
    0x20, 0x00, 0x00, 0x2f, 0xff, 0xff, 0xff, 0xdc,
    0xef, 0x68, 0xff, 0xff, 0xf2, 0x00, 0x00, 0x00,
    0x8f, 0xff, 0xff, 0xff, 0xfe, 0x30, 0x6f, 0xff,
    0xff, 0xb4, 0x00, 0x00, 0x00, 0x7f, 0xff, 0xff,
    0xe7, 0x00, 0x00, 0xcf, 0xff, 0xff, 0xf4, 0x00,
    0x00, 0x00, 0x15, 0x77, 0x40, 0x00, 0x00, 0x00,
    0x00, 0x00, 0x00, 0x00,

    /* U+00FC "ü" */
    0x00, 0x00, 0x00, 0x2a, 0xc9, 0x10, 0x00, 0x19,
    0xca, 0x30, 0x00, 0x00, 0x00, 0x00, 0x00, 0x0e,
    0xff, 0xfd, 0x00, 0x0c, 0xff, 0xff, 0x10, 0x00,
    0x00, 0x00, 0x00, 0x05, 0xff, 0xff, 0xf4, 0x03,
    0xff, 0xff, 0xf6, 0x00, 0x00, 0x00, 0x00, 0x00,
    0x5f, 0xff, 0xff, 0x40, 0x3f, 0xff, 0xff, 0x70,
    0x00, 0x00, 0x00, 0x00, 0x01, 0xff, 0xff, 0xf1,
    0x00, 0xef, 0xff, 0xf2, 0x00, 0x00, 0x00, 0x00,
    0x00, 0x04, 0xdf, 0xd3, 0x00, 0x03, 0xcf, 0xd5,
    0x00, 0x00, 0x00, 0x00, 0x00, 0x00, 0x00, 0x00,
    0x00, 0x00, 0x00, 0x00, 0x00, 0x00, 0x00, 0x00,
    0x00, 0x00, 0x01, 0x65, 0x00, 0x00, 0x00, 0x00,
    0x00, 0x05, 0x60, 0x00, 0x00, 0x01, 0x6b, 0xff,
    0xe0, 0x00, 0x00, 0x00, 0x05, 0xaf, 0xff, 0x20,
    0x00, 0x6b, 0xff, 0xff, 0xff, 0x00, 0x00, 0x04,
    0xaf, 0xff, 0xff, 0xf2, 0x00, 0x1c, 0xdf, 0xff,
    0xff, 0xf0, 0x00, 0x00, 0xbd, 0xff, 0xff, 0xff,
    0x20, 0x00, 0x00, 0xdf, 0xff, 0xff, 0x00, 0x00,
    0x00, 0x0a, 0xff, 0xff, 0xf2, 0x00, 0x00, 0x0d,
    0xff, 0xff, 0xf0, 0x00, 0x00, 0x00, 0x9f, 0xff,
    0xff, 0x20, 0x00, 0x00, 0xdf, 0xff, 0xff, 0x00,
    0x00, 0x00, 0x09, 0xff, 0xff, 0xf2, 0x00, 0x00,
    0x0d, 0xff, 0xff, 0xf0, 0x00, 0x00, 0x00, 0x9f,
    0xff, 0xff, 0x20, 0x00, 0x00, 0xdf, 0xff, 0xff,
    0x00, 0x00, 0x00, 0x09, 0xff, 0xff, 0xf2, 0x00,
    0x00, 0x0d, 0xff, 0xff, 0xf0, 0x00, 0x00, 0x00,
    0x9f, 0xff, 0xff, 0x20, 0x00, 0x00, 0xdf, 0xff,
    0xff, 0x00, 0x00, 0x00, 0x09, 0xff, 0xff, 0xf2,
    0x00, 0x00, 0x0d, 0xff, 0xff, 0xf0, 0x00, 0x00,
    0x00, 0x9f, 0xff, 0xff, 0x20, 0x00, 0x00, 0xdf,
    0xff, 0xff, 0x00, 0x00, 0x00, 0x09, 0xff, 0xff,
    0xf2, 0x00, 0x00, 0x0d, 0xff, 0xff, 0xf0, 0x00,
    0x00, 0x00, 0x9f, 0xff, 0xff, 0x20, 0x00, 0x00,
    0xdf, 0xff, 0xff, 0x00, 0x00, 0x00, 0x09, 0xff,
    0xff, 0xf2, 0x00, 0x00, 0x0d, 0xff, 0xff, 0xf0,
    0x00, 0x00, 0x00, 0x9f, 0xff, 0xff, 0x20, 0x00,
    0x00, 0xdf, 0xff, 0xff, 0x00, 0x00, 0x00, 0x09,
    0xff, 0xff, 0xf2, 0x00, 0x00, 0x0b, 0xff, 0xff,
    0xf5, 0x00, 0x00, 0x01, 0xdf, 0xff, 0xff, 0x20,
    0x00, 0x00, 0x8f, 0xff, 0xff, 0xe3, 0x00, 0x05,
    0xee, 0xff, 0xff, 0xf2, 0x00, 0x00, 0x02, 0xff,
    0xff, 0xff, 0xfd, 0xce, 0xf6, 0x8f, 0xff, 0xff,
    0x20, 0x00, 0x00, 0x08, 0xff, 0xff, 0xff, 0xff,
    0xe3, 0x06, 0xff, 0xff, 0xfb, 0x40, 0x00, 0x00,
    0x07, 0xff, 0xff, 0xfe, 0x70, 0x00, 0x0c, 0xff,
    0xff, 0xff, 0x40, 0x00, 0x00, 0x01, 0x57, 0x74,
    0x00, 0x00, 0x00, 0x00, 0x00, 0x00, 0x00,

    /* U+00FD "ý" */
    0x00, 0x00, 0x00, 0x00, 0x00, 0x00, 0x00, 0x00,
    0x05, 0x73, 0x00, 0x00, 0x00, 0x00, 0x00, 0x00,
    0x00, 0x00, 0x00, 0x00, 0x0a, 0xff, 0xf2, 0x00,
    0x00, 0x00, 0x00, 0x00, 0x00, 0x00, 0x00, 0x00,
    0x05, 0xff, 0xff, 0x60, 0x00, 0x00, 0x00, 0x00,
    0x00, 0x00, 0x00, 0x00, 0x00, 0xcf, 0xff, 0xf3,
    0x00, 0x00, 0x00, 0x00, 0x00, 0x00, 0x00, 0x00,
    0x00, 0x3f, 0xff, 0xf9, 0x00, 0x00, 0x00, 0x00,
    0x00, 0x00, 0x00, 0x00, 0x00, 0x0a, 0xff, 0xf7,
    0x00, 0x00, 0x00, 0x00, 0x00, 0x00, 0x00, 0x00,
    0x00, 0x01, 0xff, 0xd3, 0x00, 0x00, 0x00, 0x00,
    0x00, 0x00, 0x00, 0x00, 0x00, 0x00, 0x8f, 0xa0,
    0x00, 0x00, 0x00, 0x00, 0x00, 0x00, 0x00, 0x00,
    0x00, 0x00, 0x0a, 0x60, 0x00, 0x00, 0x00, 0x00,
    0x00, 0x00, 0x00, 0x00, 0x00, 0x00, 0x00, 0x00,
    0x00, 0x00, 0x00, 0x00, 0x00, 0x00, 0x00, 0x00,
    0x00, 0x00, 0x00, 0x00, 0x00, 0x00, 0x00, 0x00,
    0x00, 0x00, 0xef, 0xff, 0xff, 0xff, 0xff, 0xf3,
    0x00, 0x02, 0xff, 0xff, 0xff, 0xe0, 0x02, 0x9f,
    0xff, 0xff, 0xfe, 0x63, 0x00, 0x00, 0x03, 0x7e,
    0xff, 0x82, 0x00, 0x00, 0xaf, 0xff, 0xff, 0xa0,
    0x00, 0x00, 0x00, 0x00, 0x7f, 0x70, 0x00, 0x00,
    0x01, 0xff, 0xff, 0xfe, 0x00, 0x00, 0x00, 0x00,
    0x09, 0xe0, 0x00, 0x00, 0x00, 0x0a, 0xff, 0xff,
    0xf5, 0x00, 0x00, 0x00, 0x00, 0xe7, 0x00, 0x00,
    0x00, 0x00, 0x3f, 0xff, 0xff, 0xc0, 0x00, 0x00,
    0x00, 0x5f, 0x10, 0x00, 0x00, 0x00, 0x00, 0xcf,
    0xff, 0xff, 0x20, 0x00, 0x00, 0x0b, 0xb0, 0x00,
    0x00, 0x00, 0x00, 0x05, 0xff, 0xff, 0xf9, 0x00,
    0x00, 0x02, 0xf5, 0x00, 0x00, 0x00, 0x00, 0x00,
    0x0e, 0xff, 0xff, 0xf0, 0x00, 0x00, 0x8e, 0x00,
    0x00, 0x00, 0x00, 0x00, 0x00, 0x7f, 0xff, 0xff,
    0x60, 0x00, 0x0e, 0x80, 0x00, 0x00, 0x00, 0x00,
    0x00, 0x01, 0xff, 0xff, 0xfc, 0x00, 0x04, 0xf2,
    0x00, 0x00, 0x00, 0x00, 0x00, 0x00, 0x09, 0xff,
    0xff, 0xf3, 0x00, 0xab, 0x00, 0x00, 0x00, 0x00,
    0x00, 0x00, 0x00, 0x3f, 0xff, 0xff, 0xa0, 0x1f,
    0x50, 0x00, 0x00, 0x00, 0x00, 0x00, 0x00, 0x00,
    0xcf, 0xff, 0xff, 0x17, 0xe0, 0x00, 0x00, 0x00,
    0x00, 0x00, 0x00, 0x00, 0x05, 0xff, 0xff, 0xf7,
    0xd9, 0x00, 0x00, 0x00, 0x00, 0x00, 0x00, 0x00,
    0x00, 0x0d, 0xff, 0xff, 0xff, 0x20, 0x00, 0x00,
    0x00, 0x00, 0x00, 0x00, 0x00, 0x00, 0x7f, 0xff,
    0xff, 0xc0, 0x00, 0x00, 0x00, 0x00, 0x00, 0x00,
    0x00, 0x00, 0x01, 0xff, 0xff, 0xf6, 0x00, 0x00,
    0x00, 0x00, 0x00, 0x00, 0x00, 0x00, 0x00, 0x09,
    0xff, 0xff, 0x00, 0x00, 0x00, 0x00, 0x00, 0x00,
    0x00, 0x00, 0x00, 0x00, 0x2f, 0xff, 0x90, 0x00,
    0x00, 0x00, 0x00, 0x00, 0x00, 0x00, 0x00, 0x00,
    0x00, 0xbf, 0xf3, 0x00, 0x00, 0x00, 0x00, 0x00,
    0x00, 0x00, 0x00, 0x00, 0x00, 0x04, 0xfd, 0x00,
    0x00, 0x00, 0x00, 0x00, 0x00, 0x00, 0x00, 0x00,
    0x00, 0x00, 0x1f, 0x60, 0x00, 0x00, 0x00, 0x00,
    0x00, 0x00, 0x00, 0x00, 0x00, 0x00, 0x07, 0xf1,
    0x00, 0x00, 0x00, 0x00, 0x00, 0x00, 0x04, 0xcd,
    0x50, 0x00, 0x00, 0xda, 0x00, 0x00, 0x00, 0x00,
    0x00, 0x00, 0x00, 0xef, 0xff, 0x20, 0x00, 0x4f,
    0x30, 0x00, 0x00, 0x00, 0x00, 0x00, 0x00, 0x2f,
    0xff, 0xf8, 0x00, 0x0b, 0xc0, 0x00, 0x00, 0x00,
    0x00, 0x00, 0x00, 0x02, 0xff, 0xff, 0xd0, 0x04,
    0xf4, 0x00, 0x00, 0x00, 0x00, 0x00, 0x00, 0x00,
    0x0d, 0xff, 0xff, 0x73, 0xec, 0x00, 0x00, 0x00,
    0x00, 0x00, 0x00, 0x00, 0x00, 0x3f, 0xff, 0xff,
    0xfe, 0x20, 0x00, 0x00, 0x00, 0x00, 0x00, 0x00,
    0x00, 0x00, 0x2a, 0xef, 0xea, 0x20, 0x00, 0x00,
    0x00, 0x00, 0x00, 0x00, 0x00,

    /* U+00FE "þ" */
    0x00, 0x00, 0x26, 0xbf, 0x80, 0x00, 0x00, 0x00,
    0x00, 0x00, 0x00, 0x00, 0x04, 0x8d, 0xff, 0xff,
    0x90, 0x00, 0x00, 0x00, 0x00, 0x00, 0x00, 0x00,
    0x4e, 0xef, 0xff, 0xff, 0x90, 0x00, 0x00, 0x00,
    0x00, 0x00, 0x00, 0x00, 0x00, 0x2f, 0xff, 0xff,
    0x90, 0x00, 0x00, 0x00, 0x00, 0x00, 0x00, 0x00,
    0x00, 0x2f, 0xff, 0xff, 0x90, 0x00, 0x00, 0x00,
    0x00, 0x00, 0x00, 0x00, 0x00, 0x2f, 0xff, 0xff,
    0x90, 0x00, 0x00, 0x00, 0x00, 0x00, 0x00, 0x00,
    0x00, 0x2f, 0xff, 0xff, 0x90, 0x00, 0x00, 0x00,
    0x00, 0x00, 0x00, 0x00, 0x00, 0x2f, 0xff, 0xff,
    0x90, 0x00, 0x00, 0x00, 0x00, 0x00, 0x00, 0x00,
    0x00, 0x2f, 0xff, 0xff, 0x90, 0x00, 0x00, 0x00,
    0x00, 0x00, 0x00, 0x00, 0x00, 0x2f, 0xff, 0xff,
    0x90, 0x00, 0x00, 0x00, 0x00, 0x00, 0x00, 0x00,
    0x00, 0x2f, 0xff, 0xff, 0x90, 0x00, 0x00, 0x00,
    0x00, 0x00, 0x00, 0x00, 0x00, 0x2f, 0xff, 0xff,
    0x90, 0x00, 0x15, 0x77, 0x52, 0x00, 0x00, 0x00,
    0x00, 0x2f, 0xff, 0xff, 0x90, 0x2b, 0xff, 0xff,
    0xff, 0xb2, 0x00, 0x00, 0x00, 0x2f, 0xff, 0xff,
    0x95, 0xfd, 0xab, 0xff, 0xff, 0xff, 0x50, 0x00,
    0x00, 0x2f, 0xff, 0xff, 0xee, 0x40, 0x00, 0x1b,
    0xff, 0xff, 0xf4, 0x00, 0x00, 0x2f, 0xff, 0xff,
    0xe1, 0x00, 0x00, 0x00, 0xdf, 0xff, 0xfe, 0x10,
    0x00, 0x2f, 0xff, 0xff, 0x90, 0x00, 0x00, 0x00,
    0x5f, 0xff, 0xff, 0x80, 0x00, 0x2f, 0xff, 0xff,
    0x90, 0x00, 0x00, 0x00, 0x0e, 0xff, 0xff, 0xe0,
    0x00, 0x2f, 0xff, 0xff, 0x90, 0x00, 0x00, 0x00,
    0x0b, 0xff, 0xff, 0xf3, 0x00, 0x2f, 0xff, 0xff,
    0x90, 0x00, 0x00, 0x00, 0x08, 0xff, 0xff, 0xf6,
    0x00, 0x2f, 0xff, 0xff, 0x90, 0x00, 0x00, 0x00,
    0x06, 0xff, 0xff, 0xf8, 0x00, 0x2f, 0xff, 0xff,
    0x90, 0x00, 0x00, 0x00, 0x05, 0xff, 0xff, 0xf9,
    0x00, 0x2f, 0xff, 0xff, 0x90, 0x00, 0x00, 0x00,
    0x05, 0xff, 0xff, 0xf9, 0x00, 0x2f, 0xff, 0xff,
    0x90, 0x00, 0x00, 0x00, 0x05, 0xff, 0xff, 0xf8,
    0x00, 0x2f, 0xff, 0xff, 0x90, 0x00, 0x00, 0x00,
    0x06, 0xff, 0xff, 0xf6, 0x00, 0x2f, 0xff, 0xff,
    0x90, 0x00, 0x00, 0x00, 0x07, 0xff, 0xff, 0xf2,
    0x00, 0x2f, 0xff, 0xff, 0x90, 0x00, 0x00, 0x00,
    0x0a, 0xff, 0xff, 0xe0, 0x00, 0x2f, 0xff, 0xff,
    0x90, 0x00, 0x00, 0x00, 0x0e, 0xff, 0xff, 0x80,
    0x00, 0x2f, 0xff, 0xff, 0x90, 0x00, 0x00, 0x00,
    0x3f, 0xff, 0xff, 0x10, 0x00, 0x2f, 0xff, 0xff,
    0xa0, 0x00, 0x00, 0x00, 0xbf, 0xff, 0xf6, 0x00,
    0x00, 0x2f, 0xff, 0xff, 0xf6, 0x00, 0x00, 0x08,
    0xff, 0xff, 0xa0, 0x00, 0x00, 0x2f, 0xff, 0xff,
    0xef, 0xb6, 0x46, 0xcf, 0xff, 0xf8, 0x00, 0x00,
    0x00, 0x2f, 0xff, 0xff, 0x94, 0xdf, 0xff, 0xff,
    0xfc, 0x30, 0x00, 0x00, 0x00, 0x2f, 0xff, 0xff,
    0x90, 0x03, 0x67, 0x75, 0x10, 0x00, 0x00, 0x00,
    0x00, 0x2f, 0xff, 0xff, 0x90, 0x00, 0x00, 0x00,
    0x00, 0x00, 0x00, 0x00, 0x00, 0x2f, 0xff, 0xff,
    0x90, 0x00, 0x00, 0x00, 0x00, 0x00, 0x00, 0x00,
    0x00, 0x2f, 0xff, 0xff, 0x90, 0x00, 0x00, 0x00,
    0x00, 0x00, 0x00, 0x00, 0x00, 0x2f, 0xff, 0xff,
    0x90, 0x00, 0x00, 0x00, 0x00, 0x00, 0x00, 0x00,
    0x00, 0x2f, 0xff, 0xff, 0x90, 0x00, 0x00, 0x00,
    0x00, 0x00, 0x00, 0x00, 0x00, 0x2f, 0xff, 0xff,
    0x90, 0x00, 0x00, 0x00, 0x00, 0x00, 0x00, 0x00,
    0x00, 0x2f, 0xff, 0xff, 0x90, 0x00, 0x00, 0x00,
    0x00, 0x00, 0x00, 0x00, 0x03, 0x9f, 0xff, 0xff,
    0xe5, 0x20, 0x00, 0x00, 0x00, 0x00, 0x00, 0x00,
    0x2f, 0xff, 0xff, 0xff, 0xff, 0xe0, 0x00, 0x00,
    0x00, 0x00, 0x00, 0x00,

    /* U+00FF "ÿ" */
    0x00, 0x00, 0x00, 0x01, 0xaf, 0xe8, 0x00, 0x00,
    0x9f, 0xf9, 0x00, 0x00, 0x00, 0x00, 0x00, 0x00,
    0xaf, 0xff, 0xf6, 0x00, 0x8f, 0xff, 0xf9, 0x00,
    0x00, 0x00, 0x00, 0x00, 0x0f, 0xff, 0xff, 0xa0,
    0x0d, 0xff, 0xff, 0xd0, 0x00, 0x00, 0x00, 0x00,
    0x00, 0xef, 0xff, 0xfa, 0x00, 0xcf, 0xff, 0xfd,
    0x00, 0x00, 0x00, 0x00, 0x00, 0x08, 0xff, 0xff,
    0x40, 0x06, 0xff, 0xff, 0x70, 0x00, 0x00, 0x00,
    0x00, 0x00, 0x07, 0xbb, 0x40, 0x00, 0x06, 0xbb,
    0x60, 0x00, 0x00, 0x00, 0x00, 0x00, 0x00, 0x00,
    0x00, 0x00, 0x00, 0x00, 0x00, 0x00, 0x00, 0x00,
    0x00, 0x00, 0x00, 0x00, 0x00, 0x00, 0x00, 0x00,
    0x00, 0x00, 0x00, 0x00, 0x0e, 0xff, 0xff, 0xff,
    0xff, 0xff, 0x30, 0x00, 0x2f, 0xff, 0xff, 0xfe,
    0x00, 0x29, 0xff, 0xff, 0xff, 0xe6, 0x30, 0x00,
    0x00, 0x37, 0xef, 0xf8, 0x20, 0x00, 0x0a, 0xff,
    0xff, 0xfa, 0x00, 0x00, 0x00, 0x00, 0x07, 0xf7,
    0x00, 0x00, 0x00, 0x1f, 0xff, 0xff, 0xe0, 0x00,
    0x00, 0x00, 0x00, 0x9e, 0x00, 0x00, 0x00, 0x00,
    0xaf, 0xff, 0xff, 0x50, 0x00, 0x00, 0x00, 0x0e,
    0x70, 0x00, 0x00, 0x00, 0x03, 0xff, 0xff, 0xfc,
    0x00, 0x00, 0x00, 0x05, 0xf1, 0x00, 0x00, 0x00,
    0x00, 0x0c, 0xff, 0xff, 0xf2, 0x00, 0x00, 0x00,
    0xbb, 0x00, 0x00, 0x00, 0x00, 0x00, 0x5f, 0xff,
    0xff, 0x90, 0x00, 0x00, 0x2f, 0x50, 0x00, 0x00,
    0x00, 0x00, 0x00, 0xef, 0xff, 0xff, 0x00, 0x00,
    0x08, 0xe0, 0x00, 0x00, 0x00, 0x00, 0x00, 0x07,
    0xff, 0xff, 0xf6, 0x00, 0x00, 0xe8, 0x00, 0x00,
    0x00, 0x00, 0x00, 0x00, 0x1f, 0xff, 0xff, 0xc0,
    0x00, 0x4f, 0x20, 0x00, 0x00, 0x00, 0x00, 0x00,
    0x00, 0x9f, 0xff, 0xff, 0x30, 0x0a, 0xb0, 0x00,
    0x00, 0x00, 0x00, 0x00, 0x00, 0x03, 0xff, 0xff,
    0xfa, 0x01, 0xf5, 0x00, 0x00, 0x00, 0x00, 0x00,
    0x00, 0x00, 0x0c, 0xff, 0xff, 0xf1, 0x7e, 0x00,
    0x00, 0x00, 0x00, 0x00, 0x00, 0x00, 0x00, 0x5f,
    0xff, 0xff, 0x7d, 0x90, 0x00, 0x00, 0x00, 0x00,
    0x00, 0x00, 0x00, 0x00, 0xdf, 0xff, 0xff, 0xf2,
    0x00, 0x00, 0x00, 0x00, 0x00, 0x00, 0x00, 0x00,
    0x07, 0xff, 0xff, 0xfc, 0x00, 0x00, 0x00, 0x00,
    0x00, 0x00, 0x00, 0x00, 0x00, 0x1f, 0xff, 0xff,
    0x60, 0x00, 0x00, 0x00, 0x00, 0x00, 0x00, 0x00,
    0x00, 0x00, 0x9f, 0xff, 0xf0, 0x00, 0x00, 0x00,
    0x00, 0x00, 0x00, 0x00, 0x00, 0x00, 0x02, 0xff,
    0xf9, 0x00, 0x00, 0x00, 0x00, 0x00, 0x00, 0x00,
    0x00, 0x00, 0x00, 0x0b, 0xff, 0x30, 0x00, 0x00,
    0x00, 0x00, 0x00, 0x00, 0x00, 0x00, 0x00, 0x00,
    0x4f, 0xd0, 0x00, 0x00, 0x00, 0x00, 0x00, 0x00,
    0x00, 0x00, 0x00, 0x00, 0x01, 0xf6, 0x00, 0x00,
    0x00, 0x00, 0x00, 0x00, 0x00, 0x00, 0x00, 0x00,
    0x00, 0x7f, 0x10, 0x00, 0x00, 0x00, 0x00, 0x00,
    0x00, 0x4c, 0xd5, 0x00, 0x00, 0x0d, 0xa0, 0x00,
    0x00, 0x00, 0x00, 0x00, 0x00, 0x0e, 0xff, 0xf2,
    0x00, 0x04, 0xf3, 0x00, 0x00, 0x00, 0x00, 0x00,
    0x00, 0x02, 0xff, 0xff, 0x80, 0x00, 0xbc, 0x00,
    0x00, 0x00, 0x00, 0x00, 0x00, 0x00, 0x2f, 0xff,
    0xfd, 0x00, 0x4f, 0x40, 0x00, 0x00, 0x00, 0x00,
    0x00, 0x00, 0x00, 0xdf, 0xff, 0xf7, 0x3e, 0xc0,
    0x00, 0x00, 0x00, 0x00, 0x00, 0x00, 0x00, 0x03,
    0xff, 0xff, 0xff, 0xe2, 0x00, 0x00, 0x00, 0x00,
    0x00, 0x00, 0x00, 0x00, 0x02, 0xae, 0xfe, 0xa2,
    0x00, 0x00, 0x00, 0x00, 0x00, 0x00, 0x00, 0x00,

    /* U+011E "Ğ" */
    0x00, 0x00, 0x00, 0x00, 0x00, 0xb5, 0x00, 0x00,
    0x00, 0x00, 0xd2, 0x00, 0x00, 0x00, 0x00, 0x00,
    0x00, 0x00, 0x00, 0x00, 0x0b, 0xd0, 0x00, 0x00,
    0x00, 0x7f, 0x10, 0x00, 0x00, 0x00, 0x00, 0x00,
    0x00, 0x00, 0x00, 0x00, 0x7f, 0xb1, 0x00, 0x00,
    0x5f, 0xe0, 0x00, 0x00, 0x00, 0x00, 0x00, 0x00,
    0x00, 0x00, 0x00, 0x02, 0xff, 0xfa, 0x89, 0xcf,
    0xf8, 0x00, 0x00, 0x00, 0x00, 0x00, 0x00, 0x00,
    0x00, 0x00, 0x00, 0x07, 0xff, 0xff, 0xff, 0xfd,
    0x00, 0x00, 0x00, 0x00, 0x00, 0x00, 0x00, 0x00,
    0x00, 0x00, 0x00, 0x07, 0xff, 0xff, 0xfc, 0x10,
    0x00, 0x00, 0x00, 0x00, 0x00, 0x00, 0x00, 0x00,
    0x00, 0x00, 0x00, 0x01, 0x67, 0x73, 0x00, 0x00,
    0x00, 0x00, 0x00, 0x00, 0x00, 0x00, 0x00, 0x00,
    0x00, 0x00, 0x00, 0x00, 0x00, 0x00, 0x00, 0x00,
    0x00, 0x00, 0x00, 0x00, 0x00, 0x00, 0x00, 0x00,
    0x00, 0x00, 0x25, 0x77, 0x76, 0x40, 0x00, 0x00,
    0x16, 0x00, 0x00, 0x00, 0x00, 0x00, 0x00, 0x00,
    0x39, 0xef, 0xff, 0xff, 0xff, 0xfa, 0x20, 0x1d,
    0xf3, 0x00, 0x00, 0x00, 0x00, 0x00, 0x02, 0xbf,
    0xff, 0xf8, 0x30, 0x01, 0x38, 0xef, 0xbe, 0xff,
    0x60, 0x00, 0x00, 0x00, 0x00, 0x06, 0xff, 0xff,
    0xb1, 0x00, 0x00, 0x00, 0x00, 0x7f, 0xff, 0xfa,
    0x00, 0x00, 0x00, 0x00, 0x08, 0xff, 0xff, 0x90,
    0x00, 0x00, 0x00, 0x00, 0x00, 0x3e, 0xff, 0xe0,
    0x00, 0x00, 0x00, 0x08, 0xff, 0xff, 0xc0, 0x00,
    0x00, 0x00, 0x00, 0x00, 0x00, 0x3f, 0xff, 0x10,
    0x00, 0x00, 0x04, 0xff, 0xff, 0xf2, 0x00, 0x00,
    0x00, 0x00, 0x00, 0x00, 0x00, 0x6f, 0xf5, 0x00,
    0x00, 0x01, 0xef, 0xff, 0xfa, 0x00, 0x00, 0x00,
    0x00, 0x00, 0x00, 0x00, 0x00, 0xcf, 0x90, 0x00,
    0x00, 0x8f, 0xff, 0xff, 0x30, 0x00, 0x00, 0x00,
    0x00, 0x00, 0x00, 0x00, 0x03, 0xfc, 0x00, 0x00,
    0x1f, 0xff, 0xff, 0xe0, 0x00, 0x00, 0x00, 0x00,
    0x00, 0x00, 0x00, 0x00, 0x0b, 0xf0, 0x00, 0x06,
    0xff, 0xff, 0xfa, 0x00, 0x00, 0x00, 0x00, 0x00,
    0x00, 0x00, 0x00, 0x00, 0x4e, 0x10, 0x00, 0xcf,
    0xff, 0xff, 0x70, 0x00, 0x00, 0x00, 0x00, 0x00,
    0x00, 0x00, 0x00, 0x00, 0x00, 0x00, 0x0f, 0xff,
    0xff, 0xf5, 0x00, 0x00, 0x00, 0x00, 0x00, 0x00,
    0x00, 0x00, 0x00, 0x00, 0x00, 0x03, 0xff, 0xff,
    0xff, 0x30, 0x00, 0x00, 0x00, 0x00, 0x00, 0x00,
    0x00, 0x00, 0x00, 0x00, 0x00, 0x5f, 0xff, 0xff,
    0xf2, 0x00, 0x00, 0x00, 0x00, 0x00, 0x00, 0x00,
    0x00, 0x00, 0x00, 0x00, 0x07, 0xff, 0xff, 0xff,
    0x20, 0x00, 0x00, 0x00, 0x00, 0x00, 0x00, 0x00,
    0x00, 0x00, 0x00, 0x00, 0x7f, 0xff, 0xff, 0xf2,
    0x00, 0x00, 0x00, 0x00, 0x00, 0x00, 0x00, 0x00,
    0x00, 0x00, 0x00, 0x07, 0xff, 0xff, 0xff, 0x30,
    0x00, 0x00, 0x00, 0x00, 0x01, 0x22, 0x22, 0x22,
    0x22, 0x22, 0x10, 0x6f, 0xff, 0xff, 0xf4, 0x00,
    0x00, 0x00, 0x00, 0x00, 0xff, 0xff, 0xff, 0xff,
    0xff, 0xff, 0x15, 0xff, 0xff, 0xff, 0x60, 0x00,
    0x00, 0x00, 0x00, 0x01, 0x36, 0xdf, 0xff, 0xff,
    0xd5, 0x10, 0x2f, 0xff, 0xff, 0xf9, 0x00, 0x00,
    0x00, 0x00, 0x00, 0x00, 0x05, 0xff, 0xff, 0xf8,
    0x00, 0x00, 0xef, 0xff, 0xff, 0xc0, 0x00, 0x00,
    0x00, 0x00, 0x00, 0x00, 0x5f, 0xff, 0xff, 0x80,
    0x00, 0x0a, 0xff, 0xff, 0xff, 0x10, 0x00, 0x00,
    0x00, 0x00, 0x00, 0x05, 0xff, 0xff, 0xf8, 0x00,
    0x00, 0x4f, 0xff, 0xff, 0xf6, 0x00, 0x00, 0x00,
    0x00, 0x00, 0x00, 0x5f, 0xff, 0xff, 0x80, 0x00,
    0x00, 0xdf, 0xff, 0xff, 0xd0, 0x00, 0x00, 0x00,
    0x00, 0x00, 0x05, 0xff, 0xff, 0xf8, 0x00, 0x00,
    0x05, 0xff, 0xff, 0xff, 0x60, 0x00, 0x00, 0x00,
    0x00, 0x00, 0x5f, 0xff, 0xff, 0x80, 0x00, 0x00,
    0x0b, 0xff, 0xff, 0xfe, 0x10, 0x00, 0x00, 0x00,
    0x00, 0x05, 0xff, 0xff, 0xf8, 0x00, 0x00, 0x00,
    0x1e, 0xff, 0xff, 0xfc, 0x00, 0x00, 0x00, 0x00,
    0x00, 0x6f, 0xff, 0xff, 0x80, 0x00, 0x00, 0x00,
    0x2e, 0xff, 0xff, 0xfc, 0x20, 0x00, 0x00, 0x00,
    0x0b, 0xff, 0xff, 0xf8, 0x00, 0x00, 0x00, 0x00,
    0x2d, 0xff, 0xff, 0xff, 0x71, 0x00, 0x00, 0x2a,
    0xff, 0xff, 0xff, 0x80, 0x00, 0x00, 0x00, 0x00,
    0x08, 0xff, 0xff, 0xff, 0xfd, 0xba, 0xcf, 0xfa,
    0x37, 0xff, 0xf8, 0x00, 0x00, 0x00, 0x00, 0x00,
    0x01, 0x7d, 0xff, 0xff, 0xff, 0xff, 0xb3, 0x00,
    0x03, 0xdf, 0x80, 0x00, 0x00, 0x00, 0x00, 0x00,
    0x00, 0x01, 0x46, 0x77, 0x74, 0x10, 0x00, 0x00,
    0x00, 0x62, 0x00, 0x00,

    /* U+011F "ğ" */
    0x00, 0x00, 0x00, 0x60, 0x00, 0x00, 0x00, 0x00,
    0x60, 0x00, 0x00, 0x00, 0x00, 0x00, 0x00, 0x1f,
    0x50, 0x00, 0x00, 0x00, 0x6f, 0x00, 0x00, 0x00,
    0x00, 0x00, 0x00, 0x00, 0xfe, 0x10, 0x00, 0x00,
    0x2f, 0xd0, 0x00, 0x00, 0x00, 0x00, 0x00, 0x00,
    0x0b, 0xfe, 0x61, 0x01, 0x6e, 0xf9, 0x00, 0x00,
    0x00, 0x00, 0x00, 0x00, 0x00, 0x5f, 0xff, 0xff,
    0xff, 0xff, 0x30, 0x00, 0x00, 0x00, 0x00, 0x00,
    0x00, 0x00, 0xbf, 0xff, 0xff, 0xff, 0xa0, 0x00,
    0x00, 0x00, 0x00, 0x00, 0x00, 0x00, 0x00, 0xbf,
    0xff, 0xff, 0xa0, 0x00, 0x03, 0xbf, 0xe9, 0x00,
    0x00, 0x00, 0x00, 0x00, 0x48, 0x98, 0x30, 0x00,
    0x04, 0xff, 0xff, 0xf9, 0x00, 0x00, 0x00, 0x00,
    0x00, 0x00, 0x00, 0x00, 0x01, 0xef, 0xff, 0xff,
    0xe0, 0x00, 0x00, 0x00, 0x02, 0x57, 0x77, 0x63,
    0x00, 0xae, 0x9e, 0xff, 0xfe, 0x00, 0x00, 0x00,
    0x7d, 0xfb, 0x78, 0xef, 0xfe, 0x9e, 0x20, 0x1e,
    0xff, 0x90, 0x00, 0x04, 0xef, 0xf9, 0x00, 0x01,
    0xcf, 0xff, 0xe4, 0x00, 0x16, 0x50, 0x00, 0x04,
    0xff, 0xfe, 0x00, 0x00, 0x02, 0xff, 0xff, 0xf4,
    0x00, 0x00, 0x00, 0x02, 0xff, 0xff, 0xa0, 0x00,
    0x00, 0x09, 0xff, 0xff, 0xe1, 0x00, 0x00, 0x00,
    0xaf, 0xff, 0xf7, 0x00, 0x00, 0x00, 0x3f, 0xff,
    0xff, 0x90, 0x00, 0x00, 0x0f, 0xff, 0xff, 0x50,
    0x00, 0x00, 0x00, 0xff, 0xff, 0xfe, 0x00, 0x00,
    0x03, 0xff, 0xff, 0xf6, 0x00, 0x00, 0x00, 0x0d,
    0xff, 0xff, 0xf1, 0x00, 0x00, 0x5f, 0xff, 0xff,
    0x70, 0x00, 0x00, 0x00, 0xbf, 0xff, 0xff, 0x20,
    0x00, 0x04, 0xff, 0xff, 0xf9, 0x00, 0x00, 0x00,
    0x0a, 0xff, 0xff, 0xf0, 0x00, 0x00, 0x1f, 0xff,
    0xff, 0xc0, 0x00, 0x00, 0x00, 0xaf, 0xff, 0xfd,
    0x00, 0x00, 0x00, 0xcf, 0xff, 0xff, 0x10, 0x00,
    0x00, 0x0c, 0xff, 0xff, 0x70, 0x00, 0x00, 0x03,
    0xff, 0xff, 0xf8, 0x00, 0x00, 0x00, 0xff, 0xff,
    0xd0, 0x00, 0x00, 0x00, 0x07, 0xff, 0xff, 0xf2,
    0x00, 0x00, 0x6f, 0xff, 0xe2, 0x00, 0x00, 0x00,
    0x00, 0x05, 0xff, 0xff, 0xd3, 0x00, 0x3f, 0xff,
    0xd2, 0x00, 0x00, 0x00, 0x00, 0x00, 0x01, 0x8e,
    0xff, 0xfd, 0xdf, 0xfd, 0x60, 0x00, 0x00, 0x00,
    0x00, 0x00, 0x00, 0x05, 0xaf, 0x87, 0x77, 0x52,
    0x00, 0x00, 0x00, 0x00, 0x00, 0x00, 0x00, 0x1c,
    0xff, 0xc0, 0x00, 0x00, 0x00, 0x00, 0x00, 0x00,
    0x00, 0x00, 0x00, 0x0b, 0xff, 0xff, 0x71, 0x00,
    0x00, 0x00, 0x00, 0x00, 0x00, 0x00, 0x00, 0x00,
    0xff, 0xff, 0xff, 0xfc, 0x84, 0x10, 0x00, 0x00,
    0x00, 0x00, 0x00, 0x00, 0x0e, 0xff, 0xff, 0xff,
    0xff, 0xff, 0xeb, 0x73, 0x00, 0x00, 0x00, 0x00,
    0x00, 0x5f, 0xff, 0xff, 0xff, 0xff, 0xff, 0xff,
    0xfd, 0x50, 0x00, 0x00, 0x00, 0x00, 0x3d, 0xff,
    0xff, 0xff, 0xff, 0xff, 0xff, 0xff, 0x90, 0x00,
    0x00, 0x04, 0xbf, 0xa4, 0x59, 0xcf, 0xff, 0xff,
    0xff, 0xff, 0xff, 0x50, 0x00, 0x0b, 0xff, 0x90,
    0x00, 0x00, 0x02, 0x59, 0xef, 0xff, 0xff, 0xfa,
    0x00, 0x0a, 0xff, 0xf2, 0x00, 0x00, 0x00, 0x00,
    0x00, 0x5e, 0xff, 0xff, 0xc0, 0x00, 0xff, 0xff,
    0x20, 0x00, 0x00, 0x00, 0x00, 0x00, 0x3f, 0xff,
    0xfa, 0x00, 0x1f, 0xff, 0xf6, 0x00, 0x00, 0x00,
    0x00, 0x00, 0x00, 0xff, 0xff, 0x50, 0x00, 0xdf,
    0xff, 0xe1, 0x00, 0x00, 0x00, 0x00, 0x00, 0x2f,
    0xff, 0xb0, 0x00, 0x03, 0xff, 0xff, 0xd3, 0x00,
    0x00, 0x00, 0x00, 0x2d, 0xff, 0xb0, 0x00, 0x00,
    0x02, 0xbf, 0xff, 0xfc, 0x86, 0x55, 0x68, 0xbf,
    0xfd, 0x60, 0x00, 0x00, 0x00, 0x00, 0x26, 0xac,
    0xef, 0xff, 0xfe, 0xdb, 0x73, 0x00, 0x00, 0x00,
    0x00,

    /* U+0130 "İ" */
    0x00, 0x00, 0x08, 0xef, 0xc4, 0x00, 0x00, 0x00,
    0x00, 0x7f, 0xff, 0xff, 0x10, 0x00, 0x00, 0x00,
    0xcf, 0xff, 0xff, 0x60, 0x00, 0x00, 0x00, 0xcf,
    0xff, 0xff, 0x50, 0x00, 0x00, 0x00, 0x6f, 0xff,
    0xfe, 0x10, 0x00, 0x00, 0x00, 0x06, 0xcd, 0xb2,
    0x00, 0x00, 0x00, 0x00, 0x00, 0x00, 0x00, 0x00,
    0x00, 0x00, 0x00, 0x00, 0x00, 0x00, 0x00, 0x00,
    0x0e, 0xff, 0xff, 0xff, 0xff, 0xff, 0xf8, 0x03,
    0x7c, 0xff, 0xff, 0xff, 0xfa, 0x61, 0x00, 0x00,
    0xff, 0xff, 0xff, 0x90, 0x00, 0x00, 0x00, 0xff,
    0xff, 0xff, 0x80, 0x00, 0x00, 0x00, 0xff, 0xff,
    0xff, 0x80, 0x00, 0x00, 0x00, 0xff, 0xff, 0xff,
    0x80, 0x00, 0x00, 0x00, 0xff, 0xff, 0xff, 0x80,
    0x00, 0x00, 0x00, 0xff, 0xff, 0xff, 0x80, 0x00,
    0x00, 0x00, 0xff, 0xff, 0xff, 0x80, 0x00, 0x00,
    0x00, 0xff, 0xff, 0xff, 0x80, 0x00, 0x00, 0x00,
    0xff, 0xff, 0xff, 0x80, 0x00, 0x00, 0x00, 0xff,
    0xff, 0xff, 0x80, 0x00, 0x00, 0x00, 0xff, 0xff,
    0xff, 0x80, 0x00, 0x00, 0x00, 0xff, 0xff, 0xff,
    0x80, 0x00, 0x00, 0x00, 0xff, 0xff, 0xff, 0x80,
    0x00, 0x00, 0x00, 0xff, 0xff, 0xff, 0x80, 0x00,
    0x00, 0x00, 0xff, 0xff, 0xff, 0x80, 0x00, 0x00,
    0x00, 0xff, 0xff, 0xff, 0x80, 0x00, 0x00, 0x00,
    0xff, 0xff, 0xff, 0x80, 0x00, 0x00, 0x00, 0xff,
    0xff, 0xff, 0x80, 0x00, 0x00, 0x00, 0xff, 0xff,
    0xff, 0x80, 0x00, 0x00, 0x00, 0xff, 0xff, 0xff,
    0x80, 0x00, 0x00, 0x00, 0xff, 0xff, 0xff, 0x80,
    0x00, 0x00, 0x00, 0xff, 0xff, 0xff, 0x80, 0x00,
    0x00, 0x00, 0xff, 0xff, 0xff, 0x80, 0x00, 0x00,
    0x00, 0xff, 0xff, 0xff, 0x80, 0x00, 0x00, 0x00,
    0xff, 0xff, 0xff, 0x80, 0x00, 0x00, 0x00, 0xff,
    0xff, 0xff, 0x80, 0x00, 0x00, 0x00, 0xff, 0xff,
    0xff, 0x90, 0x00, 0x04, 0x7c, 0xff, 0xff, 0xff,
    0xfa, 0x61, 0x0e, 0xff, 0xff, 0xff, 0xff, 0xff,
    0xf8,

    /* U+0131 "ı" */
    0x00, 0x00, 0x00, 0x47, 0x10, 0x00, 0x00, 0x49,
    0xef, 0xf4, 0x00, 0x3a, 0xff, 0xff, 0xff, 0x40,
    0x07, 0xce, 0xff, 0xff, 0xf4, 0x00, 0x00, 0x7f,
    0xff, 0xff, 0x40, 0x00, 0x07, 0xff, 0xff, 0xf4,
    0x00, 0x00, 0x7f, 0xff, 0xff, 0x40, 0x00, 0x07,
    0xff, 0xff, 0xf4, 0x00, 0x00, 0x7f, 0xff, 0xff,
    0x40, 0x00, 0x07, 0xff, 0xff, 0xf4, 0x00, 0x00,
    0x7f, 0xff, 0xff, 0x40, 0x00, 0x07, 0xff, 0xff,
    0xf4, 0x00, 0x00, 0x7f, 0xff, 0xff, 0x40, 0x00,
    0x07, 0xff, 0xff, 0xf4, 0x00, 0x00, 0x7f, 0xff,
    0xff, 0x40, 0x00, 0x07, 0xff, 0xff, 0xf4, 0x00,
    0x00, 0x7f, 0xff, 0xff, 0x40, 0x00, 0x07, 0xff,
    0xff, 0xf4, 0x00, 0x00, 0x7f, 0xff, 0xff, 0x40,
    0x00, 0x07, 0xff, 0xff, 0xf4, 0x00, 0x15, 0xdf,
    0xff, 0xff, 0xc5, 0x08, 0xff, 0xff, 0xff, 0xff,
    0xf6,

    /* U+015E "Ş" */
    0x00, 0x00, 0x00, 0x00, 0x46, 0x77, 0x64, 0x00,
    0x00, 0x04, 0x40, 0x00, 0x00, 0x00, 0x03, 0xaf,
    0xff, 0xff, 0xff, 0xf9, 0x20, 0x5f, 0xf0, 0x00,
    0x00, 0x00, 0x9f, 0xff, 0xd5, 0x00, 0x02, 0x7d,
    0xfd, 0xff, 0xf3, 0x00, 0x00, 0x0c, 0xff, 0xfc,
    0x00, 0x00, 0x00, 0x00, 0x8f, 0xff, 0xf8, 0x00,
    0x00, 0xaf, 0xff, 0xf2, 0x00, 0x00, 0x00, 0x00,
    0x05, 0xff, 0xfc, 0x00, 0x03, 0xff, 0xff, 0xc0,
    0x00, 0x00, 0x00, 0x00, 0x00, 0x5f, 0xff, 0x00,
    0x0a, 0xff, 0xff, 0xa0, 0x00, 0x00, 0x00, 0x00,
    0x00, 0x09, 0xff, 0x40, 0x0e, 0xff, 0xff, 0xa0,
    0x00, 0x00, 0x00, 0x00, 0x00, 0x00, 0xdf, 0x80,
    0x1f, 0xff, 0xff, 0xc0, 0x00, 0x00, 0x00, 0x00,
    0x00, 0x00, 0x4f, 0xd0, 0x1f, 0xff, 0xff, 0xf2,
    0x00, 0x00, 0x00, 0x00, 0x00, 0x00, 0x0b, 0xf1,
    0x0f, 0xff, 0xff, 0xfc, 0x00, 0x00, 0x00, 0x00,
    0x00, 0x00, 0x02, 0xb1, 0x0e, 0xff, 0xff, 0xff,
    0xc1, 0x00, 0x00, 0x00, 0x00, 0x00, 0x00, 0x00,
    0x0a, 0xff, 0xff, 0xff, 0xfe, 0x60, 0x00, 0x00,
    0x00, 0x00, 0x00, 0x00, 0x04, 0xff, 0xff, 0xff,
    0xff, 0xfe, 0x71, 0x00, 0x00, 0x00, 0x00, 0x00,
    0x00, 0xbf, 0xff, 0xff, 0xff, 0xff, 0xff, 0xb4,
    0x00, 0x00, 0x00, 0x00, 0x00, 0x1d, 0xff, 0xff,
    0xff, 0xff, 0xff, 0xff, 0xd5, 0x00, 0x00, 0x00,
    0x00, 0x01, 0xcf, 0xff, 0xff, 0xff, 0xff, 0xff,
    0xff, 0xc2, 0x00, 0x00, 0x00, 0x00, 0x07, 0xff,
    0xff, 0xff, 0xff, 0xff, 0xff, 0xff, 0x40, 0x00,
    0x00, 0x00, 0x00, 0x18, 0xef, 0xff, 0xff, 0xff,
    0xff, 0xff, 0xf4, 0x00, 0x00, 0x00, 0x00, 0x00,
    0x05, 0xbf, 0xff, 0xff, 0xff, 0xff, 0xfe, 0x00,
    0x00, 0x00, 0x00, 0x00, 0x00, 0x01, 0x7e, 0xff,
    0xff, 0xff, 0xff, 0x70, 0x00, 0x00, 0x00, 0x00,
    0x00, 0x00, 0x00, 0x7f, 0xff, 0xff, 0xff, 0xc0,
    0x01, 0x70, 0x00, 0x00, 0x00, 0x00, 0x00, 0x03,
    0xef, 0xff, 0xff, 0xf0, 0x04, 0xf6, 0x00, 0x00,
    0x00, 0x00, 0x00, 0x00, 0x3f, 0xff, 0xff, 0xf0,
    0x02, 0xfe, 0x00, 0x00, 0x00, 0x00, 0x00, 0x00,
    0x0b, 0xff, 0xff, 0xf0, 0x00, 0xff, 0x80, 0x00,
    0x00, 0x00, 0x00, 0x00, 0x07, 0xff, 0xff, 0xe0,
    0x00, 0xbf, 0xf2, 0x00, 0x00, 0x00, 0x00, 0x00,
    0x07, 0xff, 0xff, 0xa0, 0x00, 0x8f, 0xfd, 0x10,
    0x00, 0x00, 0x00, 0x00, 0x08, 0xff, 0xff, 0x40,
    0x00, 0x5f, 0xff, 0xc0, 0x00, 0x00, 0x00, 0x00,
    0x0d, 0xff, 0xfa, 0x00, 0x00, 0x2f, 0xff, 0xfd,
    0x20, 0x00, 0x00, 0x00, 0x8f, 0xff, 0xd1, 0x00,
    0x00, 0x0f, 0xff, 0x9d, 0xf9, 0x40, 0x00, 0x3a,
    0xff, 0xfb, 0x10, 0x00, 0x00, 0x0c, 0xf5, 0x00,
    0x6d, 0xff, 0xff, 0xff, 0xfc, 0x40, 0x00, 0x00,
    0x00, 0x03, 0x40, 0x00, 0x00, 0x3c, 0xb7, 0x64,
    0x10, 0x00, 0x00, 0x00, 0x00, 0x00, 0x00, 0x00,
    0x00, 0x1e, 0x10, 0x00, 0x00, 0x00, 0x00, 0x00,
    0x00, 0x00, 0x00, 0x00, 0x00, 0xac, 0x65, 0x10,
    0x00, 0x00, 0x00, 0x00, 0x00, 0x00, 0x00, 0x00,
    0x00, 0x79, 0xff, 0xf7, 0x00, 0x00, 0x00, 0x00,
    0x00, 0x00, 0x00, 0x00, 0x00, 0x00, 0x3f, 0xff,
    0x40, 0x00, 0x00, 0x00, 0x00, 0x00, 0x00, 0x00,
    0x00, 0x00, 0x0e, 0xff, 0x90, 0x00, 0x00, 0x00,
    0x00, 0x00, 0x00, 0x00, 0x40, 0x00, 0x0e, 0xff,
    0x80, 0x00, 0x00, 0x00, 0x00, 0x00, 0x00, 0x00,
    0xf6, 0x00, 0x3f, 0xff, 0x30, 0x00, 0x00, 0x00,
    0x00, 0x00, 0x00, 0x00, 0x4e, 0xdb, 0xff, 0xf6,
    0x00, 0x00, 0x00, 0x00, 0x00, 0x00, 0x00, 0x00,
    0x00, 0x57, 0x75, 0x10, 0x00, 0x00, 0x00, 0x00,

    /* U+015F "ş" */
    0x00, 0x00, 0x03, 0x67, 0x76, 0x30, 0x00, 0x62,
    0x00, 0x00, 0x08, 0xff, 0xfd, 0xce, 0xfd, 0x8c,
    0xfa, 0x00, 0x01, 0xdf, 0xfb, 0x10, 0x00, 0x29,
    0xff, 0xfe, 0x00, 0x0c, 0xff, 0xf1, 0x00, 0x00,
    0x00, 0x4f, 0xff, 0x20, 0x4f, 0xff, 0xb0, 0x00,
    0x00, 0x00, 0x04, 0xff, 0x60, 0x8f, 0xff, 0xc0,
    0x00, 0x00, 0x00, 0x00, 0x8f, 0xa0, 0xaf, 0xff,
    0xf3, 0x00, 0x00, 0x00, 0x00, 0x0d, 0xd0, 0xaf,
    0xff, 0xfe, 0x50, 0x00, 0x00, 0x00, 0x04, 0xc0,
    0x8f, 0xff, 0xff, 0xfd, 0x83, 0x00, 0x00, 0x00,
    0x00, 0x3f, 0xff, 0xff, 0xff, 0xff, 0xe9, 0x30,
    0x00, 0x00, 0x0b, 0xff, 0xff, 0xff, 0xff, 0xff,
    0xfb, 0x10, 0x00, 0x01, 0xdf, 0xff, 0xff, 0xff,
    0xff, 0xff, 0xe2, 0x00, 0x00, 0x09, 0xff, 0xff,
    0xff, 0xff, 0xff, 0xfd, 0x00, 0x00, 0x00, 0x28,
    0xef, 0xff, 0xff, 0xff, 0xff, 0x50, 0x00, 0x00,
    0x00, 0x03, 0x7d, 0xff, 0xff, 0xff, 0xa0, 0x06,
    0x40, 0x00, 0x00, 0x00, 0x4d, 0xff, 0xff, 0xc0,
    0x0a, 0xe1, 0x00, 0x00, 0x00, 0x01, 0xff, 0xff,
    0xc0, 0x07, 0xfa, 0x00, 0x00, 0x00, 0x00, 0xaf,
    0xff, 0xa0, 0x04, 0xff, 0x70, 0x00, 0x00, 0x00,
    0x9f, 0xff, 0x50, 0x02, 0xff, 0xf7, 0x00, 0x00,
    0x00, 0xef, 0xfd, 0x00, 0x00, 0xff, 0xff, 0xc5,
    0x10, 0x3c, 0xff, 0xe2, 0x00, 0x00, 0xcf, 0x52,
    0xbf, 0xff, 0xff, 0xf9, 0x10, 0x00, 0x00, 0x33,
    0x00, 0x03, 0xf8, 0x74, 0x10, 0x00, 0x00, 0x00,
    0x00, 0x00, 0x07, 0xa0, 0x00, 0x00, 0x00, 0x00,
    0x00, 0x00, 0x00, 0x1f, 0x86, 0x40, 0x00, 0x00,
    0x00, 0x00, 0x00, 0x00, 0x18, 0xbf, 0xfe, 0x30,
    0x00, 0x00, 0x00, 0x00, 0x00, 0x00, 0x08, 0xff,
    0xe0, 0x00, 0x00, 0x00, 0x00, 0x00, 0x00, 0x04,
    0xff, 0xf3, 0x00, 0x00, 0x00, 0x00, 0x23, 0x00,
    0x04, 0xff, 0xf2, 0x00, 0x00, 0x00, 0x00, 0x4e,
    0x40, 0x0a, 0xff, 0xc0, 0x00, 0x00, 0x00, 0x00,
    0x06, 0xee, 0xff, 0xfa, 0x10, 0x00, 0x00, 0x00,
    0x00, 0x00, 0x03, 0x43, 0x10, 0x00, 0x00, 0x00
};

/*---------------------
 *  GLYPH DESCRIPTION
 *--------------------*/

static const lv_font_fmt_txt_glyph_dsc_t glyph_dsc[] = {
    {.bitmap_index = 0, .adv_w = 0, .box_w = 0, .box_h = 0, .ofs_x = 0, .ofs_y = 0} /* id = 0 reserved */,
    {.bitmap_index = 0, .adv_w = 135, .box_w = 0, .box_h = 0, .ofs_x = 0, .ofs_y = 0},
    {.bitmap_index = 0, .adv_w = 201, .box_w = 8, .box_h = 34, .ofs_x = 2, .ofs_y = -1},
    {.bitmap_index = 136, .adv_w = 239, .box_w = 15, .box_h = 16, .ofs_x = 0, .ofs_y = 20},
    {.bitmap_index = 256, .adv_w = 436, .box_w = 27, .box_h = 33, .ofs_x = 0, .ofs_y = -1},
    {.bitmap_index = 702, .adv_w = 401, .box_w = 23, .box_h = 39, .ofs_x = 1, .ofs_y = -4},
    {.bitmap_index = 1151, .adv_w = 493, .box_w = 29, .box_h = 33, .ofs_x = 1, .ofs_y = -1},
    {.bitmap_index = 1630, .adv_w = 662, .box_w = 38, .box_h = 35, .ofs_x = 2, .ofs_y = -1},
    {.bitmap_index = 2295, .adv_w = 117, .box_w = 7, .box_h = 16, .ofs_x = 0, .ofs_y = 20},
    {.bitmap_index = 2351, .adv_w = 240, .box_w = 13, .box_h = 39, .ofs_x = 2, .ofs_y = -6},
    {.bitmap_index = 2605, .adv_w = 239, .box_w = 12, .box_h = 39, .ofs_x = 0, .ofs_y = -6},
    {.bitmap_index = 2839, .adv_w = 420, .box_w = 24, .box_h = 24, .ofs_x = 1, .ofs_y = 11},
    {.bitmap_index = 3127, .adv_w = 361, .box_w = 19, .box_h = 18, .ofs_x = 2, .ofs_y = 6},
    {.bitmap_index = 3298, .adv_w = 174, .box_w = 8, .box_h = 15, .ofs_x = 2, .ofs_y = -8},
    {.bitmap_index = 3358, .adv_w = 235, .box_w = 13, .box_h = 4, .ofs_x = 1, .ofs_y = 10},
    {.bitmap_index = 3384, .adv_w = 168, .box_w = 8, .box_h = 8, .ofs_x = 1, .ofs_y = -1},
    {.bitmap_index = 3416, .adv_w = 295, .box_w = 19, .box_h = 41, .ofs_x = 0, .ofs_y = -7},
    {.bitmap_index = 3806, .adv_w = 455, .box_w = 26, .box_h = 33, .ofs_x = 1, .ofs_y = -1},
    {.bitmap_index = 4235, .adv_w = 299, .box_w = 17, .box_h = 32, .ofs_x = 1, .ofs_y = 0},
    {.bitmap_index = 4507, .adv_w = 415, .box_w = 24, .box_h = 33, .ofs_x = 1, .ofs_y = -1},
    {.bitmap_index = 4903, .adv_w = 382, .box_w = 23, .box_h = 32, .ofs_x = 1, .ofs_y = -1},
    {.bitmap_index = 5271, .adv_w = 423, .box_w = 25, .box_h = 32, .ofs_x = 0, .ofs_y = 0},
    {.bitmap_index = 5671, .adv_w = 395, .box_w = 22, .box_h = 34, .ofs_x = 2, .ofs_y = -1},
    {.bitmap_index = 6045, .adv_w = 420, .box_w = 24, .box_h = 33, .ofs_x = 1, .ofs_y = -1},
    {.bitmap_index = 6441, .adv_w = 357, .box_w = 22, .box_h = 32, .ofs_x = 1, .ofs_y = -1},
    {.bitmap_index = 6793, .adv_w = 410, .box_w = 24, .box_h = 33, .ofs_x = 1, .ofs_y = -1},
    {.bitmap_index = 7189, .adv_w = 422, .box_w = 24, .box_h = 33, .ofs_x = 1, .ofs_y = -1},
    {.bitmap_index = 7585, .adv_w = 167, .box_w = 8, .box_h = 22, .ofs_x = 1, .ofs_y = -1},
    {.bitmap_index = 7673, .adv_w = 175, .box_w = 9, .box_h = 28, .ofs_x = 1, .ofs_y = -8},
    {.bitmap_index = 7799, .adv_w = 337, .box_w = 18, .box_h = 20, .ofs_x = 1, .ofs_y = 5},
    {.bitmap_index = 7979, .adv_w = 361, .box_w = 19, .box_h = 10, .ofs_x = 2, .ofs_y = 10},
    {.bitmap_index = 8074, .adv_w = 337, .box_w = 18, .box_h = 20, .ofs_x = 2, .ofs_y = 5},
    {.bitmap_index = 8254, .adv_w = 367, .box_w = 21, .box_h = 34, .ofs_x = 1, .ofs_y = -2},
    {.bitmap_index = 8611, .adv_w = 590, .box_w = 35, .box_h = 38, .ofs_x = 1, .ofs_y = -7},
    {.bitmap_index = 9276, .adv_w = 483, .box_w = 30, .box_h = 31, .ofs_x = 0, .ofs_y = 0},
    {.bitmap_index = 9741, .adv_w = 479, .box_w = 28, .box_h = 31, .ofs_x = 1, .ofs_y = 0},
    {.bitmap_index = 10175, .adv_w = 475, .box_w = 28, .box_h = 33, .ofs_x = 1, .ofs_y = -1},
    {.bitmap_index = 10637, .adv_w = 536, .box_w = 32, .box_h = 31, .ofs_x = 1, .ofs_y = 0},
    {.bitmap_index = 11133, .adv_w = 444, .box_w = 26, .box_h = 33, .ofs_x = 1, .ofs_y = -1},
    {.bitmap_index = 11562, .adv_w = 409, .box_w = 24, .box_h = 32, .ofs_x = 1, .ofs_y = 0},
    {.bitmap_index = 11946, .adv_w = 515, .box_w = 31, .box_h = 33, .ofs_x = 1, .ofs_y = -1},
    {.bitmap_index = 12458, .adv_w = 568, .box_w = 32, .box_h = 31, .ofs_x = 2, .ofs_y = 0},
    {.bitmap_index = 12954, .adv_w = 265, .box_w = 14, .box_h = 31, .ofs_x = 1, .ofs_y = 0},
    {.bitmap_index = 13171, .adv_w = 321, .box_w = 18, .box_h = 32, .ofs_x = 1, .ofs_y = -1},
    {.bitmap_index = 13459, .adv_w = 528, .box_w = 32, .box_h = 31, .ofs_x = 1, .ofs_y = 0},
    {.bitmap_index = 13955, .adv_w = 421, .box_w = 25, .box_h = 32, .ofs_x = 1, .ofs_y = -1},
    {.bitmap_index = 14355, .adv_w = 616, .box_w = 38, .box_h = 31, .ofs_x = 0, .ofs_y = 0},
    {.bitmap_index = 14944, .adv_w = 513, .box_w = 30, .box_h = 31, .ofs_x = 1, .ofs_y = 0},
    {.bitmap_index = 15409, .adv_w = 541, .box_w = 32, .box_h = 33, .ofs_x = 1, .ofs_y = -1},
    {.bitmap_index = 15937, .adv_w = 468, .box_w = 28, .box_h = 31, .ofs_x = 1, .ofs_y = 0},
    {.bitmap_index = 16371, .adv_w = 545, .box_w = 33, .box_h = 38, .ofs_x = 1, .ofs_y = -6},
    {.bitmap_index = 16998, .adv_w = 502, .box_w = 31, .box_h = 31, .ofs_x = 1, .ofs_y = 0},
    {.bitmap_index = 17479, .adv_w = 415, .box_w = 24, .box_h = 33, .ofs_x = 1, .ofs_y = -1},
    {.bitmap_index = 17875, .adv_w = 467, .box_w = 29, .box_h = 32, .ofs_x = 0, .ofs_y = 0},
    {.bitmap_index = 18339, .adv_w = 500, .box_w = 30, .box_h = 32, .ofs_x = 1, .ofs_y = -1},
    {.bitmap_index = 18819, .adv_w = 470, .box_w = 30, .box_h = 31, .ofs_x = 0, .ofs_y = 0},
    {.bitmap_index = 19284, .adv_w = 702, .box_w = 44, .box_h = 31, .ofs_x = 0, .ofs_y = 0},
    {.bitmap_index = 19966, .adv_w = 487, .box_w = 31, .box_h = 31, .ofs_x = 0, .ofs_y = 0},
    {.bitmap_index = 20447, .adv_w = 460, .box_w = 29, .box_h = 31, .ofs_x = 0, .ofs_y = 0},
    {.bitmap_index = 20897, .adv_w = 429, .box_w = 26, .box_h = 33, .ofs_x = 0, .ofs_y = -1},
    {.bitmap_index = 21326, .adv_w = 233, .box_w = 12, .box_h = 39, .ofs_x = 3, .ofs_y = -6},
    {.bitmap_index = 21560, .adv_w = 293, .box_w = 18, .box_h = 41, .ofs_x = 0, .ofs_y = -7},
    {.bitmap_index = 21929, .adv_w = 235, .box_w = 12, .box_h = 39, .ofs_x = 0, .ofs_y = -6},
    {.bitmap_index = 22163, .adv_w = 279, .box_w = 16, .box_h = 15, .ofs_x = 1, .ofs_y = 17},
    {.bitmap_index = 22283, .adv_w = 302, .box_w = 19, .box_h = 2, .ofs_x = 0, .ofs_y = -7},
    {.bitmap_index = 22302, .adv_w = 170, .box_w = 8, .box_h = 9, .ofs_x = 1, .ofs_y = 23},
    {.bitmap_index = 22338, .adv_w = 361, .box_w = 21, .box_h = 23, .ofs_x = 1, .ofs_y = -1},
    {.bitmap_index = 22580, .adv_w = 396, .box_w = 24, .box_h = 34, .ofs_x = 0, .ofs_y = -1},
    {.bitmap_index = 22988, .adv_w = 335, .box_w = 19, .box_h = 23, .ofs_x = 1, .ofs_y = -1},
    {.bitmap_index = 23207, .adv_w = 402, .box_w = 24, .box_h = 34, .ofs_x = 1, .ofs_y = -1},
    {.bitmap_index = 23615, .adv_w = 345, .box_w = 20, .box_h = 23, .ofs_x = 1, .ofs_y = -1},
    {.bitmap_index = 23845, .adv_w = 241, .box_w = 15, .box_h = 32, .ofs_x = 1, .ofs_y = 0},
    {.bitmap_index = 24085, .adv_w = 379, .box_w = 25, .box_h = 36, .ofs_x = 0, .ofs_y = -10},
    {.bitmap_index = 24535, .adv_w = 411, .box_w = 25, .box_h = 33, .ofs_x = 1, .ofs_y = 0},
    {.bitmap_index = 24948, .adv_w = 199, .box_w = 11, .box_h = 31, .ofs_x = 1, .ofs_y = 0},
    {.bitmap_index = 25119, .adv_w = 199, .box_w = 14, .box_h = 41, .ofs_x = -2, .ofs_y = -10},
    {.bitmap_index = 25406, .adv_w = 400, .box_w = 25, .box_h = 33, .ofs_x = 1, .ofs_y = 0},
    {.bitmap_index = 25819, .adv_w = 201, .box_w = 11, .box_h = 33, .ofs_x = 1, .ofs_y = 0},
    {.bitmap_index = 26001, .adv_w = 622, .box_w = 38, .box_h = 22, .ofs_x = 1, .ofs_y = 0},
    {.bitmap_index = 26419, .adv_w = 411, .box_w = 25, .box_h = 22, .ofs_x = 1, .ofs_y = 0},
    {.bitmap_index = 26694, .adv_w = 388, .box_w = 22, .box_h = 23, .ofs_x = 1, .ofs_y = -1},
    {.bitmap_index = 26947, .adv_w = 406, .box_w = 25, .box_h = 32, .ofs_x = 0, .ofs_y = -10},
    {.bitmap_index = 27347, .adv_w = 396, .box_w = 24, .box_h = 32, .ofs_x = 1, .ofs_y = -10},
    {.bitmap_index = 27731, .adv_w = 309, .box_w = 18, .box_h = 22, .ofs_x = 1, .ofs_y = 0},
    {.bitmap_index = 27929, .adv_w = 313, .box_w = 18, .box_h = 23, .ofs_x = 1, .ofs_y = -1},
    {.bitmap_index = 28136, .adv_w = 246, .box_w = 15, .box_h = 27, .ofs_x = 0, .ofs_y = -1},
    {.bitmap_index = 28339, .adv_w = 408, .box_w = 25, .box_h = 23, .ofs_x = 0, .ofs_y = -1},
    {.bitmap_index = 28627, .adv_w = 357, .box_w = 24, .box_h = 21, .ofs_x = -1, .ofs_y = 0},
    {.bitmap_index = 28879, .adv_w = 540, .box_w = 35, .box_h = 21, .ofs_x = -1, .ofs_y = 0},
    {.bitmap_index = 29247, .adv_w = 358, .box_w = 23, .box_h = 21, .ofs_x = 0, .ofs_y = 0},
    {.bitmap_index = 29489, .adv_w = 366, .box_w = 25, .box_h = 31, .ofs_x = -1, .ofs_y = -10},
    {.bitmap_index = 29877, .adv_w = 321, .box_w = 19, .box_h = 23, .ofs_x = 1, .ofs_y = -1},
    {.bitmap_index = 30096, .adv_w = 267, .box_w = 14, .box_h = 39, .ofs_x = 2, .ofs_y = -6},
    {.bitmap_index = 30369, .adv_w = 180, .box_w = 3, .box_h = 40, .ofs_x = 4, .ofs_y = -7},
    {.bitmap_index = 30429, .adv_w = 267, .box_w = 14, .box_h = 39, .ofs_x = 1, .ofs_y = -6},
    {.bitmap_index = 30702, .adv_w = 400, .box_w = 21, .box_h = 7, .ofs_x = 2, .ofs_y = 12},
    {.bitmap_index = 30776, .adv_w = 483, .box_w = 30, .box_h = 41, .ofs_x = 0, .ofs_y = 0},
    {.bitmap_index = 31391, .adv_w = 483, .box_w = 30, .box_h = 41, .ofs_x = 0, .ofs_y = 0},
    {.bitmap_index = 32006, .adv_w = 483, .box_w = 30, .box_h = 40, .ofs_x = 0, .ofs_y = 0},
    {.bitmap_index = 32606, .adv_w = 483, .box_w = 30, .box_h = 39, .ofs_x = 0, .ofs_y = 0},
    {.bitmap_index = 33191, .adv_w = 483, .box_w = 30, .box_h = 39, .ofs_x = 0, .ofs_y = 0},
    {.bitmap_index = 33776, .adv_w = 483, .box_w = 30, .box_h = 41, .ofs_x = 0, .ofs_y = 0},
    {.bitmap_index = 34391, .adv_w = 670, .box_w = 42, .box_h = 33, .ofs_x = -1, .ofs_y = -1},
    {.bitmap_index = 35084, .adv_w = 475, .box_w = 28, .box_h = 42, .ofs_x = 1, .ofs_y = -10},
    {.bitmap_index = 35672, .adv_w = 444, .box_w = 26, .box_h = 42, .ofs_x = 1, .ofs_y = -1},
    {.bitmap_index = 36218, .adv_w = 444, .box_w = 26, .box_h = 42, .ofs_x = 1, .ofs_y = -1},
    {.bitmap_index = 36764, .adv_w = 444, .box_w = 26, .box_h = 41, .ofs_x = 1, .ofs_y = -1},
    {.bitmap_index = 37297, .adv_w = 444, .box_w = 26, .box_h = 40, .ofs_x = 1, .ofs_y = -1},
    {.bitmap_index = 37817, .adv_w = 265, .box_w = 14, .box_h = 41, .ofs_x = 1, .ofs_y = 0},
    {.bitmap_index = 38104, .adv_w = 265, .box_w = 15, .box_h = 41, .ofs_x = 1, .ofs_y = 0},
    {.bitmap_index = 38412, .adv_w = 265, .box_w = 14, .box_h = 40, .ofs_x = 1, .ofs_y = 0},
    {.bitmap_index = 38692, .adv_w = 265, .box_w = 15, .box_h = 39, .ofs_x = 1, .ofs_y = 0},
    {.bitmap_index = 38985, .adv_w = 536, .box_w = 32, .box_h = 31, .ofs_x = 1, .ofs_y = 0},
    {.bitmap_index = 39481, .adv_w = 513, .box_w = 30, .box_h = 39, .ofs_x = 1, .ofs_y = 0},
    {.bitmap_index = 40066, .adv_w = 541, .box_w = 32, .box_h = 42, .ofs_x = 1, .ofs_y = -1},
    {.bitmap_index = 40738, .adv_w = 541, .box_w = 32, .box_h = 42, .ofs_x = 1, .ofs_y = -1},
    {.bitmap_index = 41410, .adv_w = 541, .box_w = 32, .box_h = 41, .ofs_x = 1, .ofs_y = -1},
    {.bitmap_index = 42066, .adv_w = 541, .box_w = 32, .box_h = 40, .ofs_x = 1, .ofs_y = -1},
    {.bitmap_index = 42706, .adv_w = 541, .box_w = 32, .box_h = 40, .ofs_x = 1, .ofs_y = -1},
    {.bitmap_index = 43346, .adv_w = 328, .box_w = 16, .box_h = 19, .ofs_x = 2, .ofs_y = 6},
    {.bitmap_index = 43498, .adv_w = 541, .box_w = 32, .box_h = 34, .ofs_x = 1, .ofs_y = -1},
    {.bitmap_index = 44042, .adv_w = 500, .box_w = 30, .box_h = 42, .ofs_x = 1, .ofs_y = -1},
    {.bitmap_index = 44672, .adv_w = 500, .box_w = 30, .box_h = 42, .ofs_x = 1, .ofs_y = -1},
    {.bitmap_index = 45302, .adv_w = 500, .box_w = 30, .box_h = 41, .ofs_x = 1, .ofs_y = -1},
    {.bitmap_index = 45917, .adv_w = 500, .box_w = 30, .box_h = 40, .ofs_x = 1, .ofs_y = -1},
    {.bitmap_index = 46517, .adv_w = 460, .box_w = 29, .box_h = 41, .ofs_x = 0, .ofs_y = 0},
    {.bitmap_index = 47112, .adv_w = 468, .box_w = 27, .box_h = 31, .ofs_x = 1, .ofs_y = 0},
    {.bitmap_index = 47531, .adv_w = 456, .box_w = 27, .box_h = 33, .ofs_x = 1, .ofs_y = -1},
    {.bitmap_index = 47977, .adv_w = 361, .box_w = 21, .box_h = 32, .ofs_x = 1, .ofs_y = -1},
    {.bitmap_index = 48313, .adv_w = 361, .box_w = 21, .box_h = 32, .ofs_x = 1, .ofs_y = -1},
    {.bitmap_index = 48649, .adv_w = 361, .box_w = 21, .box_h = 31, .ofs_x = 1, .ofs_y = -1},
    {.bitmap_index = 48975, .adv_w = 361, .box_w = 21, .box_h = 30, .ofs_x = 1, .ofs_y = -1},
    {.bitmap_index = 49290, .adv_w = 361, .box_w = 21, .box_h = 30, .ofs_x = 1, .ofs_y = -1},
    {.bitmap_index = 49605, .adv_w = 361, .box_w = 21, .box_h = 32, .ofs_x = 1, .ofs_y = -1},
    {.bitmap_index = 49941, .adv_w = 542, .box_w = 32, .box_h = 23, .ofs_x = 1, .ofs_y = -1},
    {.bitmap_index = 50309, .adv_w = 335, .box_w = 19, .box_h = 32, .ofs_x = 1, .ofs_y = -10},
    {.bitmap_index = 50613, .adv_w = 345, .box_w = 20, .box_h = 33, .ofs_x = 1, .ofs_y = -1},
    {.bitmap_index = 50943, .adv_w = 345, .box_w = 20, .box_h = 33, .ofs_x = 1, .ofs_y = -1},
    {.bitmap_index = 51273, .adv_w = 345, .box_w = 20, .box_h = 31, .ofs_x = 1, .ofs_y = -1},
    {.bitmap_index = 51583, .adv_w = 345, .box_w = 20, .box_h = 30, .ofs_x = 1, .ofs_y = -1},
    {.bitmap_index = 51883, .adv_w = 198, .box_w = 12, .box_h = 32, .ofs_x = 0, .ofs_y = 0},
    {.bitmap_index = 52075, .adv_w = 198, .box_w = 12, .box_h = 31, .ofs_x = 1, .ofs_y = 0},
    {.bitmap_index = 52261, .adv_w = 198, .box_w = 12, .box_h = 30, .ofs_x = 0, .ofs_y = 0},
    {.bitmap_index = 52441, .adv_w = 198, .box_w = 12, .box_h = 29, .ofs_x = 0, .ofs_y = 0},
    {.bitmap_index = 52615, .adv_w = 388, .box_w = 22, .box_h = 35, .ofs_x = 1, .ofs_y = -1},
    {.bitmap_index = 53000, .adv_w = 411, .box_w = 25, .box_h = 29, .ofs_x = 1, .ofs_y = 0},
    {.bitmap_index = 53363, .adv_w = 388, .box_w = 22, .box_h = 33, .ofs_x = 1, .ofs_y = -1},
    {.bitmap_index = 53726, .adv_w = 388, .box_w = 22, .box_h = 33, .ofs_x = 1, .ofs_y = -1},
    {.bitmap_index = 54089, .adv_w = 388, .box_w = 22, .box_h = 31, .ofs_x = 1, .ofs_y = -1},
    {.bitmap_index = 54430, .adv_w = 388, .box_w = 22, .box_h = 30, .ofs_x = 1, .ofs_y = -1},
    {.bitmap_index = 54760, .adv_w = 388, .box_w = 22, .box_h = 30, .ofs_x = 1, .ofs_y = -1},
    {.bitmap_index = 55090, .adv_w = 361, .box_w = 19, .box_h = 21, .ofs_x = 2, .ofs_y = 5},
    {.bitmap_index = 55290, .adv_w = 386, .box_w = 22, .box_h = 24, .ofs_x = 1, .ofs_y = -2},
    {.bitmap_index = 55554, .adv_w = 408, .box_w = 25, .box_h = 32, .ofs_x = 0, .ofs_y = -1},
    {.bitmap_index = 55954, .adv_w = 408, .box_w = 25, .box_h = 32, .ofs_x = 0, .ofs_y = -1},
    {.bitmap_index = 56354, .adv_w = 408, .box_w = 25, .box_h = 31, .ofs_x = 0, .ofs_y = -1},
    {.bitmap_index = 56742, .adv_w = 408, .box_w = 25, .box_h = 30, .ofs_x = 0, .ofs_y = -1},
    {.bitmap_index = 57117, .adv_w = 366, .box_w = 25, .box_h = 42, .ofs_x = -1, .ofs_y = -10},
    {.bitmap_index = 57642, .adv_w = 398, .box_w = 24, .box_h = 43, .ofs_x = 0, .ofs_y = -10},
    {.bitmap_index = 58158, .adv_w = 366, .box_w = 25, .box_h = 39, .ofs_x = -1, .ofs_y = -10},
    {.bitmap_index = 58646, .adv_w = 515, .box_w = 31, .box_h = 41, .ofs_x = 1, .ofs_y = -1},
    {.bitmap_index = 59282, .adv_w = 377, .box_w = 25, .box_h = 41, .ofs_x = 0, .ofs_y = -10},
    {.bitmap_index = 59795, .adv_w = 265, .box_w = 14, .box_h = 39, .ofs_x = 1, .ofs_y = 0},
    {.bitmap_index = 60068, .adv_w = 199, .box_w = 11, .box_h = 22, .ofs_x = 1, .ofs_y = 0},
    {.bitmap_index = 60189, .adv_w = 415, .box_w = 24, .box_h = 42, .ofs_x = 1, .ofs_y = -10},
    {.bitmap_index = 60693, .adv_w = 313, .box_w = 18, .box_h = 32, .ofs_x = 1, .ofs_y = -10}
};

/*---------------------
 *  CHARACTER MAPPING
 *--------------------*/

static const uint16_t unicode_list_2[] = {
    0x00, 0x01, 0x12, 0x13, 0x40, 0x41
};

/*Collect the unicode lists and glyph_id offsets*/
static const lv_font_fmt_txt_cmap_t cmaps[] =
{
    {
        .range_start = 32, .range_length = 95, .glyph_id_start = 1,
        .unicode_list = NULL, .glyph_id_ofs_list = NULL, .list_length = 0, .type = LV_FONT_FMT_TXT_CMAP_FORMAT0_TINY
    },
    {
        .range_start = 192, .range_length = 64, .glyph_id_start = 96,
        .unicode_list = NULL, .glyph_id_ofs_list = NULL, .list_length = 0, .type = LV_FONT_FMT_TXT_CMAP_FORMAT0_TINY
    },
    {
        .range_start = 286, .range_length = 66, .glyph_id_start = 160,
        .unicode_list = unicode_list_2, .glyph_id_ofs_list = NULL, .list_length = 6, .type = LV_FONT_FMT_TXT_CMAP_SPARSE_TINY
    }
};

/*-----------------
 *    KERNING
 *----------------*/

/*Map glyph_ids to kern left classes*/
static const uint8_t kern_left_class_mapping[] =
{
    0, 0, 0, 1, 0, 0, 0, 2,
    1, 0, 0, 0, 0, 3, 0, 3,
    0, 0, 0, 0, 0, 4, 0, 0,
    5, 0, 6, 3, 3, 0, 0, 0,
    0, 0, 7, 8, 9, 10, 11, 12,
    9, 0, 0, 0, 13, 14, 15, 0,
    10, 16, 10, 17, 18, 19, 20, 21,
    21, 22, 23, 24, 0, 0, 0, 0,
    0, 0, 25, 26, 27, 28, 27, 29,
    30, 31, 32, 33, 34, 28, 31, 31,
    26, 26, 35, 36, 37, 38, 32, 39,
    39, 40, 39, 41, 0, 0, 0, 0,
    7, 7, 7, 7, 7, 7, 11, 9,
    11, 11, 11, 11, 0, 0, 0, 0,
    10, 0, 10, 10, 10, 10, 10, 0,
    10, 20, 20, 20, 20, 23, 42, 0,
    25, 25, 25, 25, 25, 25, 27, 27,
    27, 27, 27, 27, 32, 32, 32, 32,
    26, 31, 26, 26, 26, 26, 26, 0,
    26, 32, 32, 32, 32, 39, 26, 39,
    9, 30, 0, 32, 18, 37
};

/*Map glyph_ids to kern right classes*/
static const uint8_t kern_right_class_mapping[] =
{
    0, 0, 0, 1, 0, 0, 0, 2,
    1, 0, 0, 0, 0, 3, 0, 3,
    0, 4, 0, 5, 0, 6, 0, 0,
    7, 8, 9, 3, 3, 0, 0, 0,
    0, 0, 10, 0, 11, 0, 0, 0,
    11, 0, 0, 12, 0, 0, 0, 0,
    11, 0, 11, 0, 13, 14, 15, 16,
    16, 17, 18, 19, 0, 0, 0, 0,
    0, 0, 20, 21, 22, 22, 22, 23,
    24, 21, 25, 26, 21, 21, 25, 25,
    22, 27, 22, 25, 28, 29, 30, 31,
    31, 32, 31, 33, 0, 0, 0, 0,
    10, 10, 10, 10, 10, 10, 10, 11,
    0, 0, 0, 0, 0, 0, 0, 0,
    0, 0, 11, 11, 11, 11, 11, 0,
    11, 15, 15, 15, 15, 18, 0, 23,
    20, 20, 20, 20, 20, 20, 20, 22,
    22, 22, 22, 22, 25, 25, 25, 25,
    22, 25, 22, 22, 22, 22, 22, 0,
    22, 30, 30, 30, 30, 31, 21, 31,
    11, 24, 0, 25, 13, 28
};

/*Kern values between classes*/
static const int8_t kern_class_values[] =
{
    0, 0, -28, 0, 0, 0, 0, 0,
    0, -50, 0, 0, 0, 0, 0, 0,
    0, 0, 0, 0, 0, 0, 0, 0,
    0, 0, 0, 0, 0, 0, 0, 0,
    0, 0, 0, 0, 0, 0, 0, 0,
    0, 0, -5, 0, -4, -3, -8, -2,
    -9, -7, -15, -3, 0, 0, 0, 0,
    0, 0, 0, 0, 0, 0, 0, 0,
    0, 0, -28, 0, 0, 0, 0, 0,
    0, 0, 0, 0, 0, 0, 0, -36,
    -4, -36, 0, -36, 0, 0, 0, 0,
    0, 0, 0, 0, 0, 0, 0, 0,
    -16, 0, 0, 0, 0, 0, 0, 0,
    0, -19, 0, 0, 0, 0, 0, 0,
    0, 0, 0, 0, 0, 0, 0, 0,
    0, 0, 0, 0, 0, 0, 0, 0,
    0, 0, 0, 0, 0, 0, 0, -15,
    -8, -49, 0, -7, -8, 0, 0, 0,
    0, 0, 0, 0, 0, 0, 0, 0,
    0, 0, 0, 0, 0, 0, 0, 0,
    0, 0, 0, 0, 0, 0, 0, 0,
    0, 0, 0, -3, 0, 0, 0, 0,
    0, 0, 0, 0, 0, 0, 0, 0,
    0, 0, 0, 0, 0, 0, 0, 0,
    0, 0, 0, 0, 0, 0, -47, -4,
    0, 0, 0, 0, 0, 0, 0, 0,
    -2, 0, -2, -30, -2, -28, 0, -31,
    0, 0, 0, -2, 0, -6, 0, 0,
    0, -2, 0, 0, -23, 0, 0, -13,
    0, 0, 0, 0, 0, 0, 0, 0,
    0, 0, 0, 0, -3, 0, -11, -3,
    -9, 0, 0, 0, 0, 0, 0, 0,
    0, 0, 0, 0, 0, 0, 0, 0,
    0, -5, 0, 0, 0, 0, 0, 0,
    0, -2, 0, 0, 0, 0, 0, 0,
    0, 0, 0, 0, 0, 0, 0, 0,
    0, 0, 0, 0, 0, 0, 0, 0,
    0, -5, 0, 0, 0, 0, 0, 0,
    0, 0, -2, 0, -2, 0, 0, 0,
    0, -4, -6, 0, -1, -1, 0, -1,
    -4, -1, -1, 0, 0, 0, 0, 0,
    0, 0, -2, -5, 0, 0, 0, 0,
    0, 0, 0, 0, 0, 0, 0, 0,
    0, -1, 0, -1, 0, 0, 0, 0,
    0, 0, 0, 0, 0, 0, 0, 0,
    -1, 0, 0, 0, -7, -23, 0, 0,
    0, 0, 0, 0, -27, 0, -19, -1,
    0, 0, -1, -1, -1, -1, -21, 0,
    -18, -4, -23, -3, 0, -10, -13, -6,
    -11, -2, -2, -2, -5, -5, 0, 0,
    0, 0, 0, 0, 0, 0, -5, 0,
    -4, -6, -7, -2, 0, -7, 0, 0,
    0, -2, 0, 0, 0, 0, -1, 0,
    0, -3, -16, 0, 0, -58, -4, -1,
    0, 0, 0, 0, 0, 0, -4, 0,
    0, 0, -27, 0, -31, 0, -31, 0,
    0, 0, 0, -1, 0, 0, 0, 0,
    0, 0, 0, -11, 0, 0, 0, 0,
    0, 0, 0, 0, 0, 0, 0, 0,
    0, 0, 0, 0, 0, 0, 0, 0,
    0, 0, 0, 0, 0, 0, 0, 0,
    0, 0, 0, 0, -5, 0, 0, 0,
    0, -28, 0, 0, 0, 0, 0, 0,
    -25, 0, -4, 0, 0, 0, -5, -7,
    -7, 0, -4, 0, -10, 0, -6, 0,
    0, 0, -6, 0, 0, 0, 0, 0,
    -6, -2, 0, 0, 0, 0, 0, 0,
    0, 1, 0, 0, 0, 0, 0, -10,
    0, -19, 0, 0, 0, -1, 0, 0,
    0, 0, 0, 0, 0, 0, 0, 5,
    0, -2, -5, 0, 0, 0, 0, 0,
    0, 0, -6, 0, 0, 0, -2, 0,
    -4, 0, -6, 0, 0, 0, 0, -4,
    -5, 0, 0, 0, 0, 0, 0, 0,
    0, 0, 0, -6, -36, 0, 0, 0,
    0, 0, 0, -30, 0, -14, 0, 0,
    0, 0, 0, 0, 0, -43, 0, -43,
    -4, -37, -23, -8, -23, -35, -7, -23,
    -21, -15, -26, -3, -4, -4, 0, 0,
    0, 0, 0, 0, -10, 0, -2, 0,
    0, 0, 0, 0, 0, 0, -4, 0,
    0, -4, -7, 0, 0, -1, -1, 0,
    0, -1, 0, -1, -1, -9, -28, 0,
    0, 0, 0, 0, 0, -31, 0, -18,
    -4, 0, 0, 0, 0, 0, -4, -38,
    0, -38, -4, -37, -30, -12, -27, -34,
    -20, -25, -25, -27, -27, -9, -7, 0,
    0, 0, 0, 0, 0, 0, 0, -4,
    0, 0, 0, 0, 0, 0, 0, 0,
    0, 0, -10, 0, -1, 0, 0, 0,
    0, -3, -4, -18, 0, 0, -1, -13,
    -36, 0, 0, 0, 0, 0, 0, -31,
    -6, -14, -6, 0, 0, 4, 0, 0,
    -4, -37, 0, -39, -4, -39, -31, -20,
    -35, -39, -29, -29, -31, -31, -33, 0,
    -4, 0, 0, 0, 0, 0, 0, 0,
    0, 0, 0, 0, 0, 0, 0, 0,
    0, 0, 0, 0, 0, 0, 0, 0,
    0, 0, 0, 0, 0, -7, 0, 0,
    -5, 0, 0, 0, 0, 0, 0, 0,
    0, 0, 0, 0, 0, -21, 0, -24,
    0, -34, 0, 0, 0, 0, 0, 0,
    0, 0, 0, 0, 0, 0, -9, 0,
    0, -8, 0, 0, 0, 0, 0, 0,
    0, 0, 0, 0, 0, 0, -27, 0,
    -29, -18, -39, 0, 0, 0, 0, 0,
    0, 0, 0, 0, 0, 0, 0, -9,
    0, 0, -5, 0, 0, 0, 0, 0,
    0, 0, 0, 0, 0, 0, 0, -18,
    0, -12, 0, -31, 0, 0, 0, 0,
    0, 0, 0, 0, 0, 0, 0, 0,
    0, 0, 0, -2, 0, 0, 0, 0,
    0, 0, 0, 0, 0, 0, 0, 0,
    0, 0, 0, 0, 0, 0, 0, 10,
    0, 0, 0, 0, 0, 0, 0, 0,
    0, 0, 0, 0, 4, 0, 0, 0,
    0, 0, 0, 0, 0, 0, 0, 0,
    0, 0, 0, 4, 0, 1, 0, 0,
    0, 0, 0, 0, 0, 0, 0, 0,
    0, 0, 0, 0, 0, -2, 0, -4,
    0, 0, 0, 0, 0, 0, 0, 0,
    0, 0, 4, 0, -3, -5, -11, 2,
    0, 0, 0, 0, 0, 0, 0, 0,
    0, 0, 0, 0, 0, 0, -11, 0,
    0, 0, 0, 0, 0, 0, 0, 0,
    0, 0, 0, -18, 0, -23, 0, -31,
    0, 0, 0, 0, 0, 0, 0, 0,
    0, 0, 0, 0, -2, 0, 0, -2,
    0, 0, 0, 0, 0, 0, 0, 0,
    0, 0, 0, 0, 0, 0, -12, 0,
    -17, 0, 0, 0, 0, 0, 0, 0,
    0, 0, 0, 0, 0, 0, 0, 0,
    0, 0, 0, 0, 0, 0, 0, 0,
    0, 0, 0, 0, 0, 0, 0, -4,
    0, -7, 0, 0, 0, 0, 0, 0,
    0, 0, 0, 0, 0, 0, 0, 0,
    0, -7, 0, 0, 0, 0, 0, 0,
    0, 0, 0, -4, 0, 0, -8, 0,
    -7, 0, -24, 2, 0, 0, 0, 0,
    0, 0, 0, 0, 0, 0, 0, 0,
    0, 0, -8, 0, 0, 0, 0, 0,
    0, 0, 0, 0, 0, 0, 0, -3,
    0, -22, 0, -27, 0, 0, 0, 0,
    0, 0, 0, 0, 0, 0, 0, 0,
    0, 0, 0, -8, 0, -12, 0, 0,
    0, 0, 0, 0, -14, 0, -12, 0,
    -8, 0, -13, -18, -27, 0, 0, 0,
    0, 0, 0, 0, 0, 0, 0, 0,
    0, -2, 0, 0, -6, 0, -2, 0,
    0, 0, 0, 0, 0, 0, 0, 0,
    0, -8, 0, -23, 0, -27, 0, 0,
    0, 0, 0, 0, 0, 0, 0, 0,
    0, 0, 0, 0, 0, -2, 0, 0,
    0, 0, 0, 0, 0, 0, 0, 0,
    0, 0, -3, 0, -15, 0, -20, 0,
    0, 0, -2, 0, 0, 0, 0, 0,
    0, 0, 0, 0, 0, 0, -2, 0,
    -16, 0, 0, 0, 0, 0, 0, -23,
    0, -4, 0, -3, 0, -12, -10, -22,
    0, -9, 0, -9, 0, -3, 0, 0,
    0, 0, 0, 0, 0, 0, 0, -12,
    0, 0, 0, 0, 0, 0, 0, 0,
    0, 0, 0, 0, -12, 0, -20, 0,
    -22, 0, 0, 0, 0, 0, -3, 0,
    0, 0, 0, 0, 0, 0, 0, 0,
    0, 0, 0, 0, 0, 0, 0, 0,
    0, 0, 0, 0, 0, -4, 0, -17,
    0, -17, 0, 0, 0, 0, 0, 0,
    0, 0, 0, 0, 0, 0, 0, 0,
    0, 0, 0, -7, 0, 0, 0, 0,
    0, 0, 0, 0, 0, 0, 0, 0,
    0, 0, 0, 0, 0, 0, 0, 0,
    0, 0, 0, 0, 0, 0, 0, 0,
    0, 0
};

/*Collect the kern class' data in one place*/
static const lv_font_fmt_txt_kern_classes_t kern_classes =
{
    .class_pair_values   = kern_class_values,
    .left_class_mapping  = kern_left_class_mapping,
    .right_class_mapping = kern_right_class_mapping,
    .left_class_cnt      = 42,
    .right_class_cnt     = 33,
};

/*--------------------
 *  ALL CUSTOM DATA
 *--------------------*/

#if LVGL_VERSION_MAJOR == 8
/*Store all the custom data of the font*/
static  lv_font_fmt_txt_glyph_cache_t cache;
#endif

#if LVGL_VERSION_MAJOR >= 8
static const lv_font_fmt_txt_dsc_t font_dsc = {
#else
static lv_font_fmt_txt_dsc_t font_dsc = {
#endif
    .glyph_bitmap = glyph_bitmap,
    .glyph_dsc = glyph_dsc,
    .cmaps = cmaps,
    .kern_dsc = &kern_classes,
    .kern_scale = 16,
    .cmap_num = 3,
    .bpp = 4,
    .kern_classes = 1,
    .bitmap_format = 0,
#if LVGL_VERSION_MAJOR == 8
    .cache = &cache
#endif

};



/*-----------------
 *  PUBLIC FONT
 *----------------*/

/*Initialize a public general font descriptor*/
#if LVGL_VERSION_MAJOR >= 8
const lv_font_t disp_44_data = {
#else
lv_font_t disp_44_data = {
#endif
    .get_glyph_dsc = lv_font_get_glyph_dsc_fmt_txt,    /*Function pointer to get glyph's data*/
    .get_glyph_bitmap = lv_font_get_bitmap_fmt_txt,    /*Function pointer to get glyph's bitmap*/
    .line_height = 51,          /*The maximum line height required by the font*/
    .base_line = 10,             /*Baseline measured from the bottom of the line*/
#if LV_VERSION_CHECK(9, 6, 0) || LVGL_VERSION_MAJOR >= 10
    .cap_height = 31,           /*Cap height of the font*/
    .x_height = 21,               /*x-height of the font*/
#endif
#if !(LVGL_VERSION_MAJOR == 6 && LVGL_VERSION_MINOR == 0)
    .subpx = LV_FONT_SUBPX_NONE,
#endif
#if LV_VERSION_CHECK(7, 4, 0) || LVGL_VERSION_MAJOR >= 8
    .underline_position = -7,
    .underline_thickness = 1,
#endif

#if LV_VERSION_CHECK(9, 3, 0)
    .static_bitmap = 1,    /*Bitmaps are stored as const so they are always static if not compressed */
#endif

    .dsc = &font_dsc,          /*The custom font data. Will be accessed by `get_glyph_bitmap/dsc` */
#if LV_VERSION_CHECK(8, 2, 0) || LVGL_VERSION_MAJOR >= 9
    .fallback = NULL,
#endif
    .user_data = NULL,
};



#endif /*#if DISP_44_DATA*/
