/*******************************************************************************
 * Size: 18 px
 * Bpp: 4
 * Opts: --font /fonts/Fraunces_72pt-SemiBold.ttf -o /fonts/disp_18_data.c --size 18 --bpp 4 --format lvgl --no-compress --range 0x20-0x7F,0xC0-0xFF,0x11E-0x11F,0x130-0x131,0x15E-0x15F
 ******************************************************************************/

#ifdef __has_include
    #if __has_include("lvgl.h")
        #ifndef LV_LVGL_H_INCLUDE_SIMPLE
            #define LV_LVGL_H_INCLUDE_SIMPLE
        #endif
    #endif
#endif

#ifdef LV_LVGL_H_INCLUDE_SIMPLE
    #include "lvgl.h"
#else
    #include "lvgl/lvgl.h"
#endif



#ifndef DISP_18_DATA
#define DISP_18_DATA 1
#endif

#if DISP_18_DATA

/*-----------------
 *    BITMAPS
 *----------------*/

/*Store the image of the glyphs*/
static LV_ATTRIBUTE_LARGE_CONST const uint8_t glyph_bitmap[] = {
    /* U+0020 " " */

    /* U+0021 "!" */
    0x9f, 0xb0, 0xef, 0xf0, 0xcf, 0xe0, 0x9f, 0xb0,
    0x7f, 0x90, 0x5f, 0x70, 0x2f, 0x40, 0x0f, 0x20,
    0x0d, 0x00, 0x06, 0x00, 0x02, 0x00, 0x9f, 0xa0,
    0xef, 0xf0, 0x7f, 0x80,

    /* U+0022 "\"" */
    0x3a, 0x32, 0xa4, 0x9f, 0x97, 0xfb, 0x8f, 0x76,
    0xf9, 0x5f, 0x53, 0xf6, 0x3f, 0x21, 0xf4, 0x1f,
    0x00, 0xf1, 0x0b, 0x00, 0xb0,

    /* U+0023 "#" */
    0x00, 0x00, 0x04, 0x00, 0x30, 0x00, 0x00, 0x00,
    0xb0, 0x0a, 0x00, 0x00, 0x00, 0x19, 0x00, 0xa0,
    0x00, 0x00, 0x05, 0x40, 0x27, 0x00, 0x00, 0x00,
    0x80, 0x06, 0x30, 0x00, 0x89, 0x9c, 0x99, 0xd9,
    0x96, 0x00, 0x00, 0x70, 0x07, 0x00, 0x00, 0x00,
    0x43, 0x01, 0x60, 0x00, 0x00, 0x07, 0x00, 0x52,
    0x00, 0x05, 0x99, 0xd9, 0x9d, 0x99, 0x91, 0x00,
    0x17, 0x00, 0x90, 0x00, 0x00, 0x06, 0x30, 0x36,
    0x00, 0x00, 0x00, 0xa0, 0x08, 0x20, 0x00, 0x00,
    0x0a, 0x00, 0xa0, 0x00, 0x00, 0x00, 0x00, 0x00,
    0x00, 0x00, 0x00,

    /* U+0024 "$" */
    0x00, 0x00, 0x1a, 0x00, 0x00, 0x00, 0x00, 0x1a,
    0x00, 0x00, 0x00, 0x3a, 0x7c, 0xaa, 0x20, 0x05,
    0xf4, 0x09, 0x0e, 0xf2, 0x0e, 0xf0, 0x07, 0x0b,
    0xf8, 0x1f, 0xf3, 0x06, 0x09, 0xf7, 0x0f, 0xfd,
    0x26, 0x00, 0x20, 0x09, 0xff, 0xfc, 0x40, 0x00,
    0x00, 0x9f, 0xff, 0xfd, 0x20, 0x00, 0x02, 0x9f,
    0xff, 0xe1, 0x02, 0x10, 0x16, 0x9f, 0xf7, 0x3f,
    0xd0, 0x15, 0x0d, 0xf9, 0x4f, 0xf0, 0x26, 0x0a,
    0xf6, 0x0c, 0xf2, 0x26, 0x0d, 0xc0, 0x00, 0x7b,
    0x9b, 0xa8, 0x00, 0x00, 0x00, 0x48, 0x00, 0x00,
    0x00, 0x00, 0x13, 0x00, 0x00,

    /* U+0025 "%" */
    0x00, 0x00, 0x00, 0x00, 0x02, 0x50, 0x00, 0x4b,
    0x6b, 0x30, 0x00, 0xc5, 0x00, 0x1f, 0x60, 0x8e,
    0x00, 0x5b, 0x00, 0x06, 0xf4, 0x06, 0xf5, 0x0c,
    0x10, 0x00, 0x8f, 0x40, 0x6f, 0x66, 0x60, 0x00,
    0x06, 0xf6, 0x08, 0xf5, 0x90, 0x00, 0x00, 0x2f,
    0xd5, 0xee, 0x61, 0x00, 0x00, 0x00, 0x5e, 0xfd,
    0x50, 0x8f, 0xfb, 0x10, 0x00, 0x00, 0x09, 0x6f,
    0xa6, 0xfb, 0x00, 0x00, 0x06, 0x5b, 0xf1, 0x0c,
    0xf0, 0x00, 0x01, 0xb0, 0xcf, 0x00, 0xbf, 0x10,
    0x00, 0xb3, 0x0b, 0xf0, 0x0b, 0xf0, 0x00, 0x6a,
    0x00, 0x6f, 0x20, 0xda, 0x00, 0x0e, 0x20, 0x00,
    0x8a, 0x7a, 0x00, 0x00, 0x10, 0x00, 0x00, 0x00,
    0x00, 0x00,

    /* U+0026 "&" */
    0x00, 0x38, 0x87, 0x77, 0x85, 0x00, 0x00, 0x00,
    0x08, 0xb1, 0x00, 0x00, 0x02, 0x93, 0x00, 0x00,
    0x5f, 0x20, 0x02, 0x97, 0xa3, 0x06, 0x50, 0x00,
    0xbf, 0x20, 0x2f, 0x80, 0xcf, 0x10, 0x64, 0x00,
    0xcf, 0x80, 0xaf, 0x40, 0xaf, 0x50, 0x09, 0x00,
    0x7f, 0x90, 0xdf, 0x40, 0xdf, 0x20, 0x02, 0x60,
    0x01, 0x00, 0xdf, 0x77, 0xf5, 0x38, 0x10, 0x80,
    0x00, 0x69, 0xdf, 0xe4, 0x00, 0xbf, 0x70, 0x70,
    0x1d, 0xf3, 0x7f, 0xf2, 0x00, 0x8f, 0x70, 0x52,
    0x9f, 0xc0, 0x1f, 0xfb, 0x00, 0x7f, 0x20, 0x52,
    0xdf, 0xb0, 0x09, 0xff, 0x60, 0xc7, 0x00, 0x71,
    0xdf, 0xe0, 0x01, 0xef, 0xf9, 0x50, 0x00, 0x90,
    0x7f, 0xf9, 0x11, 0x9e, 0xff, 0x50, 0x29, 0x30,
    0x08, 0xef, 0xea, 0x21, 0x9e, 0xfe, 0xa2, 0x00,

    /* U+0027 "'" */
    0x3a, 0x39, 0xf9, 0x8f, 0x75, 0xf5, 0x3f, 0x21,
    0xf0, 0x0b, 0x00,

    /* U+0028 "(" */
    0x00, 0x00, 0x00, 0x00, 0x05, 0xa0, 0x00, 0x6e,
    0x10, 0x03, 0xf7, 0x00, 0x0c, 0xf1, 0x00, 0x2f,
    0xb0, 0x00, 0x7f, 0x80, 0x00, 0xaf, 0x50, 0x00,
    0xcf, 0x40, 0x00, 0xcf, 0x40, 0x00, 0xbf, 0x50,
    0x00, 0x8f, 0x70, 0x00, 0x4f, 0xa0, 0x00, 0x0d,
    0xe0, 0x00, 0x05, 0xf5, 0x00, 0x00, 0xad, 0x00,
    0x00, 0x0a, 0x80, 0x00, 0x00, 0x30,

    /* U+0029 ")" */
    0x00, 0x00, 0x09, 0x60, 0x00, 0x0d, 0x80, 0x00,
    0x5f, 0x40, 0x00, 0xed, 0x00, 0x0a, 0xf4, 0x00,
    0x6f, 0x90, 0x04, 0xfc, 0x00, 0x2f, 0xd0, 0x02,
    0xfe, 0x00, 0x3f, 0xc0, 0x05, 0xfa, 0x00, 0x8f,
    0x60, 0x0d, 0xf0, 0x03, 0xf7, 0x00, 0xbc, 0x00,
    0x6b, 0x10, 0x03, 0x00, 0x00,

    /* U+002A "*" */
    0x00, 0x00, 0x01, 0x00, 0x00, 0x00, 0x00, 0x09,
    0xf5, 0x00, 0x00, 0x00, 0x00, 0x9f, 0x60, 0x00,
    0x00, 0x10, 0x03, 0xf0, 0x00, 0x10, 0x1f, 0xd1,
    0x09, 0x04, 0xfe, 0x02, 0xff, 0xe5, 0x57, 0xff,
    0xe0, 0x00, 0x00, 0x18, 0x00, 0x00, 0x00, 0x00,
    0x1a, 0x19, 0x00, 0x00, 0x00, 0x5f, 0x80, 0xcd,
    0x20, 0x00, 0x0e, 0xf5, 0x08, 0xfa, 0x00, 0x00,
    0x5a, 0x00, 0x2a, 0x30, 0x00, 0x00, 0x00, 0x00,
    0x00, 0x00,

    /* U+002B "+" */
    0x00, 0x00, 0x50, 0x00, 0x00, 0x00, 0x0a, 0x00,
    0x00, 0x00, 0x00, 0xa0, 0x00, 0x00, 0x00, 0x0a,
    0x00, 0x00, 0x0a, 0xaa, 0xea, 0xaa, 0x10, 0x00,
    0x0a, 0x00, 0x00, 0x00, 0x00, 0xa0, 0x00, 0x00,
    0x00, 0x0a, 0x00, 0x00, 0x00, 0x00, 0x20, 0x00,
    0x00,

    /* U+002C "," */
    0x0b, 0xe4, 0x2f, 0xfc, 0x0c, 0xfd, 0x00, 0x0b,
    0x00, 0x55, 0x07, 0x80, 0x02, 0x00,

    /* U+002D "-" */
    0x19, 0x99, 0x93, 0x5f, 0xff, 0xf3,

    /* U+002E "." */
    0x00, 0x10, 0x1e, 0xf4, 0x4f, 0xf9, 0x0c, 0xe3,

    /* U+002F "/" */
    0x00, 0x00, 0x00, 0x31, 0x00, 0x00, 0x00, 0xd4,
    0x00, 0x00, 0x03, 0xe0, 0x00, 0x00, 0x08, 0x70,
    0x00, 0x00, 0x0d, 0x10, 0x00, 0x00, 0x3a, 0x00,
    0x00, 0x00, 0x94, 0x00, 0x00, 0x00, 0xc0, 0x00,
    0x00, 0x04, 0x70, 0x00, 0x00, 0x09, 0x10, 0x00,
    0x00, 0x1a, 0x00, 0x00, 0x00, 0x75, 0x00, 0x00,
    0x00, 0xd0, 0x00, 0x00, 0x04, 0xa0, 0x00, 0x00,
    0x0a, 0x50, 0x00, 0x00, 0x1f, 0x00, 0x00, 0x00,
    0x7a, 0x00, 0x00, 0x00, 0x53, 0x00, 0x00, 0x00,

    /* U+0030 "0" */
    0x00, 0x07, 0xc8, 0xab, 0x40, 0x00, 0x00, 0xbf,
    0x20, 0x0a, 0xf7, 0x00, 0x07, 0xfb, 0x00, 0x03,
    0xff, 0x20, 0x0e, 0xf8, 0x00, 0x00, 0xff, 0x90,
    0x3f, 0xf6, 0x00, 0x00, 0xdf, 0xd0, 0x5f, 0xf5,
    0x00, 0x00, 0xcf, 0xf0, 0x5f, 0xf5, 0x00, 0x00,
    0xbf, 0xf0, 0x5f, 0xf6, 0x00, 0x00, 0xbf, 0xf0,
    0x3f, 0xf7, 0x00, 0x00, 0xcf, 0xd0, 0x0e, 0xf9,
    0x00, 0x00, 0xef, 0x90, 0x08, 0xfd, 0x00, 0x01,
    0xff, 0x20, 0x00, 0xcf, 0x40, 0x08, 0xf6, 0x00,
    0x00, 0x08, 0xc9, 0x9b, 0x30, 0x00,

    /* U+0031 "1" */
    0x2a, 0xbd, 0xf4, 0x00, 0x00, 0x5f, 0xf5, 0x00,
    0x00, 0x5f, 0xf5, 0x00, 0x00, 0x5f, 0xf5, 0x00,
    0x00, 0x5f, 0xf5, 0x00, 0x00, 0x5f, 0xf5, 0x00,
    0x00, 0x5f, 0xf5, 0x00, 0x00, 0x5f, 0xf5, 0x00,
    0x00, 0x5f, 0xf5, 0x00, 0x00, 0x5f, 0xf5, 0x00,
    0x00, 0x5f, 0xf5, 0x00, 0x00, 0x6f, 0xf5, 0x00,
    0x2a, 0xef, 0xfd, 0x90,

    /* U+0032 "2" */
    0x00, 0x4b, 0x78, 0xe9, 0x10, 0x00, 0x6f, 0x80,
    0x09, 0xfd, 0x00, 0x0f, 0xf6, 0x00, 0x4f, 0xf6,
    0x00, 0xff, 0x50, 0x03, 0xff, 0x90, 0x05, 0x70,
    0x00, 0x3f, 0xf7, 0x00, 0x00, 0x00, 0x06, 0xff,
    0x10, 0x00, 0x00, 0x00, 0xdf, 0x50, 0x00, 0x00,
    0x00, 0x7f, 0x50, 0x00, 0x00, 0x00, 0x7c, 0x20,
    0x00, 0x00, 0x3b, 0xde, 0x50, 0x00, 0x81, 0x1f,
    0xf2, 0x8f, 0xea, 0xae, 0x05, 0xff, 0x00, 0xef,
    0xff, 0xa0, 0x2e, 0x90, 0x03, 0xdf, 0xb1, 0x00,

    /* U+0033 "3" */
    0x09, 0xff, 0xff, 0xff, 0xf4, 0x0c, 0xff, 0xff,
    0xff, 0x50, 0x0d, 0x32, 0x22, 0x75, 0x00, 0x07,
    0x00, 0x05, 0x50, 0x00, 0x00, 0x00, 0x54, 0x00,
    0x00, 0x00, 0x05, 0xd8, 0x61, 0x00, 0x00, 0x00,
    0x15, 0xff, 0x40, 0x00, 0x00, 0x00, 0x8f, 0xe0,
    0x07, 0x40, 0x00, 0x5f, 0xf3, 0x5f, 0xf0, 0x00,
    0x4f, 0xf3, 0x5f, 0xf0, 0x00, 0x5f, 0xe0, 0x1e,
    0xf2, 0x00, 0xaf, 0x50, 0x01, 0x9c, 0x89, 0xb3,
    0x00,

    /* U+0034 "4" */
    0x00, 0x00, 0x6f, 0xd2, 0x00, 0x00, 0x00, 0x0d,
    0xff, 0x70, 0x00, 0x00, 0x00, 0x9f, 0xf3, 0x00,
    0x00, 0x00, 0x02, 0xf8, 0x00, 0x00, 0x00, 0x00,
    0x79, 0x0a, 0x30, 0x00, 0x00, 0x59, 0x0b, 0xf3,
    0x00, 0x00, 0x3a, 0x06, 0xff, 0x30, 0x00, 0x2a,
    0x00, 0x6f, 0xf3, 0x00, 0x1a, 0x00, 0x06, 0xff,
    0x30, 0x08, 0x99, 0x99, 0xbf, 0xfa, 0x80, 0x00,
    0x00, 0x06, 0xff, 0x30, 0x00, 0x00, 0x00, 0x6f,
    0xf3, 0x00, 0x00, 0x00, 0x9e, 0xff, 0xd6, 0x00,

    /* U+0035 "5" */
    0x00, 0x00, 0x00, 0x00, 0x01, 0x00, 0x00, 0x00,
    0x02, 0xa5, 0x07, 0xff, 0xff, 0xff, 0xf1, 0x07,
    0xdf, 0xff, 0xff, 0x60, 0x07, 0x21, 0x56, 0x51,
    0x00, 0x07, 0x20, 0x00, 0x00, 0x00, 0x07, 0x20,
    0x00, 0x00, 0x00, 0x07, 0x25, 0xad, 0xb6, 0x00,
    0x07, 0x95, 0x02, 0xef, 0x90, 0x07, 0x70, 0x00,
    0x6f, 0xf2, 0x00, 0x00, 0x00, 0x3f, 0xf6, 0x09,
    0xb1, 0x00, 0x2f, 0xf6, 0x2f, 0xf4, 0x00, 0x4f,
    0xf2, 0x0d, 0xf5, 0x00, 0x9f, 0x80, 0x01, 0x9c,
    0x78, 0xc5, 0x00,

    /* U+0036 "6" */
    0x00, 0x05, 0xb8, 0xad, 0x60, 0x00, 0x09, 0xf5,
    0x00, 0xef, 0x70, 0x05, 0xfd, 0x00, 0x0d, 0xfd,
    0x00, 0xdf, 0x90, 0x00, 0xbf, 0xb0, 0x1f, 0xf6,
    0x00, 0x01, 0x51, 0x04, 0xff, 0x51, 0x57, 0x50,
    0x00, 0x5f, 0xf9, 0x86, 0xbf, 0xe3, 0x05, 0xff,
    0x70, 0x00, 0xcf, 0xd0, 0x3f, 0xf5, 0x00, 0x07,
    0xff, 0x10, 0xff, 0x60, 0x00, 0x6f, 0xf1, 0x09,
    0xfa, 0x00, 0x07, 0xfd, 0x00, 0x1d, 0xf1, 0x00,
    0xcf, 0x40, 0x00, 0x19, 0xc8, 0xab, 0x30, 0x00,

    /* U+0037 "7" */
    0x1f, 0xff, 0xff, 0xff, 0xf2, 0x3f, 0xff, 0xff,
    0xff, 0x90, 0x5b, 0x55, 0x55, 0x5d, 0x00, 0x74,
    0x00, 0x00, 0x84, 0x00, 0x00, 0x00, 0x03, 0xa0,
    0x00, 0x00, 0x00, 0x0c, 0x10, 0x00, 0x00, 0x00,
    0x95, 0x00, 0x00, 0x00, 0x04, 0xe0, 0x00, 0x00,
    0x00, 0x0d, 0xb0, 0x00, 0x00, 0x00, 0x4f, 0xe0,
    0x00, 0x00, 0x00, 0x7f, 0xf7, 0x00, 0x00, 0x00,
    0x7f, 0xfb, 0x00, 0x00, 0x00, 0x1d, 0xf5, 0x00,
    0x00,

    /* U+0038 "8" */
    0x00, 0x4b, 0x87, 0xcb, 0x30, 0x06, 0xf8, 0x00,
    0x0e, 0xf4, 0x0f, 0xf3, 0x00, 0x09, 0xfc, 0x3f,
    0xf4, 0x00, 0x08, 0xfe, 0x2f, 0xfb, 0x00, 0x0a,
    0xfa, 0x0b, 0xff, 0xb2, 0x1f, 0xd1, 0x01, 0xbf,
    0xff, 0xec, 0x00, 0x00, 0x6d, 0xaf, 0xff, 0xc1,
    0x0a, 0xf7, 0x01, 0xaf, 0xf9, 0x2f, 0xf4, 0x00,
    0x0e, 0xfe, 0x2f, 0xf5, 0x00, 0x0b, 0xfb, 0x0c,
    0xf9, 0x00, 0x0e, 0xf3, 0x00, 0x8d, 0x97, 0xa9,
    0x20,

    /* U+0039 "9" */
    0x00, 0x3b, 0x97, 0xc7, 0x00, 0x00, 0x5f, 0x90,
    0x03, 0xfb, 0x00, 0x0f, 0xf4, 0x00, 0x0d, 0xf6,
    0x04, 0xff, 0x20, 0x00, 0xaf, 0xd0, 0x5f, 0xf4,
    0x00, 0x08, 0xff, 0x04, 0xff, 0xa0, 0x00, 0xaf,
    0xf2, 0x0d, 0xff, 0xa7, 0xbe, 0xff, 0x20, 0x2d,
    0xff, 0xf9, 0x8f, 0xf1, 0x00, 0x03, 0x42, 0x0a,
    0xfe, 0x00, 0x69, 0x20, 0x00, 0xcf, 0x90, 0x1f,
    0xf9, 0x00, 0x1f, 0xf2, 0x00, 0xdf, 0xa0, 0x07,
    0xf6, 0x00, 0x01, 0x9d, 0x88, 0xb3, 0x00, 0x00,

    /* U+003A ":" */
    0x0c, 0xe2, 0x4f, 0xf8, 0x1f, 0xf5, 0x02, 0x30,
    0x00, 0x00, 0x00, 0x10, 0x1e, 0xf4, 0x4f, 0xf8,
    0x0c, 0xe3,

    /* U+003B ";" */
    0x0b, 0xf4, 0x2f, 0xfa, 0x0d, 0xf6, 0x00, 0x20,
    0x00, 0x00, 0x00, 0x00, 0x0b, 0xe4, 0x3f, 0xfb,
    0x0d, 0xfc, 0x00, 0x1a, 0x00, 0x64, 0x07, 0x70,
    0x02, 0x00,

    /* U+003C "<" */
    0x00, 0x00, 0x00, 0x34, 0x00, 0x00, 0x08, 0xa1,
    0x00, 0x05, 0xb4, 0x00, 0x02, 0xa8, 0x00, 0x00,
    0x3d, 0x20, 0x00, 0x00, 0x08, 0xa1, 0x00, 0x00,
    0x00, 0x2b, 0x70, 0x00, 0x00, 0x00, 0x5b, 0x30,
    0x00, 0x00, 0x01, 0x96,

    /* U+003D "=" */
    0x9a, 0xaa, 0xaa, 0xa2, 0x00, 0x00, 0x00, 0x00,
    0x00, 0x00, 0x00, 0x00, 0x9a, 0xaa, 0xaa, 0xa2,

    /* U+003E ">" */
    0x06, 0x00, 0x00, 0x00, 0x05, 0xb4, 0x00, 0x00,
    0x00, 0x08, 0xa1, 0x00, 0x00, 0x00, 0x2b, 0x60,
    0x00, 0x00, 0x00, 0x7b, 0x00, 0x00, 0x05, 0xb4,
    0x00, 0x01, 0xa8, 0x00, 0x00, 0x7b, 0x20, 0x00,
    0x0b, 0x50, 0x00, 0x00,

    /* U+003F "?" */
    0x00, 0x7c, 0x8c, 0xc4, 0x00, 0xbf, 0x40, 0x1f,
    0xf5, 0x4f, 0xf2, 0x00, 0xef, 0xc5, 0xff, 0x10,
    0x0e, 0xfe, 0x08, 0x60, 0x00, 0xff, 0xb0, 0x00,
    0x00, 0x5f, 0xf4, 0x00, 0x00, 0x5e, 0xc4, 0x00,
    0x00, 0x3d, 0x20, 0x00, 0x00, 0x03, 0x90, 0x00,
    0x00, 0x00, 0x16, 0x00, 0x00, 0x00, 0x00, 0x10,
    0x00, 0x00, 0x01, 0xef, 0x40, 0x00, 0x00, 0x4f,
    0xf9, 0x00, 0x00, 0x00, 0xcf, 0x30, 0x00, 0x00,
    0x00, 0x00, 0x00, 0x00,

    /* U+0040 "@" */
    0x00, 0x00, 0x38, 0x88, 0x89, 0x60, 0x00, 0x00,
    0x00, 0x85, 0x00, 0x00, 0x02, 0xa2, 0x00, 0x00,
    0x92, 0x00, 0x00, 0x00, 0x00, 0xa1, 0x00, 0x55,
    0x00, 0x16, 0x78, 0x40, 0x01, 0x80, 0x09, 0x00,
    0x2e, 0xb0, 0x7f, 0x80, 0x08, 0x02, 0x70, 0x07,
    0xf9, 0x04, 0xfe, 0x00, 0x44, 0x54, 0x00, 0x28,
    0x20, 0x4f, 0xe0, 0x03, 0x66, 0x20, 0x00, 0x04,
    0x58, 0xfe, 0x00, 0x26, 0x63, 0x00, 0x4f, 0xb1,
    0x6f, 0xe0, 0x04, 0x44, 0x40, 0x0d, 0xf5, 0x04,
    0xfe, 0x00, 0x91, 0x18, 0x00, 0xcf, 0x90, 0x7f,
    0xf0, 0x57, 0x00, 0xa0, 0x03, 0xcf, 0xc4, 0xae,
    0xd7, 0x00, 0x03, 0x70, 0x00, 0x00, 0x00, 0x00,
    0x05, 0x10, 0x07, 0x50, 0x00, 0x00, 0x00, 0x05,
    0x60, 0x00, 0x06, 0x82, 0x00, 0x00, 0x39, 0x40,
    0x00, 0x00, 0x01, 0x68, 0x88, 0x85, 0x00, 0x00,

    /* U+0041 "A" */
    0x00, 0x01, 0xdf, 0xff, 0x30, 0x00, 0x00, 0x00,
    0x09, 0xdf, 0xf0, 0x00, 0x00, 0x00, 0x00, 0xa7,
    0xff, 0x40, 0x00, 0x00, 0x00, 0x28, 0x2f, 0xf9,
    0x00, 0x00, 0x00, 0x07, 0x30, 0xdf, 0xe0, 0x00,
    0x00, 0x00, 0xb0, 0x08, 0xff, 0x30, 0x00, 0x00,
    0x19, 0x00, 0x3f, 0xf8, 0x00, 0x00, 0x06, 0xca,
    0xaa, 0xff, 0xd0, 0x00, 0x00, 0xa0, 0x00, 0x09,
    0xff, 0x20, 0x00, 0x0a, 0x00, 0x00, 0x4f, 0xf7,
    0x00, 0x04, 0x60, 0x00, 0x00, 0xff, 0xc0, 0x00,
    0xa3, 0x00, 0x00, 0x0a, 0xff, 0x20, 0x8f, 0xd4,
    0x00, 0x03, 0xdf, 0xfc, 0x00,

    /* U+0042 "B" */
    0x1a, 0xff, 0xd8, 0xad, 0x91, 0x00, 0x00, 0xff,
    0xb0, 0x03, 0xff, 0x30, 0x00, 0xff, 0xb0, 0x00,
    0x9f, 0xc0, 0x00, 0xff, 0xb0, 0x00, 0x6f, 0xf0,
    0x00, 0xff, 0xb0, 0x00, 0x7f, 0xf0, 0x00, 0xff,
    0xb0, 0x00, 0xcf, 0x90, 0x00, 0xff, 0xd7, 0x8c,
    0xf9, 0x00, 0x00, 0xff, 0xc2, 0x35, 0xef, 0x90,
    0x00, 0xff, 0xb0, 0x00, 0x2f, 0xf7, 0x00, 0xff,
    0xb0, 0x00, 0x0e, 0xfc, 0x00, 0xff, 0xb0, 0x00,
    0x0e, 0xfb, 0x00, 0xff, 0xb0, 0x00, 0x5f, 0xf3,
    0x1a, 0xff, 0xf8, 0x8a, 0xeb, 0x30,

    /* U+0043 "C" */
    0x00, 0x02, 0x9d, 0xba, 0x95, 0xa0, 0x00, 0x5f,
    0xd2, 0x00, 0x0b, 0xf0, 0x03, 0xff, 0x20, 0x00,
    0x00, 0xd3, 0x0b, 0xfb, 0x00, 0x00, 0x00, 0x48,
    0x1f, 0xf7, 0x00, 0x00, 0x00, 0x02, 0x5f, 0xf6,
    0x00, 0x00, 0x00, 0x00, 0x6f, 0xf6, 0x00, 0x00,
    0x00, 0x00, 0x5f, 0xf8, 0x00, 0x00, 0x00, 0x00,
    0x2f, 0xfc, 0x00, 0x00, 0x00, 0x02, 0x0d, 0xff,
    0x30, 0x00, 0x00, 0x18, 0x04, 0xff, 0xd1, 0x00,
    0x00, 0xb3, 0x00, 0x7f, 0xfe, 0x96, 0x7d, 0x70,
    0x00, 0x03, 0xae, 0xff, 0xb4, 0x00,

    /* U+0044 "D" */
    0x1a, 0xff, 0xe9, 0xac, 0x92, 0x00, 0x00, 0x00,
    0xff, 0xb0, 0x01, 0xaf, 0x80, 0x00, 0x00, 0xff,
    0xb0, 0x00, 0x0c, 0xf9, 0x00, 0x00, 0xff, 0xb0,
    0x00, 0x04, 0xff, 0x40, 0x00, 0xff, 0xb0, 0x00,
    0x00, 0xef, 0xb0, 0x00, 0xff, 0xb0, 0x00, 0x00,
    0xcf, 0xf0, 0x00, 0xff, 0xb0, 0x00, 0x00, 0xbf,
    0xf1, 0x00, 0xff, 0xb0, 0x00, 0x00, 0xbf, 0xf1,
    0x00, 0xff, 0xb0, 0x00, 0x00, 0xcf, 0xf0, 0x00,
    0xff, 0xb0, 0x00, 0x00, 0xff, 0xa0, 0x00, 0xff,
    0xb0, 0x00, 0x06, 0xff, 0x20, 0x00, 0xff, 0xb0,
    0x00, 0x4f, 0xe3, 0x00, 0x1a, 0xff, 0xf9, 0x9b,
    0xc7, 0x10, 0x00,

    /* U+0045 "E" */
    0x19, 0xff, 0xd8, 0x89, 0xfe, 0x00, 0x0f, 0xfb,
    0x00, 0x02, 0xf3, 0x00, 0xff, 0xb0, 0x00, 0x06,
    0x70, 0x0f, 0xfb, 0x00, 0x00, 0x04, 0x00, 0xff,
    0xb0, 0x01, 0x70, 0x00, 0x0f, 0xfb, 0x00, 0x5b,
    0x00, 0x00, 0xff, 0xfc, 0xcf, 0xf0, 0x00, 0x0f,
    0xfb, 0x00, 0x0b, 0x20, 0x00, 0xff, 0xb0, 0x00,
    0x11, 0x10, 0x0f, 0xfb, 0x00, 0x00, 0x0b, 0x00,
    0xff, 0xb0, 0x00, 0x06, 0x90, 0x0f, 0xfb, 0x00,
    0x02, 0xe6, 0x1a, 0xff, 0xf9, 0x99, 0xef, 0x10,

    /* U+0046 "F" */
    0x1a, 0xff, 0xe9, 0x9c, 0xf7, 0x00, 0x0f, 0xfb,
    0x00, 0x09, 0xb0, 0x00, 0xff, 0xb0, 0x00, 0x0d,
    0x00, 0x0f, 0xfb, 0x00, 0x00, 0x41, 0x00, 0xff,
    0xb0, 0x00, 0x00, 0x00, 0x0f, 0xfb, 0x00, 0x37,
    0x00, 0x00, 0xff, 0xd6, 0x6c, 0xb0, 0x00, 0x0f,
    0xfc, 0x33, 0x5e, 0x00, 0x00, 0xff, 0xb0, 0x00,
    0x50, 0x00, 0x0f, 0xfb, 0x00, 0x00, 0x00, 0x00,
    0xff, 0xb0, 0x00, 0x00, 0x00, 0x0f, 0xfb, 0x00,
    0x00, 0x00, 0x1a, 0xff, 0xf9, 0x20, 0x00, 0x00,

    /* U+0047 "G" */
    0x00, 0x01, 0x8d, 0xba, 0xa5, 0xc2, 0x00, 0x04,
    0xed, 0x10, 0x00, 0x8f, 0x50, 0x02, 0xff, 0x20,
    0x00, 0x00, 0x99, 0x00, 0xbf, 0xb0, 0x00, 0x00,
    0x01, 0xb0, 0x1f, 0xf7, 0x00, 0x00, 0x00, 0x04,
    0x04, 0xff, 0x50, 0x00, 0x00, 0x00, 0x00, 0x5f,
    0xf5, 0x00, 0x01, 0x44, 0x44, 0x35, 0xff, 0x60,
    0x00, 0x05, 0xef, 0xd3, 0x2f, 0xf9, 0x00, 0x00,
    0x0b, 0xfa, 0x00, 0xdf, 0xe0, 0x00, 0x00, 0xbf,
    0xa0, 0x04, 0xff, 0x80, 0x00, 0x0b, 0xfa, 0x00,
    0x07, 0xff, 0x81, 0x03, 0xff, 0xa0, 0x00, 0x03,
    0xae, 0xfd, 0x91, 0x7a, 0x00,

    /* U+0048 "H" */
    0x19, 0xff, 0xf9, 0x00, 0x3b, 0xff, 0xd6, 0x00,
    0xef, 0xc0, 0x00, 0x03, 0xff, 0x70, 0x00, 0xef,
    0xc0, 0x00, 0x03, 0xff, 0x70, 0x00, 0xef, 0xc0,
    0x00, 0x03, 0xff, 0x70, 0x00, 0xef, 0xc0, 0x00,
    0x03, 0xff, 0x70, 0x00, 0xef, 0xc0, 0x00, 0x03,
    0xff, 0x70, 0x00, 0xef, 0xea, 0xaa, 0xab, 0xff,
    0x70, 0x00, 0xef, 0xc0, 0x00, 0x03, 0xff, 0x70,
    0x00, 0xef, 0xc0, 0x00, 0x03, 0xff, 0x70, 0x00,
    0xef, 0xc0, 0x00, 0x03, 0xff, 0x70, 0x00, 0xef,
    0xc0, 0x00, 0x03, 0xff, 0x70, 0x00, 0xef, 0xc0,
    0x00, 0x03, 0xff, 0x70, 0x1a, 0xff, 0xf9, 0x00,
    0x3c, 0xff, 0xe6,

    /* U+0049 "I" */
    0x1a, 0xff, 0xf9, 0x00, 0xff, 0xb0, 0x00, 0xff,
    0xb0, 0x00, 0xff, 0xb0, 0x00, 0xff, 0xb0, 0x00,
    0xff, 0xb0, 0x00, 0xff, 0xb0, 0x00, 0xff, 0xb0,
    0x00, 0xff, 0xb0, 0x00, 0xff, 0xb0, 0x00, 0xff,
    0xb0, 0x00, 0xff, 0xb0, 0x1a, 0xff, 0xf9,

    /* U+004A "J" */
    0x00, 0x7d, 0xff, 0xb3, 0x00, 0x08, 0xff, 0x20,
    0x00, 0x08, 0xff, 0x20, 0x00, 0x08, 0xff, 0x20,
    0x00, 0x08, 0xff, 0x20, 0x00, 0x08, 0xff, 0x20,
    0x00, 0x08, 0xff, 0x20, 0x00, 0x07, 0xff, 0x30,
    0x00, 0x03, 0xff, 0x70, 0x07, 0x20, 0xcf, 0xd0,
    0x7f, 0xb0, 0x4f, 0xf0, 0x6f, 0xc0, 0x2f, 0xc0,
    0x08, 0xe8, 0xba, 0x10,

    /* U+004B "K" */
    0x1a, 0xff, 0xf9, 0x00, 0x3c, 0xff, 0x80, 0x00,
    0xff, 0xb0, 0x00, 0x03, 0xe3, 0x00, 0x00, 0xff,
    0xb0, 0x00, 0x0b, 0x30, 0x00, 0x00, 0xff, 0xb0,
    0x00, 0x94, 0x00, 0x00, 0x00, 0xff, 0xb0, 0x08,
    0x70, 0x00, 0x00, 0x00, 0xff, 0xb0, 0x6f, 0xc0,
    0x00, 0x00, 0x00, 0xff, 0xb5, 0xef, 0xf5, 0x00,
    0x00, 0x00, 0xff, 0xe9, 0x2f, 0xfd, 0x00, 0x00,
    0x00, 0xff, 0xd0, 0x09, 0xff, 0x70, 0x00, 0x00,
    0xff, 0xb0, 0x01, 0xff, 0xf1, 0x00, 0x00, 0xff,
    0xb0, 0x00, 0x7f, 0xf9, 0x00, 0x00, 0xff, 0xb0,
    0x00, 0x0e, 0xff, 0x20, 0x1a, 0xff, 0xf8, 0x00,
    0x5e, 0xff, 0xe3,

    /* U+004C "L" */
    0x1a, 0xff, 0xf8, 0x00, 0x00, 0x00, 0x0f, 0xfb,
    0x00, 0x00, 0x00, 0x00, 0xff, 0xb0, 0x00, 0x00,
    0x00, 0x0f, 0xfb, 0x00, 0x00, 0x00, 0x00, 0xff,
    0xb0, 0x00, 0x00, 0x00, 0x0f, 0xfb, 0x00, 0x00,
    0x00, 0x00, 0xff, 0xb0, 0x00, 0x00, 0x00, 0x0f,
    0xfb, 0x00, 0x00, 0x00, 0x00, 0xff, 0xb0, 0x00,
    0x00, 0x20, 0x0f, 0xfb, 0x00, 0x00, 0x66, 0x00,
    0xff, 0xb0, 0x00, 0x0d, 0x20, 0x0f, 0xfb, 0x00,
    0x06, 0xe0, 0x1a, 0xff, 0xf9, 0x9b, 0xfa, 0x00,

    /* U+004D "M" */
    0x07, 0xef, 0xe0, 0x00, 0x00, 0x1f, 0xfd, 0x50,
    0x00, 0x8f, 0xf6, 0x00, 0x00, 0x7f, 0xf7, 0x00,
    0x00, 0x9f, 0xfc, 0x00, 0x00, 0xcf, 0xf8, 0x00,
    0x00, 0xaa, 0xff, 0x30, 0x03, 0x9f, 0xf9, 0x00,
    0x00, 0xa3, 0xff, 0x90, 0x09, 0x2f, 0xfa, 0x00,
    0x00, 0xa0, 0xdf, 0xf0, 0x0b, 0x0f, 0xfb, 0x00,
    0x00, 0xa0, 0x7f, 0xf5, 0x56, 0x0d, 0xfc, 0x00,
    0x00, 0xa0, 0x1f, 0xfb, 0xa1, 0x0c, 0xfd, 0x00,
    0x01, 0x90, 0x0b, 0xff, 0xb0, 0x0b, 0xff, 0x00,
    0x02, 0x80, 0x04, 0xff, 0x50, 0x0a, 0xff, 0x00,
    0x03, 0x60, 0x00, 0xef, 0x00, 0x09, 0xff, 0x10,
    0x05, 0x60, 0x00, 0x8a, 0x00, 0x08, 0xff, 0x20,
    0x7f, 0xf8, 0x00, 0x01, 0x00, 0x6e, 0xff, 0xc3,

    /* U+004E "N" */
    0x0e, 0xff, 0x20, 0x00, 0x1a, 0xfe, 0x60, 0x5f,
    0xfc, 0x00, 0x00, 0x09, 0x30, 0x00, 0xef, 0xf7,
    0x00, 0x00, 0x82, 0x00, 0x0b, 0xef, 0xf2, 0x00,
    0x08, 0x20, 0x00, 0xa4, 0xff, 0xc0, 0x00, 0x82,
    0x00, 0x0a, 0x0a, 0xff, 0x60, 0x08, 0x20, 0x00,
    0xa0, 0x1e, 0xff, 0x20, 0x82, 0x00, 0x0a, 0x00,
    0x5f, 0xfb, 0x08, 0x20, 0x00, 0xa0, 0x00, 0xaf,
    0xf6, 0x82, 0x00, 0x0a, 0x00, 0x01, 0xef, 0xfa,
    0x20, 0x00, 0xa0, 0x00, 0x05, 0xff, 0xf2, 0x00,
    0x0c, 0x00, 0x00, 0x0a, 0xff, 0x60, 0x3d, 0xfc,
    0x30, 0x00, 0x1f, 0xfe, 0x00,

    /* U+004F "O" */
    0x00, 0x02, 0x9a, 0xae, 0xd8, 0x10, 0x00, 0x00,
    0x5f, 0x60, 0x01, 0xcf, 0xe3, 0x00, 0x03, 0xfc,
    0x00, 0x00, 0x1f, 0xfe, 0x10, 0x0c, 0xf7, 0x00,
    0x00, 0x08, 0xff, 0x90, 0x1f, 0xf5, 0x00, 0x00,
    0x01, 0xff, 0xe0, 0x5f, 0xf6, 0x00, 0x00, 0x00,
    0xdf, 0xf2, 0x5f, 0xf7, 0x00, 0x00, 0x00, 0xaf,
    0xf3, 0x4f, 0xfa, 0x00, 0x00, 0x00, 0x8f, 0xf2,
    0x1f, 0xfe, 0x00, 0x00, 0x00, 0x8f, 0xf0, 0x0c,
    0xff, 0x50, 0x00, 0x00, 0x9f, 0x90, 0x03, 0xff,
    0xd0, 0x00, 0x00, 0xee, 0x10, 0x00, 0x5f, 0xfb,
    0x00, 0x08, 0xe3, 0x00, 0x00, 0x02, 0x9d, 0xea,
    0xa8, 0x10, 0x00,

    /* U+0050 "P" */
    0x1a, 0xff, 0xe9, 0xbc, 0x71, 0x00, 0x00, 0xff,
    0xb0, 0x04, 0xfe, 0x30, 0x00, 0xff, 0xb0, 0x00,
    0x8f, 0xe0, 0x00, 0xff, 0xb0, 0x00, 0x2f, 0xf5,
    0x00, 0xff, 0xb0, 0x00, 0x0f, 0xf8, 0x00, 0xff,
    0xb0, 0x00, 0x1f, 0xf8, 0x00, 0xff, 0xb0, 0x00,
    0x6f, 0xf3, 0x00, 0xff, 0xb0, 0x03, 0xef, 0x70,
    0x00, 0xff, 0xd9, 0xac, 0xa3, 0x00, 0x00, 0xff,
    0xb0, 0x00, 0x00, 0x00, 0x00, 0xff, 0xb0, 0x00,
    0x00, 0x00, 0x00, 0xff, 0xb0, 0x00, 0x00, 0x00,
    0x1a, 0xff, 0xf9, 0x10, 0x00, 0x00,

    /* U+0051 "Q" */
    0x00, 0x02, 0x99, 0xae, 0xd8, 0x10, 0x00, 0x00,
    0x5f, 0x50, 0x01, 0xcf, 0xe3, 0x00, 0x03, 0xfb,
    0x00, 0x00, 0x1e, 0xfe, 0x10, 0x0c, 0xf7, 0x00,
    0x00, 0x07, 0xff, 0xa0, 0x2f, 0xf5, 0x00, 0x00,
    0x01, 0xff, 0xf0, 0x5f, 0xf6, 0x00, 0x00, 0x00,
    0xcf, 0xf2, 0x6f, 0xf7, 0x00, 0x00, 0x00, 0x9f,
    0xf3, 0x5f, 0xfa, 0x00, 0x00, 0x00, 0x8f, 0xf2,
    0x2f, 0xfe, 0x00, 0x00, 0x00, 0x7f, 0xf0, 0x0c,
    0xff, 0x50, 0x07, 0x00, 0x9f, 0xa0, 0x03, 0xff,
    0xd0, 0x06, 0x30, 0xdf, 0x20, 0x00, 0x5f, 0xfa,
    0x01, 0x97, 0xe3, 0x00, 0x00, 0x02, 0x9d, 0xd9,
    0xea, 0x10, 0x00, 0x00, 0x00, 0x00, 0x00, 0x3e,
    0x40, 0x14, 0x00, 0x00, 0x00, 0x00, 0x07, 0xff,
    0xf4, 0x00, 0x00, 0x00, 0x00, 0x00, 0x4a, 0x80,

    /* U+0052 "R" */
    0x1a, 0xff, 0xe9, 0xad, 0x93, 0x00, 0x00, 0x0f,
    0xfb, 0x00, 0x3e, 0xf7, 0x00, 0x00, 0xff, 0xb0,
    0x00, 0x6f, 0xf4, 0x00, 0x0f, 0xfb, 0x00, 0x00,
    0xff, 0xa0, 0x00, 0xff, 0xb0, 0x00, 0x0f, 0xfb,
    0x00, 0x0f, 0xfb, 0x00, 0x02, 0xff, 0x70, 0x00,
    0xff, 0xb0, 0x01, 0xbf, 0xc0, 0x00, 0x0f, 0xfd,
    0x9b, 0xff, 0x90, 0x00, 0x00, 0xff, 0xb0, 0x0d,
    0xfd, 0x00, 0x00, 0x0f, 0xfb, 0x00, 0x5f, 0xf6,
    0x00, 0x00, 0xff, 0xb0, 0x00, 0xdf, 0xe0, 0x00,
    0x0f, 0xfb, 0x00, 0x05, 0xff, 0x80, 0x1a, 0xff,
    0xf9, 0x00, 0x8f, 0xff, 0x70,

    /* U+0053 "S" */
    0x00, 0x5c, 0xb9, 0x95, 0xd0, 0x07, 0xf7, 0x00,
    0x09, 0xf4, 0x1f, 0xf2, 0x00, 0x00, 0xb8, 0x3f,
    0xf4, 0x00, 0x00, 0x1b, 0x1f, 0xfe, 0x30, 0x00,
    0x03, 0x0b, 0xff, 0xfb, 0x50, 0x00, 0x01, 0xcf,
    0xff, 0xfd, 0x30, 0x00, 0x04, 0xbf, 0xff, 0xf3,
    0x02, 0x00, 0x01, 0x9f, 0xfb, 0x0c, 0x00, 0x00,
    0x0a, 0xfd, 0x0a, 0x90, 0x00, 0x06, 0xfa, 0x07,
    0xf7, 0x00, 0x0b, 0xf3, 0x04, 0xa5, 0xa9, 0xcb,
    0x30,

    /* U+0054 "T" */
    0x0f, 0xfa, 0xcf, 0xfb, 0xaf, 0xf0, 0x3f, 0x20,
    0x5f, 0xf5, 0x03, 0xf2, 0x68, 0x00, 0x5f, 0xf5,
    0x00, 0x95, 0x81, 0x00, 0x5f, 0xf5, 0x00, 0x27,
    0x00, 0x00, 0x5f, 0xf5, 0x00, 0x00, 0x00, 0x00,
    0x5f, 0xf5, 0x00, 0x00, 0x00, 0x00, 0x5f, 0xf5,
    0x00, 0x00, 0x00, 0x00, 0x5f, 0xf5, 0x00, 0x00,
    0x00, 0x00, 0x5f, 0xf5, 0x00, 0x00, 0x00, 0x00,
    0x5f, 0xf5, 0x00, 0x00, 0x00, 0x00, 0x5f, 0xf5,
    0x00, 0x00, 0x00, 0x00, 0x5f, 0xf5, 0x00, 0x00,
    0x00, 0x05, 0xdf, 0xfc, 0x40, 0x00,

    /* U+0055 "U" */
    0x19, 0xff, 0xf9, 0x00, 0x4c, 0xfb, 0x20, 0x0e,
    0xfc, 0x00, 0x00, 0x0b, 0x00, 0x00, 0xff, 0xb0,
    0x00, 0x00, 0xa0, 0x00, 0x0f, 0xfa, 0x00, 0x00,
    0x0a, 0x00, 0x01, 0xff, 0x90, 0x00, 0x00, 0xa0,
    0x00, 0x2f, 0xf8, 0x00, 0x00, 0x0a, 0x00, 0x03,
    0xff, 0x70, 0x00, 0x00, 0x91, 0x00, 0x4f, 0xf6,
    0x00, 0x00, 0x08, 0x20, 0x04, 0xff, 0x60, 0x00,
    0x00, 0x72, 0x00, 0x4f, 0xf6, 0x00, 0x00, 0x07,
    0x20, 0x01, 0xff, 0x90, 0x00, 0x00, 0xb0, 0x00,
    0x08, 0xff, 0x30, 0x00, 0x77, 0x00, 0x00, 0x05,
    0xbe, 0xcb, 0xa5, 0x00, 0x00,

    /* U+0056 "V" */
    0x8f, 0xff, 0x90, 0x00, 0x4c, 0xfa, 0x00, 0xcf,
    0xf1, 0x00, 0x00, 0x1a, 0x00, 0x07, 0xff, 0x60,
    0x00, 0x05, 0x50, 0x00, 0x2f, 0xfb, 0x00, 0x00,
    0x90, 0x00, 0x00, 0xcf, 0xf0, 0x00, 0x0a, 0x00,
    0x00, 0x07, 0xff, 0x50, 0x04, 0x60, 0x00, 0x00,
    0x2f, 0xfa, 0x00, 0x91, 0x00, 0x00, 0x00, 0xdf,
    0xf0, 0x0a, 0x00, 0x00, 0x00, 0x08, 0xff, 0x43,
    0x70, 0x00, 0x00, 0x00, 0x2f, 0xf9, 0x82, 0x00,
    0x00, 0x00, 0x00, 0xdf, 0xea, 0x00, 0x00, 0x00,
    0x00, 0x08, 0xff, 0x80, 0x00, 0x00, 0x00, 0x00,
    0x5f, 0xf6, 0x00, 0x00, 0x00,

    /* U+0057 "W" */
    0x7f, 0xff, 0x80, 0x06, 0xff, 0xf9, 0x00, 0x3c,
    0xf9, 0x0b, 0xff, 0x00, 0x00, 0xaf, 0xf1, 0x00,
    0x01, 0xa0, 0x06, 0xff, 0x40, 0x00, 0x6f, 0xf5,
    0x00, 0x04, 0x50, 0x02, 0xff, 0x90, 0x00, 0x5f,
    0xf9, 0x00, 0x09, 0x10, 0x00, 0xef, 0xd0, 0x00,
    0x9e, 0xfd, 0x00, 0x0a, 0x00, 0x00, 0x9f, 0xf1,
    0x00, 0xa9, 0xff, 0x10, 0x19, 0x00, 0x00, 0x5f,
    0xf5, 0x02, 0x85, 0xff, 0x50, 0x55, 0x00, 0x00,
    0x1f, 0xfa, 0x07, 0x31, 0xff, 0xa0, 0x91, 0x00,
    0x00, 0x0c, 0xfe, 0x0a, 0x00, 0xdf, 0xe0, 0xa0,
    0x00, 0x00, 0x08, 0xff, 0x39, 0x00, 0x8f, 0xf4,
    0x90, 0x00, 0x00, 0x04, 0xff, 0xc5, 0x00, 0x4f,
    0xfc, 0x50, 0x00, 0x00, 0x00, 0xff, 0xf1, 0x00,
    0x0f, 0xff, 0x10, 0x00, 0x00, 0x00, 0xdf, 0xe0,
    0x00, 0x0d, 0xfe, 0x00, 0x00,

    /* U+0058 "X" */
    0x5e, 0xff, 0xd6, 0x00, 0x6e, 0xf8, 0x00, 0x4f,
    0xfd, 0x00, 0x00, 0x95, 0x00, 0x00, 0xaf, 0xf7,
    0x00, 0x39, 0x00, 0x00, 0x01, 0xff, 0xf1, 0x0b,
    0x00, 0x00, 0x00, 0x07, 0xff, 0xa7, 0x40, 0x00,
    0x00, 0x00, 0x0d, 0xff, 0xa0, 0x00, 0x00, 0x00,
    0x00, 0x3f, 0xfd, 0x00, 0x00, 0x00, 0x00, 0x05,
    0xdf, 0xf7, 0x00, 0x00, 0x00, 0x01, 0xa1, 0xff,
    0xf1, 0x00, 0x00, 0x00, 0xa2, 0x06, 0xff, 0xa0,
    0x00, 0x00, 0x66, 0x00, 0x0d, 0xff, 0x40, 0x00,
    0x2c, 0x00, 0x00, 0x3f, 0xfd, 0x00, 0x6f, 0xf8,
    0x00, 0x0a, 0xff, 0xfc, 0x20,

    /* U+0059 "Y" */
    0x6f, 0xff, 0xa1, 0x00, 0x6e, 0xf5, 0x08, 0xff,
    0x50, 0x00, 0x08, 0x50, 0x01, 0xff, 0xc0, 0x00,
    0x0b, 0x00, 0x00, 0x9f, 0xf3, 0x00, 0x46, 0x00,
    0x00, 0x2f, 0xfa, 0x00, 0xa0, 0x00, 0x00, 0x0a,
    0xff, 0x13, 0x80, 0x00, 0x00, 0x03, 0xff, 0x89,
    0x10, 0x00, 0x00, 0x00, 0xbf, 0xf9, 0x00, 0x00,
    0x00, 0x00, 0x5f, 0xf5, 0x00, 0x00, 0x00, 0x00,
    0x5f, 0xf5, 0x00, 0x00, 0x00, 0x00, 0x5f, 0xf5,
    0x00, 0x00, 0x00, 0x00, 0x5f, 0xf5, 0x00, 0x00,
    0x00, 0x04, 0xdf, 0xfd, 0x50, 0x00,

    /* U+005A "Z" */
    0x0a, 0xfb, 0x99, 0x9e, 0xff, 0x40, 0xd7, 0x00,
    0x02, 0xff, 0xb0, 0x0d, 0x00, 0x00, 0xbf, 0xf2,
    0x01, 0x40, 0x00, 0x5f, 0xf9, 0x00, 0x00, 0x00,
    0x0e, 0xfe, 0x10, 0x00, 0x00, 0x07, 0xff, 0x60,
    0x00, 0x00, 0x01, 0xff, 0xd0, 0x00, 0x00, 0x00,
    0xaf, 0xf4, 0x00, 0x00, 0x00, 0x3f, 0xfa, 0x00,
    0x00, 0x00, 0x0d, 0xff, 0x20, 0x00, 0x46, 0x06,
    0xff, 0x80, 0x00, 0x0b, 0x31, 0xef, 0xe0, 0x00,
    0x05, 0xf1, 0x8f, 0xfd, 0x99, 0x9b, 0xfd, 0x00,

    /* U+005B "[" */
    0x8f, 0xc9, 0x79, 0xf6, 0x00, 0x9f, 0x60, 0x09,
    0xf6, 0x00, 0x9f, 0x60, 0x09, 0xf6, 0x00, 0x9f,
    0x60, 0x09, 0xf6, 0x00, 0x9f, 0x60, 0x09, 0xf6,
    0x00, 0x9f, 0x60, 0x09, 0xf6, 0x00, 0x9f, 0x60,
    0x09, 0xf6, 0x00, 0x9f, 0x60, 0x09, 0xf6, 0x00,
    0x6c, 0xa9, 0x70,

    /* U+005C "\\" */
    0x40, 0x00, 0x00, 0x00, 0xc5, 0x00, 0x00, 0x00,
    0x6b, 0x00, 0x00, 0x00, 0x0e, 0x00, 0x00, 0x00,
    0x09, 0x50, 0x00, 0x00, 0x03, 0xb0, 0x00, 0x00,
    0x00, 0xc1, 0x00, 0x00, 0x00, 0x66, 0x00, 0x00,
    0x00, 0x0a, 0x00, 0x00, 0x00, 0x09, 0x20, 0x00,
    0x00, 0x03, 0x80, 0x00, 0x00, 0x00, 0xc0, 0x00,
    0x00, 0x00, 0x85, 0x00, 0x00, 0x00, 0x3b, 0x00,
    0x00, 0x00, 0x0d, 0x20, 0x00, 0x00, 0x08, 0x90,
    0x00, 0x00, 0x02, 0xe0, 0x00, 0x00, 0x00, 0x80,

    /* U+005D "]" */
    0x69, 0xcf, 0x80, 0x06, 0xf9, 0x00, 0x6f, 0x90,
    0x06, 0xf9, 0x00, 0x6f, 0x90, 0x06, 0xf9, 0x00,
    0x6f, 0x90, 0x06, 0xf9, 0x00, 0x6f, 0x90, 0x06,
    0xf9, 0x00, 0x6f, 0x90, 0x06, 0xf9, 0x00, 0x6f,
    0x90, 0x06, 0xf9, 0x00, 0x6f, 0x90, 0x06, 0xf9,
    0x69, 0xac, 0x60,

    /* U+005E "^" */
    0x00, 0x06, 0x10, 0x00, 0x04, 0xe8, 0x00, 0x00,
    0xb2, 0xd0, 0x00, 0x3a, 0x07, 0x60, 0x0a, 0x20,
    0x0c, 0x02, 0x90, 0x00, 0x74, 0x21, 0x00, 0x00,
    0x30,

    /* U+005F "_" */
    0xcd, 0xdd, 0xdd, 0xd8,

    /* U+0060 "`" */
    0x17, 0x00, 0x6f, 0x80, 0x0b, 0xe0, 0x00, 0x85,

    /* U+0061 "a" */
    0x01, 0x9a, 0x7d, 0xa1, 0x00, 0xbf, 0x40, 0x8f,
    0xa0, 0x0e, 0xf2, 0x07, 0xfd, 0x00, 0x11, 0x00,
    0x7f, 0xd0, 0x00, 0x69, 0x7b, 0xfd, 0x01, 0xdf,
    0x30, 0x7f, 0xd0, 0x5f, 0xf0, 0x07, 0xfd, 0x04,
    0xff, 0x61, 0xaf, 0xe3, 0x08, 0xef, 0xb4, 0xdf,
    0x80,

    /* U+0062 "b" */
    0x28, 0xd7, 0x00, 0x00, 0x00, 0x3e, 0xf7, 0x00,
    0x00, 0x00, 0x0e, 0xf7, 0x00, 0x00, 0x00, 0x0e,
    0xf7, 0x00, 0x00, 0x00, 0x0e, 0xf7, 0x00, 0x00,
    0x00, 0x0e, 0xf8, 0x9e, 0xfa, 0x10, 0x0e, 0xfc,
    0x10, 0xaf, 0xd0, 0x0e, 0xf7, 0x00, 0x1f, 0xf5,
    0x0e, 0xf7, 0x00, 0x0e, 0xf8, 0x0e, 0xf7, 0x00,
    0x0d, 0xf9, 0x0e, 0xf7, 0x00, 0x0e, 0xf7, 0x0e,
    0xf7, 0x00, 0x1f, 0xf2, 0x0e, 0xf9, 0x00, 0x8f,
    0x90, 0x0d, 0x85, 0x9b, 0xd7, 0x00,

    /* U+0063 "c" */
    0x00, 0x5b, 0x9d, 0xb2, 0x00, 0x6f, 0x20, 0x4f,
    0xd0, 0x1f, 0xc0, 0x02, 0xff, 0x15, 0xfa, 0x00,
    0x07, 0x70, 0x7f, 0xb0, 0x00, 0x00, 0x06, 0xff,
    0x00, 0x00, 0x00, 0x2f, 0xf9, 0x00, 0x09, 0x00,
    0xaf, 0xfd, 0xad, 0x90, 0x00, 0x7d, 0xfe, 0x70,
    0x00,

    /* U+0064 "d" */
    0x00, 0x00, 0x00, 0x5a, 0xe0, 0x00, 0x00, 0x01,
    0x8f, 0xf0, 0x00, 0x00, 0x00, 0x5f, 0xf0, 0x00,
    0x00, 0x00, 0x5f, 0xf0, 0x00, 0x00, 0x00, 0x5f,
    0xf0, 0x00, 0x6d, 0xda, 0xaf, 0xf0, 0x07, 0xfb,
    0x00, 0x8f, 0xf0, 0x1f, 0xf3, 0x00, 0x5f, 0xf0,
    0x5f, 0xf0, 0x00, 0x5f, 0xf0, 0x7f, 0xf0, 0x00,
    0x5f, 0xf0, 0x6f, 0xf0, 0x00, 0x5f, 0xf0, 0x3f,
    0xf3, 0x00, 0x5f, 0xf0, 0x0b, 0xfa, 0x00, 0x9f,
    0xf0, 0x00, 0x9f, 0xd8, 0x4f, 0xf8,

    /* U+0065 "e" */
    0x00, 0x6a, 0x8d, 0xa1, 0x00, 0x8f, 0x10, 0x4f,
    0xd0, 0x1f, 0xb0, 0x01, 0xff, 0x36, 0xfd, 0x77,
    0x7b, 0xb2, 0x8f, 0xb0, 0x00, 0x00, 0x07, 0xfe,
    0x00, 0x00, 0x12, 0x2f, 0xf9, 0x00, 0x09, 0x20,
    0x9f, 0xfe, 0xbe, 0xa0, 0x00, 0x7d, 0xfe, 0x80,
    0x00,

    /* U+0066 "f" */
    0x05, 0xa8, 0xe7, 0x00, 0xf5, 0x0e, 0xf1, 0x0f,
    0xb0, 0x56, 0x00, 0x7f, 0xa0, 0x00, 0x4c, 0xff,
    0xa8, 0x00, 0x3f, 0xf1, 0x00, 0x03, 0xff, 0x10,
    0x00, 0x3f, 0xf1, 0x00, 0x03, 0xff, 0x10, 0x00,
    0x3f, 0xf1, 0x00, 0x03, 0xff, 0x10, 0x00, 0x3f,
    0xf1, 0x00, 0x2b, 0xff, 0xb5, 0x00,

    /* U+0067 "g" */
    0x00, 0x00, 0x00, 0x01, 0x51, 0x00, 0x00, 0x00,
    0x1e, 0xfb, 0x00, 0x00, 0x00, 0x8a, 0xea, 0x00,
    0x76, 0x09, 0xb3, 0x00, 0x09, 0xf2, 0x01, 0xff,
    0x20, 0x2f, 0xf1, 0x00, 0xdf, 0x90, 0x4f, 0xf2,
    0x00, 0xbf, 0xa0, 0x2f, 0xf6, 0x00, 0xcf, 0x70,
    0x09, 0xfc, 0x01, 0xfd, 0x10, 0x00, 0x7e, 0xbb,
    0x81, 0x00, 0x02, 0xfb, 0x20, 0x00, 0x00, 0x04,
    0xff, 0xff, 0xc8, 0x20, 0x05, 0x98, 0xbe, 0xff,
    0xf2, 0x7f, 0x20, 0x00, 0x3d, 0xf5, 0x8f, 0x70,
    0x00, 0x0b, 0xe1, 0x07, 0xdb, 0x99, 0xa9, 0x10,

    /* U+0068 "h" */
    0x16, 0xbc, 0x00, 0x00, 0x00, 0x02, 0xbf, 0xc0,
    0x00, 0x00, 0x00, 0x09, 0xfc, 0x00, 0x00, 0x00,
    0x00, 0x9f, 0xc0, 0x00, 0x00, 0x00, 0x09, 0xfc,
    0x00, 0x00, 0x00, 0x00, 0x9f, 0xc1, 0x9f, 0xd2,
    0x00, 0x09, 0xfe, 0x86, 0xdf, 0xb0, 0x00, 0x9f,
    0xd0, 0x06, 0xff, 0x00, 0x09, 0xfc, 0x00, 0x4f,
    0xf1, 0x00, 0x9f, 0xc0, 0x02, 0xff, 0x30, 0x09,
    0xfc, 0x00, 0x1f, 0xf5, 0x00, 0x9f, 0xc0, 0x00,
    0xff, 0x60, 0x09, 0xfc, 0x00, 0x0d, 0xf8, 0x03,
    0xdf, 0xf5, 0x05, 0xff, 0xd3,

    /* U+0069 "i" */
    0x08, 0xf9, 0x00, 0xef, 0xf0, 0x06, 0xc6, 0x00,
    0x00, 0x00, 0x06, 0xbc, 0x02, 0xbf, 0xd0, 0x08,
    0xfd, 0x00, 0x8f, 0xd0, 0x08, 0xfd, 0x00, 0x8f,
    0xd0, 0x08, 0xfd, 0x00, 0x8f, 0xd0, 0x3d, 0xff,
    0x50,

    /* U+006A "j" */
    0x00, 0x9f, 0x90, 0x00, 0xff, 0xe0, 0x00, 0x6c,
    0x60, 0x00, 0x00, 0x00, 0x01, 0x6b, 0xc0, 0x02,
    0xbf, 0xd0, 0x00, 0x8f, 0xd0, 0x00, 0x8f, 0xd0,
    0x00, 0x8f, 0xd0, 0x00, 0x8f, 0xd0, 0x00, 0x8f,
    0xd0, 0x00, 0x8f, 0xd0, 0x00, 0x4f, 0xf1, 0x01,
    0x0a, 0xf6, 0x4f, 0x81, 0xf9, 0x5f, 0xb0, 0xc8,
    0x09, 0xd7, 0xa1,

    /* U+006B "k" */
    0x17, 0xcc, 0x00, 0x00, 0x00, 0x01, 0xaf, 0xc0,
    0x00, 0x00, 0x00, 0x09, 0xfc, 0x00, 0x00, 0x00,
    0x00, 0x9f, 0xc0, 0x00, 0x00, 0x00, 0x09, 0xfc,
    0x00, 0x00, 0x00, 0x00, 0x9f, 0xc0, 0x08, 0xfe,
    0x70, 0x09, 0xfc, 0x00, 0x2b, 0x10, 0x00, 0x9f,
    0xc0, 0x29, 0x00, 0x00, 0x09, 0xfc, 0x2e, 0xa0,
    0x00, 0x00, 0x9f, 0xeb, 0xff, 0x40, 0x00, 0x09,
    0xfd, 0x0c, 0xfd, 0x00, 0x00, 0x9f, 0xc0, 0x3f,
    0xf7, 0x00, 0x09, 0xfc, 0x00, 0x9f, 0xf1, 0x03,
    0xdf, 0xf5, 0x0b, 0xff, 0xc1,

    /* U+006C "l" */
    0x06, 0xbc, 0x02, 0xbf, 0xd0, 0x08, 0xfd, 0x00,
    0x8f, 0xd0, 0x08, 0xfd, 0x00, 0x8f, 0xd0, 0x08,
    0xfd, 0x00, 0x8f, 0xd0, 0x08, 0xfd, 0x00, 0x8f,
    0xd0, 0x08, 0xfd, 0x00, 0x8f, 0xd0, 0x08, 0xfd,
    0x03, 0xdf, 0xf5,

    /* U+006D "m" */
    0x06, 0xbc, 0x19, 0xfe, 0x60, 0x6e, 0xf7, 0x00,
    0x2b, 0xfe, 0x96, 0xcf, 0xf8, 0x7b, 0xff, 0x20,
    0x09, 0xfd, 0x00, 0x2f, 0xf4, 0x00, 0xff, 0x50,
    0x09, 0xfc, 0x00, 0x1f, 0xf4, 0x00, 0xef, 0x70,
    0x09, 0xfc, 0x00, 0x1f, 0xf4, 0x00, 0xcf, 0x90,
    0x09, 0xfc, 0x00, 0x1f, 0xf4, 0x00, 0xaf, 0xb0,
    0x09, 0xfc, 0x00, 0x1f, 0xf4, 0x00, 0x9f, 0xd0,
    0x09, 0xfc, 0x00, 0x1f, 0xf4, 0x00, 0x7f, 0xf0,
    0x3d, 0xff, 0x50, 0x9f, 0xfb, 0x01, 0xcf, 0xf7,

    /* U+006E "n" */
    0x06, 0xbc, 0x1a, 0xfd, 0x20, 0x02, 0xbf, 0xe9,
    0x6e, 0xfb, 0x00, 0x09, 0xfd, 0x00, 0x7f, 0xf0,
    0x00, 0x9f, 0xc0, 0x04, 0xff, 0x10, 0x09, 0xfc,
    0x00, 0x2f, 0xf3, 0x00, 0x9f, 0xc0, 0x01, 0xff,
    0x50, 0x09, 0xfc, 0x00, 0x0f, 0xf6, 0x00, 0x9f,
    0xc0, 0x00, 0xdf, 0x80, 0x3d, 0xff, 0x50, 0x5f,
    0xfd, 0x30,

    /* U+006F "o" */
    0x00, 0x4b, 0x9d, 0xc4, 0x00, 0x06, 0xf4, 0x01,
    0xef, 0x50, 0x1f, 0xf0, 0x00, 0x8f, 0xf0, 0x6f,
    0xe0, 0x00, 0x3f, 0xf4, 0x7f, 0xf0, 0x00, 0x1f,
    0xf6, 0x6f, 0xf2, 0x00, 0x0f, 0xf4, 0x1f, 0xf6,
    0x00, 0x0f, 0xe0, 0x07, 0xfc, 0x00, 0x4f, 0x50,
    0x00, 0x5c, 0xa6, 0x93, 0x00,

    /* U+0070 "p" */
    0x16, 0xc9, 0x6d, 0xfc, 0x30, 0x3c, 0xfe, 0x30,
    0x6f, 0xf2, 0x0a, 0xfb, 0x00, 0x0d, 0xf9, 0x0a,
    0xfb, 0x00, 0x0a, 0xfc, 0x0a, 0xfb, 0x00, 0x09,
    0xfd, 0x0a, 0xfb, 0x00, 0x0a, 0xfb, 0x0a, 0xfb,
    0x00, 0x0d, 0xf6, 0x0a, 0xfd, 0x00, 0x4f, 0xd0,
    0x0a, 0xfc, 0xab, 0xe9, 0x10, 0x0a, 0xfb, 0x00,
    0x00, 0x00, 0x0a, 0xfb, 0x00, 0x00, 0x00, 0x0a,
    0xfb, 0x00, 0x00, 0x00, 0x4e, 0xfe, 0x50, 0x00,
    0x00,

    /* U+0071 "q" */
    0x00, 0x5d, 0xca, 0x67, 0xe0, 0x06, 0xfa, 0x00,
    0x7f, 0xf0, 0x1f, 0xf3, 0x00, 0x5f, 0xf0, 0x5f,
    0xf0, 0x00, 0x5f, 0xf0, 0x7f, 0xf0, 0x00, 0x5f,
    0xf0, 0x6f, 0xf0, 0x00, 0x5f, 0xf0, 0x2f, 0xf3,
    0x00, 0x5f, 0xf0, 0x0b, 0xfc, 0x11, 0xaf, 0xf0,
    0x00, 0x9f, 0xfa, 0x6f, 0xf0, 0x00, 0x00, 0x00,
    0x5f, 0xf0, 0x00, 0x00, 0x00, 0x5f, 0xf0, 0x00,
    0x00, 0x00, 0x5f, 0xf0, 0x00, 0x00, 0x02, 0xbf,
    0xf8,

    /* U+0072 "r" */
    0x05, 0xba, 0x3d, 0xe4, 0x3c, 0xfc, 0x9b, 0xfa,
    0x08, 0xff, 0x07, 0xf9, 0x08, 0xfe, 0x01, 0x61,
    0x08, 0xfd, 0x00, 0x00, 0x08, 0xfd, 0x00, 0x00,
    0x08, 0xfd, 0x00, 0x00, 0x08, 0xfd, 0x00, 0x00,
    0x3d, 0xff, 0x91, 0x00,

    /* U+0073 "s" */
    0x05, 0xc9, 0xaf, 0xd0, 0x3f, 0x60, 0x03, 0xf1,
    0x6f, 0x90, 0x00, 0x74, 0x5f, 0xfd, 0x83, 0x00,
    0x0b, 0xff, 0xff, 0x80, 0x00, 0x4a, 0xff, 0xf2,
    0x0a, 0x00, 0x0c, 0xf4, 0x0d, 0x50, 0x09, 0xf1,
    0x0a, 0xfb, 0x9c, 0x30,

    /* U+0074 "t" */
    0x00, 0x49, 0x00, 0x03, 0xfa, 0x00, 0x6e, 0xfe,
    0xa8, 0x0a, 0xfa, 0x00, 0x0a, 0xfa, 0x00, 0x0a,
    0xfa, 0x00, 0x0a, 0xfa, 0x00, 0x0a, 0xfa, 0x00,
    0x0a, 0xfa, 0x00, 0x08, 0xfe, 0x49, 0x01, 0xcf,
    0xd3,

    /* U+0075 "u" */
    0x16, 0xca, 0x00, 0x4a, 0xe0, 0x3d, 0xfa, 0x01,
    0x9f, 0xf1, 0x0b, 0xfa, 0x00, 0x4f, 0xf1, 0x0b,
    0xfa, 0x00, 0x4f, 0xf1, 0x0b, 0xfa, 0x00, 0x4f,
    0xf1, 0x0b, 0xfa, 0x00, 0x4f, 0xf1, 0x0b, 0xfb,
    0x00, 0x4f, 0xf1, 0x08, 0xff, 0x43, 0xaf, 0xf1,
    0x00, 0xbf, 0xd6, 0x2f, 0xf9,

    /* U+0076 "v" */
    0x0a, 0xff, 0xd4, 0x06, 0xeb, 0x10, 0x0e, 0xf9,
    0x00, 0x0a, 0x10, 0x00, 0x8f, 0xe0, 0x00, 0xa0,
    0x00, 0x03, 0xff, 0x30, 0x55, 0x00, 0x00, 0x0d,
    0xf9, 0x09, 0x00, 0x00, 0x00, 0x7f, 0xe0, 0x90,
    0x00, 0x00, 0x01, 0xff, 0x94, 0x00, 0x00, 0x00,
    0x0c, 0xfe, 0x00, 0x00, 0x00, 0x00, 0x5f, 0x90,
    0x00, 0x00,

    /* U+0077 "w" */
    0x0a, 0xff, 0xc3, 0x3e, 0xff, 0x70, 0x7f, 0x80,
    0x0e, 0xf8, 0x00, 0x7f, 0xf0, 0x00, 0xa0, 0x00,
    0xaf, 0xd0, 0x08, 0xff, 0x40, 0x27, 0x00, 0x05,
    0xff, 0x20, 0x9d, 0xf9, 0x07, 0x20, 0x00, 0x0f,
    0xf7, 0x27, 0x8f, 0xe0, 0x90, 0x00, 0x00, 0xbf,
    0xc7, 0x23, 0xff, 0x38, 0x00, 0x00, 0x06, 0xff,
    0xa0, 0x0e, 0xfc, 0x40, 0x00, 0x00, 0x1f, 0xf8,
    0x00, 0x9f, 0xf0, 0x00, 0x00, 0x00, 0xbf, 0x30,
    0x04, 0xfa, 0x00, 0x00,

    /* U+0078 "x" */
    0x7f, 0xff, 0x50, 0xaf, 0x80, 0x09, 0xff, 0x10,
    0x38, 0x00, 0x00, 0xef, 0xb0, 0x90, 0x00, 0x00,
    0x5f, 0xfa, 0x30, 0x00, 0x00, 0x0c, 0xfe, 0x10,
    0x00, 0x00, 0x29, 0xff, 0xa0, 0x00, 0x00, 0x90,
    0x7f, 0xf4, 0x00, 0x07, 0x30, 0x0d, 0xfd, 0x00,
    0x8f, 0xa0, 0x4d, 0xff, 0xb0,

    /* U+0079 "y" */
    0x0a, 0xff, 0xd4, 0x04, 0xdd, 0x30, 0x0c, 0xfa,
    0x00, 0x07, 0x20, 0x00, 0x6f, 0xf1, 0x00, 0x90,
    0x00, 0x00, 0xef, 0x70, 0x35, 0x00, 0x00, 0x08,
    0xfd, 0x08, 0x00, 0x00, 0x00, 0x1f, 0xf4, 0x80,
    0x00, 0x00, 0x00, 0xaf, 0xe3, 0x00, 0x00, 0x00,
    0x04, 0xfd, 0x00, 0x00, 0x00, 0x00, 0x0d, 0x70,
    0x00, 0x00, 0x00, 0x00, 0x91, 0x00, 0x00, 0x06,
    0xc0, 0x09, 0x00, 0x00, 0x00, 0xaf, 0x66, 0x30,
    0x00, 0x00, 0x02, 0xdf, 0x80, 0x00, 0x00, 0x00,

    /* U+007A "z" */
    0x0f, 0xec, 0xcf, 0xfa, 0x2e, 0x10, 0x5f, 0xf2,
    0x56, 0x00, 0xef, 0x80, 0x00, 0x08, 0xfd, 0x00,
    0x00, 0x2f, 0xf4, 0x00, 0x00, 0xbf, 0xb0, 0x03,
    0x05, 0xff, 0x20, 0x1b, 0x0e, 0xf8, 0x00, 0xa9,
    0x7f, 0xfc, 0xcd, 0xf6,

    /* U+007B "{" */
    0x00, 0x2b, 0xd9, 0x30, 0x0e, 0xf2, 0x00, 0x03,
    0xfe, 0x00, 0x00, 0x2f, 0xf0, 0x00, 0x00, 0xcf,
    0x70, 0x00, 0x03, 0xff, 0x10, 0x00, 0x09, 0xf5,
    0x00, 0x71, 0x8f, 0x20, 0x0e, 0xf9, 0x20, 0x00,
    0x00, 0x8f, 0x20, 0x00, 0x09, 0xf5, 0x00, 0x03,
    0xff, 0x10, 0x00, 0xdf, 0x60, 0x00, 0x2f, 0xf0,
    0x00, 0x03, 0xfe, 0x00, 0x00, 0x0c, 0xf4, 0x00,
    0x00, 0x07, 0xb9, 0x30,

    /* U+007C "|" */
    0x2c, 0x3d, 0x3c, 0x2c, 0x2b, 0x1b, 0x0a, 0x0a,
    0x0a, 0x0a, 0x0a, 0x1b, 0x2b, 0x2c, 0x3c, 0x3d,
    0x2c,

    /* U+007D "}" */
    0x4a, 0xea, 0x10, 0x00, 0x5f, 0xb0, 0x00, 0x0f,
    0xf0, 0x00, 0x3f, 0xf0, 0x00, 0xaf, 0x90, 0x03,
    0xfe, 0x10, 0x08, 0xf6, 0x00, 0x04, 0xf5, 0x26,
    0x00, 0x3a, 0xfc, 0x04, 0xf5, 0x00, 0x08, 0xf6,
    0x00, 0x03, 0xfe, 0x10, 0x00, 0x9f, 0xa0, 0x00,
    0x2f, 0xf0, 0x00, 0x1f, 0xf0, 0x00, 0x6f, 0xa0,
    0x49, 0xb6, 0x00,

    /* U+007E "~" */
    0x03, 0xbb, 0x60, 0x00, 0x44, 0x0b, 0x10, 0x7a,
    0x10, 0xa2, 0x17, 0x00, 0x03, 0xbc, 0x60,

    /* U+00C0 "À" */
    0x00, 0x00, 0x00, 0x00, 0x00, 0x00, 0x00, 0x00,
    0x1f, 0x80, 0x00, 0x00, 0x00, 0x00, 0x00, 0xdf,
    0x40, 0x00, 0x00, 0x00, 0x00, 0x00, 0x6b, 0x00,
    0x00, 0x00, 0x00, 0x00, 0x00, 0x00, 0x00, 0x00,
    0x00, 0x00, 0x1d, 0xff, 0xf3, 0x00, 0x00, 0x00,
    0x00, 0x9d, 0xff, 0x00, 0x00, 0x00, 0x00, 0x0a,
    0x7f, 0xf4, 0x00, 0x00, 0x00, 0x02, 0x82, 0xff,
    0x90, 0x00, 0x00, 0x00, 0x73, 0x0d, 0xfe, 0x00,
    0x00, 0x00, 0x0b, 0x00, 0x8f, 0xf3, 0x00, 0x00,
    0x01, 0x90, 0x03, 0xff, 0x80, 0x00, 0x00, 0x6c,
    0xaa, 0xaf, 0xfd, 0x00, 0x00, 0x0a, 0x00, 0x00,
    0x9f, 0xf2, 0x00, 0x00, 0xa0, 0x00, 0x04, 0xff,
    0x70, 0x00, 0x46, 0x00, 0x00, 0x0f, 0xfc, 0x00,
    0x0a, 0x30, 0x00, 0x00, 0xaf, 0xf2, 0x08, 0xfd,
    0x40, 0x00, 0x3d, 0xff, 0xc0,

    /* U+00C1 "Á" */
    0x00, 0x00, 0x00, 0x00, 0x00, 0x00, 0x00, 0x00,
    0x00, 0x00, 0xbd, 0x00, 0x00, 0x00, 0x00, 0x00,
    0x7f, 0xb0, 0x00, 0x00, 0x00, 0x00, 0x2c, 0x50,
    0x00, 0x00, 0x00, 0x00, 0x00, 0x00, 0x00, 0x00,
    0x00, 0x00, 0x1d, 0xff, 0xf3, 0x00, 0x00, 0x00,
    0x00, 0x9d, 0xff, 0x00, 0x00, 0x00, 0x00, 0x0a,
    0x7f, 0xf4, 0x00, 0x00, 0x00, 0x02, 0x82, 0xff,
    0x90, 0x00, 0x00, 0x00, 0x73, 0x0d, 0xfe, 0x00,
    0x00, 0x00, 0x0b, 0x00, 0x8f, 0xf3, 0x00, 0x00,
    0x01, 0x90, 0x03, 0xff, 0x80, 0x00, 0x00, 0x6c,
    0xaa, 0xaf, 0xfd, 0x00, 0x00, 0x0a, 0x00, 0x00,
    0x9f, 0xf2, 0x00, 0x00, 0xa0, 0x00, 0x04, 0xff,
    0x70, 0x00, 0x46, 0x00, 0x00, 0x0f, 0xfc, 0x00,
    0x0a, 0x30, 0x00, 0x00, 0xaf, 0xf2, 0x08, 0xfd,
    0x40, 0x00, 0x3d, 0xff, 0xc0,

    /* U+00C2 "Â" */
    0x00, 0x00, 0x08, 0xb0, 0x00, 0x00, 0x00, 0x00,
    0x06, 0xff, 0x90, 0x00, 0x00, 0x00, 0x03, 0xa2,
    0x19, 0x60, 0x00, 0x00, 0x00, 0x00, 0x00, 0x00,
    0x00, 0x00, 0x00, 0x01, 0xdf, 0xff, 0x30, 0x00,
    0x00, 0x00, 0x09, 0xdf, 0xf0, 0x00, 0x00, 0x00,
    0x00, 0xa7, 0xff, 0x40, 0x00, 0x00, 0x00, 0x28,
    0x2f, 0xf9, 0x00, 0x00, 0x00, 0x07, 0x30, 0xdf,
    0xe0, 0x00, 0x00, 0x00, 0xb0, 0x08, 0xff, 0x30,
    0x00, 0x00, 0x19, 0x00, 0x3f, 0xf8, 0x00, 0x00,
    0x06, 0xca, 0xaa, 0xff, 0xd0, 0x00, 0x00, 0xa0,
    0x00, 0x09, 0xff, 0x20, 0x00, 0x0a, 0x00, 0x00,
    0x4f, 0xf7, 0x00, 0x04, 0x60, 0x00, 0x00, 0xff,
    0xc0, 0x00, 0xa3, 0x00, 0x00, 0x0a, 0xff, 0x20,
    0x8f, 0xd4, 0x00, 0x03, 0xdf, 0xfc, 0x00,

    /* U+00C3 "Ã" */
    0x00, 0x00, 0x57, 0x42, 0x30, 0x00, 0x00, 0x00,
    0x29, 0x9f, 0xf5, 0x00, 0x00, 0x00, 0x00, 0x00,
    0x23, 0x00, 0x00, 0x00, 0x00, 0x00, 0x00, 0x00,
    0x00, 0x00, 0x00, 0x01, 0xdf, 0xff, 0x30, 0x00,
    0x00, 0x00, 0x09, 0xdf, 0xf0, 0x00, 0x00, 0x00,
    0x00, 0xa7, 0xff, 0x40, 0x00, 0x00, 0x00, 0x28,
    0x2f, 0xf9, 0x00, 0x00, 0x00, 0x07, 0x30, 0xdf,
    0xe0, 0x00, 0x00, 0x00, 0xb0, 0x08, 0xff, 0x30,
    0x00, 0x00, 0x19, 0x00, 0x3f, 0xf8, 0x00, 0x00,
    0x06, 0xca, 0xaa, 0xff, 0xd0, 0x00, 0x00, 0xa0,
    0x00, 0x09, 0xff, 0x20, 0x00, 0x0a, 0x00, 0x00,
    0x4f, 0xf7, 0x00, 0x04, 0x60, 0x00, 0x00, 0xff,
    0xc0, 0x00, 0xa3, 0x00, 0x00, 0x0a, 0xff, 0x20,
    0x8f, 0xd4, 0x00, 0x03, 0xdf, 0xfc, 0x00,

    /* U+00C4 "Ä" */
    0x00, 0x01, 0x61, 0x05, 0x30, 0x00, 0x00, 0x00,
    0xbf, 0x85, 0xfe, 0x00, 0x00, 0x00, 0x08, 0xf5,
    0x3e, 0xb0, 0x00, 0x00, 0x00, 0x00, 0x00, 0x00,
    0x00, 0x00, 0x00, 0x01, 0xdf, 0xff, 0x30, 0x00,
    0x00, 0x00, 0x09, 0xdf, 0xf0, 0x00, 0x00, 0x00,
    0x00, 0xa7, 0xff, 0x40, 0x00, 0x00, 0x00, 0x28,
    0x2f, 0xf9, 0x00, 0x00, 0x00, 0x07, 0x30, 0xdf,
    0xe0, 0x00, 0x00, 0x00, 0xb0, 0x08, 0xff, 0x30,
    0x00, 0x00, 0x19, 0x00, 0x3f, 0xf8, 0x00, 0x00,
    0x06, 0xca, 0xaa, 0xff, 0xd0, 0x00, 0x00, 0xa0,
    0x00, 0x09, 0xff, 0x20, 0x00, 0x0a, 0x00, 0x00,
    0x4f, 0xf7, 0x00, 0x04, 0x60, 0x00, 0x00, 0xff,
    0xc0, 0x00, 0xa3, 0x00, 0x00, 0x0a, 0xff, 0x20,
    0x8f, 0xd4, 0x00, 0x03, 0xdf, 0xfc, 0x00,

    /* U+00C5 "Å" */
    0x00, 0x00, 0x03, 0x40, 0x00, 0x00, 0x00, 0x00,
    0x07, 0xb8, 0xb0, 0x00, 0x00, 0x00, 0x00, 0xa6,
    0x2e, 0x00, 0x00, 0x00, 0x00, 0x03, 0x74, 0x60,
    0x00, 0x00, 0x00, 0x00, 0x00, 0x00, 0x00, 0x00,
    0x00, 0x00, 0x1d, 0xff, 0xf3, 0x00, 0x00, 0x00,
    0x00, 0x9d, 0xff, 0x00, 0x00, 0x00, 0x00, 0x0a,
    0x7f, 0xf4, 0x00, 0x00, 0x00, 0x02, 0x82, 0xff,
    0x90, 0x00, 0x00, 0x00, 0x73, 0x0d, 0xfe, 0x00,
    0x00, 0x00, 0x0b, 0x00, 0x8f, 0xf3, 0x00, 0x00,
    0x01, 0x90, 0x03, 0xff, 0x80, 0x00, 0x00, 0x6c,
    0xaa, 0xaf, 0xfd, 0x00, 0x00, 0x0a, 0x00, 0x00,
    0x9f, 0xf2, 0x00, 0x00, 0xa0, 0x00, 0x04, 0xff,
    0x70, 0x00, 0x46, 0x00, 0x00, 0x0f, 0xfc, 0x00,
    0x0a, 0x30, 0x00, 0x00, 0xaf, 0xf2, 0x08, 0xfd,
    0x40, 0x00, 0x3d, 0xff, 0xc0,

    /* U+00C6 "Æ" */
    0x00, 0x00, 0x00, 0x0b, 0xef, 0xfd, 0x99, 0xbf,
    0xa0, 0x00, 0x00, 0x00, 0x05, 0x6f, 0xfa, 0x00,
    0x06, 0xf0, 0x00, 0x00, 0x00, 0x0a, 0x0f, 0xfa,
    0x00, 0x00, 0xa3, 0x00, 0x00, 0x00, 0x64, 0x0f,
    0xfa, 0x00, 0x00, 0x13, 0x00, 0x00, 0x00, 0xb0,
    0x0f, 0xfa, 0x00, 0x65, 0x00, 0x00, 0x00, 0x07,
    0x40, 0x0f, 0xfd, 0x99, 0xea, 0x00, 0x00, 0x00,
    0x1a, 0x00, 0x0f, 0xfa, 0x00, 0x1c, 0x00, 0x00,
    0x00, 0x8b, 0xaa, 0xaf, 0xfa, 0x00, 0x01, 0x00,
    0x00, 0x01, 0xa0, 0x00, 0x0f, 0xfa, 0x00, 0x00,
    0x01, 0x00, 0x09, 0x20, 0x00, 0x0f, 0xfa, 0x00,
    0x00, 0x29, 0x00, 0x29, 0x00, 0x00, 0x0f, 0xfa,
    0x00, 0x00, 0xa6, 0x00, 0xb3, 0x00, 0x00, 0x0f,
    0xfa, 0x00, 0x05, 0xf2, 0x0b, 0xfd, 0x30, 0x02,
    0xbf, 0xfe, 0x99, 0xbf, 0xe0,

    /* U+00C7 "Ç" */
    0x00, 0x02, 0x9d, 0xba, 0x95, 0xa0, 0x00, 0x5f,
    0xd2, 0x00, 0x0b, 0xf0, 0x03, 0xff, 0x20, 0x00,
    0x00, 0xd3, 0x0b, 0xfb, 0x00, 0x00, 0x00, 0x48,
    0x1f, 0xf7, 0x00, 0x00, 0x00, 0x02, 0x5f, 0xf6,
    0x00, 0x00, 0x00, 0x00, 0x6f, 0xf6, 0x00, 0x00,
    0x00, 0x00, 0x5f, 0xf8, 0x00, 0x00, 0x00, 0x00,
    0x2f, 0xfc, 0x00, 0x00, 0x00, 0x02, 0x0d, 0xff,
    0x30, 0x00, 0x00, 0x18, 0x04, 0xff, 0xd1, 0x00,
    0x00, 0xb3, 0x00, 0x7f, 0xfe, 0x96, 0x7d, 0x70,
    0x00, 0x03, 0xae, 0xff, 0xb4, 0x00, 0x00, 0x00,
    0x02, 0x70, 0x00, 0x00, 0x00, 0x00, 0x01, 0x9e,
    0x10, 0x00, 0x00, 0x00, 0x00, 0x2f, 0x40, 0x00,
    0x00, 0x00, 0x18, 0xbb, 0x00, 0x00,

    /* U+00C8 "È" */
    0x00, 0x01, 0x70, 0x00, 0x00, 0x00, 0x00, 0x6f,
    0xa0, 0x00, 0x00, 0x00, 0x00, 0x8f, 0x50, 0x00,
    0x00, 0x00, 0x00, 0x15, 0x00, 0x00, 0x00, 0x00,
    0x00, 0x00, 0x00, 0x01, 0x9f, 0xfd, 0x88, 0x9f,
    0xe0, 0x00, 0xff, 0xb0, 0x00, 0x2f, 0x30, 0x0f,
    0xfb, 0x00, 0x00, 0x67, 0x00, 0xff, 0xb0, 0x00,
    0x00, 0x40, 0x0f, 0xfb, 0x00, 0x17, 0x00, 0x00,
    0xff, 0xb0, 0x05, 0xb0, 0x00, 0x0f, 0xff, 0xcc,
    0xff, 0x00, 0x00, 0xff, 0xb0, 0x00, 0xb2, 0x00,
    0x0f, 0xfb, 0x00, 0x01, 0x11, 0x00, 0xff, 0xb0,
    0x00, 0x00, 0xb0, 0x0f, 0xfb, 0x00, 0x00, 0x69,
    0x00, 0xff, 0xb0, 0x00, 0x2e, 0x61, 0xaf, 0xff,
    0x99, 0x9e, 0xf1,

    /* U+00C9 "É" */
    0x00, 0x00, 0x00, 0x07, 0x30, 0x00, 0x00, 0x00,
    0x07, 0xf9, 0x00, 0x00, 0x00, 0x02, 0xfa, 0x10,
    0x00, 0x00, 0x00, 0x42, 0x00, 0x00, 0x00, 0x00,
    0x00, 0x00, 0x00, 0x01, 0x9f, 0xfd, 0x88, 0x9f,
    0xe0, 0x00, 0xff, 0xb0, 0x00, 0x2f, 0x30, 0x0f,
    0xfb, 0x00, 0x00, 0x67, 0x00, 0xff, 0xb0, 0x00,
    0x00, 0x40, 0x0f, 0xfb, 0x00, 0x17, 0x00, 0x00,
    0xff, 0xb0, 0x05, 0xb0, 0x00, 0x0f, 0xff, 0xcc,
    0xff, 0x00, 0x00, 0xff, 0xb0, 0x00, 0xb2, 0x00,
    0x0f, 0xfb, 0x00, 0x01, 0x11, 0x00, 0xff, 0xb0,
    0x00, 0x00, 0xb0, 0x0f, 0xfb, 0x00, 0x00, 0x69,
    0x00, 0xff, 0xb0, 0x00, 0x2e, 0x61, 0xaf, 0xff,
    0x99, 0x9e, 0xf1,

    /* U+00CA "Ê" */
    0x00, 0x00, 0x04, 0x20, 0x00, 0x00, 0x00, 0x04,
    0xfd, 0x10, 0x00, 0x00, 0x02, 0xe7, 0xab, 0x00,
    0x00, 0x00, 0x41, 0x00, 0x32, 0x00, 0x00, 0x00,
    0x00, 0x00, 0x00, 0x01, 0x9f, 0xfd, 0x88, 0x9f,
    0xe0, 0x00, 0xff, 0xb0, 0x00, 0x2f, 0x30, 0x0f,
    0xfb, 0x00, 0x00, 0x67, 0x00, 0xff, 0xb0, 0x00,
    0x00, 0x40, 0x0f, 0xfb, 0x00, 0x17, 0x00, 0x00,
    0xff, 0xb0, 0x05, 0xb0, 0x00, 0x0f, 0xff, 0xcc,
    0xff, 0x00, 0x00, 0xff, 0xb0, 0x00, 0xb2, 0x00,
    0x0f, 0xfb, 0x00, 0x01, 0x11, 0x00, 0xff, 0xb0,
    0x00, 0x00, 0xb0, 0x0f, 0xfb, 0x00, 0x00, 0x69,
    0x00, 0xff, 0xb0, 0x00, 0x2e, 0x61, 0xaf, 0xff,
    0x99, 0x9e, 0xf1,

    /* U+00CB "Ë" */
    0x00, 0x0c, 0xe2, 0x6f, 0x60, 0x00, 0x00, 0xff,
    0x4a, 0xfa, 0x00, 0x00, 0x03, 0x50, 0x16, 0x10,
    0x00, 0x00, 0x00, 0x00, 0x00, 0x00, 0x19, 0xff,
    0xd8, 0x89, 0xfe, 0x00, 0x0f, 0xfb, 0x00, 0x02,
    0xf3, 0x00, 0xff, 0xb0, 0x00, 0x06, 0x70, 0x0f,
    0xfb, 0x00, 0x00, 0x04, 0x00, 0xff, 0xb0, 0x01,
    0x70, 0x00, 0x0f, 0xfb, 0x00, 0x5b, 0x00, 0x00,
    0xff, 0xfc, 0xcf, 0xf0, 0x00, 0x0f, 0xfb, 0x00,
    0x0b, 0x20, 0x00, 0xff, 0xb0, 0x00, 0x11, 0x10,
    0x0f, 0xfb, 0x00, 0x00, 0x0b, 0x00, 0xff, 0xb0,
    0x00, 0x06, 0x90, 0x0f, 0xfb, 0x00, 0x02, 0xe6,
    0x1a, 0xff, 0xf9, 0x99, 0xef, 0x10,

    /* U+00CC "Ì" */
    0x00, 0x00, 0x00, 0x0c, 0xc0, 0x00, 0x09, 0xf8,
    0x00, 0x00, 0x4b, 0x30, 0x00, 0x00, 0x00, 0x1a,
    0xff, 0xf9, 0x00, 0xff, 0xb0, 0x00, 0xff, 0xb0,
    0x00, 0xff, 0xb0, 0x00, 0xff, 0xb0, 0x00, 0xff,
    0xb0, 0x00, 0xff, 0xb0, 0x00, 0xff, 0xb0, 0x00,
    0xff, 0xb0, 0x00, 0xff, 0xb0, 0x00, 0xff, 0xb0,
    0x00, 0xff, 0xb0, 0x1a, 0xff, 0xf9,

    /* U+00CD "Í" */
    0x00, 0x00, 0x00, 0x00, 0x00, 0x08, 0xf1, 0x00,
    0x03, 0xfd, 0x10, 0x00, 0xb6, 0x00, 0x00, 0x00,
    0x00, 0x01, 0xaf, 0xff, 0x90, 0x00, 0xff, 0xb0,
    0x00, 0x0f, 0xfb, 0x00, 0x00, 0xff, 0xb0, 0x00,
    0x0f, 0xfb, 0x00, 0x00, 0xff, 0xb0, 0x00, 0x0f,
    0xfb, 0x00, 0x00, 0xff, 0xb0, 0x00, 0x0f, 0xfb,
    0x00, 0x00, 0xff, 0xb0, 0x00, 0x0f, 0xfb, 0x00,
    0x00, 0xff, 0xb0, 0x01, 0xaf, 0xff, 0x90,

    /* U+00CE "Î" */
    0x00, 0x4e, 0x20, 0x02, 0xfe, 0xd0, 0x0b, 0x40,
    0x69, 0x00, 0x00, 0x00, 0x1a, 0xff, 0xf9, 0x00,
    0xff, 0xb0, 0x00, 0xff, 0xb0, 0x00, 0xff, 0xb0,
    0x00, 0xff, 0xb0, 0x00, 0xff, 0xb0, 0x00, 0xff,
    0xb0, 0x00, 0xff, 0xb0, 0x00, 0xff, 0xb0, 0x00,
    0xff, 0xb0, 0x00, 0xff, 0xb0, 0x00, 0xff, 0xb0,
    0x1a, 0xff, 0xf9,

    /* U+00CF "Ï" */
    0x06, 0x20, 0x45, 0x06, 0xfd, 0x1f, 0xf3, 0x3f,
    0x90, 0xde, 0x10, 0x00, 0x00, 0x00, 0x1a, 0xff,
    0xf9, 0x00, 0x0f, 0xfb, 0x00, 0x00, 0xff, 0xb0,
    0x00, 0x0f, 0xfb, 0x00, 0x00, 0xff, 0xb0, 0x00,
    0x0f, 0xfb, 0x00, 0x00, 0xff, 0xb0, 0x00, 0x0f,
    0xfb, 0x00, 0x00, 0xff, 0xb0, 0x00, 0x0f, 0xfb,
    0x00, 0x00, 0xff, 0xb0, 0x00, 0x0f, 0xfb, 0x00,
    0x1a, 0xff, 0xf9, 0x00,

    /* U+00D0 "Ð" */
    0x1a, 0xff, 0xe9, 0xac, 0x92, 0x00, 0x00, 0x00,
    0xff, 0xb0, 0x01, 0xaf, 0x80, 0x00, 0x00, 0xff,
    0xb0, 0x00, 0x0c, 0xf9, 0x00, 0x00, 0xff, 0xb0,
    0x00, 0x04, 0xff, 0x30, 0x00, 0xff, 0xb0, 0x00,
    0x00, 0xff, 0xa0, 0x00, 0xff, 0xb0, 0x00, 0x00,
    0xcf, 0xf0, 0x27, 0xff, 0xd7, 0x71, 0x00, 0xbf,
    0xf1, 0x00, 0xff, 0xb0, 0x00, 0x00, 0xbf, 0xf1,
    0x00, 0xff, 0xb0, 0x00, 0x00, 0xcf, 0xe0, 0x00,
    0xff, 0xb0, 0x00, 0x00, 0xff, 0x90, 0x00, 0xff,
    0xb0, 0x00, 0x06, 0xff, 0x10, 0x00, 0xff, 0xb0,
    0x00, 0x3f, 0xe3, 0x00, 0x1a, 0xff, 0xf9, 0x9a,
    0xc7, 0x10, 0x00,

    /* U+00D1 "Ñ" */
    0x00, 0x00, 0x00, 0x00, 0x00, 0x00, 0x00, 0x00,
    0x02, 0xfe, 0x66, 0x30, 0x00, 0x00, 0x00, 0x66,
    0xaf, 0xf1, 0x00, 0x00, 0x00, 0x01, 0x00, 0x32,
    0x00, 0x00, 0x00, 0x00, 0x00, 0x00, 0x00, 0x00,
    0x00, 0xef, 0xf2, 0x00, 0x01, 0xaf, 0xe6, 0x05,
    0xff, 0xc0, 0x00, 0x00, 0x93, 0x00, 0x0e, 0xff,
    0x70, 0x00, 0x08, 0x20, 0x00, 0xbe, 0xff, 0x20,
    0x00, 0x82, 0x00, 0x0a, 0x4f, 0xfc, 0x00, 0x08,
    0x20, 0x00, 0xa0, 0xaf, 0xf6, 0x00, 0x82, 0x00,
    0x0a, 0x01, 0xef, 0xf2, 0x08, 0x20, 0x00, 0xa0,
    0x05, 0xff, 0xb0, 0x82, 0x00, 0x0a, 0x00, 0x0a,
    0xff, 0x68, 0x20, 0x00, 0xa0, 0x00, 0x1e, 0xff,
    0xa2, 0x00, 0x0a, 0x00, 0x00, 0x5f, 0xff, 0x20,
    0x00, 0xc0, 0x00, 0x00, 0xaf, 0xf6, 0x03, 0xdf,
    0xc3, 0x00, 0x01, 0xff, 0xe0,

    /* U+00D2 "Ò" */
    0x00, 0x00, 0x17, 0x00, 0x00, 0x00, 0x00, 0x00,
    0x00, 0x6f, 0xa0, 0x00, 0x00, 0x00, 0x00, 0x00,
    0x08, 0xf5, 0x00, 0x00, 0x00, 0x00, 0x00, 0x00,
    0x15, 0x00, 0x00, 0x00, 0x00, 0x00, 0x00, 0x00,
    0x00, 0x00, 0x00, 0x00, 0x02, 0x9a, 0xae, 0xd8,
    0x10, 0x00, 0x00, 0x5f, 0x60, 0x01, 0xcf, 0xe3,
    0x00, 0x03, 0xfc, 0x00, 0x00, 0x1f, 0xfe, 0x10,
    0x0c, 0xf7, 0x00, 0x00, 0x08, 0xff, 0x90, 0x1f,
    0xf5, 0x00, 0x00, 0x01, 0xff, 0xe0, 0x5f, 0xf6,
    0x00, 0x00, 0x00, 0xdf, 0xf2, 0x5f, 0xf7, 0x00,
    0x00, 0x00, 0xaf, 0xf3, 0x4f, 0xfa, 0x00, 0x00,
    0x00, 0x8f, 0xf2, 0x1f, 0xfe, 0x00, 0x00, 0x00,
    0x8f, 0xf0, 0x0c, 0xff, 0x50, 0x00, 0x00, 0x9f,
    0x90, 0x03, 0xff, 0xd0, 0x00, 0x00, 0xee, 0x10,
    0x00, 0x5f, 0xfb, 0x00, 0x08, 0xe3, 0x00, 0x00,
    0x02, 0x9d, 0xea, 0xa8, 0x10, 0x00,

    /* U+00D3 "Ó" */
    0x00, 0x00, 0x00, 0x00, 0x63, 0x00, 0x00, 0x00,
    0x00, 0x00, 0x06, 0xfb, 0x00, 0x00, 0x00, 0x00,
    0x00, 0x1e, 0xa2, 0x00, 0x00, 0x00, 0x00, 0x00,
    0x32, 0x00, 0x00, 0x00, 0x00, 0x00, 0x00, 0x00,
    0x00, 0x00, 0x00, 0x00, 0x02, 0x9a, 0xae, 0xd8,
    0x10, 0x00, 0x00, 0x5f, 0x60, 0x01, 0xcf, 0xe3,
    0x00, 0x03, 0xfc, 0x00, 0x00, 0x1f, 0xfe, 0x10,
    0x0c, 0xf7, 0x00, 0x00, 0x08, 0xff, 0x90, 0x1f,
    0xf5, 0x00, 0x00, 0x01, 0xff, 0xe0, 0x5f, 0xf6,
    0x00, 0x00, 0x00, 0xdf, 0xf2, 0x5f, 0xf7, 0x00,
    0x00, 0x00, 0xaf, 0xf3, 0x4f, 0xfa, 0x00, 0x00,
    0x00, 0x8f, 0xf2, 0x1f, 0xfe, 0x00, 0x00, 0x00,
    0x8f, 0xf0, 0x0c, 0xff, 0x50, 0x00, 0x00, 0x9f,
    0x90, 0x03, 0xff, 0xd0, 0x00, 0x00, 0xee, 0x10,
    0x00, 0x5f, 0xfb, 0x00, 0x08, 0xe3, 0x00, 0x00,
    0x02, 0x9d, 0xea, 0xa8, 0x10, 0x00,

    /* U+00D4 "Ô" */
    0x00, 0x00, 0x00, 0x42, 0x00, 0x00, 0x00, 0x00,
    0x00, 0x03, 0xfe, 0x10, 0x00, 0x00, 0x00, 0x00,
    0x1d, 0x89, 0xc0, 0x00, 0x00, 0x00, 0x00, 0x41,
    0x00, 0x23, 0x00, 0x00, 0x00, 0x00, 0x00, 0x00,
    0x00, 0x00, 0x00, 0x00, 0x02, 0x9a, 0xae, 0xd8,
    0x10, 0x00, 0x00, 0x5f, 0x60, 0x01, 0xcf, 0xe3,
    0x00, 0x03, 0xfc, 0x00, 0x00, 0x1f, 0xfe, 0x10,
    0x0c, 0xf7, 0x00, 0x00, 0x08, 0xff, 0x90, 0x1f,
    0xf5, 0x00, 0x00, 0x01, 0xff, 0xe0, 0x5f, 0xf6,
    0x00, 0x00, 0x00, 0xdf, 0xf2, 0x5f, 0xf7, 0x00,
    0x00, 0x00, 0xaf, 0xf3, 0x4f, 0xfa, 0x00, 0x00,
    0x00, 0x8f, 0xf2, 0x1f, 0xfe, 0x00, 0x00, 0x00,
    0x8f, 0xf0, 0x0c, 0xff, 0x50, 0x00, 0x00, 0x9f,
    0x90, 0x03, 0xff, 0xd0, 0x00, 0x00, 0xee, 0x10,
    0x00, 0x5f, 0xfb, 0x00, 0x08, 0xe3, 0x00, 0x00,
    0x02, 0x9d, 0xea, 0xa8, 0x10, 0x00,

    /* U+00D5 "Õ" */
    0x00, 0x00, 0x2e, 0xd5, 0x54, 0x00, 0x00, 0x00,
    0x00, 0x67, 0xbf, 0xf1, 0x00, 0x00, 0x00, 0x00,
    0x10, 0x03, 0x20, 0x00, 0x00, 0x00, 0x00, 0x00,
    0x00, 0x00, 0x00, 0x00, 0x00, 0x02, 0x9a, 0xae,
    0xd8, 0x10, 0x00, 0x00, 0x5f, 0x60, 0x01, 0xcf,
    0xe3, 0x00, 0x03, 0xfc, 0x00, 0x00, 0x1f, 0xfe,
    0x10, 0x0c, 0xf7, 0x00, 0x00, 0x08, 0xff, 0x90,
    0x1f, 0xf5, 0x00, 0x00, 0x01, 0xff, 0xe0, 0x5f,
    0xf6, 0x00, 0x00, 0x00, 0xdf, 0xf2, 0x5f, 0xf7,
    0x00, 0x00, 0x00, 0xaf, 0xf3, 0x4f, 0xfa, 0x00,
    0x00, 0x00, 0x8f, 0xf2, 0x1f, 0xfe, 0x00, 0x00,
    0x00, 0x8f, 0xf0, 0x0c, 0xff, 0x50, 0x00, 0x00,
    0x9f, 0x90, 0x03, 0xff, 0xd0, 0x00, 0x00, 0xee,
    0x10, 0x00, 0x5f, 0xfb, 0x00, 0x08, 0xe3, 0x00,
    0x00, 0x02, 0x9d, 0xea, 0xa8, 0x10, 0x00,

    /* U+00D6 "Ö" */
    0x00, 0x00, 0xae, 0x35, 0xf8, 0x00, 0x00, 0x00,
    0x00, 0xef, 0x58, 0xfb, 0x00, 0x00, 0x00, 0x00,
    0x35, 0x00, 0x62, 0x00, 0x00, 0x00, 0x00, 0x00,
    0x00, 0x00, 0x00, 0x00, 0x00, 0x02, 0x9a, 0xae,
    0xd8, 0x10, 0x00, 0x00, 0x5f, 0x60, 0x01, 0xcf,
    0xe3, 0x00, 0x03, 0xfc, 0x00, 0x00, 0x1f, 0xfe,
    0x10, 0x0c, 0xf7, 0x00, 0x00, 0x08, 0xff, 0x90,
    0x1f, 0xf5, 0x00, 0x00, 0x01, 0xff, 0xe0, 0x5f,
    0xf6, 0x00, 0x00, 0x00, 0xdf, 0xf2, 0x5f, 0xf7,
    0x00, 0x00, 0x00, 0xaf, 0xf3, 0x4f, 0xfa, 0x00,
    0x00, 0x00, 0x8f, 0xf2, 0x1f, 0xfe, 0x00, 0x00,
    0x00, 0x8f, 0xf0, 0x0c, 0xff, 0x50, 0x00, 0x00,
    0x9f, 0x90, 0x03, 0xff, 0xd0, 0x00, 0x00, 0xee,
    0x10, 0x00, 0x5f, 0xfb, 0x00, 0x08, 0xe3, 0x00,
    0x00, 0x02, 0x9d, 0xea, 0xa8, 0x10, 0x00,

    /* U+00D7 "×" */
    0x10, 0x00, 0x01, 0x09, 0x30, 0x00, 0xb1, 0x0a,
    0x10, 0xa3, 0x00, 0x1b, 0x85, 0x00, 0x00, 0x7d,
    0x00, 0x00, 0x2a, 0x57, 0x00, 0x1b, 0x10, 0x85,
    0x09, 0x20, 0x00, 0xa1, 0x00, 0x00, 0x00, 0x00,

    /* U+00D8 "Ø" */
    0x00, 0x00, 0x00, 0x00, 0x00, 0x01, 0x40, 0x00,
    0x02, 0x9a, 0xae, 0xd8, 0x18, 0x00, 0x00, 0x5f,
    0x60, 0x01, 0xcf, 0xf4, 0x00, 0x03, 0xfc, 0x00,
    0x00, 0x1f, 0xfe, 0x10, 0x0c, 0xf7, 0x00, 0x00,
    0x3c, 0xff, 0x90, 0x1f, 0xf5, 0x00, 0x01, 0x71,
    0xff, 0xe0, 0x5f, 0xf6, 0x00, 0x08, 0x00, 0xdf,
    0xf2, 0x5f, 0xf7, 0x00, 0x71, 0x00, 0xaf, 0xf3,
    0x4f, 0xfa, 0x06, 0x30, 0x00, 0x8f, 0xf2, 0x1f,
    0xfe, 0x35, 0x00, 0x00, 0x8f, 0xf0, 0x0c, 0xff,
    0xa0, 0x00, 0x00, 0x9f, 0x90, 0x03, 0xff, 0xd0,
    0x00, 0x00, 0xee, 0x10, 0x00, 0x9f, 0xfb, 0x00,
    0x08, 0xe3, 0x00, 0x05, 0x32, 0x9d, 0xea, 0xa8,
    0x10, 0x00, 0x02, 0x00, 0x00, 0x00, 0x00, 0x00,
    0x00,

    /* U+00D9 "Ù" */
    0x00, 0x00, 0x07, 0x20, 0x00, 0x00, 0x00, 0x00,
    0x02, 0xfe, 0x10, 0x00, 0x00, 0x00, 0x00, 0x05,
    0xd9, 0x00, 0x00, 0x00, 0x00, 0x00, 0x00, 0x50,
    0x00, 0x00, 0x00, 0x00, 0x00, 0x00, 0x00, 0x00,
    0x01, 0x9f, 0xff, 0x90, 0x04, 0xcf, 0xb2, 0x00,
    0xef, 0xc0, 0x00, 0x00, 0xb0, 0x00, 0x0f, 0xfb,
    0x00, 0x00, 0x0a, 0x00, 0x00, 0xff, 0xa0, 0x00,
    0x00, 0xa0, 0x00, 0x1f, 0xf9, 0x00, 0x00, 0x0a,
    0x00, 0x02, 0xff, 0x80, 0x00, 0x00, 0xa0, 0x00,
    0x3f, 0xf7, 0x00, 0x00, 0x09, 0x10, 0x04, 0xff,
    0x60, 0x00, 0x00, 0x82, 0x00, 0x4f, 0xf6, 0x00,
    0x00, 0x07, 0x20, 0x04, 0xff, 0x60, 0x00, 0x00,
    0x72, 0x00, 0x1f, 0xf9, 0x00, 0x00, 0x0b, 0x00,
    0x00, 0x8f, 0xf3, 0x00, 0x07, 0x70, 0x00, 0x00,
    0x5b, 0xec, 0xba, 0x50, 0x00,

    /* U+00DA "Ú" */
    0x00, 0x00, 0x00, 0x00, 0x45, 0x00, 0x00, 0x00,
    0x00, 0x00, 0x3f, 0xe0, 0x00, 0x00, 0x00, 0x00,
    0x0d, 0xc3, 0x00, 0x00, 0x00, 0x00, 0x02, 0x40,
    0x00, 0x00, 0x00, 0x00, 0x00, 0x00, 0x00, 0x00,
    0x01, 0x9f, 0xff, 0x90, 0x04, 0xcf, 0xb2, 0x00,
    0xef, 0xc0, 0x00, 0x00, 0xb0, 0x00, 0x0f, 0xfb,
    0x00, 0x00, 0x0a, 0x00, 0x00, 0xff, 0xa0, 0x00,
    0x00, 0xa0, 0x00, 0x1f, 0xf9, 0x00, 0x00, 0x0a,
    0x00, 0x02, 0xff, 0x80, 0x00, 0x00, 0xa0, 0x00,
    0x3f, 0xf7, 0x00, 0x00, 0x09, 0x10, 0x04, 0xff,
    0x60, 0x00, 0x00, 0x82, 0x00, 0x4f, 0xf6, 0x00,
    0x00, 0x07, 0x20, 0x04, 0xff, 0x60, 0x00, 0x00,
    0x72, 0x00, 0x1f, 0xf9, 0x00, 0x00, 0x0b, 0x00,
    0x00, 0x8f, 0xf3, 0x00, 0x07, 0x70, 0x00, 0x00,
    0x5b, 0xec, 0xba, 0x50, 0x00,

    /* U+00DB "Û" */
    0x00, 0x00, 0x00, 0x24, 0x00, 0x00, 0x00, 0x00,
    0x00, 0x1e, 0xf3, 0x00, 0x00, 0x00, 0x00, 0x0c,
    0xa8, 0xd2, 0x00, 0x00, 0x00, 0x03, 0x30, 0x01,
    0x40, 0x00, 0x00, 0x00, 0x00, 0x00, 0x00, 0x00,
    0x01, 0x9f, 0xff, 0x90, 0x04, 0xcf, 0xb2, 0x00,
    0xef, 0xc0, 0x00, 0x00, 0xb0, 0x00, 0x0f, 0xfb,
    0x00, 0x00, 0x0a, 0x00, 0x00, 0xff, 0xa0, 0x00,
    0x00, 0xa0, 0x00, 0x1f, 0xf9, 0x00, 0x00, 0x0a,
    0x00, 0x02, 0xff, 0x80, 0x00, 0x00, 0xa0, 0x00,
    0x3f, 0xf7, 0x00, 0x00, 0x09, 0x10, 0x04, 0xff,
    0x60, 0x00, 0x00, 0x82, 0x00, 0x4f, 0xf6, 0x00,
    0x00, 0x07, 0x20, 0x04, 0xff, 0x60, 0x00, 0x00,
    0x72, 0x00, 0x1f, 0xf9, 0x00, 0x00, 0x0b, 0x00,
    0x00, 0x8f, 0xf3, 0x00, 0x07, 0x70, 0x00, 0x00,
    0x5b, 0xec, 0xba, 0x50, 0x00,

    /* U+00DC "Ü" */
    0x00, 0x00, 0x7f, 0x52, 0xeb, 0x00, 0x00, 0x00,
    0x0b, 0xf8, 0x5f, 0xe0, 0x00, 0x00, 0x00, 0x16,
    0x10, 0x53, 0x00, 0x00, 0x00, 0x00, 0x00, 0x00,
    0x00, 0x00, 0x19, 0xff, 0xf9, 0x00, 0x4c, 0xfb,
    0x20, 0x0e, 0xfc, 0x00, 0x00, 0x0b, 0x00, 0x00,
    0xff, 0xb0, 0x00, 0x00, 0xa0, 0x00, 0x0f, 0xfa,
    0x00, 0x00, 0x0a, 0x00, 0x01, 0xff, 0x90, 0x00,
    0x00, 0xa0, 0x00, 0x2f, 0xf8, 0x00, 0x00, 0x0a,
    0x00, 0x03, 0xff, 0x70, 0x00, 0x00, 0x91, 0x00,
    0x4f, 0xf6, 0x00, 0x00, 0x08, 0x20, 0x04, 0xff,
    0x60, 0x00, 0x00, 0x72, 0x00, 0x4f, 0xf6, 0x00,
    0x00, 0x07, 0x20, 0x01, 0xff, 0x90, 0x00, 0x00,
    0xb0, 0x00, 0x08, 0xff, 0x30, 0x00, 0x77, 0x00,
    0x00, 0x05, 0xbe, 0xcb, 0xa5, 0x00, 0x00,

    /* U+00DD "Ý" */
    0x00, 0x00, 0x00, 0x00, 0x00, 0x00, 0x00, 0x00,
    0x00, 0x03, 0xf6, 0x00, 0x00, 0x00, 0x00, 0x0d,
    0xf4, 0x00, 0x00, 0x00, 0x00, 0x89, 0x10, 0x00,
    0x00, 0x00, 0x00, 0x00, 0x00, 0x00, 0x6f, 0xff,
    0xa1, 0x00, 0x6e, 0xf5, 0x08, 0xff, 0x50, 0x00,
    0x08, 0x50, 0x01, 0xff, 0xc0, 0x00, 0x0b, 0x00,
    0x00, 0x9f, 0xf3, 0x00, 0x46, 0x00, 0x00, 0x2f,
    0xfa, 0x00, 0xa0, 0x00, 0x00, 0x0a, 0xff, 0x13,
    0x80, 0x00, 0x00, 0x03, 0xff, 0x89, 0x10, 0x00,
    0x00, 0x00, 0xbf, 0xf9, 0x00, 0x00, 0x00, 0x00,
    0x5f, 0xf5, 0x00, 0x00, 0x00, 0x00, 0x5f, 0xf5,
    0x00, 0x00, 0x00, 0x00, 0x5f, 0xf5, 0x00, 0x00,
    0x00, 0x00, 0x5f, 0xf5, 0x00, 0x00, 0x00, 0x04,
    0xdf, 0xfd, 0x50, 0x00,

    /* U+00DE "Þ" */
    0x19, 0xff, 0xf8, 0x00, 0x00, 0x00, 0x00, 0xff,
    0xb0, 0x00, 0x00, 0x00, 0x00, 0xff, 0xd8, 0xaa,
    0x71, 0x00, 0x00, 0xff, 0xb0, 0x07, 0xff, 0x40,
    0x00, 0xff, 0xb0, 0x00, 0xbf, 0xe0, 0x00, 0xff,
    0xb0, 0x00, 0x7f, 0xf5, 0x00, 0xff, 0xb0, 0x00,
    0x6f, 0xf6, 0x00, 0xff, 0xb0, 0x00, 0x8f, 0xf3,
    0x00, 0xff, 0xb0, 0x00, 0xef, 0xa0, 0x00, 0xff,
    0xd8, 0x8d, 0xe7, 0x00, 0x00, 0xff, 0xb0, 0x11,
    0x00, 0x00, 0x00, 0xff, 0xb0, 0x00, 0x00, 0x00,
    0x1a, 0xff, 0xf8, 0x00, 0x00, 0x00,

    /* U+00DF "ß" */
    0x00, 0x04, 0xca, 0x9d, 0xa2, 0x00, 0x00, 0x6f,
    0xa0, 0x03, 0xff, 0x10, 0x00, 0xff, 0x40, 0x00,
    0xff, 0x50, 0x02, 0xff, 0x10, 0x01, 0xff, 0x30,
    0x4c, 0xff, 0x10, 0x08, 0xf8, 0x00, 0x03, 0xff,
    0x15, 0xce, 0x60, 0x00, 0x03, 0xff, 0x10, 0x18,
    0xfc, 0x10, 0x03, 0xff, 0x10, 0x00, 0xaf, 0xb0,
    0x03, 0xff, 0x10, 0x00, 0x3f, 0xf2, 0x03, 0xff,
    0x10, 0x00, 0x1f, 0xf4, 0x03, 0xff, 0x1b, 0x00,
    0x2f, 0xf2, 0x03, 0xff, 0x1f, 0x40, 0x9f, 0xc0,
    0x2d, 0xff, 0x1c, 0x6d, 0xfb, 0x10,

    /* U+00E0 "à" */
    0x00, 0x00, 0x00, 0x00, 0x00, 0x07, 0xe2, 0x00,
    0x00, 0x00, 0x5f, 0xa0, 0x00, 0x00, 0x00, 0x4e,
    0x10, 0x00, 0x00, 0x00, 0x12, 0x00, 0x00, 0x19,
    0xa7, 0xda, 0x10, 0x0b, 0xf4, 0x08, 0xfa, 0x00,
    0xef, 0x20, 0x7f, 0xd0, 0x01, 0x10, 0x07, 0xfd,
    0x00, 0x06, 0x97, 0xbf, 0xd0, 0x1d, 0xf3, 0x07,
    0xfd, 0x05, 0xff, 0x00, 0x7f, 0xd0, 0x4f, 0xf6,
    0x1a, 0xfe, 0x30, 0x8e, 0xfb, 0x4d, 0xf8,

    /* U+00E1 "á" */
    0x00, 0x00, 0x00, 0x00, 0x00, 0x00, 0x00, 0x6f,
    0x20, 0x00, 0x00, 0x0e, 0xe1, 0x00, 0x00, 0x06,
    0xc2, 0x00, 0x00, 0x00, 0x40, 0x00, 0x00, 0x19,
    0xa7, 0xda, 0x10, 0x0b, 0xf4, 0x08, 0xfa, 0x00,
    0xef, 0x20, 0x7f, 0xd0, 0x01, 0x10, 0x07, 0xfd,
    0x00, 0x06, 0x97, 0xbf, 0xd0, 0x1d, 0xf3, 0x07,
    0xfd, 0x05, 0xff, 0x00, 0x7f, 0xd0, 0x4f, 0xf6,
    0x1a, 0xfe, 0x30, 0x8e, 0xfb, 0x4d, 0xf8,

    /* U+00E2 "â" */
    0x00, 0x02, 0xe5, 0x00, 0x00, 0x00, 0xda, 0xe2,
    0x00, 0x00, 0x94, 0x02, 0xa0, 0x00, 0x00, 0x00,
    0x00, 0x00, 0x01, 0x9a, 0x7d, 0xa1, 0x00, 0xcf,
    0x40, 0x8f, 0xa0, 0x0d, 0xe1, 0x07, 0xfd, 0x00,
    0x00, 0x00, 0x7f, 0xd0, 0x00, 0x69, 0x7b, 0xfd,
    0x01, 0xdf, 0x30, 0x7f, 0xd0, 0x5f, 0xf0, 0x07,
    0xfd, 0x04, 0xff, 0x61, 0xaf, 0xe3, 0x08, 0xef,
    0xb4, 0xdf, 0x80,

    /* U+00E3 "ã" */
    0x00, 0x17, 0x30, 0x30, 0x00, 0x08, 0xff, 0x59,
    0x00, 0x00, 0x94, 0xcf, 0xb0, 0x00, 0x01, 0x00,
    0x41, 0x00, 0x01, 0x9a, 0x7d, 0xa1, 0x00, 0xbf,
    0x40, 0x8f, 0xa0, 0x0e, 0xf2, 0x07, 0xfd, 0x00,
    0x11, 0x00, 0x7f, 0xd0, 0x00, 0x69, 0x7b, 0xfd,
    0x01, 0xdf, 0x30, 0x7f, 0xd0, 0x5f, 0xf0, 0x07,
    0xfd, 0x04, 0xff, 0x61, 0xaf, 0xe3, 0x08, 0xef,
    0xb4, 0xdf, 0x80,

    /* U+00E4 "ä" */
    0x00, 0x55, 0x03, 0x60, 0x00, 0x2f, 0xf1, 0xdf,
    0x60, 0x00, 0xdd, 0x09, 0xf3, 0x00, 0x00, 0x00,
    0x00, 0x00, 0x01, 0x9a, 0x7d, 0xa1, 0x00, 0xbf,
    0x40, 0x8f, 0xa0, 0x0e, 0xf2, 0x07, 0xfd, 0x00,
    0x11, 0x00, 0x7f, 0xd0, 0x00, 0x69, 0x7b, 0xfd,
    0x01, 0xdf, 0x30, 0x7f, 0xd0, 0x5f, 0xf0, 0x07,
    0xfd, 0x04, 0xff, 0x61, 0xaf, 0xe3, 0x08, 0xef,
    0xb4, 0xdf, 0x80,

    /* U+00E5 "å" */
    0x00, 0x0a, 0x9b, 0x10, 0x00, 0x03, 0xe0, 0x97,
    0x00, 0x00, 0x1e, 0x2c, 0x50, 0x00, 0x00, 0x26,
    0x40, 0x00, 0x01, 0x9a, 0x7d, 0xa1, 0x00, 0xbf,
    0x40, 0x8f, 0xa0, 0x0e, 0xf2, 0x07, 0xfd, 0x00,
    0x11, 0x00, 0x7f, 0xd0, 0x00, 0x69, 0x7b, 0xfd,
    0x01, 0xdf, 0x30, 0x7f, 0xd0, 0x5f, 0xf0, 0x07,
    0xfd, 0x04, 0xff, 0x61, 0xaf, 0xe3, 0x08, 0xef,
    0xb4, 0xdf, 0x80,

    /* U+00E6 "æ" */
    0x01, 0x9b, 0x8d, 0x74, 0xa8, 0xd9, 0x10, 0x0c,
    0xf4, 0x08, 0xff, 0x20, 0x4f, 0xc0, 0x0a, 0xb1,
    0x07, 0xfd, 0x00, 0x1f, 0xf3, 0x00, 0x00, 0x07,
    0xfd, 0x77, 0x7b, 0xb2, 0x00, 0x6a, 0x9b, 0xfc,
    0x00, 0x00, 0x00, 0x0d, 0xf5, 0x07, 0xff, 0x00,
    0x00, 0x01, 0x5f, 0xf0, 0x02, 0xff, 0x70, 0x00,
    0x62, 0x4f, 0xf3, 0x05, 0xcf, 0xfa, 0x79, 0xb0,
    0x07, 0xef, 0xb4, 0x07, 0xdf, 0xe8, 0x00,

    /* U+00E7 "ç" */
    0x00, 0x5b, 0x9d, 0xb2, 0x00, 0x6f, 0x20, 0x4f,
    0xd0, 0x1f, 0xc0, 0x02, 0xff, 0x15, 0xfa, 0x00,
    0x07, 0x60, 0x7f, 0xb0, 0x00, 0x00, 0x06, 0xff,
    0x00, 0x00, 0x00, 0x2f, 0xf9, 0x00, 0x0a, 0x00,
    0xaf, 0xfd, 0xad, 0x90, 0x00, 0x7d, 0xfe, 0x70,
    0x00, 0x00, 0x25, 0x00, 0x00, 0x00, 0x02, 0xac,
    0x00, 0x00, 0x01, 0x03, 0xf3, 0x00, 0x00, 0x18,
    0xba, 0x00, 0x00,

    /* U+00E8 "è" */
    0x00, 0x00, 0x00, 0x00, 0x00, 0x08, 0xe1, 0x00,
    0x00, 0x00, 0x6f, 0x80, 0x00, 0x00, 0x00, 0x5e,
    0x00, 0x00, 0x00, 0x00, 0x21, 0x00, 0x00, 0x06,
    0xa8, 0xda, 0x10, 0x08, 0xf1, 0x04, 0xfd, 0x01,
    0xfb, 0x00, 0x1f, 0xf3, 0x6f, 0xd7, 0x77, 0xbb,
    0x28, 0xfb, 0x00, 0x00, 0x00, 0x7f, 0xe0, 0x00,
    0x01, 0x22, 0xff, 0x90, 0x00, 0x92, 0x09, 0xff,
    0xeb, 0xea, 0x00, 0x07, 0xdf, 0xe8, 0x00,

    /* U+00E9 "é" */
    0x00, 0x00, 0x00, 0x00, 0x00, 0x00, 0x00, 0x7f,
    0x10, 0x00, 0x00, 0x1f, 0xe1, 0x00, 0x00, 0x07,
    0xc1, 0x00, 0x00, 0x00, 0x40, 0x00, 0x00, 0x06,
    0xa8, 0xda, 0x10, 0x08, 0xf1, 0x04, 0xfd, 0x01,
    0xfb, 0x00, 0x1f, 0xf3, 0x6f, 0xd7, 0x77, 0xbb,
    0x28, 0xfb, 0x00, 0x00, 0x00, 0x7f, 0xe0, 0x00,
    0x01, 0x22, 0xff, 0x90, 0x00, 0x92, 0x09, 0xff,
    0xeb, 0xea, 0x00, 0x07, 0xdf, 0xe8, 0x00,

    /* U+00EA "ê" */
    0x00, 0x02, 0xe4, 0x00, 0x00, 0x01, 0xd9, 0xe2,
    0x00, 0x00, 0x93, 0x01, 0xa0, 0x00, 0x00, 0x00,
    0x00, 0x00, 0x00, 0x6a, 0x8d, 0xa1, 0x00, 0x8f,
    0x10, 0x4f, 0xd0, 0x1f, 0xb0, 0x01, 0xff, 0x36,
    0xfd, 0x77, 0x7b, 0xb2, 0x8f, 0xb0, 0x00, 0x00,
    0x07, 0xfe, 0x00, 0x00, 0x12, 0x2f, 0xf9, 0x00,
    0x09, 0x20, 0x9f, 0xfe, 0xbe, 0xa0, 0x00, 0x7d,
    0xfe, 0x80, 0x00,

    /* U+00EB "ë" */
    0x00, 0x64, 0x03, 0x60, 0x00, 0x3f, 0xf0, 0xef,
    0x50, 0x01, 0xec, 0x0a, 0xe3, 0x00, 0x00, 0x00,
    0x00, 0x00, 0x00, 0x6a, 0x8d, 0xa1, 0x00, 0x8f,
    0x10, 0x4f, 0xd0, 0x1f, 0xb0, 0x01, 0xff, 0x36,
    0xfd, 0x77, 0x7b, 0xb2, 0x8f, 0xb0, 0x00, 0x00,
    0x07, 0xfe, 0x00, 0x00, 0x12, 0x2f, 0xf9, 0x00,
    0x09, 0x20, 0x9f, 0xfe, 0xbe, 0xa0, 0x00, 0x7d,
    0xfe, 0x80, 0x00,

    /* U+00EC "ì" */
    0x00, 0x00, 0x0a, 0xd0, 0x00, 0x7f, 0x70, 0x00,
    0x6d, 0x00, 0x00, 0x20, 0x00, 0x4a, 0xc0, 0x3d,
    0xfc, 0x00, 0x8f, 0xc0, 0x08, 0xfc, 0x00, 0x8f,
    0xc0, 0x08, 0xfc, 0x00, 0x8f, 0xc0, 0x08, 0xfc,
    0x03, 0xdf, 0xf5,

    /* U+00ED "í" */
    0x00, 0x00, 0x00, 0x00, 0x08, 0xe1, 0x00, 0x1f,
    0xd0, 0x00, 0x8b, 0x10, 0x00, 0x40, 0x00, 0x06,
    0xbc, 0x00, 0x2b, 0xfc, 0x00, 0x08, 0xfc, 0x00,
    0x08, 0xfc, 0x00, 0x08, 0xfc, 0x00, 0x08, 0xfc,
    0x00, 0x08, 0xfc, 0x00, 0x08, 0xfc, 0x00, 0x3d,
    0xff, 0x50,

    /* U+00EE "î" */
    0x01, 0xe2, 0x00, 0xbf, 0xc0, 0x5b, 0x1a, 0x64,
    0x00, 0x04, 0x06, 0xbc, 0x02, 0xbf, 0xc0, 0x08,
    0xfc, 0x00, 0x8f, 0xc0, 0x08, 0xfc, 0x00, 0x8f,
    0xc0, 0x08, 0xfc, 0x00, 0x8f, 0xc0, 0x3d, 0xff,
    0x50,

    /* U+00EF "ï" */
    0x9c, 0x0e, 0x7c, 0xf2, 0xfa, 0x34, 0x06, 0x20,
    0x6b, 0xc0, 0x2b, 0xfc, 0x00, 0x8f, 0xc0, 0x08,
    0xfc, 0x00, 0x8f, 0xc0, 0x08, 0xfc, 0x00, 0x8f,
    0xc0, 0x08, 0xfc, 0x03, 0xdf, 0xf5,

    /* U+00F0 "ð" */
    0x00, 0x21, 0x00, 0x00, 0x00, 0x00, 0x3d, 0xa2,
    0x18, 0x00, 0x00, 0x00, 0xcf, 0xb1, 0x00, 0x00,
    0x07, 0x9e, 0xf3, 0x00, 0x00, 0x33, 0x05, 0xfd,
    0x00, 0x00, 0x00, 0x00, 0xef, 0x60, 0x00, 0x7d,
    0xdb, 0xbf, 0xd0, 0x08, 0xf8, 0x01, 0xdf, 0xf2,
    0x2f, 0xf1, 0x00, 0x5f, 0xf5, 0x6f, 0xf0, 0x00,
    0x1f, 0xf6, 0x7f, 0xf0, 0x00, 0x0f, 0xf5, 0x5f,
    0xf2, 0x00, 0x0f, 0xf3, 0x1f, 0xf7, 0x00, 0x1f,
    0xd0, 0x07, 0xfe, 0x20, 0x8f, 0x40, 0x00, 0x5c,
    0xfc, 0xb3, 0x00,

    /* U+00F1 "ñ" */
    0x00, 0x01, 0x40, 0x01, 0x00, 0x00, 0x00, 0xcf,
    0xc3, 0x90, 0x00, 0x00, 0x0a, 0x5e, 0xf8, 0x00,
    0x00, 0x00, 0x10, 0x14, 0x00, 0x00, 0x06, 0xbc,
    0x1a, 0xfd, 0x20, 0x02, 0xbf, 0xe9, 0x6e, 0xfb,
    0x00, 0x09, 0xfd, 0x00, 0x7f, 0xf0, 0x00, 0x9f,
    0xc0, 0x04, 0xff, 0x10, 0x09, 0xfc, 0x00, 0x2f,
    0xf3, 0x00, 0x9f, 0xc0, 0x01, 0xff, 0x50, 0x09,
    0xfc, 0x00, 0x0f, 0xf6, 0x00, 0x9f, 0xc0, 0x00,
    0xdf, 0x80, 0x3d, 0xff, 0x50, 0x5f, 0xfd, 0x30,

    /* U+00F2 "ò" */
    0x00, 0x00, 0x00, 0x00, 0x00, 0x00, 0x3f, 0x60,
    0x00, 0x00, 0x00, 0x1e, 0xe0, 0x00, 0x00, 0x00,
    0x01, 0xc5, 0x00, 0x00, 0x00, 0x00, 0x03, 0x00,
    0x00, 0x00, 0x4b, 0x9d, 0xc4, 0x00, 0x06, 0xf4,
    0x01, 0xef, 0x50, 0x1f, 0xf0, 0x00, 0x8f, 0xf0,
    0x6f, 0xe0, 0x00, 0x3f, 0xf4, 0x7f, 0xf0, 0x00,
    0x1f, 0xf6, 0x6f, 0xf2, 0x00, 0x0f, 0xf4, 0x1f,
    0xf6, 0x00, 0x0f, 0xe0, 0x07, 0xfc, 0x00, 0x4f,
    0x50, 0x00, 0x5c, 0xa6, 0x93, 0x00,

    /* U+00F3 "ó" */
    0x00, 0x00, 0x00, 0x00, 0x00, 0x00, 0x00, 0x02,
    0xe7, 0x00, 0x00, 0x00, 0x0a, 0xf5, 0x00, 0x00,
    0x00, 0x1e, 0x50, 0x00, 0x00, 0x00, 0x22, 0x00,
    0x00, 0x00, 0x4b, 0x9d, 0xc4, 0x00, 0x06, 0xf4,
    0x01, 0xef, 0x50, 0x1f, 0xf0, 0x00, 0x8f, 0xf0,
    0x6f, 0xe0, 0x00, 0x3f, 0xf4, 0x7f, 0xf0, 0x00,
    0x1f, 0xf6, 0x6f, 0xf2, 0x00, 0x0f, 0xf4, 0x1f,
    0xf6, 0x00, 0x0f, 0xe0, 0x07, 0xfc, 0x00, 0x4f,
    0x50, 0x00, 0x5c, 0xa6, 0x93, 0x00,

    /* U+00F4 "ô" */
    0x00, 0x00, 0xba, 0x00, 0x00, 0x00, 0x09, 0xbc,
    0x80, 0x00, 0x00, 0x57, 0x00, 0x74, 0x00, 0x00,
    0x00, 0x00, 0x00, 0x00, 0x00, 0x4b, 0x9d, 0xc4,
    0x00, 0x06, 0xf4, 0x01, 0xef, 0x50, 0x1f, 0xf0,
    0x00, 0x8f, 0xf0, 0x6f, 0xe0, 0x00, 0x3f, 0xf4,
    0x7f, 0xf0, 0x00, 0x1f, 0xf6, 0x6f, 0xf2, 0x00,
    0x0f, 0xf4, 0x1f, 0xf6, 0x00, 0x0f, 0xe0, 0x07,
    0xfc, 0x00, 0x4f, 0x50, 0x00, 0x5c, 0xa6, 0x93,
    0x00,

    /* U+00F5 "õ" */
    0x00, 0x00, 0x00, 0x00, 0x00, 0x00, 0x2f, 0xf6,
    0x55, 0x00, 0x00, 0x67, 0xaf, 0xf2, 0x00, 0x00,
    0x10, 0x03, 0x20, 0x00, 0x00, 0x4b, 0x9d, 0xc4,
    0x00, 0x06, 0xf4, 0x01, 0xef, 0x50, 0x1f, 0xf0,
    0x00, 0x8f, 0xf0, 0x6f, 0xe0, 0x00, 0x3f, 0xf4,
    0x7f, 0xf0, 0x00, 0x1f, 0xf6, 0x6f, 0xf2, 0x00,
    0x0f, 0xf4, 0x1f, 0xf6, 0x00, 0x0f, 0xe0, 0x07,
    0xfc, 0x00, 0x4f, 0x50, 0x00, 0x5c, 0xa6, 0x93,
    0x00,

    /* U+00F6 "ö" */
    0x00, 0x36, 0x00, 0x72, 0x00, 0x00, 0xdf, 0x68,
    0xfb, 0x00, 0x00, 0x9f, 0x34, 0xf8, 0x00, 0x00,
    0x00, 0x00, 0x00, 0x00, 0x00, 0x4b, 0x9d, 0xc4,
    0x00, 0x06, 0xf4, 0x01, 0xef, 0x50, 0x1f, 0xf0,
    0x00, 0x8f, 0xf0, 0x6f, 0xe0, 0x00, 0x3f, 0xf4,
    0x7f, 0xf0, 0x00, 0x1f, 0xf6, 0x6f, 0xf2, 0x00,
    0x0f, 0xf4, 0x1f, 0xf6, 0x00, 0x0f, 0xe0, 0x07,
    0xfc, 0x00, 0x4f, 0x50, 0x00, 0x5c, 0xa6, 0x93,
    0x00,

    /* U+00F7 "÷" */
    0x00, 0x0e, 0x80, 0x00, 0x00, 0x0a, 0x50, 0x00,
    0x00, 0x00, 0x00, 0x00, 0x00, 0x00, 0x00, 0x00,
    0x9a, 0xaa, 0xaa, 0xa2, 0x00, 0x00, 0x00, 0x00,
    0x00, 0x00, 0x00, 0x00, 0x00, 0x0d, 0x70, 0x00,
    0x00, 0x0b, 0x60, 0x00,

    /* U+00F8 "ø" */
    0x00, 0x00, 0x00, 0x00, 0x10, 0x00, 0x4b, 0x9d,
    0xc6, 0x50, 0x06, 0xf4, 0x01, 0xef, 0x50, 0x1f,
    0xf0, 0x00, 0xbf, 0xf0, 0x6f, 0xe0, 0x06, 0x5f,
    0xf4, 0x7f, 0xf0, 0x43, 0x1f, 0xf6, 0x6f, 0xf4,
    0x50, 0x0f, 0xf4, 0x1f, 0xfa, 0x00, 0x0f, 0xe0,
    0x07, 0xfc, 0x00, 0x4f, 0x50, 0x06, 0x7c, 0xa6,
    0x93, 0x00, 0x02, 0x00, 0x00, 0x00, 0x00,

    /* U+00F9 "ù" */
    0x00, 0x00, 0x00, 0x00, 0x00, 0x00, 0x1e, 0x80,
    0x00, 0x00, 0x00, 0x0d, 0xf2, 0x00, 0x00, 0x00,
    0x00, 0x98, 0x00, 0x00, 0x00, 0x00, 0x02, 0x00,
    0x00, 0x16, 0xca, 0x00, 0x4a, 0xe0, 0x3d, 0xfa,
    0x01, 0x9f, 0xf1, 0x0b, 0xfa, 0x00, 0x4f, 0xf1,
    0x0b, 0xfa, 0x00, 0x4f, 0xf1, 0x0b, 0xfa, 0x00,
    0x4f, 0xf1, 0x0b, 0xfa, 0x00, 0x4f, 0xf1, 0x0b,
    0xfb, 0x00, 0x4f, 0xf1, 0x08, 0xff, 0x43, 0xaf,
    0xf1, 0x00, 0xbf, 0xd6, 0x2f, 0xf9,

    /* U+00FA "ú" */
    0x00, 0x00, 0x00, 0x00, 0x00, 0x00, 0x00, 0x01,
    0xda, 0x00, 0x00, 0x00, 0x07, 0xf8, 0x00, 0x00,
    0x00, 0x0d, 0x60, 0x00, 0x00, 0x00, 0x13, 0x00,
    0x00, 0x16, 0xca, 0x00, 0x4a, 0xe0, 0x3d, 0xfa,
    0x01, 0x9f, 0xf1, 0x0b, 0xfa, 0x00, 0x4f, 0xf1,
    0x0b, 0xfa, 0x00, 0x4f, 0xf1, 0x0b, 0xfa, 0x00,
    0x4f, 0xf1, 0x0b, 0xfa, 0x00, 0x4f, 0xf1, 0x0b,
    0xfb, 0x00, 0x4f, 0xf1, 0x08, 0xff, 0x43, 0xaf,
    0xf1, 0x00, 0xbf, 0xd6, 0x2f, 0xf9,

    /* U+00FB "û" */
    0x00, 0x00, 0x7c, 0x00, 0x00, 0x00, 0x04, 0xff,
    0x80, 0x00, 0x00, 0x1d, 0x52, 0xc4, 0x00, 0x00,
    0x21, 0x00, 0x03, 0x00, 0x16, 0xca, 0x00, 0x4a,
    0xe0, 0x3d, 0xfa, 0x01, 0x9f, 0xf1, 0x0b, 0xfa,
    0x00, 0x4f, 0xf1, 0x0b, 0xfa, 0x00, 0x4f, 0xf1,
    0x0b, 0xfa, 0x00, 0x4f, 0xf1, 0x0b, 0xfa, 0x00,
    0x4f, 0xf1, 0x0b, 0xfb, 0x00, 0x4f, 0xf1, 0x08,
    0xff, 0x43, 0xaf, 0xf1, 0x00, 0xbf, 0xd6, 0x2f,
    0xf9,

    /* U+00FC "ü" */
    0x00, 0x6f, 0x62, 0xea, 0x00, 0x00, 0xaf, 0x95,
    0xfe, 0x00, 0x00, 0x17, 0x10, 0x63, 0x00, 0x16,
    0xca, 0x00, 0x4a, 0xe0, 0x3d, 0xfa, 0x01, 0x9f,
    0xf1, 0x0b, 0xfa, 0x00, 0x4f, 0xf1, 0x0b, 0xfa,
    0x00, 0x4f, 0xf1, 0x0b, 0xfa, 0x00, 0x4f, 0xf1,
    0x0b, 0xfa, 0x00, 0x4f, 0xf1, 0x0b, 0xfb, 0x00,
    0x4f, 0xf1, 0x08, 0xff, 0x43, 0xaf, 0xf1, 0x00,
    0xbf, 0xd6, 0x2f, 0xf9,

    /* U+00FD "ý" */
    0x00, 0x00, 0x00, 0x00, 0x00, 0x00, 0x00, 0x00,
    0x00, 0xcc, 0x00, 0x00, 0x00, 0x00, 0x5f, 0xa0,
    0x00, 0x00, 0x00, 0x0b, 0x80, 0x00, 0x00, 0x00,
    0x00, 0x40, 0x00, 0x00, 0xaf, 0xfd, 0x40, 0x4d,
    0xd3, 0x00, 0xcf, 0xa0, 0x00, 0x72, 0x00, 0x06,
    0xff, 0x10, 0x09, 0x00, 0x00, 0x0e, 0xf7, 0x03,
    0x50, 0x00, 0x00, 0x8f, 0xd0, 0x80, 0x00, 0x00,
    0x01, 0xff, 0x48, 0x00, 0x00, 0x00, 0x0a, 0xfe,
    0x30, 0x00, 0x00, 0x00, 0x4f, 0xd0, 0x00, 0x00,
    0x00, 0x00, 0xd7, 0x00, 0x00, 0x00, 0x00, 0x09,
    0x10, 0x00, 0x00, 0x6c, 0x00, 0x90, 0x00, 0x00,
    0x0a, 0xf6, 0x63, 0x00, 0x00, 0x00, 0x2d, 0xf8,
    0x00, 0x00, 0x00,

    /* U+00FE "þ" */
    0x28, 0xd7, 0x00, 0x00, 0x00, 0x2e, 0xf8, 0x00,
    0x00, 0x00, 0x0d, 0xf8, 0x00, 0x00, 0x00, 0x0d,
    0xf8, 0x00, 0x00, 0x00, 0x0d, 0xf8, 0x00, 0x00,
    0x00, 0x0d, 0xf8, 0x8d, 0xfb, 0x10, 0x0d, 0xfc,
    0x10, 0x8f, 0xd0, 0x0d, 0xf8, 0x00, 0x0f, 0xf6,
    0x0d, 0xf8, 0x00, 0x0d, 0xf9, 0x0d, 0xf8, 0x00,
    0x0c, 0xfa, 0x0d, 0xf8, 0x00, 0x0d, 0xf8, 0x0d,
    0xf8, 0x00, 0x0f, 0xf3, 0x0d, 0xfa, 0x00, 0x7f,
    0xa0, 0x0d, 0xfb, 0xac, 0xe8, 0x00, 0x0d, 0xf8,
    0x00, 0x00, 0x00, 0x0d, 0xf8, 0x00, 0x00, 0x00,
    0x0d, 0xf8, 0x00, 0x00, 0x00, 0x5f, 0xfd, 0x30,
    0x00, 0x00,

    /* U+00FF "ÿ" */
    0x00, 0x04, 0xf8, 0x1d, 0xd0, 0x00, 0x00, 0x7f,
    0xb2, 0xff, 0x10, 0x00, 0x00, 0x72, 0x05, 0x50,
    0x00, 0x00, 0x00, 0x00, 0x00, 0x00, 0x0a, 0xff,
    0xd4, 0x04, 0xdd, 0x30, 0x0c, 0xfa, 0x00, 0x07,
    0x20, 0x00, 0x6f, 0xf1, 0x00, 0x90, 0x00, 0x00,
    0xef, 0x70, 0x35, 0x00, 0x00, 0x08, 0xfd, 0x08,
    0x00, 0x00, 0x00, 0x1f, 0xf4, 0x80, 0x00, 0x00,
    0x00, 0xaf, 0xe3, 0x00, 0x00, 0x00, 0x04, 0xfd,
    0x00, 0x00, 0x00, 0x00, 0x0d, 0x70, 0x00, 0x00,
    0x00, 0x00, 0x91, 0x00, 0x00, 0x06, 0xc0, 0x09,
    0x00, 0x00, 0x00, 0xaf, 0x66, 0x30, 0x00, 0x00,
    0x02, 0xdf, 0x80, 0x00, 0x00, 0x00,

    /* U+011E "Ğ" */
    0x00, 0x00, 0x20, 0x00, 0x30, 0x00, 0x00, 0x00,
    0x04, 0x90, 0x2c, 0x00, 0x00, 0x00, 0x00, 0x0d,
    0xff, 0x90, 0x00, 0x00, 0x00, 0x00, 0x17, 0x50,
    0x00, 0x00, 0x00, 0x00, 0x00, 0x00, 0x00, 0x00,
    0x00, 0x00, 0x18, 0xdb, 0xaa, 0x5c, 0x20, 0x00,
    0x4e, 0xd1, 0x00, 0x08, 0xf5, 0x00, 0x2f, 0xf2,
    0x00, 0x00, 0x09, 0x90, 0x0b, 0xfb, 0x00, 0x00,
    0x00, 0x1b, 0x01, 0xff, 0x70, 0x00, 0x00, 0x00,
    0x40, 0x4f, 0xf5, 0x00, 0x00, 0x00, 0x00, 0x05,
    0xff, 0x50, 0x00, 0x14, 0x44, 0x43, 0x5f, 0xf6,
    0x00, 0x00, 0x5e, 0xfd, 0x32, 0xff, 0x90, 0x00,
    0x00, 0xbf, 0xa0, 0x0d, 0xfe, 0x00, 0x00, 0x0b,
    0xfa, 0x00, 0x4f, 0xf8, 0x00, 0x00, 0xbf, 0xa0,
    0x00, 0x7f, 0xf8, 0x10, 0x3f, 0xfa, 0x00, 0x00,
    0x3a, 0xef, 0xd9, 0x17, 0xa0,

    /* U+011F "ğ" */
    0x00, 0x30, 0x00, 0x30, 0x00, 0x00, 0x08, 0x70,
    0x3c, 0x00, 0x00, 0x00, 0x4f, 0xff, 0xa0, 0x00,
    0x00, 0x00, 0xcf, 0xf3, 0x3e, 0xd0, 0x00, 0x00,
    0x41, 0x0d, 0xff, 0x20, 0x07, 0x73, 0xab, 0x42,
    0x40, 0x0a, 0xf2, 0x02, 0xfe, 0x10, 0x02, 0xff,
    0x00, 0x0d, 0xf8, 0x00, 0x4f, 0xf1, 0x00, 0xbf,
    0xa0, 0x02, 0xff, 0x50, 0x0c, 0xf7, 0x00, 0x09,
    0xfc, 0x01, 0xfd, 0x00, 0x00, 0x06, 0xeb, 0xa7,
    0x00, 0x00, 0x02, 0xfc, 0x20, 0x00, 0x00, 0x00,
    0x4f, 0xff, 0xeb, 0x71, 0x00, 0x05, 0x98, 0xbe,
    0xff, 0xe1, 0x07, 0xf2, 0x00, 0x03, 0xef, 0x40,
    0x8f, 0x60, 0x00, 0x0b, 0xe1, 0x00, 0x8d, 0xb9,
    0x9a, 0x91, 0x00,

    /* U+0130 "İ" */
    0x00, 0x9f, 0x60, 0x00, 0xdf, 0xa0, 0x00, 0x37,
    0x10, 0x00, 0x00, 0x00, 0x1a, 0xff, 0xf9, 0x00,
    0xff, 0xb0, 0x00, 0xff, 0xb0, 0x00, 0xff, 0xb0,
    0x00, 0xff, 0xb0, 0x00, 0xff, 0xb0, 0x00, 0xff,
    0xb0, 0x00, 0xff, 0xb0, 0x00, 0xff, 0xb0, 0x00,
    0xff, 0xb0, 0x00, 0xff, 0xb0, 0x00, 0xff, 0xb0,
    0x1a, 0xff, 0xf9,

    /* U+0131 "ı" */
    0x06, 0xbc, 0x02, 0xbf, 0xc0, 0x08, 0xfc, 0x00,
    0x8f, 0xc0, 0x08, 0xfc, 0x00, 0x8f, 0xc0, 0x08,
    0xfc, 0x00, 0x8f, 0xc0, 0x3d, 0xff, 0x50,

    /* U+015E "Ş" */
    0x00, 0x5c, 0xb9, 0x95, 0xd0, 0x07, 0xf7, 0x00,
    0x09, 0xf4, 0x1f, 0xf2, 0x00, 0x00, 0xb8, 0x3f,
    0xf4, 0x00, 0x00, 0x1b, 0x1f, 0xfe, 0x30, 0x00,
    0x03, 0x0b, 0xff, 0xfb, 0x50, 0x00, 0x01, 0xcf,
    0xff, 0xfd, 0x30, 0x00, 0x04, 0xbf, 0xff, 0xf3,
    0x02, 0x00, 0x01, 0x9f, 0xfb, 0x0c, 0x00, 0x00,
    0x0a, 0xfd, 0x0a, 0x90, 0x00, 0x06, 0xfa, 0x07,
    0xf7, 0x00, 0x0b, 0xf3, 0x04, 0xa5, 0xaa, 0xcb,
    0x30, 0x00, 0x00, 0x25, 0x00, 0x00, 0x00, 0x00,
    0x2a, 0xc0, 0x00, 0x00, 0x01, 0x03, 0xf2, 0x00,
    0x00, 0x02, 0x8b, 0xa0, 0x00,

    /* U+015F "ş" */
    0x05, 0xc9, 0xaf, 0xd0, 0x3f, 0x60, 0x03, 0xf1,
    0x6f, 0x90, 0x00, 0x74, 0x5f, 0xfd, 0x83, 0x00,
    0x0c, 0xff, 0xff, 0x80, 0x00, 0x6b, 0xff, 0xf2,
    0x08, 0x00, 0x1d, 0xf4, 0x0e, 0x40, 0x08, 0xf1,
    0x0b, 0xf9, 0x7b, 0x30, 0x00, 0x06, 0x10, 0x00,
    0x00, 0x05, 0xd7, 0x00, 0x00, 0x10, 0x9c, 0x00,
    0x00, 0x58, 0xd5, 0x00
};

/*---------------------
 *  GLYPH DESCRIPTION
 *--------------------*/

static const lv_font_fmt_txt_glyph_dsc_t glyph_dsc[] = {
    {.bitmap_index = 0, .adv_w = 0, .box_w = 0, .box_h = 0, .ofs_x = 0, .ofs_y = 0} /* id = 0 reserved */,
    {.bitmap_index = 0, .adv_w = 55, .box_w = 0, .box_h = 0, .ofs_x = 0, .ofs_y = 0},
    {.bitmap_index = 0, .adv_w = 82, .box_w = 4, .box_h = 14, .ofs_x = 1, .ofs_y = 0},
    {.bitmap_index = 28, .adv_w = 98, .box_w = 6, .box_h = 7, .ofs_x = 0, .ofs_y = 8},
    {.bitmap_index = 49, .adv_w = 179, .box_w = 11, .box_h = 15, .ofs_x = 0, .ofs_y = -1},
    {.bitmap_index = 132, .adv_w = 164, .box_w = 10, .box_h = 17, .ofs_x = 0, .ofs_y = -2},
    {.bitmap_index = 217, .adv_w = 202, .box_w = 13, .box_h = 15, .ofs_x = 0, .ofs_y = -1},
    {.bitmap_index = 315, .adv_w = 271, .box_w = 16, .box_h = 14, .ofs_x = 1, .ofs_y = 0},
    {.bitmap_index = 427, .adv_w = 48, .box_w = 3, .box_h = 7, .ofs_x = 0, .ofs_y = 8},
    {.bitmap_index = 438, .adv_w = 98, .box_w = 6, .box_h = 18, .ofs_x = 1, .ofs_y = -3},
    {.bitmap_index = 492, .adv_w = 98, .box_w = 5, .box_h = 18, .ofs_x = 0, .ofs_y = -3},
    {.bitmap_index = 537, .adv_w = 172, .box_w = 11, .box_h = 12, .ofs_x = 0, .ofs_y = 4},
    {.bitmap_index = 603, .adv_w = 148, .box_w = 9, .box_h = 9, .ofs_x = 0, .ofs_y = 2},
    {.bitmap_index = 644, .adv_w = 71, .box_w = 4, .box_h = 7, .ofs_x = 0, .ofs_y = -4},
    {.bitmap_index = 658, .adv_w = 96, .box_w = 6, .box_h = 2, .ofs_x = 0, .ofs_y = 4},
    {.bitmap_index = 664, .adv_w = 69, .box_w = 4, .box_h = 4, .ofs_x = 0, .ofs_y = 0},
    {.bitmap_index = 672, .adv_w = 121, .box_w = 8, .box_h = 18, .ofs_x = 0, .ofs_y = -3},
    {.bitmap_index = 744, .adv_w = 186, .box_w = 12, .box_h = 13, .ofs_x = 0, .ofs_y = 0},
    {.bitmap_index = 822, .adv_w = 122, .box_w = 8, .box_h = 13, .ofs_x = 0, .ofs_y = 0},
    {.bitmap_index = 874, .adv_w = 170, .box_w = 11, .box_h = 13, .ofs_x = 0, .ofs_y = 0},
    {.bitmap_index = 946, .adv_w = 156, .box_w = 10, .box_h = 13, .ofs_x = 0, .ofs_y = 0},
    {.bitmap_index = 1011, .adv_w = 173, .box_w = 11, .box_h = 13, .ofs_x = 0, .ofs_y = 0},
    {.bitmap_index = 1083, .adv_w = 162, .box_w = 10, .box_h = 15, .ofs_x = 0, .ofs_y = 0},
    {.bitmap_index = 1158, .adv_w = 172, .box_w = 11, .box_h = 13, .ofs_x = 0, .ofs_y = 0},
    {.bitmap_index = 1230, .adv_w = 146, .box_w = 10, .box_h = 13, .ofs_x = 0, .ofs_y = 0},
    {.bitmap_index = 1295, .adv_w = 168, .box_w = 10, .box_h = 13, .ofs_x = 0, .ofs_y = 0},
    {.bitmap_index = 1360, .adv_w = 173, .box_w = 11, .box_h = 13, .ofs_x = 0, .ofs_y = 0},
    {.bitmap_index = 1432, .adv_w = 68, .box_w = 4, .box_h = 9, .ofs_x = 0, .ofs_y = 0},
    {.bitmap_index = 1450, .adv_w = 72, .box_w = 4, .box_h = 13, .ofs_x = 0, .ofs_y = -4},
    {.bitmap_index = 1476, .adv_w = 138, .box_w = 8, .box_h = 9, .ofs_x = 0, .ofs_y = 2},
    {.bitmap_index = 1512, .adv_w = 148, .box_w = 8, .box_h = 4, .ofs_x = 1, .ofs_y = 5},
    {.bitmap_index = 1528, .adv_w = 138, .box_w = 8, .box_h = 9, .ofs_x = 0, .ofs_y = 2},
    {.bitmap_index = 1564, .adv_w = 150, .box_w = 9, .box_h = 15, .ofs_x = 0, .ofs_y = -2},
    {.bitmap_index = 1632, .adv_w = 241, .box_w = 15, .box_h = 16, .ofs_x = 0, .ofs_y = -3},
    {.bitmap_index = 1752, .adv_w = 198, .box_w = 13, .box_h = 13, .ofs_x = 0, .ofs_y = 0},
    {.bitmap_index = 1837, .adv_w = 196, .box_w = 12, .box_h = 13, .ofs_x = 0, .ofs_y = 0},
    {.bitmap_index = 1915, .adv_w = 194, .box_w = 12, .box_h = 13, .ofs_x = 0, .ofs_y = 0},
    {.bitmap_index = 1993, .adv_w = 219, .box_w = 14, .box_h = 13, .ofs_x = 0, .ofs_y = 0},
    {.bitmap_index = 2084, .adv_w = 182, .box_w = 11, .box_h = 13, .ofs_x = 0, .ofs_y = 0},
    {.bitmap_index = 2156, .adv_w = 167, .box_w = 11, .box_h = 13, .ofs_x = 0, .ofs_y = 0},
    {.bitmap_index = 2228, .adv_w = 211, .box_w = 13, .box_h = 13, .ofs_x = 0, .ofs_y = 0},
    {.bitmap_index = 2313, .adv_w = 233, .box_w = 14, .box_h = 13, .ofs_x = 0, .ofs_y = 0},
    {.bitmap_index = 2404, .adv_w = 109, .box_w = 6, .box_h = 13, .ofs_x = 0, .ofs_y = 0},
    {.bitmap_index = 2443, .adv_w = 131, .box_w = 8, .box_h = 13, .ofs_x = 0, .ofs_y = 0},
    {.bitmap_index = 2495, .adv_w = 216, .box_w = 14, .box_h = 13, .ofs_x = 0, .ofs_y = 0},
    {.bitmap_index = 2586, .adv_w = 172, .box_w = 11, .box_h = 13, .ofs_x = 0, .ofs_y = 0},
    {.bitmap_index = 2658, .adv_w = 252, .box_w = 16, .box_h = 13, .ofs_x = 0, .ofs_y = 0},
    {.bitmap_index = 2762, .adv_w = 210, .box_w = 13, .box_h = 13, .ofs_x = 0, .ofs_y = 0},
    {.bitmap_index = 2847, .adv_w = 221, .box_w = 14, .box_h = 13, .ofs_x = 0, .ofs_y = 0},
    {.bitmap_index = 2938, .adv_w = 192, .box_w = 12, .box_h = 13, .ofs_x = 0, .ofs_y = 0},
    {.bitmap_index = 3016, .adv_w = 223, .box_w = 14, .box_h = 16, .ofs_x = 0, .ofs_y = -3},
    {.bitmap_index = 3128, .adv_w = 205, .box_w = 13, .box_h = 13, .ofs_x = 0, .ofs_y = 0},
    {.bitmap_index = 3213, .adv_w = 170, .box_w = 10, .box_h = 13, .ofs_x = 0, .ofs_y = 0},
    {.bitmap_index = 3278, .adv_w = 191, .box_w = 12, .box_h = 13, .ofs_x = 0, .ofs_y = 0},
    {.bitmap_index = 3356, .adv_w = 205, .box_w = 13, .box_h = 13, .ofs_x = 0, .ofs_y = 0},
    {.bitmap_index = 3441, .adv_w = 192, .box_w = 13, .box_h = 13, .ofs_x = 0, .ofs_y = 0},
    {.bitmap_index = 3526, .adv_w = 287, .box_w = 18, .box_h = 13, .ofs_x = 0, .ofs_y = 0},
    {.bitmap_index = 3643, .adv_w = 199, .box_w = 13, .box_h = 13, .ofs_x = 0, .ofs_y = 0},
    {.bitmap_index = 3728, .adv_w = 188, .box_w = 12, .box_h = 13, .ofs_x = 0, .ofs_y = 0},
    {.bitmap_index = 3806, .adv_w = 176, .box_w = 11, .box_h = 13, .ofs_x = 0, .ofs_y = 0},
    {.bitmap_index = 3878, .adv_w = 95, .box_w = 5, .box_h = 17, .ofs_x = 1, .ofs_y = -3},
    {.bitmap_index = 3921, .adv_w = 120, .box_w = 8, .box_h = 18, .ofs_x = 0, .ofs_y = -3},
    {.bitmap_index = 3993, .adv_w = 96, .box_w = 5, .box_h = 17, .ofs_x = 0, .ofs_y = -3},
    {.bitmap_index = 4036, .adv_w = 114, .box_w = 7, .box_h = 7, .ofs_x = 0, .ofs_y = 7},
    {.bitmap_index = 4061, .adv_w = 124, .box_w = 8, .box_h = 1, .ofs_x = 0, .ofs_y = -3},
    {.bitmap_index = 4065, .adv_w = 70, .box_w = 4, .box_h = 4, .ofs_x = 0, .ofs_y = 10},
    {.bitmap_index = 4073, .adv_w = 148, .box_w = 9, .box_h = 9, .ofs_x = 0, .ofs_y = 0},
    {.bitmap_index = 4114, .adv_w = 162, .box_w = 10, .box_h = 14, .ofs_x = 0, .ofs_y = 0},
    {.bitmap_index = 4184, .adv_w = 137, .box_w = 9, .box_h = 9, .ofs_x = 0, .ofs_y = 0},
    {.bitmap_index = 4225, .adv_w = 164, .box_w = 10, .box_h = 14, .ofs_x = 0, .ofs_y = 0},
    {.bitmap_index = 4295, .adv_w = 141, .box_w = 9, .box_h = 9, .ofs_x = 0, .ofs_y = 0},
    {.bitmap_index = 4336, .adv_w = 98, .box_w = 7, .box_h = 13, .ofs_x = 0, .ofs_y = 0},
    {.bitmap_index = 4382, .adv_w = 155, .box_w = 10, .box_h = 16, .ofs_x = 0, .ofs_y = -4},
    {.bitmap_index = 4462, .adv_w = 168, .box_w = 11, .box_h = 14, .ofs_x = 0, .ofs_y = 0},
    {.bitmap_index = 4539, .adv_w = 81, .box_w = 5, .box_h = 13, .ofs_x = 0, .ofs_y = 0},
    {.bitmap_index = 4572, .adv_w = 81, .box_w = 6, .box_h = 17, .ofs_x = -1, .ofs_y = -4},
    {.bitmap_index = 4623, .adv_w = 163, .box_w = 11, .box_h = 14, .ofs_x = 0, .ofs_y = 0},
    {.bitmap_index = 4700, .adv_w = 82, .box_w = 5, .box_h = 14, .ofs_x = 0, .ofs_y = 0},
    {.bitmap_index = 4735, .adv_w = 255, .box_w = 16, .box_h = 9, .ofs_x = 0, .ofs_y = 0},
    {.bitmap_index = 4807, .adv_w = 168, .box_w = 11, .box_h = 9, .ofs_x = 0, .ofs_y = 0},
    {.bitmap_index = 4857, .adv_w = 159, .box_w = 10, .box_h = 9, .ofs_x = 0, .ofs_y = 0},
    {.bitmap_index = 4902, .adv_w = 166, .box_w = 10, .box_h = 13, .ofs_x = 0, .ofs_y = -4},
    {.bitmap_index = 4967, .adv_w = 162, .box_w = 10, .box_h = 13, .ofs_x = 0, .ofs_y = -4},
    {.bitmap_index = 5032, .adv_w = 126, .box_w = 8, .box_h = 9, .ofs_x = 0, .ofs_y = 0},
    {.bitmap_index = 5068, .adv_w = 128, .box_w = 8, .box_h = 9, .ofs_x = 0, .ofs_y = 0},
    {.bitmap_index = 5104, .adv_w = 101, .box_w = 6, .box_h = 11, .ofs_x = 0, .ofs_y = 0},
    {.bitmap_index = 5137, .adv_w = 167, .box_w = 10, .box_h = 9, .ofs_x = 0, .ofs_y = 0},
    {.bitmap_index = 5182, .adv_w = 146, .box_w = 11, .box_h = 9, .ofs_x = -1, .ofs_y = 0},
    {.bitmap_index = 5232, .adv_w = 221, .box_w = 15, .box_h = 9, .ofs_x = -1, .ofs_y = 0},
    {.bitmap_index = 5300, .adv_w = 146, .box_w = 10, .box_h = 9, .ofs_x = 0, .ofs_y = 0},
    {.bitmap_index = 5345, .adv_w = 150, .box_w = 11, .box_h = 13, .ofs_x = -1, .ofs_y = -4},
    {.bitmap_index = 5417, .adv_w = 131, .box_w = 8, .box_h = 9, .ofs_x = 0, .ofs_y = 0},
    {.bitmap_index = 5453, .adv_w = 109, .box_w = 7, .box_h = 17, .ofs_x = 0, .ofs_y = -3},
    {.bitmap_index = 5513, .adv_w = 74, .box_w = 2, .box_h = 17, .ofs_x = 1, .ofs_y = -3},
    {.bitmap_index = 5530, .adv_w = 109, .box_w = 6, .box_h = 17, .ofs_x = 0, .ofs_y = -3},
    {.bitmap_index = 5581, .adv_w = 163, .box_w = 10, .box_h = 3, .ofs_x = 0, .ofs_y = 5},
    {.bitmap_index = 5596, .adv_w = 198, .box_w = 13, .box_h = 18, .ofs_x = 0, .ofs_y = 0},
    {.bitmap_index = 5713, .adv_w = 198, .box_w = 13, .box_h = 18, .ofs_x = 0, .ofs_y = 0},
    {.bitmap_index = 5830, .adv_w = 198, .box_w = 13, .box_h = 17, .ofs_x = 0, .ofs_y = 0},
    {.bitmap_index = 5941, .adv_w = 198, .box_w = 13, .box_h = 17, .ofs_x = 0, .ofs_y = 0},
    {.bitmap_index = 6052, .adv_w = 198, .box_w = 13, .box_h = 17, .ofs_x = 0, .ofs_y = 0},
    {.bitmap_index = 6163, .adv_w = 198, .box_w = 13, .box_h = 18, .ofs_x = 0, .ofs_y = 0},
    {.bitmap_index = 6280, .adv_w = 274, .box_w = 18, .box_h = 13, .ofs_x = -1, .ofs_y = 0},
    {.bitmap_index = 6397, .adv_w = 194, .box_w = 12, .box_h = 17, .ofs_x = 0, .ofs_y = -4},
    {.bitmap_index = 6499, .adv_w = 182, .box_w = 11, .box_h = 18, .ofs_x = 0, .ofs_y = 0},
    {.bitmap_index = 6598, .adv_w = 182, .box_w = 11, .box_h = 18, .ofs_x = 0, .ofs_y = 0},
    {.bitmap_index = 6697, .adv_w = 182, .box_w = 11, .box_h = 18, .ofs_x = 0, .ofs_y = 0},
    {.bitmap_index = 6796, .adv_w = 182, .box_w = 11, .box_h = 17, .ofs_x = 0, .ofs_y = 0},
    {.bitmap_index = 6890, .adv_w = 109, .box_w = 6, .box_h = 18, .ofs_x = 0, .ofs_y = 0},
    {.bitmap_index = 6944, .adv_w = 109, .box_w = 7, .box_h = 18, .ofs_x = 0, .ofs_y = 0},
    {.bitmap_index = 7007, .adv_w = 109, .box_w = 6, .box_h = 17, .ofs_x = 0, .ofs_y = 0},
    {.bitmap_index = 7058, .adv_w = 109, .box_w = 7, .box_h = 17, .ofs_x = 0, .ofs_y = 0},
    {.bitmap_index = 7118, .adv_w = 219, .box_w = 14, .box_h = 13, .ofs_x = 0, .ofs_y = 0},
    {.bitmap_index = 7209, .adv_w = 210, .box_w = 13, .box_h = 18, .ofs_x = 0, .ofs_y = 0},
    {.bitmap_index = 7326, .adv_w = 221, .box_w = 14, .box_h = 18, .ofs_x = 0, .ofs_y = 0},
    {.bitmap_index = 7452, .adv_w = 221, .box_w = 14, .box_h = 18, .ofs_x = 0, .ofs_y = 0},
    {.bitmap_index = 7578, .adv_w = 221, .box_w = 14, .box_h = 18, .ofs_x = 0, .ofs_y = 0},
    {.bitmap_index = 7704, .adv_w = 221, .box_w = 14, .box_h = 17, .ofs_x = 0, .ofs_y = 0},
    {.bitmap_index = 7823, .adv_w = 221, .box_w = 14, .box_h = 17, .ofs_x = 0, .ofs_y = 0},
    {.bitmap_index = 7942, .adv_w = 134, .box_w = 7, .box_h = 9, .ofs_x = 1, .ofs_y = 2},
    {.bitmap_index = 7974, .adv_w = 221, .box_w = 14, .box_h = 15, .ofs_x = 0, .ofs_y = -1},
    {.bitmap_index = 8079, .adv_w = 205, .box_w = 13, .box_h = 18, .ofs_x = 0, .ofs_y = 0},
    {.bitmap_index = 8196, .adv_w = 205, .box_w = 13, .box_h = 18, .ofs_x = 0, .ofs_y = 0},
    {.bitmap_index = 8313, .adv_w = 205, .box_w = 13, .box_h = 18, .ofs_x = 0, .ofs_y = 0},
    {.bitmap_index = 8430, .adv_w = 205, .box_w = 13, .box_h = 17, .ofs_x = 0, .ofs_y = 0},
    {.bitmap_index = 8541, .adv_w = 188, .box_w = 12, .box_h = 18, .ofs_x = 0, .ofs_y = 0},
    {.bitmap_index = 8649, .adv_w = 192, .box_w = 12, .box_h = 13, .ofs_x = 0, .ofs_y = 0},
    {.bitmap_index = 8727, .adv_w = 186, .box_w = 12, .box_h = 13, .ofs_x = 0, .ofs_y = 0},
    {.bitmap_index = 8805, .adv_w = 148, .box_w = 9, .box_h = 14, .ofs_x = 0, .ofs_y = 0},
    {.bitmap_index = 8868, .adv_w = 148, .box_w = 9, .box_h = 14, .ofs_x = 0, .ofs_y = 0},
    {.bitmap_index = 8931, .adv_w = 148, .box_w = 9, .box_h = 13, .ofs_x = 0, .ofs_y = 0},
    {.bitmap_index = 8990, .adv_w = 148, .box_w = 9, .box_h = 13, .ofs_x = 0, .ofs_y = 0},
    {.bitmap_index = 9049, .adv_w = 148, .box_w = 9, .box_h = 13, .ofs_x = 0, .ofs_y = 0},
    {.bitmap_index = 9108, .adv_w = 148, .box_w = 9, .box_h = 13, .ofs_x = 0, .ofs_y = 0},
    {.bitmap_index = 9167, .adv_w = 222, .box_w = 14, .box_h = 9, .ofs_x = 0, .ofs_y = 0},
    {.bitmap_index = 9230, .adv_w = 137, .box_w = 9, .box_h = 13, .ofs_x = 0, .ofs_y = -4},
    {.bitmap_index = 9289, .adv_w = 141, .box_w = 9, .box_h = 14, .ofs_x = 0, .ofs_y = 0},
    {.bitmap_index = 9352, .adv_w = 141, .box_w = 9, .box_h = 14, .ofs_x = 0, .ofs_y = 0},
    {.bitmap_index = 9415, .adv_w = 141, .box_w = 9, .box_h = 13, .ofs_x = 0, .ofs_y = 0},
    {.bitmap_index = 9474, .adv_w = 141, .box_w = 9, .box_h = 13, .ofs_x = 0, .ofs_y = 0},
    {.bitmap_index = 9533, .adv_w = 81, .box_w = 5, .box_h = 14, .ofs_x = 0, .ofs_y = 0},
    {.bitmap_index = 9568, .adv_w = 81, .box_w = 6, .box_h = 14, .ofs_x = 0, .ofs_y = 0},
    {.bitmap_index = 9610, .adv_w = 81, .box_w = 5, .box_h = 13, .ofs_x = 0, .ofs_y = 0},
    {.bitmap_index = 9643, .adv_w = 81, .box_w = 5, .box_h = 12, .ofs_x = 0, .ofs_y = 0},
    {.bitmap_index = 9673, .adv_w = 159, .box_w = 10, .box_h = 15, .ofs_x = 0, .ofs_y = 0},
    {.bitmap_index = 9748, .adv_w = 168, .box_w = 11, .box_h = 13, .ofs_x = 0, .ofs_y = 0},
    {.bitmap_index = 9820, .adv_w = 159, .box_w = 10, .box_h = 14, .ofs_x = 0, .ofs_y = 0},
    {.bitmap_index = 9890, .adv_w = 159, .box_w = 10, .box_h = 14, .ofs_x = 0, .ofs_y = 0},
    {.bitmap_index = 9960, .adv_w = 159, .box_w = 10, .box_h = 13, .ofs_x = 0, .ofs_y = 0},
    {.bitmap_index = 10025, .adv_w = 159, .box_w = 10, .box_h = 13, .ofs_x = 0, .ofs_y = 0},
    {.bitmap_index = 10090, .adv_w = 159, .box_w = 10, .box_h = 13, .ofs_x = 0, .ofs_y = 0},
    {.bitmap_index = 10155, .adv_w = 148, .box_w = 8, .box_h = 9, .ofs_x = 1, .ofs_y = 2},
    {.bitmap_index = 10191, .adv_w = 158, .box_w = 10, .box_h = 11, .ofs_x = 0, .ofs_y = -1},
    {.bitmap_index = 10246, .adv_w = 167, .box_w = 10, .box_h = 14, .ofs_x = 0, .ofs_y = 0},
    {.bitmap_index = 10316, .adv_w = 167, .box_w = 10, .box_h = 14, .ofs_x = 0, .ofs_y = 0},
    {.bitmap_index = 10386, .adv_w = 167, .box_w = 10, .box_h = 13, .ofs_x = 0, .ofs_y = 0},
    {.bitmap_index = 10451, .adv_w = 167, .box_w = 10, .box_h = 12, .ofs_x = 0, .ofs_y = 0},
    {.bitmap_index = 10511, .adv_w = 150, .box_w = 11, .box_h = 18, .ofs_x = -1, .ofs_y = -4},
    {.bitmap_index = 10610, .adv_w = 163, .box_w = 10, .box_h = 18, .ofs_x = 0, .ofs_y = -4},
    {.bitmap_index = 10700, .adv_w = 150, .box_w = 11, .box_h = 17, .ofs_x = -1, .ofs_y = -4},
    {.bitmap_index = 10794, .adv_w = 211, .box_w = 13, .box_h = 18, .ofs_x = 0, .ofs_y = 0},
    {.bitmap_index = 10911, .adv_w = 154, .box_w = 11, .box_h = 18, .ofs_x = 0, .ofs_y = -4},
    {.bitmap_index = 11010, .adv_w = 109, .box_w = 6, .box_h = 17, .ofs_x = 0, .ofs_y = 0},
    {.bitmap_index = 11061, .adv_w = 81, .box_w = 5, .box_h = 9, .ofs_x = 0, .ofs_y = 0},
    {.bitmap_index = 11084, .adv_w = 170, .box_w = 10, .box_h = 17, .ofs_x = 0, .ofs_y = -4},
    {.bitmap_index = 11169, .adv_w = 128, .box_w = 8, .box_h = 13, .ofs_x = 0, .ofs_y = -4}
};

/*---------------------
 *  CHARACTER MAPPING
 *--------------------*/

static const uint16_t unicode_list_2[] = {
    0x00, 0x01, 0x12, 0x13, 0x40, 0x41
};

/*Collect the unicode lists and glyph_id offsets*/
static const lv_font_fmt_txt_cmap_t cmaps[] =
{
    {
        .range_start = 32, .range_length = 95, .glyph_id_start = 1,
        .unicode_list = NULL, .glyph_id_ofs_list = NULL, .list_length = 0, .type = LV_FONT_FMT_TXT_CMAP_FORMAT0_TINY
    },
    {
        .range_start = 192, .range_length = 64, .glyph_id_start = 96,
        .unicode_list = NULL, .glyph_id_ofs_list = NULL, .list_length = 0, .type = LV_FONT_FMT_TXT_CMAP_FORMAT0_TINY
    },
    {
        .range_start = 286, .range_length = 66, .glyph_id_start = 160,
        .unicode_list = unicode_list_2, .glyph_id_ofs_list = NULL, .list_length = 6, .type = LV_FONT_FMT_TXT_CMAP_SPARSE_TINY
    }
};

/*-----------------
 *    KERNING
 *----------------*/

/*Map glyph_ids to kern left classes*/
static const uint8_t kern_left_class_mapping[] =
{
    0, 0, 0, 1, 0, 0, 0, 2,
    1, 0, 0, 0, 0, 3, 0, 3,
    0, 0, 0, 0, 0, 4, 0, 0,
    5, 0, 6, 3, 3, 0, 0, 0,
    0, 0, 7, 8, 9, 10, 11, 12,
    9, 0, 0, 0, 13, 14, 15, 0,
    10, 16, 10, 17, 18, 19, 20, 21,
    21, 22, 23, 24, 0, 0, 0, 0,
    0, 0, 25, 26, 27, 28, 27, 29,
    30, 31, 32, 33, 34, 28, 31, 31,
    26, 26, 35, 36, 37, 38, 32, 39,
    39, 40, 39, 41, 0, 0, 0, 0,
    7, 7, 7, 7, 7, 7, 11, 9,
    11, 11, 11, 11, 0, 0, 0, 0,
    10, 0, 10, 10, 10, 10, 10, 0,
    10, 20, 20, 20, 20, 23, 42, 0,
    25, 25, 25, 25, 25, 25, 27, 27,
    27, 27, 27, 27, 32, 32, 32, 32,
    26, 31, 26, 26, 26, 26, 26, 0,
    26, 32, 32, 32, 32, 39, 26, 39,
    9, 30, 0, 32, 18, 37
};

/*Map glyph_ids to kern right classes*/
static const uint8_t kern_right_class_mapping[] =
{
    0, 0, 0, 1, 0, 0, 0, 2,
    1, 0, 0, 0, 0, 3, 0, 3,
    0, 4, 0, 5, 0, 6, 0, 0,
    7, 8, 9, 3, 3, 0, 0, 0,
    0, 0, 10, 0, 11, 0, 0, 0,
    11, 0, 0, 12, 0, 0, 0, 0,
    11, 0, 11, 0, 13, 14, 15, 16,
    16, 17, 18, 19, 0, 0, 0, 0,
    0, 0, 20, 21, 22, 22, 22, 23,
    24, 21, 25, 26, 21, 21, 25, 25,
    22, 27, 22, 25, 28, 29, 30, 31,
    31, 32, 31, 33, 0, 0, 0, 0,
    10, 10, 10, 10, 10, 10, 10, 11,
    0, 0, 0, 0, 0, 0, 0, 0,
    0, 0, 11, 11, 11, 11, 11, 0,
    11, 15, 15, 15, 15, 18, 0, 23,
    20, 20, 20, 20, 20, 20, 20, 22,
    22, 22, 22, 22, 25, 25, 25, 25,
    22, 25, 22, 22, 22, 22, 22, 0,
    22, 30, 30, 30, 30, 31, 21, 31,
    11, 24, 0, 25, 13, 28
};

/*Kern values between classes*/
static const int8_t kern_class_values[] =
{
    0, 0, -12, 0, 0, 0, 0, 0,
    0, -20, 0, 0, 0, 0, 0, 0,
    0, 0, 0, 0, 0, 0, 0, 0,
    0, 0, 0, 0, 0, 0, 0, 0,
    0, 0, 0, 0, 0, 0, 0, 0,
    0, 0, -2, 0, -2, -1, -3, -1,
    -4, -3, -6, -1, 0, 0, 0, 0,
    0, 0, 0, 0, 0, 0, 0, 0,
    0, 0, -12, 0, 0, 0, 0, 0,
    0, 0, 0, 0, 0, 0, 0, -15,
    -2, -15, 0, -15, 0, 0, 0, 0,
    0, 0, 0, 0, 0, 0, 0, 0,
    -6, 0, 0, 0, 0, 0, 0, 0,
    0, -8, 0, 0, 0, 0, 0, 0,
    0, 0, 0, 0, 0, 0, 0, 0,
    0, 0, 0, 0, 0, 0, 0, 0,
    0, 0, 0, 0, 0, 0, 0, -6,
    -3, -20, 0, -3, -3, 0, 0, 0,
    0, 0, 0, 0, 0, 0, 0, 0,
    0, 0, 0, 0, 0, 0, 0, 0,
    0, 0, 0, 0, 0, 0, 0, 0,
    0, 0, 0, -1, 0, 0, 0, 0,
    0, 0, 0, 0, 0, 0, 0, 0,
    0, 0, 0, 0, 0, 0, 0, 0,
    0, 0, 0, 0, 0, 0, -19, -2,
    0, 0, 0, 0, 0, 0, 0, 0,
    -1, 0, -1, -12, -1, -12, 0, -13,
    0, 0, 0, -1, 0, -2, 0, 0,
    0, -1, 0, 0, -10, 0, 0, -5,
    0, 0, 0, 0, 0, 0, 0, 0,
    0, 0, 0, 0, -1, 0, -5, -1,
    -4, 0, 0, 0, 0, 0, 0, 0,
    0, 0, 0, 0, 0, 0, 0, 0,
    0, -2, 0, 0, 0, 0, 0, 0,
    0, -1, 0, 0, 0, 0, 0, 0,
    0, 0, 0, 0, 0, 0, 0, 0,
    0, 0, 0, 0, 0, 0, 0, 0,
    0, -2, 0, 0, 0, 0, 0, 0,
    0, 0, -1, 0, -1, 0, 0, 0,
    0, -2, -2, 0, -1, -1, 0, -1,
    -2, -1, -1, 0, 0, 0, 0, 0,
    0, 0, -1, -2, 0, 0, 0, 0,
    0, 0, 0, 0, 0, 0, 0, 0,
    0, -1, 0, -1, 0, 0, 0, 0,
    0, 0, 0, 0, 0, 0, 0, 0,
    -1, 0, 0, 0, -3, -9, 0, 0,
    0, 0, 0, 0, -11, 0, -8, -1,
    0, 0, -1, -1, -1, -1, -9, 0,
    -7, -2, -9, -1, 0, -4, -5, -2,
    -5, -1, -1, -1, -2, -2, 0, 0,
    0, 0, 0, 0, 0, 0, -2, 0,
    -2, -3, -3, -1, 0, -3, 0, 0,
    0, -1, 0, 0, 0, 0, -1, 0,
    0, -1, -7, 0, 0, -24, -1, -1,
    0, 0, 0, 0, 0, 0, -2, 0,
    0, 0, -11, 0, -13, 0, -13, 0,
    0, 0, 0, -1, 0, 0, 0, 0,
    0, 0, 0, -4, 0, 0, 0, 0,
    0, 0, 0, 0, 0, 0, 0, 0,
    0, 0, 0, 0, 0, 0, 0, 0,
    0, 0, 0, 0, 0, 0, 0, 0,
    0, 0, 0, 0, -2, 0, 0, 0,
    0, -12, 0, 0, 0, 0, 0, 0,
    -10, 0, -2, 0, 0, 0, -2, -3,
    -3, 0, -2, 0, -4, 0, -2, 0,
    0, 0, -2, 0, 0, 0, 0, 0,
    -2, -1, 0, 0, 0, 0, 0, 0,
    0, 0, 0, 0, 0, 0, 0, -4,
    0, -8, 0, 0, 0, 0, 0, 0,
    0, 0, 0, 0, 0, 0, 0, 2,
    0, -1, -2, 0, 0, 0, 0, 0,
    0, 0, -2, 0, 0, 0, -1, 0,
    -2, 0, -2, 0, 0, 0, 0, -2,
    -2, 0, 0, 0, 0, 0, 0, 0,
    0, 0, 0, -2, -15, 0, 0, 0,
    0, 0, 0, -12, 0, -6, 0, 0,
    0, 0, 0, 0, 0, -18, 0, -18,
    -2, -15, -10, -3, -9, -14, -3, -9,
    -9, -6, -11, -1, -2, -2, 0, 0,
    0, 0, 0, 0, -4, 0, -1, 0,
    0, 0, 0, 0, 0, 0, -2, 0,
    0, -2, -3, 0, 0, -1, -1, 0,
    0, -1, 0, -1, -1, -4, -12, 0,
    0, 0, 0, 0, 0, -13, 0, -7,
    -2, 0, 0, 0, 0, 0, -2, -16,
    0, -16, -2, -15, -12, -5, -11, -14,
    -8, -10, -10, -11, -11, -4, -3, 0,
    0, 0, 0, 0, 0, 0, 0, -2,
    0, 0, 0, 0, 0, 0, 0, 0,
    0, 0, -4, 0, -1, 0, 0, 0,
    0, -1, -2, -7, 0, 0, -1, -5,
    -15, 0, 0, 0, 0, 0, 0, -13,
    -2, -6, -2, 0, 0, 2, 0, 0,
    -2, -15, 0, -16, -2, -16, -13, -8,
    -14, -16, -12, -12, -13, -13, -14, 0,
    -1, 0, 0, 0, 0, 0, 0, 0,
    0, 0, 0, 0, 0, 0, 0, 0,
    0, 0, 0, 0, 0, 0, 0, 0,
    0, 0, 0, 0, 0, -3, 0, 0,
    -2, 0, 0, 0, 0, 0, 0, 0,
    0, 0, 0, 0, 0, -9, 0, -10,
    0, -14, 0, 0, 0, 0, 0, 0,
    0, 0, 0, 0, 0, 0, -4, 0,
    0, -3, 0, 0, 0, 0, 0, 0,
    0, 0, 0, 0, 0, 0, -11, 0,
    -12, -7, -16, 0, 0, 0, 0, 0,
    0, 0, 0, 0, 0, 0, 0, -4,
    0, 0, -2, 0, 0, 0, 0, 0,
    0, 0, 0, 0, 0, 0, 0, -7,
    0, -5, 0, -13, 0, 0, 0, 0,
    0, 0, 0, 0, 0, 0, 0, 0,
    0, 0, 0, -1, 0, 0, 0, 0,
    0, 0, 0, 0, 0, 0, 0, 0,
    0, 0, 0, 0, 0, 0, 0, 4,
    0, 0, 0, 0, 0, 0, 0, 0,
    0, 0, 0, 0, 2, 0, 0, 0,
    0, 0, 0, 0, 0, 0, 0, 0,
    0, 0, 0, 2, 0, 0, 0, 0,
    0, 0, 0, 0, 0, 0, 0, 0,
    0, 0, 0, 0, 0, -1, 0, -2,
    0, 0, 0, 0, 0, 0, 0, 0,
    0, 0, 2, 0, -1, -2, -4, 1,
    0, 0, 0, 0, 0, 0, 0, 0,
    0, 0, 0, 0, 0, 0, -5, 0,
    0, 0, 0, 0, 0, 0, 0, 0,
    0, 0, 0, -7, 0, -9, 0, -13,
    0, 0, 0, 0, 0, 0, 0, 0,
    0, 0, 0, 0, -1, 0, 0, -1,
    0, 0, 0, 0, 0, 0, 0, 0,
    0, 0, 0, 0, 0, 0, -5, 0,
    -7, 0, 0, 0, 0, 0, 0, 0,
    0, 0, 0, 0, 0, 0, 0, 0,
    0, 0, 0, 0, 0, 0, 0, 0,
    0, 0, 0, 0, 0, 0, 0, -2,
    0, -3, 0, 0, 0, 0, 0, 0,
    0, 0, 0, 0, 0, 0, 0, 0,
    0, -3, 0, 0, 0, 0, 0, 0,
    0, 0, 0, -2, 0, 0, -3, 0,
    -3, 0, -10, 1, 0, 0, 0, 0,
    0, 0, 0, 0, 0, 0, 0, 0,
    0, 0, -3, 0, 0, 0, 0, 0,
    0, 0, 0, 0, 0, 0, 0, -1,
    0, -9, 0, -11, 0, 0, 0, 0,
    0, 0, 0, 0, 0, 0, 0, 0,
    0, 0, 0, -3, 0, -5, 0, 0,
    0, 0, 0, 0, -6, 0, -5, 0,
    -3, 0, -5, -7, -11, 0, 0, 0,
    0, 0, 0, 0, 0, 0, 0, 0,
    0, -1, 0, 0, -2, 0, -1, 0,
    0, 0, 0, 0, 0, 0, 0, 0,
    0, -3, 0, -10, 0, -11, 0, 0,
    0, 0, 0, 0, 0, 0, 0, 0,
    0, 0, 0, 0, 0, -1, 0, 0,
    0, 0, 0, 0, 0, 0, 0, 0,
    0, 0, -1, 0, -6, 0, -8, 0,
    0, 0, -1, 0, 0, 0, 0, 0,
    0, 0, 0, 0, 0, 0, -1, 0,
    -6, 0, 0, 0, 0, 0, 0, -10,
    0, -2, 0, -1, 0, -5, -4, -9,
    0, -4, 0, -4, 0, -1, 0, 0,
    0, 0, 0, 0, 0, 0, 0, -5,
    0, 0, 0, 0, 0, 0, 0, 0,
    0, 0, 0, 0, -5, 0, -8, 0,
    -9, 0, 0, 0, 0, 0, -1, 0,
    0, 0, 0, 0, 0, 0, 0, 0,
    0, 0, 0, 0, 0, 0, 0, 0,
    0, 0, 0, 0, 0, -2, 0, -7,
    0, -7, 0, 0, 0, 0, 0, 0,
    0, 0, 0, 0, 0, 0, 0, 0,
    0, 0, 0, -3, 0, 0, 0, 0,
    0, 0, 0, 0, 0, 0, 0, 0,
    0, 0, 0, 0, 0, 0, 0, 0,
    0, 0, 0, 0, 0, 0, 0, 0,
    0, 0
};

/*Collect the kern class' data in one place*/
static const lv_font_fmt_txt_kern_classes_t kern_classes =
{
    .class_pair_values   = kern_class_values,
    .left_class_mapping  = kern_left_class_mapping,
    .right_class_mapping = kern_right_class_mapping,
    .left_class_cnt      = 42,
    .right_class_cnt     = 33,
};

/*--------------------
 *  ALL CUSTOM DATA
 *--------------------*/

#if LVGL_VERSION_MAJOR == 8
/*Store all the custom data of the font*/
static  lv_font_fmt_txt_glyph_cache_t cache;
#endif

#if LVGL_VERSION_MAJOR >= 8
static const lv_font_fmt_txt_dsc_t font_dsc = {
#else
static lv_font_fmt_txt_dsc_t font_dsc = {
#endif
    .glyph_bitmap = glyph_bitmap,
    .glyph_dsc = glyph_dsc,
    .cmaps = cmaps,
    .kern_dsc = &kern_classes,
    .kern_scale = 16,
    .cmap_num = 3,
    .bpp = 4,
    .kern_classes = 1,
    .bitmap_format = 0,
#if LVGL_VERSION_MAJOR == 8
    .cache = &cache
#endif

};



/*-----------------
 *  PUBLIC FONT
 *----------------*/

/*Initialize a public general font descriptor*/
#if LVGL_VERSION_MAJOR >= 8
const lv_font_t disp_18_data = {
#else
lv_font_t disp_18_data = {
#endif
    .get_glyph_dsc = lv_font_get_glyph_dsc_fmt_txt,    /*Function pointer to get glyph's data*/
    .get_glyph_bitmap = lv_font_get_bitmap_fmt_txt,    /*Function pointer to get glyph's bitmap*/
    .line_height = 22,          /*The maximum line height required by the font*/
    .base_line = 4,             /*Baseline measured from the bottom of the line*/
#if LV_VERSION_CHECK(9, 6, 0) || LVGL_VERSION_MAJOR >= 10
    .cap_height = 13,           /*Cap height of the font*/
    .x_height = 9,               /*x-height of the font*/
#endif
#if !(LVGL_VERSION_MAJOR == 6 && LVGL_VERSION_MINOR == 0)
    .subpx = LV_FONT_SUBPX_NONE,
#endif
#if LV_VERSION_CHECK(7, 4, 0) || LVGL_VERSION_MAJOR >= 8
    .underline_position = -3,
    .underline_thickness = 0,
#endif

#if LV_VERSION_CHECK(9, 3, 0)
    .static_bitmap = 1,    /*Bitmaps are stored as const so they are always static if not compressed */
#endif

    .dsc = &font_dsc,          /*The custom font data. Will be accessed by `get_glyph_bitmap/dsc` */
#if LV_VERSION_CHECK(8, 2, 0) || LVGL_VERSION_MAJOR >= 9
    .fallback = NULL,
#endif
    .user_data = NULL,
};



#endif /*#if DISP_18_DATA*/
