/*******************************************************************************
 * Size: 34 px
 * Bpp: 4
 * Opts: --font /fonts/IBMPlexMono-SemiBold.ttf -o /fonts/mono_34_data.c --size 34 --bpp 4 --format lvgl --no-compress --symbols ° --range 0x20-0x7F,0xC0-0xFF,0x11E-0x11F,0x130-0x131,0x15E-0x15F
 ******************************************************************************/

#ifdef __has_include
    #if __has_include("lvgl.h")
        #ifndef LV_LVGL_H_INCLUDE_SIMPLE
            #define LV_LVGL_H_INCLUDE_SIMPLE
        #endif
    #endif
#endif

#ifdef LV_LVGL_H_INCLUDE_SIMPLE
    #include "lvgl.h"
#else
    #include "lvgl/lvgl.h"
#endif



#ifndef MONO_34_DATA
#define MONO_34_DATA 1
#endif

#if MONO_34_DATA

/*-----------------
 *    BITMAPS
 *----------------*/

/*Store the image of the glyphs*/
static LV_ATTRIBUTE_LARGE_CONST const uint8_t glyph_bitmap[] = {
    /* U+0020 " " */

    /* U+0021 "!" */
    0x3f, 0xff, 0xf9, 0x03, 0xff, 0xff, 0x90, 0x3f,
    0xff, 0xf9, 0x03, 0xff, 0xff, 0x90, 0x3f, 0xff,
    0xf9, 0x03, 0xff, 0xff, 0x90, 0x2f, 0xff, 0xf9,
    0x01, 0xff, 0xff, 0x70, 0x0e, 0xff, 0xf4, 0x00,
    0xbf, 0xff, 0x10, 0x08, 0xff, 0xe0, 0x00, 0x4f,
    0xfb, 0x00, 0x01, 0xff, 0x80, 0x00, 0x0e, 0xf4,
    0x00, 0x00, 0xbf, 0x10, 0x00, 0x05, 0x90, 0x00,
    0x00, 0x00, 0x00, 0x00, 0x00, 0x00, 0x00, 0x08,
    0xcd, 0xb3, 0x09, 0xff, 0xff, 0xe1, 0xdf, 0xff,
    0xff, 0x4d, 0xff, 0xff, 0xf4, 0xaf, 0xff, 0xff,
    0x11, 0xae, 0xfd, 0x50,

    /* U+0022 "\"" */
    0x5f, 0xff, 0xa0, 0x03, 0xff, 0xfb, 0x5f, 0xff,
    0xa0, 0x03, 0xff, 0xfb, 0x5f, 0xff, 0xa0, 0x03,
    0xff, 0xfb, 0x5f, 0xff, 0xa0, 0x03, 0xff, 0xfb,
    0x5f, 0xff, 0xa0, 0x03, 0xff, 0xfb, 0x5f, 0xff,
    0xa0, 0x03, 0xff, 0xfb, 0x5f, 0xff, 0xa0, 0x03,
    0xff, 0xfb, 0x5f, 0xff, 0xa0, 0x03, 0xff, 0xfb,
    0x5f, 0xff, 0xa0, 0x03, 0xff, 0xfb, 0x5f, 0xff,
    0xa0, 0x03, 0xff, 0xfb, 0x3a, 0xaa, 0x60, 0x02,
    0xaa, 0xa7,

    /* U+0023 "#" */
    0x00, 0x00, 0x00, 0x0c, 0xff, 0xb0, 0x05, 0xff,
    0xf3, 0x00, 0x00, 0x00, 0x00, 0x00, 0xff, 0xf8,
    0x00, 0x7f, 0xff, 0x00, 0x00, 0x00, 0x00, 0x00,
    0x2f, 0xff, 0x50, 0x0a, 0xff, 0xe0, 0x00, 0x00,
    0x00, 0x00, 0x05, 0xff, 0xf3, 0x00, 0xdf, 0xfb,
    0x00, 0x00, 0x00, 0x00, 0x00, 0x7f, 0xff, 0x00,
    0x0f, 0xff, 0x80, 0x00, 0x00, 0x00, 0x00, 0x0a,
    0xff, 0xd0, 0x03, 0xff, 0xf5, 0x00, 0x00, 0x00,
    0x00, 0x00, 0xdf, 0xfa, 0x00, 0x5f, 0xff, 0x30,
    0x00, 0x00, 0x5f, 0xff, 0xff, 0xff, 0x80, 0x08,
    0xff, 0xff, 0xff, 0xf0, 0x05, 0xff, 0xff, 0xff,
    0xf5, 0x00, 0xbf, 0xff, 0xff, 0xff, 0x00, 0x5f,
    0xff, 0xff, 0xff, 0x20, 0x0e, 0xff, 0xff, 0xff,
    0xf0, 0x01, 0x44, 0x4b, 0xff, 0xf0, 0x00, 0xff,
    0xf9, 0x44, 0x44, 0x00, 0x00, 0x00, 0xbf, 0xfc,
    0x00, 0x3f, 0xff, 0x40, 0x00, 0x00, 0x00, 0x00,
    0x0e, 0xff, 0xa0, 0x06, 0xff, 0xf2, 0x00, 0x00,
    0x00, 0x00, 0x00, 0xff, 0xf7, 0x00, 0x9f, 0xff,
    0x00, 0x00, 0x00, 0xaf, 0xff, 0xff, 0xff, 0x40,
    0x0c, 0xff, 0xff, 0xff, 0xb0, 0x0a, 0xff, 0xff,
    0xff, 0xf1, 0x00, 0xef, 0xff, 0xff, 0xfb, 0x00,
    0xaf, 0xff, 0xff, 0xfe, 0x00, 0x1f, 0xff, 0xff,
    0xff, 0xb0, 0x02, 0x44, 0x4d, 0xff, 0xc0, 0x04,
    0xff, 0xf7, 0x44, 0x43, 0x00, 0x00, 0x00, 0xef,
    0xf9, 0x00, 0x7f, 0xff, 0x10, 0x00, 0x00, 0x00,
    0x00, 0x1f, 0xff, 0x60, 0x0a, 0xff, 0xe0, 0x00,
    0x00, 0x00, 0x00, 0x04, 0xff, 0xf3, 0x00, 0xcf,
    0xfb, 0x00, 0x00, 0x00, 0x00, 0x00, 0x7f, 0xff,
    0x00, 0x0f, 0xff, 0x90, 0x00, 0x00, 0x00, 0x00,
    0x0a, 0xff, 0xe0, 0x02, 0xff, 0xf6, 0x00, 0x00,
    0x00, 0x00, 0x00, 0xdf, 0xfb, 0x00, 0x5f, 0xff,
    0x30, 0x00, 0x00, 0x00,

    /* U+0024 "$" */
    0x00, 0x00, 0x00, 0x01, 0x88, 0x81, 0x00, 0x00,
    0x00, 0x00, 0x00, 0x00, 0x00, 0x2f, 0xff, 0x30,
    0x00, 0x00, 0x00, 0x00, 0x00, 0x00, 0x02, 0xff,
    0xf3, 0x00, 0x00, 0x00, 0x00, 0x00, 0x00, 0x00,
    0x2f, 0xff, 0x30, 0x00, 0x00, 0x00, 0x00, 0x00,
    0x06, 0xbe, 0xff, 0xfe, 0xb7, 0x10, 0x00, 0x00,
    0x00, 0x6e, 0xff, 0xff, 0xff, 0xff, 0xff, 0x80,
    0x00, 0x00, 0x7f, 0xff, 0xff, 0xff, 0xff, 0xff,
    0xff, 0xc0, 0x00, 0x2f, 0xff, 0xff, 0xef, 0xff,
    0xff, 0xff, 0xff, 0x60, 0x09, 0xff, 0xff, 0x40,
    0xef, 0xf0, 0x4c, 0xff, 0x80, 0x00, 0xdf, 0xff,
    0x70, 0x0e, 0xff, 0x00, 0x09, 0x90, 0x00, 0x0f,
    0xff, 0xf3, 0x00, 0xef, 0xf0, 0x00, 0x00, 0x00,
    0x00, 0xff, 0xff, 0x40, 0x0e, 0xff, 0x00, 0x00,
    0x00, 0x00, 0x0c, 0xff, 0xfc, 0x00, 0xef, 0xf0,
    0x00, 0x00, 0x00, 0x00, 0x8f, 0xff, 0xfd, 0x7e,
    0xff, 0x00, 0x00, 0x00, 0x00, 0x01, 0xef, 0xff,
    0xff, 0xff, 0xf9, 0x61, 0x00, 0x00, 0x00, 0x03,
    0xff, 0xff, 0xff, 0xff, 0xff, 0xfb, 0x20, 0x00,
    0x00, 0x02, 0xaf, 0xff, 0xff, 0xff, 0xff, 0xff,
    0x50, 0x00, 0x00, 0x00, 0x16, 0xaf, 0xff, 0xff,
    0xff, 0xff, 0x20, 0x00, 0x00, 0x00, 0x00, 0xef,
    0xf7, 0xdf, 0xff, 0xfa, 0x00, 0x00, 0x00, 0x00,
    0x0e, 0xff, 0x00, 0xaf, 0xff, 0xe0, 0x00, 0x00,
    0x00, 0x00, 0xef, 0xf0, 0x02, 0xff, 0xff, 0x10,
    0x00, 0x00, 0x00, 0x0e, 0xff, 0x00, 0x0f, 0xff,
    0xf1, 0x00, 0x98, 0x00, 0x00, 0xef, 0xf0, 0x03,
    0xff, 0xff, 0x00, 0x9f, 0xfa, 0x10, 0x0e, 0xff,
    0x00, 0xbf, 0xff, 0xc0, 0x7f, 0xff, 0xff, 0x95,
    0xef, 0xf6, 0xcf, 0xff, 0xf5, 0x01, 0xef, 0xff,
    0xff, 0xff, 0xff, 0xff, 0xff, 0xfb, 0x00, 0x01,
    0xbf, 0xff, 0xff, 0xff, 0xff, 0xff, 0xfb, 0x00,
    0x00, 0x00, 0x5c, 0xff, 0xff, 0xff, 0xff, 0xc5,
    0x00, 0x00, 0x00, 0x00, 0x01, 0x48, 0xff, 0xf7,
    0x10, 0x00, 0x00, 0x00, 0x00, 0x00, 0x00, 0x2f,
    0xff, 0x30, 0x00, 0x00, 0x00, 0x00, 0x00, 0x00,
    0x02, 0xff, 0xf3, 0x00, 0x00, 0x00, 0x00, 0x00,
    0x00, 0x00, 0x2f, 0xff, 0x30, 0x00, 0x00, 0x00,

    /* U+0025 "%" */
    0x00, 0x19, 0xef, 0xeb, 0x30, 0x00, 0x00, 0x00,
    0x8f, 0xfd, 0x00, 0x2e, 0xff, 0xff, 0xff, 0x50,
    0x00, 0x00, 0x1f, 0xff, 0x50, 0x0c, 0xff, 0xea,
    0xdf, 0xff, 0x10, 0x00, 0x08, 0xff, 0xd0, 0x03,
    0xff, 0xf1, 0x00, 0xbf, 0xf8, 0x00, 0x01, 0xff,
    0xf5, 0x00, 0x7f, 0xfa, 0x00, 0x05, 0xff, 0xb0,
    0x00, 0x9f, 0xfc, 0x00, 0x09, 0xff, 0x90, 0x00,
    0x4f, 0xfd, 0x00, 0x2f, 0xff, 0x40, 0x00, 0x9f,
    0xf9, 0x00, 0x04, 0xff, 0xd0, 0x0a, 0xff, 0xc0,
    0x00, 0x07, 0xff, 0xa0, 0x00, 0x6f, 0xfb, 0x02,
    0xff, 0xf4, 0x00, 0x00, 0x3f, 0xff, 0x10, 0x0b,
    0xff, 0x80, 0xaf, 0xfb, 0x00, 0x00, 0x00, 0xcf,
    0xfe, 0xad, 0xff, 0xf1, 0x2f, 0xff, 0x30, 0x00,
    0x00, 0x02, 0xef, 0xff, 0xff, 0xf5, 0x00, 0x11,
    0x00, 0x00, 0x00, 0x00, 0x01, 0x9e, 0xfe, 0xb3,
    0x00, 0x02, 0x79, 0x85, 0x00, 0x00, 0x00, 0x00,
    0x00, 0x00, 0x00, 0x08, 0xff, 0xff, 0xfd, 0x20,
    0x00, 0x00, 0x00, 0x7b, 0xb7, 0x06, 0xff, 0xff,
    0xff, 0xfd, 0x00, 0x00, 0x00, 0x2f, 0xff, 0x40,
    0xef, 0xf8, 0x13, 0xdf, 0xf6, 0x00, 0x00, 0x09,
    0xff, 0xc0, 0x3f, 0xfe, 0x00, 0x06, 0xff, 0xb0,
    0x00, 0x01, 0xff, 0xf5, 0x06, 0xff, 0xb0, 0x00,
    0x3f, 0xfe, 0x00, 0x00, 0x9f, 0xfd, 0x00, 0x7f,
    0xfb, 0x00, 0x02, 0xff, 0xf0, 0x00, 0x1f, 0xff,
    0x50, 0x07, 0xff, 0xb0, 0x00, 0x2f, 0xfe, 0x00,
    0x09, 0xff, 0xd0, 0x00, 0x5f, 0xfc, 0x00, 0x04,
    0xff, 0xc0, 0x01, 0xff, 0xf5, 0x00, 0x01, 0xff,
    0xf3, 0x00, 0xaf, 0xf9, 0x00, 0x8f, 0xfd, 0x00,
    0x00, 0x0a, 0xff, 0xfb, 0xcf, 0xff, 0x20, 0x1f,
    0xff, 0x60, 0x00, 0x00, 0x1d, 0xff, 0xff, 0xff,
    0x60, 0x08, 0xff, 0xe0, 0x00, 0x00, 0x00, 0x08,
    0xdf, 0xeb, 0x40, 0x00,

    /* U+0026 "&" */
    0x00, 0x00, 0x02, 0x9d, 0xff, 0xd8, 0x10, 0x00,
    0x00, 0x00, 0x00, 0x00, 0x08, 0xff, 0xff, 0xff,
    0xff, 0x60, 0x00, 0x00, 0x00, 0x00, 0x07, 0xff,
    0xff, 0xff, 0xff, 0xff, 0x60, 0x00, 0x00, 0x00,
    0x01, 0xff, 0xff, 0xc6, 0x6b, 0xff, 0xff, 0x10,
    0x00, 0x00, 0x00, 0x5f, 0xff, 0xc0, 0x00, 0x07,
    0xfd, 0x50, 0x00, 0x00, 0x00, 0x07, 0xff, 0xf7,
    0x00, 0x00, 0x04, 0x00, 0x00, 0x00, 0x00, 0x00,
    0x6f, 0xff, 0x70, 0x00, 0x00, 0x00, 0x00, 0x00,
    0x00, 0x00, 0x01, 0xff, 0xfd, 0x00, 0x00, 0x00,
    0x00, 0x00, 0x00, 0x00, 0x00, 0x0a, 0xff, 0xf7,
    0x00, 0x00, 0x00, 0x00, 0x00, 0x00, 0x00, 0x00,
    0x1e, 0xff, 0xf4, 0x00, 0x00, 0x00, 0x00, 0x00,
    0x00, 0x00, 0x00, 0x9f, 0xff, 0xf2, 0x00, 0x02,
    0xff, 0xff, 0xf8, 0x00, 0x00, 0xbf, 0xff, 0xff,
    0xd1, 0x00, 0x3f, 0xff, 0xff, 0x80, 0x00, 0xcf,
    0xff, 0xff, 0xff, 0xb0, 0x03, 0xff, 0xff, 0xf8,
    0x00, 0x7f, 0xff, 0xc1, 0xdf, 0xff, 0x90, 0x4f,
    0xff, 0x55, 0x20, 0x0e, 0xff, 0xf2, 0x02, 0xff,
    0xff, 0x56, 0xff, 0xd0, 0x00, 0x03, 0xff, 0xfd,
    0x00, 0x05, 0xff, 0xff, 0xaf, 0xfa, 0x00, 0x00,
    0x5f, 0xff, 0xb0, 0x00, 0x08, 0xff, 0xff, 0xff,
    0x60, 0x00, 0x06, 0xff, 0xfc, 0x00, 0x00, 0x0b,
    0xff, 0xff, 0xf1, 0x00, 0x00, 0x4f, 0xff, 0xe0,
    0x00, 0x00, 0x1e, 0xff, 0xfe, 0x00, 0x00, 0x01,
    0xff, 0xff, 0x90, 0x00, 0x02, 0xff, 0xff, 0xfa,
    0x00, 0x00, 0x0b, 0xff, 0xff, 0xd8, 0x7a, 0xff,
    0x8f, 0xff, 0xf6, 0x00, 0x00, 0x2f, 0xff, 0xff,
    0xff, 0xff, 0xd0, 0x7f, 0xff, 0xf3, 0x00, 0x00,
    0x3e, 0xff, 0xff, 0xff, 0xf3, 0x00, 0xbf, 0xff,
    0xd1, 0x00, 0x00, 0x07, 0xcf, 0xfd, 0x91, 0x00,
    0x01, 0xef, 0xff, 0xb0,

    /* U+0027 "'" */
    0xcf, 0xff, 0x2c, 0xff, 0xf2, 0xcf, 0xff, 0x2c,
    0xff, 0xf2, 0xcf, 0xff, 0x2c, 0xff, 0xf2, 0xcf,
    0xff, 0x2c, 0xff, 0xf2, 0xcf, 0xff, 0x2c, 0xff,
    0xf2, 0x7a, 0xaa, 0x10,

    /* U+0028 "(" */
    0x00, 0x00, 0x00, 0x19, 0x99, 0x92, 0x00, 0x00,
    0x01, 0xdf, 0xff, 0x40, 0x00, 0x00, 0x1d, 0xff,
    0xf3, 0x00, 0x00, 0x00, 0xbf, 0xff, 0x40, 0x00,
    0x00, 0x07, 0xff, 0xf6, 0x00, 0x00, 0x00, 0x1f,
    0xff, 0xb0, 0x00, 0x00, 0x00, 0x9f, 0xff, 0x10,
    0x00, 0x00, 0x01, 0xff, 0xf9, 0x00, 0x00, 0x00,
    0x07, 0xff, 0xf2, 0x00, 0x00, 0x00, 0x0c, 0xff,
    0xc0, 0x00, 0x00, 0x00, 0x1f, 0xff, 0x70, 0x00,
    0x00, 0x00, 0x5f, 0xff, 0x30, 0x00, 0x00, 0x00,
    0x8f, 0xff, 0x10, 0x00, 0x00, 0x00, 0xaf, 0xff,
    0x00, 0x00, 0x00, 0x00, 0xbf, 0xff, 0x00, 0x00,
    0x00, 0x00, 0xcf, 0xff, 0x00, 0x00, 0x00, 0x00,
    0xbf, 0xff, 0x00, 0x00, 0x00, 0x00, 0xaf, 0xff,
    0x00, 0x00, 0x00, 0x00, 0x9f, 0xff, 0x00, 0x00,
    0x00, 0x00, 0x6f, 0xff, 0x20, 0x00, 0x00, 0x00,
    0x3f, 0xff, 0x50, 0x00, 0x00, 0x00, 0x0e, 0xff,
    0x90, 0x00, 0x00, 0x00, 0x09, 0xff, 0xf0, 0x00,
    0x00, 0x00, 0x03, 0xff, 0xf6, 0x00, 0x00, 0x00,
    0x00, 0xcf, 0xfd, 0x00, 0x00, 0x00, 0x00, 0x4f,
    0xff, 0x70, 0x00, 0x00, 0x00, 0x0b, 0xff, 0xf2,
    0x00, 0x00, 0x00, 0x01, 0xef, 0xfd, 0x10, 0x00,
    0x00, 0x00, 0x4f, 0xff, 0xb0, 0x00, 0x00, 0x00,
    0x06, 0xff, 0xfc, 0x00, 0x00, 0x00, 0x00, 0x5f,
    0xff, 0xd2,

    /* U+0029 ")" */
    0x08, 0x99, 0x94, 0x00, 0x00, 0x00, 0x00, 0x1c,
    0xff, 0xf5, 0x00, 0x00, 0x00, 0x00, 0x0c, 0xff,
    0xf5, 0x00, 0x00, 0x00, 0x00, 0x0c, 0xff, 0xf2,
    0x00, 0x00, 0x00, 0x00, 0x1e, 0xff, 0xd0, 0x00,
    0x00, 0x00, 0x00, 0x5f, 0xff, 0x70, 0x00, 0x00,
    0x00, 0x00, 0xbf, 0xfe, 0x10, 0x00, 0x00, 0x00,
    0x02, 0xff, 0xf7, 0x00, 0x00, 0x00, 0x00, 0x0b,
    0xff, 0xd0, 0x00, 0x00, 0x00, 0x00, 0x5f, 0xff,
    0x30, 0x00, 0x00, 0x00, 0x01, 0xff, 0xf7, 0x00,
    0x00, 0x00, 0x00, 0x0d, 0xff, 0xb0, 0x00, 0x00,
    0x00, 0x00, 0xaf, 0xfe, 0x00, 0x00, 0x00, 0x00,
    0x09, 0xff, 0xf0, 0x00, 0x00, 0x00, 0x00, 0x9f,
    0xff, 0x10, 0x00, 0x00, 0x00, 0x09, 0xff, 0xf2,
    0x00, 0x00, 0x00, 0x00, 0x9f, 0xff, 0x10, 0x00,
    0x00, 0x00, 0x09, 0xff, 0xf1, 0x00, 0x00, 0x00,
    0x00, 0xaf, 0xff, 0x00, 0x00, 0x00, 0x00, 0x0b,
    0xff, 0xc0, 0x00, 0x00, 0x00, 0x00, 0xff, 0xf9,
    0x00, 0x00, 0x00, 0x00, 0x3f, 0xff, 0x40, 0x00,
    0x00, 0x00, 0x09, 0xff, 0xf0, 0x00, 0x00, 0x00,
    0x00, 0xef, 0xf9, 0x00, 0x00, 0x00, 0x00, 0x7f,
    0xff, 0x30, 0x00, 0x00, 0x00, 0x1f, 0xff, 0xa0,
    0x00, 0x00, 0x00, 0x0b, 0xff, 0xf2, 0x00, 0x00,
    0x00, 0x08, 0xff, 0xf6, 0x00, 0x00, 0x00, 0x06,
    0xff, 0xfa, 0x00, 0x00, 0x00, 0x06, 0xff, 0xfb,
    0x00, 0x00, 0x00, 0x09, 0xff, 0xfa, 0x00, 0x00,
    0x00, 0x00,

    /* U+002A "*" */
    0x00, 0x00, 0x00, 0x0b, 0xff, 0xf1, 0x00, 0x00,
    0x00, 0x00, 0x00, 0x00, 0x00, 0xbf, 0xff, 0x10,
    0x00, 0x00, 0x00, 0x00, 0x00, 0x00, 0x0b, 0xff,
    0xf1, 0x00, 0x00, 0x00, 0x00, 0x00, 0x00, 0x00,
    0xbf, 0xff, 0x10, 0x00, 0x00, 0x00, 0x07, 0x30,
    0x00, 0x0b, 0xff, 0xf1, 0x00, 0x01, 0x72, 0x01,
    0xff, 0xe8, 0x20, 0xbf, 0xff, 0x11, 0x6b, 0xff,
    0x80, 0x6f, 0xff, 0xff, 0xde, 0xff, 0xfb, 0xff,
    0xff, 0xfd, 0x0a, 0xff, 0xff, 0xff, 0xff, 0xff,
    0xff, 0xff, 0xff, 0xf1, 0x03, 0x8e, 0xff, 0xff,
    0xff, 0xff, 0xff, 0xfb, 0x50, 0x00, 0x00, 0x03,
    0x9f, 0xff, 0xff, 0xfb, 0x50, 0x00, 0x00, 0x00,
    0x00, 0x04, 0xff, 0xff, 0xff, 0xa0, 0x00, 0x00,
    0x00, 0x00, 0x01, 0xef, 0xff, 0xff, 0xff, 0x60,
    0x00, 0x00, 0x00, 0x00, 0xcf, 0xff, 0xc6, 0xff,
    0xff, 0x30, 0x00, 0x00, 0x00, 0x8f, 0xff, 0xe1,
    0x0a, 0xff, 0xfd, 0x00, 0x00, 0x00, 0x4f, 0xff,
    0xf5, 0x00, 0x0d, 0xff, 0xfa, 0x00, 0x00, 0x04,
    0xef, 0xf9, 0x00, 0x00, 0x3f, 0xff, 0x90, 0x00,
    0x00, 0x01, 0xad, 0x00, 0x00, 0x00, 0x7e, 0x40,
    0x00, 0x00, 0x00, 0x00, 0x00, 0x00, 0x00, 0x00,
    0x00, 0x00, 0x00,

    /* U+002B "+" */
    0x00, 0x00, 0x00, 0x69, 0x99, 0x10, 0x00, 0x00,
    0x00, 0x00, 0x00, 0x0b, 0xff, 0xf1, 0x00, 0x00,
    0x00, 0x00, 0x00, 0x00, 0xbf, 0xff, 0x10, 0x00,
    0x00, 0x00, 0x00, 0x00, 0x0b, 0xff, 0xf1, 0x00,
    0x00, 0x00, 0x00, 0x00, 0x00, 0xbf, 0xff, 0x10,
    0x00, 0x00, 0x00, 0x00, 0x00, 0x0b, 0xff, 0xf1,
    0x00, 0x00, 0x00, 0x00, 0x00, 0x00, 0xbf, 0xff,
    0x10, 0x00, 0x00, 0x0e, 0xff, 0xff, 0xff, 0xff,
    0xff, 0xff, 0xff, 0xf4, 0xef, 0xff, 0xff, 0xff,
    0xff, 0xff, 0xff, 0xff, 0x4e, 0xff, 0xff, 0xff,
    0xff, 0xff, 0xff, 0xff, 0xf4, 0x78, 0x88, 0x88,
    0xdf, 0xff, 0x98, 0x88, 0x88, 0x20, 0x00, 0x00,
    0x0b, 0xff, 0xf1, 0x00, 0x00, 0x00, 0x00, 0x00,
    0x00, 0xbf, 0xff, 0x10, 0x00, 0x00, 0x00, 0x00,
    0x00, 0x0b, 0xff, 0xf1, 0x00, 0x00, 0x00, 0x00,
    0x00, 0x00, 0xbf, 0xff, 0x10, 0x00, 0x00, 0x00,
    0x00, 0x00, 0x0b, 0xff, 0xf1, 0x00, 0x00, 0x00,
    0x00, 0x00, 0x00, 0xbf, 0xff, 0x10, 0x00, 0x00,
    0x00,

    /* U+002C "," */
    0x00, 0x99, 0x99, 0x97, 0x02, 0xff, 0xff, 0xf6,
    0x05, 0xff, 0xff, 0xf0, 0x08, 0xff, 0xff, 0x90,
    0x0b, 0xff, 0xff, 0x20, 0x0e, 0xff, 0xfb, 0x00,
    0x1f, 0xff, 0xf4, 0x00, 0x4f, 0xff, 0xe0, 0x00,
    0x6f, 0xff, 0x70, 0x00, 0x9f, 0xff, 0x10, 0x00,
    0xcf, 0xfa, 0x00, 0x00,

    /* U+002D "-" */
    0x04, 0x44, 0x44, 0x44, 0x44, 0x41, 0x1f, 0xff,
    0xff, 0xff, 0xff, 0xf7, 0x1f, 0xff, 0xff, 0xff,
    0xff, 0xf7, 0x1f, 0xff, 0xff, 0xff, 0xff, 0xf7,
    0x1f, 0xff, 0xff, 0xff, 0xff, 0xf7,

    /* U+002E "." */
    0x00, 0x02, 0x21, 0x00, 0x03, 0xef, 0xff, 0x90,
    0x0d, 0xff, 0xff, 0xf4, 0x0f, 0xff, 0xff, 0xf7,
    0x0f, 0xff, 0xff, 0xf6, 0x0c, 0xff, 0xff, 0xf3,
    0x02, 0xbf, 0xfd, 0x60,

    /* U+002F "/" */
    0x00, 0x00, 0x00, 0x00, 0x00, 0x01, 0x88, 0x85,
    0x00, 0x00, 0x00, 0x00, 0x00, 0x08, 0xff, 0xf6,
    0x00, 0x00, 0x00, 0x00, 0x00, 0x0e, 0xff, 0xf0,
    0x00, 0x00, 0x00, 0x00, 0x00, 0x4f, 0xff, 0xa0,
    0x00, 0x00, 0x00, 0x00, 0x00, 0xaf, 0xff, 0x40,
    0x00, 0x00, 0x00, 0x00, 0x00, 0xff, 0xfe, 0x00,
    0x00, 0x00, 0x00, 0x00, 0x05, 0xff, 0xf8, 0x00,
    0x00, 0x00, 0x00, 0x00, 0x0b, 0xff, 0xf2, 0x00,
    0x00, 0x00, 0x00, 0x00, 0x1f, 0xff, 0xd0, 0x00,
    0x00, 0x00, 0x00, 0x00, 0x7f, 0xff, 0x70, 0x00,
    0x00, 0x00, 0x00, 0x00, 0xdf, 0xff, 0x10, 0x00,
    0x00, 0x00, 0x00, 0x03, 0xff, 0xfb, 0x00, 0x00,
    0x00, 0x00, 0x00, 0x08, 0xff, 0xf5, 0x00, 0x00,
    0x00, 0x00, 0x00, 0x0e, 0xff, 0xf0, 0x00, 0x00,
    0x00, 0x00, 0x00, 0x4f, 0xff, 0x90, 0x00, 0x00,
    0x00, 0x00, 0x00, 0xaf, 0xff, 0x30, 0x00, 0x00,
    0x00, 0x00, 0x00, 0xff, 0xfe, 0x00, 0x00, 0x00,
    0x00, 0x00, 0x06, 0xff, 0xf8, 0x00, 0x00, 0x00,
    0x00, 0x00, 0x0c, 0xff, 0xf2, 0x00, 0x00, 0x00,
    0x00, 0x00, 0x2f, 0xff, 0xc0, 0x00, 0x00, 0x00,
    0x00, 0x00, 0x7f, 0xff, 0x60, 0x00, 0x00, 0x00,
    0x00, 0x00, 0xdf, 0xff, 0x10, 0x00, 0x00, 0x00,
    0x00, 0x03, 0xff, 0xfa, 0x00, 0x00, 0x00, 0x00,
    0x00, 0x09, 0xff, 0xf5, 0x00, 0x00, 0x00, 0x00,
    0x00, 0x0e, 0xff, 0xe0, 0x00, 0x00, 0x00, 0x00,
    0x00, 0x5f, 0xff, 0x90, 0x00, 0x00, 0x00, 0x00,
    0x00, 0xbf, 0xff, 0x30, 0x00, 0x00, 0x00, 0x00,
    0x01, 0xff, 0xfd, 0x00, 0x00, 0x00, 0x00, 0x00,
    0x06, 0xff, 0xf7, 0x00, 0x00, 0x00, 0x00, 0x00,
    0x0c, 0xff, 0xf1, 0x00, 0x00, 0x00, 0x00, 0x00,
    0x2f, 0xff, 0xb0, 0x00, 0x00, 0x00, 0x00, 0x00,

    /* U+0030 "0" */
    0x00, 0x00, 0x04, 0x9d, 0xef, 0xeb, 0x61, 0x00,
    0x00, 0x00, 0x00, 0x2b, 0xff, 0xff, 0xff, 0xff,
    0xe5, 0x00, 0x00, 0x00, 0x1e, 0xff, 0xff, 0xff,
    0xff, 0xff, 0xf6, 0x00, 0x00, 0x0c, 0xff, 0xff,
    0xda, 0x9c, 0xff, 0xff, 0xf2, 0x00, 0x05, 0xff,
    0xff, 0x70, 0x00, 0x02, 0xef, 0xff, 0xb0, 0x00,
    0xcf, 0xff, 0xa0, 0x00, 0x00, 0x04, 0xff, 0xff,
    0x20, 0x1f, 0xff, 0xf3, 0x00, 0x00, 0x00, 0x0d,
    0xff, 0xf7, 0x05, 0xff, 0xff, 0x00, 0x00, 0x00,
    0x00, 0x9f, 0xff, 0xb0, 0x8f, 0xff, 0xd0, 0x00,
    0x00, 0x00, 0x06, 0xff, 0xfe, 0x0a, 0xff, 0xfc,
    0x00, 0x00, 0x00, 0x00, 0x5f, 0xff, 0xf0, 0xbf,
    0xff, 0xc0, 0x06, 0xef, 0xb0, 0x05, 0xff, 0xff,
    0x1c, 0xff, 0xfc, 0x00, 0xdf, 0xff, 0x40, 0x5f,
    0xff, 0xf2, 0xcf, 0xff, 0xc0, 0x0d, 0xff, 0xf4,
    0x05, 0xff, 0xff, 0x2b, 0xff, 0xfc, 0x00, 0x6e,
    0xfb, 0x00, 0x5f, 0xff, 0xf1, 0xaf, 0xff, 0xc0,
    0x00, 0x00, 0x00, 0x05, 0xff, 0xff, 0x08, 0xff,
    0xfd, 0x00, 0x00, 0x00, 0x00, 0x6f, 0xff, 0xe0,
    0x5f, 0xff, 0xf0, 0x00, 0x00, 0x00, 0x09, 0xff,
    0xfb, 0x01, 0xff, 0xff, 0x30, 0x00, 0x00, 0x00,
    0xdf, 0xff, 0x70, 0x0c, 0xff, 0xfa, 0x00, 0x00,
    0x00, 0x4f, 0xff, 0xf2, 0x00, 0x6f, 0xff, 0xf7,
    0x00, 0x00, 0x2e, 0xff, 0xfb, 0x00, 0x00, 0xdf,
    0xff, 0xfd, 0xa9, 0xcf, 0xff, 0xff, 0x30, 0x00,
    0x02, 0xef, 0xff, 0xff, 0xff, 0xff, 0xff, 0x60,
    0x00, 0x00, 0x02, 0xbf, 0xff, 0xff, 0xff, 0xfe,
    0x60, 0x00, 0x00, 0x00, 0x00, 0x49, 0xdf, 0xfe,
    0xb7, 0x10, 0x00, 0x00,

    /* U+0031 "1" */
    0x00, 0x00, 0x03, 0xff, 0xff, 0xff, 0xf1, 0x00,
    0x00, 0x00, 0x00, 0x01, 0xef, 0xff, 0xff, 0xff,
    0x10, 0x00, 0x00, 0x00, 0x00, 0xcf, 0xff, 0xff,
    0xff, 0xf1, 0x00, 0x00, 0x00, 0x00, 0xaf, 0xff,
    0xe9, 0xff, 0xff, 0x10, 0x00, 0x00, 0x00, 0x8f,
    0xff, 0xf4, 0x6f, 0xff, 0xf1, 0x00, 0x00, 0x00,
    0x5f, 0xff, 0xf6, 0x06, 0xff, 0xff, 0x10, 0x00,
    0x00, 0x3f, 0xff, 0xf9, 0x00, 0x6f, 0xff, 0xf1,
    0x00, 0x00, 0x03, 0xef, 0xfb, 0x00, 0x06, 0xff,
    0xff, 0x10, 0x00, 0x00, 0x02, 0xdd, 0x10, 0x00,
    0x6f, 0xff, 0xf1, 0x00, 0x00, 0x00, 0x01, 0x20,
    0x00, 0x06, 0xff, 0xff, 0x10, 0x00, 0x00, 0x00,
    0x00, 0x00, 0x00, 0x6f, 0xff, 0xf1, 0x00, 0x00,
    0x00, 0x00, 0x00, 0x00, 0x06, 0xff, 0xff, 0x10,
    0x00, 0x00, 0x00, 0x00, 0x00, 0x00, 0x6f, 0xff,
    0xf1, 0x00, 0x00, 0x00, 0x00, 0x00, 0x00, 0x06,
    0xff, 0xff, 0x10, 0x00, 0x00, 0x00, 0x00, 0x00,
    0x00, 0x6f, 0xff, 0xf1, 0x00, 0x00, 0x00, 0x00,
    0x00, 0x00, 0x06, 0xff, 0xff, 0x10, 0x00, 0x00,
    0x00, 0x00, 0x00, 0x00, 0x6f, 0xff, 0xf1, 0x00,
    0x00, 0x00, 0x00, 0x00, 0x00, 0x06, 0xff, 0xff,
    0x10, 0x00, 0x00, 0x00, 0x00, 0x00, 0x00, 0x6f,
    0xff, 0xf1, 0x00, 0x00, 0x00, 0x00, 0x00, 0x00,
    0x06, 0xff, 0xff, 0x10, 0x00, 0x00, 0x00, 0x9a,
    0xaa, 0xaa, 0xcf, 0xff, 0xfa, 0xaa, 0xaa, 0x40,
    0x0e, 0xff, 0xff, 0xff, 0xff, 0xff, 0xff, 0xff,
    0xf7, 0x00, 0xef, 0xff, 0xff, 0xff, 0xff, 0xff,
    0xff, 0xff, 0x70, 0x0e, 0xff, 0xff, 0xff, 0xff,
    0xff, 0xff, 0xff, 0xf7,

    /* U+0032 "2" */
    0x00, 0x00, 0x05, 0xad, 0xff, 0xeb, 0x60, 0x00,
    0x00, 0x00, 0x04, 0xef, 0xff, 0xff, 0xff, 0xff,
    0x50, 0x00, 0x00, 0x6f, 0xff, 0xff, 0xff, 0xff,
    0xff, 0xf6, 0x00, 0x03, 0xff, 0xff, 0xff, 0xef,
    0xff, 0xff, 0xff, 0x20, 0x0d, 0xff, 0xff, 0x60,
    0x00, 0x3d, 0xff, 0xff, 0x90, 0x4f, 0xff, 0xf6,
    0x00, 0x00, 0x02, 0xff, 0xff, 0xe0, 0x04, 0xaf,
    0xc0, 0x00, 0x00, 0x00, 0xcf, 0xff, 0xf0, 0x00,
    0x00, 0x20, 0x00, 0x00, 0x00, 0xbf, 0xff, 0xf0,
    0x00, 0x00, 0x00, 0x00, 0x00, 0x00, 0xdf, 0xff,
    0xe0, 0x00, 0x00, 0x00, 0x00, 0x00, 0x02, 0xff,
    0xff, 0x90, 0x00, 0x00, 0x00, 0x00, 0x00, 0x0a,
    0xff, 0xff, 0x30, 0x00, 0x00, 0x00, 0x00, 0x00,
    0x7f, 0xff, 0xf9, 0x00, 0x00, 0x00, 0x00, 0x00,
    0x07, 0xff, 0xff, 0xd0, 0x00, 0x00, 0x00, 0x00,
    0x00, 0x8f, 0xff, 0xfd, 0x10, 0x00, 0x00, 0x00,
    0x00, 0x0a, 0xff, 0xff, 0xc1, 0x00, 0x00, 0x00,
    0x00, 0x01, 0xcf, 0xff, 0xfa, 0x00, 0x00, 0x00,
    0x00, 0x00, 0x2e, 0xff, 0xff, 0x80, 0x00, 0x00,
    0x00, 0x00, 0x04, 0xff, 0xff, 0xf5, 0x00, 0x00,
    0x00, 0x00, 0x00, 0x7f, 0xff, 0xfd, 0x20, 0x00,
    0x00, 0x00, 0x00, 0x09, 0xff, 0xff, 0xb0, 0x00,
    0x00, 0x00, 0x00, 0x00, 0x0f, 0xff, 0xff, 0xcc,
    0xcc, 0xcc, 0xcc, 0xcc, 0xc8, 0x0f, 0xff, 0xff,
    0xff, 0xff, 0xff, 0xff, 0xff, 0xfb, 0x0f, 0xff,
    0xff, 0xff, 0xff, 0xff, 0xff, 0xff, 0xfb, 0x0f,
    0xff, 0xff, 0xff, 0xff, 0xff, 0xff, 0xff, 0xfb,

    /* U+0033 "3" */
    0x00, 0x00, 0x16, 0xbe, 0xff, 0xeb, 0x72, 0x00,
    0x00, 0x00, 0x07, 0xff, 0xff, 0xff, 0xff, 0xff,
    0x90, 0x00, 0x00, 0xbf, 0xff, 0xff, 0xff, 0xff,
    0xff, 0xfb, 0x00, 0x0b, 0xff, 0xff, 0xfd, 0xbc,
    0xff, 0xff, 0xff, 0x70, 0x06, 0xff, 0xfa, 0x20,
    0x00, 0x08, 0xff, 0xff, 0xd0, 0x00, 0x3e, 0x70,
    0x00, 0x00, 0x00, 0xdf, 0xff, 0xf0, 0x00, 0x00,
    0x00, 0x00, 0x00, 0x00, 0xaf, 0xff, 0xf0, 0x00,
    0x00, 0x00, 0x00, 0x00, 0x00, 0xdf, 0xff, 0xb0,
    0x00, 0x00, 0x00, 0x00, 0x00, 0x19, 0xff, 0xff,
    0x30, 0x00, 0x00, 0x01, 0xbb, 0xbc, 0xff, 0xff,
    0xf5, 0x00, 0x00, 0x00, 0x01, 0xff, 0xff, 0xff,
    0xe8, 0x10, 0x00, 0x00, 0x00, 0x01, 0xff, 0xff,
    0xff, 0xea, 0x20, 0x00, 0x00, 0x00, 0x01, 0xff,
    0xff, 0xff, 0xff, 0xf7, 0x00, 0x00, 0x00, 0x00,
    0x00, 0x02, 0x5d, 0xff, 0xff, 0x70, 0x00, 0x00,
    0x00, 0x00, 0x00, 0x00, 0xcf, 0xff, 0xf0, 0x00,
    0x00, 0x00, 0x00, 0x00, 0x00, 0x4f, 0xff, 0xf5,
    0x00, 0x00, 0x00, 0x00, 0x00, 0x00, 0x2f, 0xff,
    0xf7, 0x00, 0x5a, 0x00, 0x00, 0x00, 0x00, 0x3f,
    0xff, 0xf7, 0x08, 0xff, 0x70, 0x00, 0x00, 0x00,
    0x9f, 0xff, 0xf4, 0xaf, 0xff, 0xf9, 0x10, 0x00,
    0x08, 0xff, 0xff, 0xe0, 0x3f, 0xff, 0xff, 0xfc,
    0xbc, 0xff, 0xff, 0xff, 0x60, 0x05, 0xff, 0xff,
    0xff, 0xff, 0xff, 0xff, 0xf9, 0x00, 0x00, 0x3d,
    0xff, 0xff, 0xff, 0xff, 0xfe, 0x60, 0x00, 0x00,
    0x00, 0x4a, 0xdf, 0xff, 0xda, 0x60, 0x00, 0x00,

    /* U+0034 "4" */
    0x00, 0x00, 0x00, 0x00, 0x00, 0xaf, 0xff, 0xff,
    0x30, 0x00, 0x00, 0x00, 0x00, 0x00, 0x04, 0xff,
    0xff, 0xff, 0x30, 0x00, 0x00, 0x00, 0x00, 0x00,
    0x0d, 0xff, 0xff, 0xff, 0x30, 0x00, 0x00, 0x00,
    0x00, 0x00, 0x8f, 0xff, 0xff, 0xff, 0x30, 0x00,
    0x00, 0x00, 0x00, 0x02, 0xff, 0xfb, 0xff, 0xff,
    0x30, 0x00, 0x00, 0x00, 0x00, 0x0c, 0xff, 0xe2,
    0xff, 0xff, 0x30, 0x00, 0x00, 0x00, 0x00, 0x6f,
    0xff, 0x61, 0xff, 0xff, 0x30, 0x00, 0x00, 0x00,
    0x01, 0xef, 0xfc, 0x01, 0xff, 0xff, 0x30, 0x00,
    0x00, 0x00, 0x09, 0xff, 0xf3, 0x01, 0xff, 0xff,
    0x30, 0x00, 0x00, 0x00, 0x3f, 0xff, 0x90, 0x01,
    0xff, 0xff, 0x30, 0x00, 0x00, 0x00, 0xdf, 0xfe,
    0x00, 0x01, 0xff, 0xff, 0x30, 0x00, 0x00, 0x07,
    0xff, 0xf5, 0x00, 0x01, 0xff, 0xff, 0x30, 0x00,
    0x00, 0x2f, 0xff, 0xb0, 0x00, 0x01, 0xff, 0xff,
    0x30, 0x00, 0x00, 0xbf, 0xff, 0x20, 0x00, 0x01,
    0xff, 0xff, 0x30, 0x00, 0x05, 0xff, 0xf8, 0x00,
    0x00, 0x01, 0xff, 0xff, 0x30, 0x00, 0x0e, 0xff,
    0xd0, 0x00, 0x00, 0x01, 0xff, 0xff, 0x30, 0x00,
    0x0f, 0xff, 0xff, 0xff, 0xff, 0xff, 0xff, 0xff,
    0xff, 0xf6, 0x0f, 0xff, 0xff, 0xff, 0xff, 0xff,
    0xff, 0xff, 0xff, 0xf6, 0x0f, 0xff, 0xff, 0xff,
    0xff, 0xff, 0xff, 0xff, 0xff, 0xf6, 0x07, 0x77,
    0x77, 0x77, 0x77, 0x78, 0xff, 0xff, 0x97, 0x72,
    0x00, 0x00, 0x00, 0x00, 0x00, 0x01, 0xff, 0xff,
    0x30, 0x00, 0x00, 0x00, 0x00, 0x00, 0x00, 0x01,
    0xff, 0xff, 0x30, 0x00, 0x00, 0x00, 0x00, 0x00,
    0x00, 0x01, 0xff, 0xff, 0x30, 0x00, 0x00, 0x00,
    0x00, 0x00, 0x00, 0x01, 0xff, 0xff, 0x30, 0x00,

    /* U+0035 "5" */
    0x00, 0x9f, 0xff, 0xff, 0xff, 0xff, 0xff, 0xff,
    0x90, 0x00, 0xaf, 0xff, 0xff, 0xff, 0xff, 0xff,
    0xff, 0x90, 0x00, 0xbf, 0xff, 0xff, 0xff, 0xff,
    0xff, 0xff, 0x90, 0x00, 0xcf, 0xff, 0xee, 0xee,
    0xee, 0xee, 0xee, 0x80, 0x00, 0xdf, 0xfb, 0x00,
    0x00, 0x00, 0x00, 0x00, 0x00, 0x00, 0xef, 0xf9,
    0x00, 0x00, 0x00, 0x00, 0x00, 0x00, 0x00, 0xff,
    0xf8, 0x00, 0x00, 0x00, 0x00, 0x00, 0x00, 0x01,
    0xff, 0xf7, 0x00, 0x00, 0x00, 0x00, 0x00, 0x00,
    0x02, 0xff, 0xf6, 0x00, 0x38, 0x98, 0x61, 0x00,
    0x00, 0x03, 0xff, 0xf5, 0x0b, 0xff, 0xff, 0xff,
    0x90, 0x00, 0x04, 0xff, 0xf4, 0xbf, 0xff, 0xff,
    0xff, 0xfd, 0x10, 0x05, 0xff, 0xfa, 0xff, 0xff,
    0xff, 0xff, 0xff, 0xb0, 0x06, 0xff, 0xff, 0xb4,
    0x10, 0x29, 0xff, 0xff, 0xf4, 0x02, 0x68, 0xa7,
    0x00, 0x00, 0x00, 0x7f, 0xff, 0xf9, 0x00, 0x00,
    0x00, 0x00, 0x00, 0x00, 0x0e, 0xff, 0xfd, 0x00,
    0x00, 0x00, 0x00, 0x00, 0x00, 0x0c, 0xff, 0xfe,
    0x00, 0x00, 0x00, 0x00, 0x00, 0x00, 0x0b, 0xff,
    0xfe, 0x00, 0x08, 0x40, 0x00, 0x00, 0x00, 0x0e,
    0xff, 0xfc, 0x01, 0xbf, 0xe2, 0x00, 0x00, 0x00,
    0x4f, 0xff, 0xf8, 0x1e, 0xff, 0xfe, 0x50, 0x00,
    0x04, 0xef, 0xff, 0xf2, 0x09, 0xff, 0xff, 0xfe,
    0xcb, 0xdf, 0xff, 0xff, 0x90, 0x00, 0xaf, 0xff,
    0xff, 0xff, 0xff, 0xff, 0xfb, 0x00, 0x00, 0x07,
    0xff, 0xff, 0xff, 0xff, 0xff, 0x80, 0x00, 0x00,
    0x00, 0x17, 0xbe, 0xff, 0xeb, 0x71, 0x00, 0x00,

    /* U+0036 "6" */
    0x00, 0x00, 0x00, 0x00, 0x7f, 0xff, 0xff, 0x80,
    0x00, 0x00, 0x00, 0x00, 0x0b, 0xff, 0xff, 0xe4,
    0x00, 0x00, 0x00, 0x00, 0x01, 0xcf, 0xff, 0xfc,
    0x10, 0x00, 0x00, 0x00, 0x00, 0x0c, 0xff, 0xff,
    0xa0, 0x00, 0x00, 0x00, 0x00, 0x00, 0xaf, 0xff,
    0xf9, 0x00, 0x00, 0x00, 0x00, 0x00, 0x06, 0xff,
    0xff, 0xa0, 0x00, 0x00, 0x00, 0x00, 0x00, 0x1e,
    0xff, 0xfc, 0x00, 0x00, 0x00, 0x00, 0x00, 0x00,
    0x9f, 0xff, 0xf2, 0x00, 0x00, 0x00, 0x00, 0x00,
    0x01, 0xff, 0xff, 0x80, 0x04, 0x66, 0x40, 0x00,
    0x00, 0x07, 0xff, 0xff, 0x16, 0xef, 0xff, 0xff,
    0x80, 0x00, 0x0c, 0xff, 0xfa, 0x7f, 0xff, 0xff,
    0xff, 0xfd, 0x10, 0x0f, 0xff, 0xf8, 0xff, 0xff,
    0xff, 0xff, 0xff, 0xb0, 0x4f, 0xff, 0xff, 0xd4,
    0x10, 0x27, 0xff, 0xff, 0xf4, 0x5f, 0xff, 0xfd,
    0x00, 0x00, 0x00, 0x4f, 0xff, 0xfa, 0x6f, 0xff,
    0xf6, 0x00, 0x00, 0x00, 0x0c, 0xff, 0xfd, 0x6f,
    0xff, 0xf3, 0x00, 0x00, 0x00, 0x09, 0xff, 0xff,
    0x4f, 0xff, 0xf2, 0x00, 0x00, 0x00, 0x09, 0xff,
    0xff, 0x1f, 0xff, 0xf4, 0x00, 0x00, 0x00, 0x0b,
    0xff, 0xfd, 0x0d, 0xff, 0xf9, 0x00, 0x00, 0x00,
    0x1f, 0xff, 0xf9, 0x06, 0xff, 0xff, 0x50, 0x00,
    0x00, 0xbf, 0xff, 0xf3, 0x00, 0xdf, 0xff, 0xfc,
    0x98, 0xae, 0xff, 0xff, 0xa0, 0x00, 0x2e, 0xff,
    0xff, 0xff, 0xff, 0xff, 0xfc, 0x00, 0x00, 0x01,
    0xcf, 0xff, 0xff, 0xff, 0xff, 0x90, 0x00, 0x00,
    0x00, 0x04, 0x9d, 0xef, 0xec, 0x82, 0x00, 0x00,

    /* U+0037 "7" */
    0x2f, 0xff, 0xff, 0xff, 0xff, 0xff, 0xff, 0xff,
    0xf9, 0x2f, 0xff, 0xff, 0xff, 0xff, 0xff, 0xff,
    0xff, 0xf9, 0x2f, 0xff, 0xff, 0xff, 0xff, 0xff,
    0xff, 0xff, 0xf9, 0x2f, 0xff, 0xea, 0xaa, 0xaa,
    0xaa, 0xaf, 0xff, 0xf8, 0x2f, 0xff, 0xa0, 0x00,
    0x00, 0x00, 0x3f, 0xff, 0xf5, 0x2f, 0xff, 0xa0,
    0x00, 0x00, 0x00, 0xaf, 0xff, 0xe0, 0x2f, 0xff,
    0xa0, 0x00, 0x00, 0x01, 0xff, 0xff, 0x70, 0x2f,
    0xff, 0xa0, 0x00, 0x00, 0x07, 0xff, 0xff, 0x10,
    0x01, 0x11, 0x00, 0x00, 0x00, 0x0d, 0xff, 0xfa,
    0x00, 0x00, 0x00, 0x00, 0x00, 0x00, 0x4f, 0xff,
    0xf4, 0x00, 0x00, 0x00, 0x00, 0x00, 0x00, 0xbf,
    0xff, 0xd0, 0x00, 0x00, 0x00, 0x00, 0x00, 0x02,
    0xff, 0xff, 0x70, 0x00, 0x00, 0x00, 0x00, 0x00,
    0x08, 0xff, 0xff, 0x10, 0x00, 0x00, 0x00, 0x00,
    0x00, 0x0e, 0xff, 0xfa, 0x00, 0x00, 0x00, 0x00,
    0x00, 0x00, 0x6f, 0xff, 0xf3, 0x00, 0x00, 0x00,
    0x00, 0x00, 0x00, 0xcf, 0xff, 0xd0, 0x00, 0x00,
    0x00, 0x00, 0x00, 0x03, 0xff, 0xff, 0x60, 0x00,
    0x00, 0x00, 0x00, 0x00, 0x0a, 0xff, 0xff, 0x00,
    0x00, 0x00, 0x00, 0x00, 0x00, 0x1f, 0xff, 0xf9,
    0x00, 0x00, 0x00, 0x00, 0x00, 0x00, 0x7f, 0xff,
    0xf3, 0x00, 0x00, 0x00, 0x00, 0x00, 0x00, 0xdf,
    0xff, 0xc0, 0x00, 0x00, 0x00, 0x00, 0x00, 0x04,
    0xff, 0xff, 0x60, 0x00, 0x00, 0x00, 0x00, 0x00,
    0x0b, 0xff, 0xff, 0x00, 0x00, 0x00, 0x00, 0x00,
    0x00, 0x2f, 0xff, 0xf9, 0x00, 0x00, 0x00, 0x00,

    /* U+0038 "8" */
    0x00, 0x00, 0x17, 0xbe, 0xff, 0xec, 0x94, 0x00,
    0x00, 0x00, 0x08, 0xff, 0xff, 0xff, 0xff, 0xff,
    0xc2, 0x00, 0x00, 0x9f, 0xff, 0xff, 0xff, 0xff,
    0xff, 0xfe, 0x10, 0x04, 0xff, 0xff, 0xfb, 0x98,
    0xae, 0xff, 0xff, 0xb0, 0x0a, 0xff, 0xff, 0x30,
    0x00, 0x00, 0xbf, 0xff, 0xf1, 0x0d, 0xff, 0xf8,
    0x00, 0x00, 0x00, 0x2f, 0xff, 0xf3, 0x0d, 0xff,
    0xf6, 0x00, 0x00, 0x00, 0x0f, 0xff, 0xf3, 0x09,
    0xff, 0xf8, 0x00, 0x00, 0x00, 0x1f, 0xff, 0xf0,
    0x03, 0xff, 0xfe, 0x10, 0x00, 0x00, 0x9f, 0xff,
    0x80, 0x00, 0x5f, 0xff, 0xf9, 0x65, 0x7d, 0xff,
    0xfa, 0x00, 0x00, 0x03, 0xbf, 0xff, 0xff, 0xff,
    0xfd, 0x60, 0x00, 0x00, 0x00, 0x6f, 0xff, 0xff,
    0xff, 0xfa, 0x20, 0x00, 0x00, 0x4e, 0xff, 0xff,
    0xff, 0xff, 0xff, 0xf9, 0x00, 0x06, 0xff, 0xff,
    0xb3, 0x10, 0x27, 0xff, 0xff, 0xc0, 0x1f, 0xff,
    0xf9, 0x00, 0x00, 0x00, 0x3f, 0xff, 0xf6, 0x6f,
    0xff, 0xf2, 0x00, 0x00, 0x00, 0x0c, 0xff, 0xfc,
    0x8f, 0xff, 0xf0, 0x00, 0x00, 0x00, 0x0a, 0xff,
    0xfe, 0x8f, 0xff, 0xf1, 0x00, 0x00, 0x00, 0x0b,
    0xff, 0xfe, 0x6f, 0xff, 0xf5, 0x00, 0x00, 0x00,
    0x0e, 0xff, 0xfc, 0x1f, 0xff, 0xfe, 0x20, 0x00,
    0x00, 0xaf, 0xff, 0xf7, 0x09, 0xff, 0xff, 0xfb,
    0x88, 0xae, 0xff, 0xff, 0xe1, 0x00, 0xcf, 0xff,
    0xff, 0xff, 0xff, 0xff, 0xff, 0x30, 0x00, 0x08,
    0xff, 0xff, 0xff, 0xff, 0xff, 0xc2, 0x00, 0x00,
    0x00, 0x17, 0xbe, 0xff, 0xec, 0x94, 0x00, 0x00,

    /* U+0039 "9" */
    0x00, 0x00, 0x06, 0xad, 0xff, 0xeb, 0x60, 0x00,
    0x00, 0x00, 0x05, 0xef, 0xff, 0xff, 0xff, 0xfe,
    0x50, 0x00, 0x00, 0x6f, 0xff, 0xff, 0xff, 0xff,
    0xff, 0xf7, 0x00, 0x04, 0xff, 0xff, 0xfc, 0x98,
    0xaf, 0xff, 0xff, 0x40, 0x0d, 0xff, 0xff, 0x30,
    0x00, 0x01, 0xdf, 0xff, 0xc0, 0x3f, 0xff, 0xf6,
    0x00, 0x00, 0x00, 0x3f, 0xff, 0xf3, 0x7f, 0xff,
    0xf1, 0x00, 0x00, 0x00, 0x0d, 0xff, 0xf8, 0x8f,
    0xff, 0xf0, 0x00, 0x00, 0x00, 0x0c, 0xff, 0xfb,
    0x9f, 0xff, 0xf0, 0x00, 0x00, 0x00, 0x0c, 0xff,
    0xfc, 0x7f, 0xff, 0xf3, 0x00, 0x00, 0x00, 0x0f,
    0xff, 0xfd, 0x4f, 0xff, 0xfb, 0x00, 0x00, 0x00,
    0x7f, 0xff, 0xfb, 0x0e, 0xff, 0xff, 0xb3, 0x00,
    0x29, 0xff, 0xff, 0xfa, 0x05, 0xff, 0xff, 0xff,
    0xff, 0xff, 0x9e, 0xff, 0xf7, 0x00, 0x8f, 0xff,
    0xff, 0xff, 0xfc, 0x4f, 0xff, 0xf3, 0x00, 0x05,
    0xdf, 0xff, 0xff, 0xa1, 0xaf, 0xff, 0xd0, 0x00,
    0x00, 0x02, 0x56, 0x51, 0x02, 0xff, 0xff, 0x70,
    0x00, 0x00, 0x00, 0x00, 0x00, 0x0b, 0xff, 0xfe,
    0x00, 0x00, 0x00, 0x00, 0x00, 0x00, 0x7f, 0xff,
    0xf6, 0x00, 0x00, 0x00, 0x00, 0x00, 0x04, 0xff,
    0xff, 0xc0, 0x00, 0x00, 0x00, 0x00, 0x00, 0x4f,
    0xff, 0xfe, 0x10, 0x00, 0x00, 0x00, 0x00, 0x05,
    0xff, 0xff, 0xf4, 0x00, 0x00, 0x00, 0x00, 0x00,
    0x7f, 0xff, 0xff, 0x50, 0x00, 0x00, 0x00, 0x00,
    0x1b, 0xff, 0xff, 0xe4, 0x00, 0x00, 0x00, 0x00,
    0x04, 0xef, 0xff, 0xfc, 0x20, 0x00, 0x00, 0x00,

    /* U+003A ":" */
    0x02, 0xbf, 0xfd, 0x60, 0x0c, 0xff, 0xff, 0xf3,
    0x0f, 0xff, 0xff, 0xf6, 0x0f, 0xff, 0xff, 0xf7,
    0x0d, 0xff, 0xff, 0xf4, 0x04, 0xef, 0xff, 0x90,
    0x00, 0x02, 0x31, 0x00, 0x00, 0x00, 0x00, 0x00,
    0x00, 0x00, 0x00, 0x00, 0x00, 0x00, 0x00, 0x00,
    0x00, 0x00, 0x00, 0x00, 0x00, 0x02, 0x21, 0x00,
    0x03, 0xef, 0xff, 0x90, 0x0d, 0xff, 0xff, 0xf4,
    0x0f, 0xff, 0xff, 0xf7, 0x0f, 0xff, 0xff, 0xf6,
    0x0c, 0xff, 0xff, 0xf3, 0x02, 0xbf, 0xfd, 0x60,

    /* U+003B ";" */
    0x02, 0xbf, 0xfd, 0x60, 0x0c, 0xff, 0xff, 0xf3,
    0x0f, 0xff, 0xff, 0xf6, 0x0f, 0xff, 0xff, 0xf7,
    0x0d, 0xff, 0xff, 0xf4, 0x04, 0xef, 0xff, 0x90,
    0x00, 0x02, 0x31, 0x00, 0x00, 0x00, 0x00, 0x00,
    0x00, 0x00, 0x00, 0x00, 0x00, 0x00, 0x00, 0x00,
    0x00, 0x00, 0x00, 0x00, 0x00, 0x00, 0x00, 0x00,
    0x00, 0x99, 0x99, 0x97, 0x02, 0xff, 0xff, 0xf6,
    0x05, 0xff, 0xff, 0xf0, 0x08, 0xff, 0xff, 0x90,
    0x0b, 0xff, 0xff, 0x20, 0x0e, 0xff, 0xfb, 0x00,
    0x1f, 0xff, 0xf4, 0x00, 0x4f, 0xff, 0xe0, 0x00,
    0x6f, 0xff, 0x70, 0x00, 0x9f, 0xff, 0x10, 0x00,
    0xcf, 0xfa, 0x00, 0x00,

    /* U+003C "<" */
    0x00, 0x00, 0x00, 0x00, 0x00, 0x00, 0x00, 0x02,
    0x00, 0x00, 0x00, 0x00, 0x00, 0x00, 0x05, 0xe8,
    0x00, 0x00, 0x00, 0x00, 0x00, 0x04, 0xdf, 0xf8,
    0x00, 0x00, 0x00, 0x00, 0x02, 0xbf, 0xff, 0xf8,
    0x00, 0x00, 0x00, 0x01, 0x9f, 0xff, 0xff, 0xf6,
    0x00, 0x00, 0x00, 0x8f, 0xff, 0xff, 0xfc, 0x30,
    0x00, 0x00, 0x6e, 0xff, 0xff, 0xfd, 0x40, 0x00,
    0x00, 0x5d, 0xff, 0xff, 0xfe, 0x60, 0x00, 0x00,
    0x0c, 0xff, 0xff, 0xff, 0x70, 0x00, 0x00, 0x00,
    0x1f, 0xff, 0xff, 0x91, 0x00, 0x00, 0x00, 0x00,
    0x1f, 0xff, 0xf2, 0x00, 0x00, 0x00, 0x00, 0x00,
    0x1f, 0xff, 0xfd, 0x50, 0x00, 0x00, 0x00, 0x00,
    0x1e, 0xff, 0xff, 0xfc, 0x40, 0x00, 0x00, 0x00,
    0x00, 0x8f, 0xff, 0xff, 0xfb, 0x30, 0x00, 0x00,
    0x00, 0x01, 0xaf, 0xff, 0xff, 0xfa, 0x20, 0x00,
    0x00, 0x00, 0x02, 0xbf, 0xff, 0xff, 0xf8, 0x10,
    0x00, 0x00, 0x00, 0x04, 0xdf, 0xff, 0xff, 0xf5,
    0x00, 0x00, 0x00, 0x00, 0x06, 0xef, 0xff, 0xf8,
    0x00, 0x00, 0x00, 0x00, 0x00, 0x07, 0xff, 0xf8,
    0x00, 0x00, 0x00, 0x00, 0x00, 0x00, 0x19, 0xf8,
    0x00, 0x00, 0x00, 0x00, 0x00, 0x00, 0x00, 0x24,

    /* U+003D "=" */
    0xef, 0xff, 0xff, 0xff, 0xff, 0xff, 0xff, 0xff,
    0x4e, 0xff, 0xff, 0xff, 0xff, 0xff, 0xff, 0xff,
    0xf4, 0xef, 0xff, 0xff, 0xff, 0xff, 0xff, 0xff,
    0xff, 0x47, 0x88, 0x88, 0x88, 0x88, 0x88, 0x88,
    0x88, 0x82, 0x00, 0x00, 0x00, 0x00, 0x00, 0x00,
    0x00, 0x00, 0x00, 0x00, 0x00, 0x00, 0x00, 0x00,
    0x00, 0x00, 0x00, 0x00, 0x00, 0x00, 0x00, 0x00,
    0x00, 0x00, 0x00, 0x07, 0x88, 0x88, 0x88, 0x88,
    0x88, 0x88, 0x88, 0x82, 0xef, 0xff, 0xff, 0xff,
    0xff, 0xff, 0xff, 0xff, 0x4e, 0xff, 0xff, 0xff,
    0xff, 0xff, 0xff, 0xff, 0xf4, 0xef, 0xff, 0xff,
    0xff, 0xff, 0xff, 0xff, 0xff, 0x40,

    /* U+003E ">" */
    0x02, 0x00, 0x00, 0x00, 0x00, 0x00, 0x00, 0x00,
    0x1f, 0x91, 0x00, 0x00, 0x00, 0x00, 0x00, 0x00,
    0x1f, 0xff, 0x70, 0x00, 0x00, 0x00, 0x00, 0x00,
    0x1f, 0xff, 0xfe, 0x60, 0x00, 0x00, 0x00, 0x00,
    0x1e, 0xff, 0xff, 0xfd, 0x40, 0x00, 0x00, 0x00,
    0x01, 0x8f, 0xff, 0xff, 0xfb, 0x30, 0x00, 0x00,
    0x00, 0x01, 0xaf, 0xff, 0xff, 0xfa, 0x20, 0x00,
    0x00, 0x00, 0x02, 0xbf, 0xff, 0xff, 0xf8, 0x10,
    0x00, 0x00, 0x00, 0x04, 0xcf, 0xff, 0xff, 0xe4,
    0x00, 0x00, 0x00, 0x00, 0x05, 0xdf, 0xff, 0xf8,
    0x00, 0x00, 0x00, 0x00, 0x00, 0x0a, 0xff, 0xf8,
    0x00, 0x00, 0x00, 0x00, 0x02, 0xaf, 0xff, 0xf8,
    0x00, 0x00, 0x00, 0x01, 0x9f, 0xff, 0xff, 0xf6,
    0x00, 0x00, 0x00, 0x8f, 0xff, 0xff, 0xfb, 0x30,
    0x00, 0x00, 0x6e, 0xff, 0xff, 0xfd, 0x40, 0x00,
    0x00, 0x5d, 0xff, 0xff, 0xfe, 0x60, 0x00, 0x00,
    0x0c, 0xff, 0xff, 0xff, 0x80, 0x00, 0x00, 0x00,
    0x1f, 0xff, 0xff, 0x91, 0x00, 0x00, 0x00, 0x00,
    0x1f, 0xff, 0xb2, 0x00, 0x00, 0x00, 0x00, 0x00,
    0x1f, 0xc4, 0x00, 0x00, 0x00, 0x00, 0x00, 0x00,
    0x15, 0x00, 0x00, 0x00, 0x00, 0x00, 0x00, 0x00,

    /* U+003F "?" */
    0x00, 0x00, 0x5a, 0xef, 0xfe, 0xa5, 0x00, 0x00,
    0x00, 0x3d, 0xff, 0xff, 0xff, 0xff, 0xe3, 0x00,
    0x03, 0xff, 0xff, 0xff, 0xff, 0xff, 0xff, 0x40,
    0x0d, 0xff, 0xff, 0xfc, 0xdf, 0xff, 0xff, 0xe0,
    0x6f, 0xff, 0xf8, 0x00, 0x01, 0xcf, 0xff, 0xf6,
    0x5d, 0xff, 0x80, 0x00, 0x00, 0x1f, 0xff, 0xfa,
    0x00, 0x4a, 0x10, 0x00, 0x00, 0x0e, 0xff, 0xfb,
    0x00, 0x00, 0x00, 0x00, 0x00, 0x0e, 0xff, 0xfa,
    0x00, 0x00, 0x00, 0x00, 0x00, 0x3f, 0xff, 0xf7,
    0x00, 0x00, 0x00, 0x00, 0x02, 0xdf, 0xff, 0xf1,
    0x00, 0x00, 0x03, 0x57, 0xbf, 0xff, 0xff, 0x60,
    0x00, 0x00, 0x0a, 0xff, 0xff, 0xff, 0xf7, 0x00,
    0x00, 0x00, 0x0a, 0xff, 0xff, 0xfb, 0x30, 0x00,
    0x00, 0x00, 0x0a, 0xff, 0xfa, 0x00, 0x00, 0x00,
    0x00, 0x00, 0x0a, 0xff, 0xf8, 0x00, 0x00, 0x00,
    0x00, 0x00, 0x0a, 0xff, 0xf8, 0x00, 0x00, 0x00,
    0x00, 0x00, 0x00, 0x00, 0x00, 0x00, 0x00, 0x00,
    0x00, 0x00, 0x00, 0x00, 0x00, 0x00, 0x00, 0x00,
    0x00, 0x00, 0x05, 0xbd, 0xc6, 0x00, 0x00, 0x00,
    0x00, 0x00, 0x3f, 0xff, 0xff, 0x50, 0x00, 0x00,
    0x00, 0x00, 0x8f, 0xff, 0xff, 0x90, 0x00, 0x00,
    0x00, 0x00, 0x8f, 0xff, 0xff, 0x90, 0x00, 0x00,
    0x00, 0x00, 0x4f, 0xff, 0xff, 0x60, 0x00, 0x00,
    0x00, 0x00, 0x07, 0xdf, 0xe9, 0x00, 0x00, 0x00,

    /* U+0040 "@" */
    0x00, 0x00, 0x04, 0x9d, 0xef, 0xec, 0x71, 0x00,
    0x00, 0x00, 0x01, 0xbf, 0xff, 0xff, 0xff, 0xff,
    0x80, 0x00, 0x00, 0x0c, 0xff, 0xff, 0xff, 0xff,
    0xff, 0xf9, 0x00, 0x00, 0x8f, 0xff, 0xb3, 0x00,
    0x03, 0xbf, 0xff, 0x50, 0x01, 0xff, 0xfa, 0x00,
    0x00, 0x00, 0x09, 0xff, 0xd0, 0x06, 0xff, 0xe1,
    0x00, 0x00, 0x00, 0x01, 0xff, 0xf2, 0x0b, 0xff,
    0x90, 0x00, 0x3c, 0xfe, 0x80, 0xdf, 0xf6, 0x0f,
    0xff, 0x50, 0x03, 0xff, 0xff, 0xf8, 0xbf, 0xf7,
    0x2f, 0xff, 0x20, 0x0c, 0xff, 0xfc, 0xbe, 0xef,
    0xf8, 0x4f, 0xff, 0x00, 0x1f, 0xff, 0x70, 0x02,
    0xff, 0xf8, 0x5f, 0xff, 0x00, 0x5f, 0xff, 0x00,
    0x00, 0xcf, 0xf8, 0x6f, 0xff, 0x00, 0x7f, 0xfe,
    0x00, 0x00, 0xbf, 0xf8, 0x7f, 0xff, 0x00, 0x8f,
    0xfe, 0x00, 0x00, 0xbf, 0xf8, 0x7f, 0xff, 0x00,
    0x8f, 0xfe, 0x00, 0x00, 0xbf, 0xf8, 0x6f, 0xff,
    0x00, 0x8f, 0xfe, 0x00, 0x00, 0xbf, 0xf8, 0x6f,
    0xff, 0x00, 0x6f, 0xfe, 0x00, 0x00, 0xbf, 0xf8,
    0x5f, 0xff, 0x00, 0x4f, 0xff, 0x20, 0x00, 0xdf,
    0xf8, 0x3f, 0xff, 0x00, 0x0f, 0xff, 0xb1, 0x18,
    0xff, 0xf8, 0x1f, 0xff, 0x20, 0x09, 0xff, 0xff,
    0xfe, 0xcf, 0xf8, 0x0e, 0xff, 0x60, 0x00, 0xcf,
    0xff, 0xf4, 0xbf, 0xf8, 0x09, 0xff, 0xb0, 0x00,
    0x06, 0x98, 0x20, 0x24, 0x42, 0x05, 0xff, 0xf3,
    0x00, 0x00, 0x00, 0x00, 0x00, 0x00, 0x00, 0xdf,
    0xfe, 0x20, 0x00, 0x00, 0x00, 0x00, 0x00, 0x00,
    0x4f, 0xff, 0xf7, 0x20, 0x00, 0x00, 0x00, 0x00,
    0x00, 0x07, 0xff, 0xff, 0xff, 0xee, 0xee, 0x30,
    0x00, 0x00, 0x00, 0x5e, 0xff, 0xff, 0xff, 0xff,
    0x40, 0x00, 0x00, 0x00, 0x00, 0x5a, 0xde, 0xff,
    0xff, 0x40, 0x00,

    /* U+0041 "A" */
    0x00, 0x00, 0x00, 0x0f, 0xff, 0xff, 0xf6, 0x00,
    0x00, 0x00, 0x00, 0x00, 0x00, 0x4f, 0xff, 0xff,
    0xfb, 0x00, 0x00, 0x00, 0x00, 0x00, 0x00, 0x9f,
    0xff, 0xff, 0xff, 0x00, 0x00, 0x00, 0x00, 0x00,
    0x00, 0xdf, 0xff, 0xff, 0xff, 0x40, 0x00, 0x00,
    0x00, 0x00, 0x02, 0xff, 0xff, 0xef, 0xff, 0x80,
    0x00, 0x00, 0x00, 0x00, 0x06, 0xff, 0xfb, 0x8f,
    0xff, 0xd0, 0x00, 0x00, 0x00, 0x00, 0x0b, 0xff,
    0xf7, 0x4f, 0xff, 0xf1, 0x00, 0x00, 0x00, 0x00,
    0x0f, 0xff, 0xf3, 0x0f, 0xff, 0xf6, 0x00, 0x00,
    0x00, 0x00, 0x4f, 0xff, 0xe0, 0x0b, 0xff, 0xfa,
    0x00, 0x00, 0x00, 0x00, 0x8f, 0xff, 0xa0, 0x07,
    0xff, 0xfe, 0x00, 0x00, 0x00, 0x00, 0xcf, 0xff,
    0x60, 0x02, 0xff, 0xff, 0x30, 0x00, 0x00, 0x01,
    0xff, 0xff, 0x10, 0x00, 0xef, 0xff, 0x70, 0x00,
    0x00, 0x05, 0xff, 0xfd, 0x00, 0x00, 0xaf, 0xff,
    0xc0, 0x00, 0x00, 0x0a, 0xff, 0xf9, 0x00, 0x00,
    0x5f, 0xff, 0xf1, 0x00, 0x00, 0x0e, 0xff, 0xfc,
    0xaa, 0xaa, 0xbf, 0xff, 0xf5, 0x00, 0x00, 0x3f,
    0xff, 0xff, 0xff, 0xff, 0xff, 0xff, 0xf9, 0x00,
    0x00, 0x7f, 0xff, 0xff, 0xff, 0xff, 0xff, 0xff,
    0xfe, 0x00, 0x00, 0xcf, 0xff, 0xff, 0xff, 0xff,
    0xff, 0xff, 0xff, 0x20, 0x00, 0xff, 0xff, 0x60,
    0x00, 0x00, 0x04, 0xff, 0xff, 0x70, 0x05, 0xff,
    0xff, 0x20, 0x00, 0x00, 0x00, 0xff, 0xff, 0xb0,
    0x09, 0xff, 0xfe, 0x00, 0x00, 0x00, 0x00, 0xbf,
    0xff, 0xf0, 0x0d, 0xff, 0xf9, 0x00, 0x00, 0x00,
    0x00, 0x6f, 0xff, 0xf4, 0x2f, 0xff, 0xf5, 0x00,
    0x00, 0x00, 0x00, 0x2f, 0xff, 0xf9, 0x6f, 0xff,
    0xf1, 0x00, 0x00, 0x00, 0x00, 0x0d, 0xff, 0xfd,

    /* U+0042 "B" */
    0x4f, 0xff, 0xff, 0xff, 0xff, 0xea, 0x50, 0x00,
    0x04, 0xff, 0xff, 0xff, 0xff, 0xff, 0xff, 0xc1,
    0x00, 0x4f, 0xff, 0xff, 0xff, 0xff, 0xff, 0xff,
    0xd0, 0x04, 0xff, 0xff, 0x43, 0x34, 0x7d, 0xff,
    0xff, 0x70, 0x4f, 0xff, 0xf1, 0x00, 0x00, 0x1e,
    0xff, 0xfc, 0x04, 0xff, 0xff, 0x10, 0x00, 0x00,
    0xaf, 0xff, 0xe0, 0x4f, 0xff, 0xf1, 0x00, 0x00,
    0x09, 0xff, 0xfe, 0x04, 0xff, 0xff, 0x10, 0x00,
    0x00, 0x9f, 0xff, 0xc0, 0x4f, 0xff, 0xf1, 0x00,
    0x00, 0x0d, 0xff, 0xf7, 0x04, 0xff, 0xff, 0x10,
    0x00, 0x3a, 0xff, 0xfc, 0x00, 0x4f, 0xff, 0xff,
    0xff, 0xff, 0xff, 0xf9, 0x00, 0x04, 0xff, 0xff,
    0xff, 0xff, 0xff, 0xf9, 0x20, 0x00, 0x4f, 0xff,
    0xff, 0xff, 0xff, 0xff, 0xff, 0x90, 0x04, 0xff,
    0xff, 0x21, 0x12, 0x37, 0xef, 0xff, 0xb0, 0x4f,
    0xff, 0xf1, 0x00, 0x00, 0x03, 0xff, 0xff, 0x44,
    0xff, 0xff, 0x10, 0x00, 0x00, 0x0d, 0xff, 0xf9,
    0x4f, 0xff, 0xf1, 0x00, 0x00, 0x00, 0xcf, 0xff,
    0xb4, 0xff, 0xff, 0x10, 0x00, 0x00, 0x0c, 0xff,
    0xfb, 0x4f, 0xff, 0xf1, 0x00, 0x00, 0x00, 0xef,
    0xff, 0xa4, 0xff, 0xff, 0x10, 0x00, 0x00, 0x4f,
    0xff, 0xf6, 0x4f, 0xff, 0xf4, 0x33, 0x35, 0x9f,
    0xff, 0xfe, 0x04, 0xff, 0xff, 0xff, 0xff, 0xff,
    0xff, 0xff, 0x50, 0x4f, 0xff, 0xff, 0xff, 0xff,
    0xff, 0xff, 0x60, 0x04, 0xff, 0xff, 0xff, 0xff,
    0xff, 0xd8, 0x20, 0x00,

    /* U+0043 "C" */
    0x00, 0x00, 0x01, 0x7b, 0xef, 0xfd, 0xa4, 0x00,
    0x00, 0x00, 0x00, 0x6f, 0xff, 0xff, 0xff, 0xff,
    0xb1, 0x00, 0x00, 0x07, 0xff, 0xff, 0xff, 0xff,
    0xff, 0xfd, 0x10, 0x00, 0x4f, 0xff, 0xff, 0xda,
    0xbf, 0xff, 0xff, 0xb0, 0x00, 0xdf, 0xff, 0xf4,
    0x00, 0x01, 0xbf, 0xff, 0xf3, 0x04, 0xff, 0xff,
    0x60, 0x00, 0x00, 0x1e, 0xff, 0xfa, 0x09, 0xff,
    0xfe, 0x00, 0x00, 0x00, 0x08, 0xfe, 0xa5, 0x0d,
    0xff, 0xfa, 0x00, 0x00, 0x00, 0x01, 0x30, 0x00,
    0x0f, 0xff, 0xf8, 0x00, 0x00, 0x00, 0x00, 0x00,
    0x00, 0x2f, 0xff, 0xf7, 0x00, 0x00, 0x00, 0x00,
    0x00, 0x00, 0x3f, 0xff, 0xf6, 0x00, 0x00, 0x00,
    0x00, 0x00, 0x00, 0x4f, 0xff, 0xf6, 0x00, 0x00,
    0x00, 0x00, 0x00, 0x00, 0x4f, 0xff, 0xf6, 0x00,
    0x00, 0x00, 0x00, 0x00, 0x00, 0x3f, 0xff, 0xf6,
    0x00, 0x00, 0x00, 0x00, 0x00, 0x00, 0x2f, 0xff,
    0xf7, 0x00, 0x00, 0x00, 0x00, 0x00, 0x00, 0x0f,
    0xff, 0xf8, 0x00, 0x00, 0x00, 0x00, 0x00, 0x00,
    0x0d, 0xff, 0xfa, 0x00, 0x00, 0x00, 0x01, 0x30,
    0x00, 0x09, 0xff, 0xfe, 0x00, 0x00, 0x00, 0x08,
    0xfe, 0xa5, 0x04, 0xff, 0xff, 0x50, 0x00, 0x00,
    0x1e, 0xff, 0xfa, 0x00, 0xdf, 0xff, 0xf4, 0x00,
    0x01, 0xbf, 0xff, 0xf3, 0x00, 0x4f, 0xff, 0xff,
    0xda, 0xbf, 0xff, 0xff, 0xb0, 0x00, 0x08, 0xff,
    0xff, 0xff, 0xff, 0xff, 0xfd, 0x10, 0x00, 0x00,
    0x6f, 0xff, 0xff, 0xff, 0xff, 0xb1, 0x00, 0x00,
    0x00, 0x01, 0x7b, 0xef, 0xfd, 0xa4, 0x00, 0x00,

    /* U+0044 "D" */
    0x8f, 0xff, 0xff, 0xff, 0xfd, 0xa5, 0x00, 0x00,
    0x08, 0xff, 0xff, 0xff, 0xff, 0xff, 0xfd, 0x30,
    0x00, 0x8f, 0xff, 0xff, 0xff, 0xff, 0xff, 0xff,
    0x30, 0x08, 0xff, 0xff, 0x99, 0x9a, 0xef, 0xff,
    0xfe, 0x00, 0x8f, 0xff, 0xe0, 0x00, 0x00, 0x8f,
    0xff, 0xf8, 0x08, 0xff, 0xfe, 0x00, 0x00, 0x00,
    0xaf, 0xff, 0xe0, 0x8f, 0xff, 0xe0, 0x00, 0x00,
    0x02, 0xff, 0xff, 0x48, 0xff, 0xfe, 0x00, 0x00,
    0x00, 0x0e, 0xff, 0xf8, 0x8f, 0xff, 0xe0, 0x00,
    0x00, 0x00, 0xbf, 0xff, 0xb8, 0xff, 0xfe, 0x00,
    0x00, 0x00, 0x0a, 0xff, 0xfd, 0x8f, 0xff, 0xe0,
    0x00, 0x00, 0x00, 0xaf, 0xff, 0xe8, 0xff, 0xfe,
    0x00, 0x00, 0x00, 0x0a, 0xff, 0xff, 0x8f, 0xff,
    0xe0, 0x00, 0x00, 0x00, 0xaf, 0xff, 0xf8, 0xff,
    0xfe, 0x00, 0x00, 0x00, 0x0a, 0xff, 0xfe, 0x8f,
    0xff, 0xe0, 0x00, 0x00, 0x00, 0xaf, 0xff, 0xd8,
    0xff, 0xfe, 0x00, 0x00, 0x00, 0x0b, 0xff, 0xfb,
    0x8f, 0xff, 0xe0, 0x00, 0x00, 0x00, 0xef, 0xff,
    0x88, 0xff, 0xfe, 0x00, 0x00, 0x00, 0x2f, 0xff,
    0xf4, 0x8f, 0xff, 0xe0, 0x00, 0x00, 0x0a, 0xff,
    0xff, 0x08, 0xff, 0xfe, 0x00, 0x00, 0x08, 0xff,
    0xff, 0x80, 0x8f, 0xff, 0xf9, 0x99, 0xae, 0xff,
    0xff, 0xe0, 0x08, 0xff, 0xff, 0xff, 0xff, 0xff,
    0xff, 0xf3, 0x00, 0x8f, 0xff, 0xff, 0xff, 0xff,
    0xff, 0xd3, 0x00, 0x08, 0xff, 0xff, 0xff, 0xff,
    0xda, 0x50, 0x00, 0x00,

    /* U+0045 "E" */
    0x2f, 0xff, 0xff, 0xff, 0xff, 0xff, 0xff, 0xfd,
    0x2f, 0xff, 0xff, 0xff, 0xff, 0xff, 0xff, 0xfd,
    0x2f, 0xff, 0xff, 0xff, 0xff, 0xff, 0xff, 0xfd,
    0x2f, 0xff, 0xfc, 0xbb, 0xbb, 0xbb, 0xbb, 0xb8,
    0x2f, 0xff, 0xf4, 0x00, 0x00, 0x00, 0x00, 0x00,
    0x2f, 0xff, 0xf4, 0x00, 0x00, 0x00, 0x00, 0x00,
    0x2f, 0xff, 0xf4, 0x00, 0x00, 0x00, 0x00, 0x00,
    0x2f, 0xff, 0xf4, 0x00, 0x00, 0x00, 0x00, 0x00,
    0x2f, 0xff, 0xf4, 0x00, 0x00, 0x00, 0x00, 0x00,
    0x2f, 0xff, 0xf4, 0x00, 0x00, 0x00, 0x00, 0x00,
    0x2f, 0xff, 0xff, 0xff, 0xff, 0xff, 0xff, 0xf7,
    0x2f, 0xff, 0xff, 0xff, 0xff, 0xff, 0xff, 0xf7,
    0x2f, 0xff, 0xff, 0xff, 0xff, 0xff, 0xff, 0xf7,
    0x2f, 0xff, 0xfc, 0xaa, 0xaa, 0xaa, 0xaa, 0xa4,
    0x2f, 0xff, 0xf4, 0x00, 0x00, 0x00, 0x00, 0x00,
    0x2f, 0xff, 0xf4, 0x00, 0x00, 0x00, 0x00, 0x00,
    0x2f, 0xff, 0xf4, 0x00, 0x00, 0x00, 0x00, 0x00,
    0x2f, 0xff, 0xf4, 0x00, 0x00, 0x00, 0x00, 0x00,
    0x2f, 0xff, 0xf4, 0x00, 0x00, 0x00, 0x00, 0x00,
    0x2f, 0xff, 0xf4, 0x00, 0x00, 0x00, 0x00, 0x00,
    0x2f, 0xff, 0xfc, 0xbb, 0xbb, 0xbb, 0xbb, 0xb8,
    0x2f, 0xff, 0xff, 0xff, 0xff, 0xff, 0xff, 0xfd,
    0x2f, 0xff, 0xff, 0xff, 0xff, 0xff, 0xff, 0xfd,
    0x2f, 0xff, 0xff, 0xff, 0xff, 0xff, 0xff, 0xfd,

    /* U+0046 "F" */
    0x2f, 0xff, 0xff, 0xff, 0xff, 0xff, 0xff, 0xff,
    0x52, 0xff, 0xff, 0xff, 0xff, 0xff, 0xff, 0xff,
    0xf5, 0x2f, 0xff, 0xff, 0xff, 0xff, 0xff, 0xff,
    0xff, 0x52, 0xff, 0xff, 0xcb, 0xbb, 0xbb, 0xbb,
    0xbb, 0xb3, 0x2f, 0xff, 0xf4, 0x00, 0x00, 0x00,
    0x00, 0x00, 0x02, 0xff, 0xff, 0x40, 0x00, 0x00,
    0x00, 0x00, 0x00, 0x2f, 0xff, 0xf4, 0x00, 0x00,
    0x00, 0x00, 0x00, 0x02, 0xff, 0xff, 0x40, 0x00,
    0x00, 0x00, 0x00, 0x00, 0x2f, 0xff, 0xf4, 0x00,
    0x00, 0x00, 0x00, 0x00, 0x02, 0xff, 0xff, 0x40,
    0x00, 0x00, 0x00, 0x00, 0x00, 0x2f, 0xff, 0xff,
    0xff, 0xff, 0xff, 0xff, 0xf3, 0x02, 0xff, 0xff,
    0xff, 0xff, 0xff, 0xff, 0xff, 0x30, 0x2f, 0xff,
    0xff, 0xff, 0xff, 0xff, 0xff, 0xf3, 0x02, 0xff,
    0xff, 0xca, 0xaa, 0xaa, 0xaa, 0xaa, 0x20, 0x2f,
    0xff, 0xf4, 0x00, 0x00, 0x00, 0x00, 0x00, 0x02,
    0xff, 0xff, 0x40, 0x00, 0x00, 0x00, 0x00, 0x00,
    0x2f, 0xff, 0xf4, 0x00, 0x00, 0x00, 0x00, 0x00,
    0x02, 0xff, 0xff, 0x40, 0x00, 0x00, 0x00, 0x00,
    0x00, 0x2f, 0xff, 0xf4, 0x00, 0x00, 0x00, 0x00,
    0x00, 0x02, 0xff, 0xff, 0x40, 0x00, 0x00, 0x00,
    0x00, 0x00, 0x2f, 0xff, 0xf4, 0x00, 0x00, 0x00,
    0x00, 0x00, 0x02, 0xff, 0xff, 0x40, 0x00, 0x00,
    0x00, 0x00, 0x00, 0x2f, 0xff, 0xf4, 0x00, 0x00,
    0x00, 0x00, 0x00, 0x02, 0xff, 0xff, 0x40, 0x00,
    0x00, 0x00, 0x00, 0x00,

    /* U+0047 "G" */
    0x00, 0x00, 0x04, 0x9d, 0xef, 0xec, 0x71, 0x00,
    0x00, 0x00, 0x01, 0xaf, 0xff, 0xff, 0xff, 0xff,
    0x60, 0x00, 0x00, 0x0d, 0xff, 0xff, 0xff, 0xff,
    0xff, 0xf6, 0x00, 0x00, 0xaf, 0xff, 0xff, 0xba,
    0xdf, 0xff, 0xff, 0x20, 0x03, 0xff, 0xff, 0xb1,
    0x00, 0x06, 0xff, 0xff, 0xa0, 0x09, 0xff, 0xff,
    0x10, 0x00, 0x00, 0x8f, 0xff, 0xf1, 0x0e, 0xff,
    0xf9, 0x00, 0x00, 0x00, 0x1f, 0xd9, 0x50, 0x2f,
    0xff, 0xf5, 0x00, 0x00, 0x00, 0x01, 0x00, 0x00,
    0x5f, 0xff, 0xf3, 0x00, 0x00, 0x00, 0x00, 0x00,
    0x00, 0x7f, 0xff, 0xf2, 0x00, 0x00, 0x00, 0x00,
    0x00, 0x00, 0x8f, 0xff, 0xf2, 0x00, 0x00, 0x00,
    0x00, 0x00, 0x00, 0x9f, 0xff, 0xf2, 0x00, 0x0f,
    0xff, 0xff, 0xff, 0xf4, 0x9f, 0xff, 0xf2, 0x00,
    0x0f, 0xff, 0xff, 0xff, 0xf4, 0x8f, 0xff, 0xf2,
    0x00, 0x0f, 0xff, 0xff, 0xff, 0xf4, 0x8f, 0xff,
    0xf2, 0x00, 0x03, 0x33, 0x3c, 0xff, 0xf4, 0x6f,
    0xff, 0xf4, 0x00, 0x00, 0x00, 0x0b, 0xff, 0xf4,
    0x3f, 0xff, 0xf6, 0x00, 0x00, 0x00, 0x0b, 0xff,
    0xf4, 0x1f, 0xff, 0xfa, 0x00, 0x00, 0x00, 0x0e,
    0xff, 0xf4, 0x0c, 0xff, 0xff, 0x10, 0x00, 0x00,
    0x4f, 0xff, 0xf4, 0x06, 0xff, 0xff, 0xc1, 0x00,
    0x02, 0xdf, 0xff, 0xf4, 0x00, 0xef, 0xff, 0xff,
    0xba, 0xbf, 0xec, 0xff, 0xf4, 0x00, 0x4f, 0xff,
    0xff, 0xff, 0xff, 0x6b, 0xff, 0xf4, 0x00, 0x06,
    0xff, 0xff, 0xff, 0xf8, 0x0b, 0xff, 0xf4, 0x00,
    0x00, 0x29, 0xdf, 0xfb, 0x40, 0x0b, 0xff, 0xf4,

    /* U+0048 "H" */
    0xbf, 0xff, 0xb0, 0x00, 0x00, 0x05, 0xff, 0xff,
    0x2b, 0xff, 0xfb, 0x00, 0x00, 0x00, 0x5f, 0xff,
    0xf2, 0xbf, 0xff, 0xb0, 0x00, 0x00, 0x05, 0xff,
    0xff, 0x2b, 0xff, 0xfb, 0x00, 0x00, 0x00, 0x5f,
    0xff, 0xf2, 0xbf, 0xff, 0xb0, 0x00, 0x00, 0x05,
    0xff, 0xff, 0x2b, 0xff, 0xfb, 0x00, 0x00, 0x00,
    0x5f, 0xff, 0xf2, 0xbf, 0xff, 0xb0, 0x00, 0x00,
    0x05, 0xff, 0xff, 0x2b, 0xff, 0xfb, 0x00, 0x00,
    0x00, 0x5f, 0xff, 0xf2, 0xbf, 0xff, 0xb0, 0x00,
    0x00, 0x05, 0xff, 0xff, 0x2b, 0xff, 0xfb, 0x00,
    0x00, 0x00, 0x5f, 0xff, 0xf2, 0xbf, 0xff, 0xff,
    0xff, 0xff, 0xff, 0xff, 0xff, 0x2b, 0xff, 0xff,
    0xff, 0xff, 0xff, 0xff, 0xff, 0xf2, 0xbf, 0xff,
    0xff, 0xff, 0xff, 0xff, 0xff, 0xff, 0x2b, 0xff,
    0xfe, 0xaa, 0xaa, 0xaa, 0xcf, 0xff, 0xf2, 0xbf,
    0xff, 0xb0, 0x00, 0x00, 0x05, 0xff, 0xff, 0x2b,
    0xff, 0xfb, 0x00, 0x00, 0x00, 0x5f, 0xff, 0xf2,
    0xbf, 0xff, 0xb0, 0x00, 0x00, 0x05, 0xff, 0xff,
    0x2b, 0xff, 0xfb, 0x00, 0x00, 0x00, 0x5f, 0xff,
    0xf2, 0xbf, 0xff, 0xb0, 0x00, 0x00, 0x05, 0xff,
    0xff, 0x2b, 0xff, 0xfb, 0x00, 0x00, 0x00, 0x5f,
    0xff, 0xf2, 0xbf, 0xff, 0xb0, 0x00, 0x00, 0x05,
    0xff, 0xff, 0x2b, 0xff, 0xfb, 0x00, 0x00, 0x00,
    0x5f, 0xff, 0xf2, 0xbf, 0xff, 0xb0, 0x00, 0x00,
    0x05, 0xff, 0xff, 0x2b, 0xff, 0xfb, 0x00, 0x00,
    0x00, 0x5f, 0xff, 0xf2,

    /* U+0049 "I" */
    0x5f, 0xff, 0xff, 0xff, 0xff, 0xff, 0xff, 0xfc,
    0x5f, 0xff, 0xff, 0xff, 0xff, 0xff, 0xff, 0xfc,
    0x5f, 0xff, 0xff, 0xff, 0xff, 0xff, 0xff, 0xfc,
    0x15, 0x55, 0x55, 0xff, 0xff, 0x95, 0x55, 0x54,
    0x00, 0x00, 0x00, 0xff, 0xff, 0x60, 0x00, 0x00,
    0x00, 0x00, 0x00, 0xff, 0xff, 0x60, 0x00, 0x00,
    0x00, 0x00, 0x00, 0xff, 0xff, 0x60, 0x00, 0x00,
    0x00, 0x00, 0x00, 0xff, 0xff, 0x60, 0x00, 0x00,
    0x00, 0x00, 0x00, 0xff, 0xff, 0x60, 0x00, 0x00,
    0x00, 0x00, 0x00, 0xff, 0xff, 0x60, 0x00, 0x00,
    0x00, 0x00, 0x00, 0xff, 0xff, 0x60, 0x00, 0x00,
    0x00, 0x00, 0x00, 0xff, 0xff, 0x60, 0x00, 0x00,
    0x00, 0x00, 0x00, 0xff, 0xff, 0x60, 0x00, 0x00,
    0x00, 0x00, 0x00, 0xff, 0xff, 0x60, 0x00, 0x00,
    0x00, 0x00, 0x00, 0xff, 0xff, 0x60, 0x00, 0x00,
    0x00, 0x00, 0x00, 0xff, 0xff, 0x60, 0x00, 0x00,
    0x00, 0x00, 0x00, 0xff, 0xff, 0x60, 0x00, 0x00,
    0x00, 0x00, 0x00, 0xff, 0xff, 0x60, 0x00, 0x00,
    0x00, 0x00, 0x00, 0xff, 0xff, 0x60, 0x00, 0x00,
    0x00, 0x00, 0x00, 0xff, 0xff, 0x60, 0x00, 0x00,
    0x15, 0x55, 0x55, 0xff, 0xff, 0x95, 0x55, 0x54,
    0x5f, 0xff, 0xff, 0xff, 0xff, 0xff, 0xff, 0xfc,
    0x5f, 0xff, 0xff, 0xff, 0xff, 0xff, 0xff, 0xfc,
    0x5f, 0xff, 0xff, 0xff, 0xff, 0xff, 0xff, 0xfc,

    /* U+004A "J" */
    0x00, 0x07, 0xff, 0xff, 0xff, 0xff, 0xff, 0xff,
    0x10, 0x00, 0x7f, 0xff, 0xff, 0xff, 0xff, 0xff,
    0xf1, 0x00, 0x07, 0xff, 0xff, 0xff, 0xff, 0xff,
    0xff, 0x10, 0x00, 0x4b, 0xbb, 0xbb, 0xbb, 0xdf,
    0xff, 0xf1, 0x00, 0x00, 0x00, 0x00, 0x00, 0x06,
    0xff, 0xff, 0x10, 0x00, 0x00, 0x00, 0x00, 0x00,
    0x6f, 0xff, 0xf1, 0x00, 0x00, 0x00, 0x00, 0x00,
    0x06, 0xff, 0xff, 0x10, 0x00, 0x00, 0x00, 0x00,
    0x00, 0x6f, 0xff, 0xf1, 0x00, 0x00, 0x00, 0x00,
    0x00, 0x06, 0xff, 0xff, 0x10, 0x00, 0x00, 0x00,
    0x00, 0x00, 0x6f, 0xff, 0xf1, 0x00, 0x00, 0x00,
    0x00, 0x00, 0x06, 0xff, 0xff, 0x10, 0x00, 0x00,
    0x00, 0x00, 0x00, 0x6f, 0xff, 0xf1, 0x00, 0x00,
    0x00, 0x00, 0x00, 0x06, 0xff, 0xff, 0x10, 0x00,
    0x00, 0x00, 0x00, 0x00, 0x6f, 0xff, 0xf1, 0x00,
    0x00, 0x00, 0x00, 0x00, 0x06, 0xff, 0xff, 0x10,
    0x00, 0x00, 0x00, 0x00, 0x00, 0x6f, 0xff, 0xf1,
    0x00, 0x00, 0x00, 0x00, 0x00, 0x06, 0xff, 0xff,
    0x11, 0x69, 0xcf, 0x00, 0x00, 0x00, 0x8f, 0xff,
    0xf0, 0x2f, 0xff, 0xf6, 0x00, 0x00, 0x0c, 0xff,
    0xfe, 0x00, 0xdf, 0xff, 0xf3, 0x00, 0x06, 0xff,
    0xff, 0xa0, 0x05, 0xff, 0xff, 0xfd, 0xbd, 0xff,
    0xff, 0xf3, 0x00, 0x0a, 0xff, 0xff, 0xff, 0xff,
    0xff, 0xf8, 0x00, 0x00, 0x09, 0xff, 0xff, 0xff,
    0xff, 0xf7, 0x00, 0x00, 0x00, 0x03, 0x9d, 0xff,
    0xec, 0x81, 0x00, 0x00,

    /* U+004B "K" */
    0x8f, 0xff, 0xf0, 0x00, 0x00, 0x00, 0x7f, 0xff,
    0xf8, 0x08, 0xff, 0xff, 0x00, 0x00, 0x00, 0x3f,
    0xff, 0xfc, 0x00, 0x8f, 0xff, 0xf0, 0x00, 0x00,
    0x1e, 0xff, 0xff, 0x20, 0x08, 0xff, 0xff, 0x00,
    0x00, 0x0a, 0xff, 0xff, 0x50, 0x00, 0x8f, 0xff,
    0xf0, 0x00, 0x06, 0xff, 0xff, 0x90, 0x00, 0x08,
    0xff, 0xff, 0x00, 0x02, 0xff, 0xff, 0xd0, 0x00,
    0x00, 0x8f, 0xff, 0xf0, 0x00, 0xdf, 0xff, 0xf2,
    0x00, 0x00, 0x08, 0xff, 0xff, 0x00, 0x9f, 0xff,
    0xf6, 0x00, 0x00, 0x00, 0x8f, 0xff, 0xf0, 0x4f,
    0xff, 0xfa, 0x00, 0x00, 0x00, 0x08, 0xff, 0xff,
    0x1e, 0xff, 0xfd, 0x00, 0x00, 0x00, 0x00, 0x8f,
    0xff, 0xfa, 0xff, 0xff, 0xb0, 0x00, 0x00, 0x00,
    0x08, 0xff, 0xff, 0xff, 0xff, 0xff, 0x40, 0x00,
    0x00, 0x00, 0x8f, 0xff, 0xff, 0xff, 0xff, 0xfd,
    0x00, 0x00, 0x00, 0x08, 0xff, 0xff, 0xff, 0xdf,
    0xff, 0xf6, 0x00, 0x00, 0x00, 0x8f, 0xff, 0xff,
    0xa1, 0xff, 0xff, 0xe0, 0x00, 0x00, 0x08, 0xff,
    0xff, 0xd0, 0x07, 0xff, 0xff, 0x80, 0x00, 0x00,
    0x8f, 0xff, 0xf2, 0x00, 0x0e, 0xff, 0xff, 0x10,
    0x00, 0x08, 0xff, 0xff, 0x00, 0x00, 0x5f, 0xff,
    0xf9, 0x00, 0x00, 0x8f, 0xff, 0xf0, 0x00, 0x00,
    0xcf, 0xff, 0xf3, 0x00, 0x08, 0xff, 0xff, 0x00,
    0x00, 0x04, 0xff, 0xff, 0xb0, 0x00, 0x8f, 0xff,
    0xf0, 0x00, 0x00, 0x0b, 0xff, 0xff, 0x40, 0x08,
    0xff, 0xff, 0x00, 0x00, 0x00, 0x2f, 0xff, 0xfd,
    0x00, 0x8f, 0xff, 0xf0, 0x00, 0x00, 0x00, 0x9f,
    0xff, 0xf6, 0x08, 0xff, 0xff, 0x00, 0x00, 0x00,
    0x01, 0xff, 0xff, 0xe1,

    /* U+004C "L" */
    0x9f, 0xff, 0xd0, 0x00, 0x00, 0x00, 0x00, 0x00,
    0x9f, 0xff, 0xd0, 0x00, 0x00, 0x00, 0x00, 0x00,
    0x9f, 0xff, 0xd0, 0x00, 0x00, 0x00, 0x00, 0x00,
    0x9f, 0xff, 0xd0, 0x00, 0x00, 0x00, 0x00, 0x00,
    0x9f, 0xff, 0xd0, 0x00, 0x00, 0x00, 0x00, 0x00,
    0x9f, 0xff, 0xd0, 0x00, 0x00, 0x00, 0x00, 0x00,
    0x9f, 0xff, 0xd0, 0x00, 0x00, 0x00, 0x00, 0x00,
    0x9f, 0xff, 0xd0, 0x00, 0x00, 0x00, 0x00, 0x00,
    0x9f, 0xff, 0xd0, 0x00, 0x00, 0x00, 0x00, 0x00,
    0x9f, 0xff, 0xd0, 0x00, 0x00, 0x00, 0x00, 0x00,
    0x9f, 0xff, 0xd0, 0x00, 0x00, 0x00, 0x00, 0x00,
    0x9f, 0xff, 0xd0, 0x00, 0x00, 0x00, 0x00, 0x00,
    0x9f, 0xff, 0xd0, 0x00, 0x00, 0x00, 0x00, 0x00,
    0x9f, 0xff, 0xd0, 0x00, 0x00, 0x00, 0x00, 0x00,
    0x9f, 0xff, 0xd0, 0x00, 0x00, 0x00, 0x00, 0x00,
    0x9f, 0xff, 0xd0, 0x00, 0x00, 0x00, 0x00, 0x00,
    0x9f, 0xff, 0xd0, 0x00, 0x00, 0x00, 0x00, 0x00,
    0x9f, 0xff, 0xd0, 0x00, 0x00, 0x00, 0x00, 0x00,
    0x9f, 0xff, 0xd0, 0x00, 0x00, 0x00, 0x00, 0x00,
    0x9f, 0xff, 0xd0, 0x00, 0x00, 0x00, 0x00, 0x00,
    0x9f, 0xff, 0xfb, 0xbb, 0xbb, 0xbb, 0xbb, 0xb3,
    0x9f, 0xff, 0xff, 0xff, 0xff, 0xff, 0xff, 0xf5,
    0x9f, 0xff, 0xff, 0xff, 0xff, 0xff, 0xff, 0xf5,
    0x9f, 0xff, 0xff, 0xff, 0xff, 0xff, 0xff, 0xf5,

    /* U+004D "M" */
    0x6f, 0xff, 0xff, 0x20, 0x00, 0x00, 0x6f, 0xff,
    0xfc, 0x6f, 0xff, 0xff, 0x70, 0x00, 0x00, 0xcf,
    0xff, 0xfc, 0x6f, 0xff, 0xff, 0xd0, 0x00, 0x02,
    0xff, 0xff, 0xfc, 0x6f, 0xff, 0xff, 0xf3, 0x00,
    0x08, 0xff, 0xff, 0xfc, 0x6f, 0xff, 0xff, 0xf9,
    0x00, 0x0e, 0xff, 0xff, 0xfc, 0x6f, 0xff, 0xff,
    0xff, 0x00, 0x4f, 0xff, 0xff, 0xfc, 0x6f, 0xff,
    0x7f, 0xff, 0x50, 0xaf, 0xf9, 0xef, 0xfc, 0x6f,
    0xff, 0x5c, 0xff, 0xb1, 0xff, 0xf3, 0xff, 0xfc,
    0x6f, 0xff, 0x66, 0xff, 0xf9, 0xff, 0xd0, 0xff,
    0xfc, 0x6f, 0xff, 0x61, 0xff, 0xff, 0xff, 0x70,
    0xff, 0xfc, 0x6f, 0xff, 0x70, 0xaf, 0xff, 0xff,
    0x10, 0xff, 0xfc, 0x6f, 0xff, 0x70, 0x5f, 0xff,
    0xfb, 0x01, 0xff, 0xfc, 0x6f, 0xff, 0x80, 0x0e,
    0xff, 0xf5, 0x01, 0xff, 0xfc, 0x6f, 0xff, 0x80,
    0x09, 0xff, 0xf0, 0x01, 0xff, 0xfc, 0x6f, 0xff,
    0x80, 0x03, 0xff, 0x90, 0x01, 0xff, 0xfc, 0x6f,
    0xff, 0x80, 0x00, 0xdf, 0x30, 0x01, 0xff, 0xfc,
    0x6f, 0xff, 0x80, 0x00, 0x7d, 0x00, 0x01, 0xff,
    0xfc, 0x6f, 0xff, 0x80, 0x00, 0x17, 0x00, 0x01,
    0xff, 0xfc, 0x6f, 0xff, 0x80, 0x00, 0x00, 0x00,
    0x01, 0xff, 0xfc, 0x6f, 0xff, 0x80, 0x00, 0x00,
    0x00, 0x01, 0xff, 0xfc, 0x6f, 0xff, 0x80, 0x00,
    0x00, 0x00, 0x01, 0xff, 0xfc, 0x6f, 0xff, 0x80,
    0x00, 0x00, 0x00, 0x01, 0xff, 0xfc, 0x6f, 0xff,
    0x80, 0x00, 0x00, 0x00, 0x01, 0xff, 0xfc, 0x6f,
    0xff, 0x80, 0x00, 0x00, 0x00, 0x01, 0xff, 0xfc,

    /* U+004E "N" */
    0xbf, 0xff, 0xfe, 0x00, 0x00, 0x00, 0xbf, 0xff,
    0x2b, 0xff, 0xff, 0xf4, 0x00, 0x00, 0x0b, 0xff,
    0xf2, 0xbf, 0xff, 0xff, 0xa0, 0x00, 0x00, 0xbf,
    0xff, 0x2b, 0xff, 0xff, 0xff, 0x00, 0x00, 0x0b,
    0xff, 0xf2, 0xbf, 0xff, 0xff, 0xf5, 0x00, 0x00,
    0xbf, 0xff, 0x2b, 0xff, 0xff, 0xff, 0xb0, 0x00,
    0x0b, 0xff, 0xf2, 0xbf, 0xff, 0xef, 0xff, 0x10,
    0x00, 0xbf, 0xff, 0x2b, 0xff, 0xf6, 0xff, 0xf7,
    0x00, 0x0b, 0xff, 0xf2, 0xbf, 0xff, 0x1e, 0xff,
    0xc0, 0x00, 0xbf, 0xff, 0x2b, 0xff, 0xf1, 0x9f,
    0xff, 0x20, 0x0b, 0xff, 0xf2, 0xbf, 0xff, 0x13,
    0xff, 0xf8, 0x00, 0xbf, 0xff, 0x2b, 0xff, 0xf1,
    0x0d, 0xff, 0xe0, 0x0b, 0xff, 0xf2, 0xbf, 0xff,
    0x10, 0x8f, 0xff, 0x30, 0xbf, 0xff, 0x2b, 0xff,
    0xf1, 0x02, 0xff, 0xf9, 0x0b, 0xff, 0xf2, 0xbf,
    0xff, 0x10, 0x0c, 0xff, 0xe0, 0xbf, 0xff, 0x2b,
    0xff, 0xf1, 0x00, 0x6f, 0xff, 0x5b, 0xff, 0xf2,
    0xbf, 0xff, 0x10, 0x01, 0xff, 0xfa, 0xbf, 0xff,
    0x2b, 0xff, 0xf1, 0x00, 0x0b, 0xff, 0xfe, 0xff,
    0xf2, 0xbf, 0xff, 0x10, 0x00, 0x5f, 0xff, 0xff,
    0xff, 0x2b, 0xff, 0xf1, 0x00, 0x00, 0xff, 0xff,
    0xff, 0xf2, 0xbf, 0xff, 0x10, 0x00, 0x09, 0xff,
    0xff, 0xff, 0x2b, 0xff, 0xf1, 0x00, 0x00, 0x4f,
    0xff, 0xff, 0xf2, 0xbf, 0xff, 0x10, 0x00, 0x00,
    0xef, 0xff, 0xff, 0x2b, 0xff, 0xf1, 0x00, 0x00,
    0x08, 0xff, 0xff, 0xf2,

    /* U+004F "O" */
    0x00, 0x00, 0x04, 0x9d, 0xef, 0xeb, 0x61, 0x00,
    0x00, 0x00, 0x00, 0x2b, 0xff, 0xff, 0xff, 0xff,
    0xe5, 0x00, 0x00, 0x00, 0x1e, 0xff, 0xff, 0xff,
    0xff, 0xff, 0xf6, 0x00, 0x00, 0x0c, 0xff, 0xff,
    0xeb, 0xad, 0xff, 0xff, 0xf2, 0x00, 0x05, 0xff,
    0xff, 0x90, 0x00, 0x04, 0xff, 0xff, 0xb0, 0x00,
    0xcf, 0xff, 0xd0, 0x00, 0x00, 0x07, 0xff, 0xff,
    0x20, 0x1f, 0xff, 0xf6, 0x00, 0x00, 0x00, 0x0f,
    0xff, 0xf7, 0x05, 0xff, 0xff, 0x20, 0x00, 0x00,
    0x00, 0xcf, 0xff, 0xb0, 0x8f, 0xff, 0xf0, 0x00,
    0x00, 0x00, 0x0a, 0xff, 0xfe, 0x0a, 0xff, 0xff,
    0x00, 0x00, 0x00, 0x00, 0x9f, 0xff, 0xf0, 0xbf,
    0xff, 0xf0, 0x00, 0x00, 0x00, 0x08, 0xff, 0xff,
    0x1c, 0xff, 0xff, 0x00, 0x00, 0x00, 0x00, 0x8f,
    0xff, 0xf2, 0xcf, 0xff, 0xf0, 0x00, 0x00, 0x00,
    0x08, 0xff, 0xff, 0x2b, 0xff, 0xff, 0x00, 0x00,
    0x00, 0x00, 0x8f, 0xff, 0xf1, 0xaf, 0xff, 0xf0,
    0x00, 0x00, 0x00, 0x09, 0xff, 0xff, 0x08, 0xff,
    0xff, 0x00, 0x00, 0x00, 0x00, 0xaf, 0xff, 0xe0,
    0x5f, 0xff, 0xf2, 0x00, 0x00, 0x00, 0x0c, 0xff,
    0xfb, 0x01, 0xff, 0xff, 0x60, 0x00, 0x00, 0x00,
    0xff, 0xff, 0x70, 0x0c, 0xff, 0xfd, 0x00, 0x00,
    0x00, 0x6f, 0xff, 0xf2, 0x00, 0x6f, 0xff, 0xf9,
    0x00, 0x00, 0x4f, 0xff, 0xfb, 0x00, 0x00, 0xdf,
    0xff, 0xfe, 0xba, 0xdf, 0xff, 0xff, 0x30, 0x00,
    0x02, 0xef, 0xff, 0xff, 0xff, 0xff, 0xff, 0x60,
    0x00, 0x00, 0x02, 0xbf, 0xff, 0xff, 0xff, 0xfe,
    0x60, 0x00, 0x00, 0x00, 0x00, 0x49, 0xdf, 0xfe,
    0xb7, 0x10, 0x00, 0x00,

    /* U+0050 "P" */
    0x4f, 0xff, 0xff, 0xff, 0xff, 0xfd, 0x92, 0x00,
    0x04, 0xff, 0xff, 0xff, 0xff, 0xff, 0xff, 0xf7,
    0x00, 0x4f, 0xff, 0xff, 0xff, 0xff, 0xff, 0xff,
    0xf6, 0x04, 0xff, 0xff, 0xba, 0xaa, 0xbe, 0xff,
    0xff, 0xf0, 0x4f, 0xff, 0xf2, 0x00, 0x00, 0x09,
    0xff, 0xff, 0x64, 0xff, 0xff, 0x20, 0x00, 0x00,
    0x0f, 0xff, 0xfa, 0x4f, 0xff, 0xf2, 0x00, 0x00,
    0x00, 0xef, 0xff, 0xc4, 0xff, 0xff, 0x20, 0x00,
    0x00, 0x0d, 0xff, 0xfd, 0x4f, 0xff, 0xf2, 0x00,
    0x00, 0x00, 0xef, 0xff, 0xc4, 0xff, 0xff, 0x20,
    0x00, 0x00, 0x0f, 0xff, 0xfa, 0x4f, 0xff, 0xf2,
    0x00, 0x00, 0x09, 0xff, 0xff, 0x64, 0xff, 0xff,
    0xba, 0xaa, 0xbe, 0xff, 0xff, 0xf0, 0x4f, 0xff,
    0xff, 0xff, 0xff, 0xff, 0xff, 0xf6, 0x04, 0xff,
    0xff, 0xff, 0xff, 0xff, 0xff, 0xf7, 0x00, 0x4f,
    0xff, 0xff, 0xff, 0xff, 0xfd, 0x92, 0x00, 0x04,
    0xff, 0xff, 0x20, 0x00, 0x00, 0x00, 0x00, 0x00,
    0x4f, 0xff, 0xf2, 0x00, 0x00, 0x00, 0x00, 0x00,
    0x04, 0xff, 0xff, 0x20, 0x00, 0x00, 0x00, 0x00,
    0x00, 0x4f, 0xff, 0xf2, 0x00, 0x00, 0x00, 0x00,
    0x00, 0x04, 0xff, 0xff, 0x20, 0x00, 0x00, 0x00,
    0x00, 0x00, 0x4f, 0xff, 0xf2, 0x00, 0x00, 0x00,
    0x00, 0x00, 0x04, 0xff, 0xff, 0x20, 0x00, 0x00,
    0x00, 0x00, 0x00, 0x4f, 0xff, 0xf2, 0x00, 0x00,
    0x00, 0x00, 0x00, 0x04, 0xff, 0xff, 0x20, 0x00,
    0x00, 0x00, 0x00, 0x00,

    /* U+0051 "Q" */
    0x00, 0x00, 0x04, 0x9d, 0xef, 0xeb, 0x61, 0x00,
    0x00, 0x00, 0x00, 0x1b, 0xff, 0xff, 0xff, 0xff,
    0xe5, 0x00, 0x00, 0x00, 0x1d, 0xff, 0xff, 0xff,
    0xff, 0xff, 0xf5, 0x00, 0x00, 0x0c, 0xff, 0xff,
    0xeb, 0xad, 0xff, 0xff, 0xf2, 0x00, 0x05, 0xff,
    0xff, 0xa0, 0x00, 0x04, 0xff, 0xff, 0xa0, 0x00,
    0xcf, 0xff, 0xd0, 0x00, 0x00, 0x07, 0xff, 0xff,
    0x10, 0x1f, 0xff, 0xf7, 0x00, 0x00, 0x00, 0x1f,
    0xff, 0xf7, 0x05, 0xff, 0xff, 0x30, 0x00, 0x00,
    0x00, 0xcf, 0xff, 0xb0, 0x7f, 0xff, 0xf0, 0x00,
    0x00, 0x00, 0x0a, 0xff, 0xfd, 0x0a, 0xff, 0xff,
    0x00, 0x00, 0x00, 0x00, 0x9f, 0xff, 0xf0, 0xbf,
    0xff, 0xf0, 0x00, 0x00, 0x00, 0x08, 0xff, 0xff,
    0x1b, 0xff, 0xff, 0x00, 0x00, 0x00, 0x00, 0x8f,
    0xff, 0xf2, 0xcf, 0xff, 0xf0, 0x00, 0x00, 0x00,
    0x08, 0xff, 0xff, 0x2b, 0xff, 0xff, 0x00, 0x00,
    0x00, 0x00, 0x8f, 0xff, 0xf1, 0xaf, 0xff, 0xf0,
    0x00, 0x00, 0x00, 0x08, 0xff, 0xff, 0x18, 0xff,
    0xff, 0x00, 0x00, 0x00, 0x00, 0x9f, 0xff, 0xf0,
    0x6f, 0xff, 0xf1, 0x00, 0x00, 0x00, 0x0b, 0xff,
    0xfc, 0x03, 0xff, 0xff, 0x50, 0x00, 0x00, 0x00,
    0xef, 0xff, 0x90, 0x0e, 0xff, 0xfa, 0x00, 0x00,
    0x00, 0x3f, 0xff, 0xf4, 0x00, 0x8f, 0xff, 0xf3,
    0x00, 0x00, 0x0c, 0xff, 0xfe, 0x00, 0x01, 0xff,
    0xff, 0xf8, 0x43, 0x6d, 0xff, 0xff, 0x70, 0x00,
    0x06, 0xff, 0xff, 0xff, 0xff, 0xff, 0xff, 0xc0,
    0x00, 0x00, 0x07, 0xff, 0xff, 0xff, 0xff, 0xff,
    0xc1, 0x00, 0x00, 0x00, 0x03, 0xbf, 0xff, 0xff,
    0xfe, 0x70, 0x00, 0x00, 0x00, 0x00, 0x00, 0x1c,
    0xff, 0xf4, 0x00, 0x00, 0x00, 0x00, 0x00, 0x00,
    0x00, 0xbf, 0xff, 0x20, 0x00, 0x00, 0x00, 0x00,
    0x00, 0x00, 0x0a, 0xff, 0xf2, 0x00, 0x00, 0x00,
    0x00, 0x00, 0x00, 0x00, 0x7f, 0xff, 0xff, 0xff,
    0xf8, 0x00, 0x00, 0x00, 0x00, 0x01, 0xef, 0xff,
    0xff, 0xff, 0x80, 0x00, 0x00, 0x00, 0x00, 0x02,
    0xcf, 0xff, 0xff, 0xf8, 0x00, 0x00, 0x00, 0x00,
    0x00, 0x00, 0x13, 0x33, 0x33, 0x20, 0x00,

    /* U+0052 "R" */
    0x4f, 0xff, 0xff, 0xff, 0xff, 0xfd, 0x82, 0x00,
    0x00, 0x4f, 0xff, 0xff, 0xff, 0xff, 0xff, 0xff,
    0x60, 0x00, 0x4f, 0xff, 0xff, 0xff, 0xff, 0xff,
    0xff, 0xf5, 0x00, 0x4f, 0xff, 0xfb, 0xaa, 0xab,
    0xef, 0xff, 0xfe, 0x00, 0x4f, 0xff, 0xf2, 0x00,
    0x00, 0x09, 0xff, 0xff, 0x60, 0x4f, 0xff, 0xf2,
    0x00, 0x00, 0x01, 0xff, 0xff, 0xa0, 0x4f, 0xff,
    0xf2, 0x00, 0x00, 0x00, 0xef, 0xff, 0xc0, 0x4f,
    0xff, 0xf2, 0x00, 0x00, 0x00, 0xdf, 0xff, 0xd0,
    0x4f, 0xff, 0xf2, 0x00, 0x00, 0x00, 0xdf, 0xff,
    0xd0, 0x4f, 0xff, 0xf2, 0x00, 0x00, 0x00, 0xff,
    0xff, 0xa0, 0x4f, 0xff, 0xf2, 0x00, 0x00, 0x08,
    0xff, 0xff, 0x60, 0x4f, 0xff, 0xf9, 0x77, 0x78,
    0xcf, 0xff, 0xfe, 0x10, 0x4f, 0xff, 0xff, 0xff,
    0xff, 0xff, 0xff, 0xf5, 0x00, 0x4f, 0xff, 0xff,
    0xff, 0xff, 0xff, 0xff, 0x60, 0x00, 0x4f, 0xff,
    0xff, 0xff, 0xff, 0xff, 0x91, 0x00, 0x00, 0x4f,
    0xff, 0xf2, 0x00, 0xdf, 0xff, 0xc0, 0x00, 0x00,
    0x4f, 0xff, 0xf2, 0x00, 0x6f, 0xff, 0xf4, 0x00,
    0x00, 0x4f, 0xff, 0xf2, 0x00, 0x0d, 0xff, 0xfd,
    0x00, 0x00, 0x4f, 0xff, 0xf2, 0x00, 0x06, 0xff,
    0xff, 0x50, 0x00, 0x4f, 0xff, 0xf2, 0x00, 0x00,
    0xdf, 0xff, 0xd0, 0x00, 0x4f, 0xff, 0xf2, 0x00,
    0x00, 0x6f, 0xff, 0xf6, 0x00, 0x4f, 0xff, 0xf2,
    0x00, 0x00, 0x0d, 0xff, 0xfe, 0x00, 0x4f, 0xff,
    0xf2, 0x00, 0x00, 0x06, 0xff, 0xff, 0x70, 0x4f,
    0xff, 0xf2, 0x00, 0x00, 0x00, 0xdf, 0xff, 0xf1,

    /* U+0053 "S" */
    0x00, 0x00, 0x06, 0xad, 0xff, 0xed, 0xa5, 0x00,
    0x00, 0x00, 0x05, 0xef, 0xff, 0xff, 0xff, 0xff,
    0xe6, 0x00, 0x00, 0x6f, 0xff, 0xff, 0xff, 0xff,
    0xff, 0xff, 0xa0, 0x02, 0xff, 0xff, 0xfe, 0xca,
    0xbe, 0xff, 0xff, 0xf3, 0x08, 0xff, 0xff, 0x90,
    0x00, 0x00, 0x4d, 0xff, 0x50, 0x0c, 0xff, 0xfd,
    0x00, 0x00, 0x00, 0x00, 0xa6, 0x00, 0x0d, 0xff,
    0xfa, 0x00, 0x00, 0x00, 0x00, 0x00, 0x00, 0x0d,
    0xff, 0xfb, 0x00, 0x00, 0x00, 0x00, 0x00, 0x00,
    0x0b, 0xff, 0xff, 0x30, 0x00, 0x00, 0x00, 0x00,
    0x00, 0x05, 0xff, 0xff, 0xfa, 0x52, 0x00, 0x00,
    0x00, 0x00, 0x00, 0xdf, 0xff, 0xff, 0xff, 0xfc,
    0x94, 0x00, 0x00, 0x00, 0x2e, 0xff, 0xff, 0xff,
    0xff, 0xff, 0xd3, 0x00, 0x00, 0x00, 0x8e, 0xff,
    0xff, 0xff, 0xff, 0xff, 0x40, 0x00, 0x00, 0x00,
    0x36, 0x9b, 0xef, 0xff, 0xff, 0xe0, 0x00, 0x00,
    0x00, 0x00, 0x00, 0x03, 0xdf, 0xff, 0xf6, 0x00,
    0x00, 0x00, 0x00, 0x00, 0x00, 0x1f, 0xff, 0xfa,
    0x00, 0x00, 0x00, 0x00, 0x00, 0x00, 0x0c, 0xff,
    0xfb, 0x00, 0x31, 0x00, 0x00, 0x00, 0x00, 0x0c,
    0xff, 0xfb, 0x03, 0xfd, 0x20, 0x00, 0x00, 0x00,
    0x1f, 0xff, 0xf8, 0x3f, 0xff, 0xf8, 0x10, 0x00,
    0x02, 0xcf, 0xff, 0xf3, 0x7f, 0xff, 0xff, 0xfd,
    0xbb, 0xdf, 0xff, 0xff, 0xb0, 0x07, 0xff, 0xff,
    0xff, 0xff, 0xff, 0xff, 0xfd, 0x10, 0x00, 0x3c,
    0xff, 0xff, 0xff, 0xff, 0xff, 0xa1, 0x00, 0x00,
    0x00, 0x49, 0xce, 0xff, 0xeb, 0x82, 0x00, 0x00,

    /* U+0054 "T" */
    0x2f, 0xff, 0xff, 0xff, 0xff, 0xff, 0xff, 0xff,
    0xff, 0xf8, 0x2f, 0xff, 0xff, 0xff, 0xff, 0xff,
    0xff, 0xff, 0xff, 0xf8, 0x2f, 0xff, 0xff, 0xff,
    0xff, 0xff, 0xff, 0xff, 0xff, 0xf8, 0x1b, 0xbb,
    0xbb, 0xbb, 0xff, 0xff, 0xdb, 0xbb, 0xbb, 0xb6,
    0x00, 0x00, 0x00, 0x00, 0xff, 0xff, 0x60, 0x00,
    0x00, 0x00, 0x00, 0x00, 0x00, 0x00, 0xff, 0xff,
    0x60, 0x00, 0x00, 0x00, 0x00, 0x00, 0x00, 0x00,
    0xff, 0xff, 0x60, 0x00, 0x00, 0x00, 0x00, 0x00,
    0x00, 0x00, 0xff, 0xff, 0x60, 0x00, 0x00, 0x00,
    0x00, 0x00, 0x00, 0x00, 0xff, 0xff, 0x60, 0x00,
    0x00, 0x00, 0x00, 0x00, 0x00, 0x00, 0xff, 0xff,
    0x60, 0x00, 0x00, 0x00, 0x00, 0x00, 0x00, 0x00,
    0xff, 0xff, 0x60, 0x00, 0x00, 0x00, 0x00, 0x00,
    0x00, 0x00, 0xff, 0xff, 0x60, 0x00, 0x00, 0x00,
    0x00, 0x00, 0x00, 0x00, 0xff, 0xff, 0x60, 0x00,
    0x00, 0x00, 0x00, 0x00, 0x00, 0x00, 0xff, 0xff,
    0x60, 0x00, 0x00, 0x00, 0x00, 0x00, 0x00, 0x00,
    0xff, 0xff, 0x60, 0x00, 0x00, 0x00, 0x00, 0x00,
    0x00, 0x00, 0xff, 0xff, 0x60, 0x00, 0x00, 0x00,
    0x00, 0x00, 0x00, 0x00, 0xff, 0xff, 0x60, 0x00,
    0x00, 0x00, 0x00, 0x00, 0x00, 0x00, 0xff, 0xff,
    0x60, 0x00, 0x00, 0x00, 0x00, 0x00, 0x00, 0x00,
    0xff, 0xff, 0x60, 0x00, 0x00, 0x00, 0x00, 0x00,
    0x00, 0x00, 0xff, 0xff, 0x60, 0x00, 0x00, 0x00,
    0x00, 0x00, 0x00, 0x00, 0xff, 0xff, 0x60, 0x00,
    0x00, 0x00, 0x00, 0x00, 0x00, 0x00, 0xff, 0xff,
    0x60, 0x00, 0x00, 0x00, 0x00, 0x00, 0x00, 0x00,
    0xff, 0xff, 0x60, 0x00, 0x00, 0x00, 0x00, 0x00,
    0x00, 0x00, 0xff, 0xff, 0x60, 0x00, 0x00, 0x00,

    /* U+0055 "U" */
    0xef, 0xff, 0x90, 0x00, 0x00, 0x02, 0xff, 0xff,
    0x4e, 0xff, 0xf9, 0x00, 0x00, 0x00, 0x2f, 0xff,
    0xf4, 0xef, 0xff, 0x90, 0x00, 0x00, 0x02, 0xff,
    0xff, 0x4e, 0xff, 0xf9, 0x00, 0x00, 0x00, 0x2f,
    0xff, 0xf4, 0xef, 0xff, 0x90, 0x00, 0x00, 0x02,
    0xff, 0xff, 0x4e, 0xff, 0xf9, 0x00, 0x00, 0x00,
    0x2f, 0xff, 0xf4, 0xef, 0xff, 0x90, 0x00, 0x00,
    0x02, 0xff, 0xff, 0x4e, 0xff, 0xf9, 0x00, 0x00,
    0x00, 0x2f, 0xff, 0xf4, 0xef, 0xff, 0x90, 0x00,
    0x00, 0x02, 0xff, 0xff, 0x4e, 0xff, 0xf9, 0x00,
    0x00, 0x00, 0x2f, 0xff, 0xf4, 0xef, 0xff, 0x90,
    0x00, 0x00, 0x02, 0xff, 0xff, 0x4e, 0xff, 0xf9,
    0x00, 0x00, 0x00, 0x2f, 0xff, 0xf4, 0xef, 0xff,
    0x90, 0x00, 0x00, 0x02, 0xff, 0xff, 0x4e, 0xff,
    0xf9, 0x00, 0x00, 0x00, 0x2f, 0xff, 0xf4, 0xef,
    0xff, 0x90, 0x00, 0x00, 0x02, 0xff, 0xff, 0x4d,
    0xff, 0xf9, 0x00, 0x00, 0x00, 0x2f, 0xff, 0xf3,
    0xcf, 0xff, 0x90, 0x00, 0x00, 0x03, 0xff, 0xff,
    0x3b, 0xff, 0xfb, 0x00, 0x00, 0x00, 0x5f, 0xff,
    0xf1, 0x8f, 0xff, 0xf0, 0x00, 0x00, 0x09, 0xff,
    0xff, 0x04, 0xff, 0xff, 0xa0, 0x00, 0x04, 0xff,
    0xff, 0xb0, 0x0e, 0xff, 0xff, 0xeb, 0xac, 0xff,
    0xff, 0xf5, 0x00, 0x5f, 0xff, 0xff, 0xff, 0xff,
    0xff, 0xfb, 0x00, 0x00, 0x6f, 0xff, 0xff, 0xff,
    0xff, 0xfb, 0x00, 0x00, 0x00, 0x17, 0xbe, 0xff,
    0xed, 0x94, 0x00, 0x00,

    /* U+0056 "V" */
    0x4f, 0xff, 0xf9, 0x00, 0x00, 0x00, 0x00, 0x0f,
    0xff, 0xfb, 0x0f, 0xff, 0xfd, 0x00, 0x00, 0x00,
    0x00, 0x3f, 0xff, 0xf6, 0x0b, 0xff, 0xff, 0x10,
    0x00, 0x00, 0x00, 0x7f, 0xff, 0xf2, 0x07, 0xff,
    0xff, 0x50, 0x00, 0x00, 0x00, 0xbf, 0xff, 0xe0,
    0x03, 0xff, 0xff, 0x90, 0x00, 0x00, 0x00, 0xff,
    0xff, 0x90, 0x00, 0xef, 0xff, 0xc0, 0x00, 0x00,
    0x03, 0xff, 0xff, 0x50, 0x00, 0xaf, 0xff, 0xf1,
    0x00, 0x00, 0x07, 0xff, 0xff, 0x10, 0x00, 0x6f,
    0xff, 0xf4, 0x00, 0x00, 0x0b, 0xff, 0xfc, 0x00,
    0x00, 0x1f, 0xff, 0xf8, 0x00, 0x00, 0x0e, 0xff,
    0xf8, 0x00, 0x00, 0x0d, 0xff, 0xfc, 0x00, 0x00,
    0x2f, 0xff, 0xf4, 0x00, 0x00, 0x09, 0xff, 0xff,
    0x00, 0x00, 0x6f, 0xff, 0xf0, 0x00, 0x00, 0x04,
    0xff, 0xff, 0x40, 0x00, 0xaf, 0xff, 0xb0, 0x00,
    0x00, 0x00, 0xff, 0xff, 0x80, 0x00, 0xef, 0xff,
    0x70, 0x00, 0x00, 0x00, 0xcf, 0xff, 0xb0, 0x02,
    0xff, 0xff, 0x20, 0x00, 0x00, 0x00, 0x7f, 0xff,
    0xf0, 0x06, 0xff, 0xfe, 0x00, 0x00, 0x00, 0x00,
    0x3f, 0xff, 0xf3, 0x09, 0xff, 0xfa, 0x00, 0x00,
    0x00, 0x00, 0x0f, 0xff, 0xf6, 0x0d, 0xff, 0xf5,
    0x00, 0x00, 0x00, 0x00, 0x0a, 0xff, 0xfa, 0x1f,
    0xff, 0xf1, 0x00, 0x00, 0x00, 0x00, 0x06, 0xff,
    0xfe, 0x5f, 0xff, 0xd0, 0x00, 0x00, 0x00, 0x00,
    0x02, 0xff, 0xff, 0xbf, 0xff, 0x80, 0x00, 0x00,
    0x00, 0x00, 0x00, 0xdf, 0xff, 0xff, 0xff, 0x40,
    0x00, 0x00, 0x00, 0x00, 0x00, 0x9f, 0xff, 0xff,
    0xff, 0x00, 0x00, 0x00, 0x00, 0x00, 0x00, 0x5f,
    0xff, 0xff, 0xfb, 0x00, 0x00, 0x00, 0x00, 0x00,
    0x00, 0x1f, 0xff, 0xff, 0xf7, 0x00, 0x00, 0x00,

    /* U+0057 "W" */
    0x5f, 0xff, 0x70, 0x00, 0x00, 0x00, 0x00, 0x00,
    0xff, 0xfb, 0x4f, 0xff, 0x80, 0x00, 0x00, 0x00,
    0x00, 0x00, 0xff, 0xfa, 0x3f, 0xff, 0x90, 0x00,
    0x00, 0x00, 0x00, 0x00, 0xff, 0xf9, 0x2f, 0xff,
    0xa0, 0x00, 0x00, 0x00, 0x00, 0x01, 0xff, 0xf8,
    0x1f, 0xff, 0xb0, 0x00, 0x00, 0x00, 0x00, 0x02,
    0xff, 0xf7, 0x0f, 0xff, 0xc0, 0x00, 0x67, 0x77,
    0x20, 0x03, 0xff, 0xf6, 0x0f, 0xff, 0xc0, 0x00,
    0xff, 0xff, 0x80, 0x04, 0xff, 0xf5, 0x0e, 0xff,
    0xd0, 0x02, 0xff, 0xff, 0xa0, 0x05, 0xff, 0xf4,
    0x0d, 0xff, 0xe0, 0x05, 0xff, 0xff, 0xd0, 0x06,
    0xff, 0xf3, 0x0c, 0xff, 0xf0, 0x07, 0xff, 0xff,
    0xf0, 0x07, 0xff, 0xf2, 0x0b, 0xff, 0xf0, 0x0a,
    0xff, 0xcf, 0xf2, 0x07, 0xff, 0xf1, 0x0a, 0xff,
    0xf1, 0x0d, 0xfe, 0x7f, 0xf5, 0x08, 0xff, 0xf0,
    0x09, 0xff, 0xf2, 0x0f, 0xfb, 0x5f, 0xf8, 0x09,
    0xff, 0xf0, 0x07, 0xff, 0xf2, 0x2f, 0xf9, 0x2f,
    0xfb, 0x0a, 0xff, 0xe0, 0x06, 0xff, 0xf3, 0x5f,
    0xf6, 0x0f, 0xfd, 0x0b, 0xff, 0xd0, 0x05, 0xff,
    0xf4, 0x8f, 0xf4, 0x0e, 0xff, 0x0c, 0xff, 0xb0,
    0x04, 0xff, 0xf5, 0xaf, 0xf1, 0x0b, 0xff, 0x3c,
    0xff, 0xa0, 0x03, 0xff, 0xf6, 0xdf, 0xf0, 0x09,
    0xff, 0x5d, 0xff, 0x90, 0x02, 0xff, 0xf7, 0xff,
    0xc0, 0x06, 0xff, 0x8e, 0xff, 0x80, 0x01, 0xff,
    0xfc, 0xff, 0xa0, 0x04, 0xff, 0xdf, 0xff, 0x70,
    0x00, 0xff, 0xff, 0xff, 0x70, 0x01, 0xff, 0xff,
    0xff, 0x60, 0x00, 0xff, 0xff, 0xff, 0x50, 0x00,
    0xff, 0xff, 0xff, 0x50, 0x00, 0xef, 0xff, 0xff,
    0x20, 0x00, 0xcf, 0xff, 0xff, 0x40, 0x00, 0xdf,
    0xff, 0xff, 0x00, 0x00, 0xaf, 0xff, 0xff, 0x30,

    /* U+0058 "X" */
    0x0c, 0xff, 0xff, 0x30, 0x00, 0x00, 0x00, 0x6f,
    0xff, 0xf4, 0x03, 0xff, 0xff, 0xc0, 0x00, 0x00,
    0x00, 0xef, 0xff, 0xb0, 0x00, 0xaf, 0xff, 0xf5,
    0x00, 0x00, 0x08, 0xff, 0xff, 0x20, 0x00, 0x2f,
    0xff, 0xfd, 0x00, 0x00, 0x2f, 0xff, 0xf9, 0x00,
    0x00, 0x08, 0xff, 0xff, 0x50, 0x00, 0xaf, 0xff,
    0xf1, 0x00, 0x00, 0x01, 0xef, 0xff, 0xd0, 0x02,
    0xff, 0xff, 0x70, 0x00, 0x00, 0x00, 0x6f, 0xff,
    0xf5, 0x0a, 0xff, 0xfd, 0x00, 0x00, 0x00, 0x00,
    0x0d, 0xff, 0xfd, 0x3f, 0xff, 0xf5, 0x00, 0x00,
    0x00, 0x00, 0x04, 0xff, 0xff, 0xef, 0xff, 0xc0,
    0x00, 0x00, 0x00, 0x00, 0x00, 0xbf, 0xff, 0xff,
    0xff, 0x30, 0x00, 0x00, 0x00, 0x00, 0x00, 0x3f,
    0xff, 0xff, 0xfa, 0x00, 0x00, 0x00, 0x00, 0x00,
    0x00, 0x0b, 0xff, 0xff, 0xf2, 0x00, 0x00, 0x00,
    0x00, 0x00, 0x00, 0x1f, 0xff, 0xff, 0xf7, 0x00,
    0x00, 0x00, 0x00, 0x00, 0x00, 0x9f, 0xff, 0xff,
    0xfe, 0x10, 0x00, 0x00, 0x00, 0x00, 0x02, 0xff,
    0xff, 0xff, 0xff, 0x90, 0x00, 0x00, 0x00, 0x00,
    0x0b, 0xff, 0xfb, 0x8f, 0xff, 0xf2, 0x00, 0x00,
    0x00, 0x00, 0x4f, 0xff, 0xf3, 0x1f, 0xff, 0xfb,
    0x00, 0x00, 0x00, 0x00, 0xdf, 0xff, 0xb0, 0x08,
    0xff, 0xff, 0x40, 0x00, 0x00, 0x06, 0xff, 0xff,
    0x20, 0x01, 0xff, 0xff, 0xc0, 0x00, 0x00, 0x1e,
    0xff, 0xfa, 0x00, 0x00, 0x8f, 0xff, 0xf6, 0x00,
    0x00, 0x8f, 0xff, 0xf2, 0x00, 0x00, 0x1e, 0xff,
    0xfe, 0x00, 0x02, 0xff, 0xff, 0x80, 0x00, 0x00,
    0x07, 0xff, 0xff, 0x80, 0x0b, 0xff, 0xfe, 0x10,
    0x00, 0x00, 0x00, 0xef, 0xff, 0xf1, 0x3f, 0xff,
    0xf7, 0x00, 0x00, 0x00, 0x00, 0x6f, 0xff, 0xfa,

    /* U+0059 "Y" */
    0x7f, 0xff, 0xf7, 0x00, 0x00, 0x00, 0x00, 0x0e,
    0xff, 0xfd, 0x00, 0xef, 0xff, 0xe0, 0x00, 0x00,
    0x00, 0x06, 0xff, 0xff, 0x50, 0x07, 0xff, 0xff,
    0x60, 0x00, 0x00, 0x00, 0xdf, 0xff, 0xd0, 0x00,
    0x0e, 0xff, 0xfe, 0x00, 0x00, 0x00, 0x5f, 0xff,
    0xf5, 0x00, 0x00, 0x7f, 0xff, 0xf5, 0x00, 0x00,
    0x0d, 0xff, 0xfd, 0x00, 0x00, 0x00, 0xef, 0xff,
    0xd0, 0x00, 0x05, 0xff, 0xff, 0x50, 0x00, 0x00,
    0x07, 0xff, 0xff, 0x40, 0x00, 0xcf, 0xff, 0xd0,
    0x00, 0x00, 0x00, 0x0e, 0xff, 0xfb, 0x00, 0x3f,
    0xff, 0xf5, 0x00, 0x00, 0x00, 0x00, 0x6f, 0xff,
    0xf2, 0x0a, 0xff, 0xfd, 0x00, 0x00, 0x00, 0x00,
    0x00, 0xef, 0xff, 0x91, 0xff, 0xff, 0x40, 0x00,
    0x00, 0x00, 0x00, 0x06, 0xff, 0xff, 0xaf, 0xff,
    0xc0, 0x00, 0x00, 0x00, 0x00, 0x00, 0x0e, 0xff,
    0xff, 0xff, 0xf4, 0x00, 0x00, 0x00, 0x00, 0x00,
    0x00, 0x6f, 0xff, 0xff, 0xfc, 0x00, 0x00, 0x00,
    0x00, 0x00, 0x00, 0x00, 0xdf, 0xff, 0xff, 0x40,
    0x00, 0x00, 0x00, 0x00, 0x00, 0x00, 0x06, 0xff,
    0xff, 0xc0, 0x00, 0x00, 0x00, 0x00, 0x00, 0x00,
    0x00, 0x0f, 0xff, 0xf6, 0x00, 0x00, 0x00, 0x00,
    0x00, 0x00, 0x00, 0x00, 0xff, 0xff, 0x60, 0x00,
    0x00, 0x00, 0x00, 0x00, 0x00, 0x00, 0x0f, 0xff,
    0xf6, 0x00, 0x00, 0x00, 0x00, 0x00, 0x00, 0x00,
    0x00, 0xff, 0xff, 0x60, 0x00, 0x00, 0x00, 0x00,
    0x00, 0x00, 0x00, 0x0f, 0xff, 0xf6, 0x00, 0x00,
    0x00, 0x00, 0x00, 0x00, 0x00, 0x00, 0xff, 0xff,
    0x60, 0x00, 0x00, 0x00, 0x00, 0x00, 0x00, 0x00,
    0x0f, 0xff, 0xf6, 0x00, 0x00, 0x00, 0x00, 0x00,
    0x00, 0x00, 0x00, 0xff, 0xff, 0x60, 0x00, 0x00,
    0x00, 0x00, 0x00, 0x00, 0x00, 0x0f, 0xff, 0xf6,
    0x00, 0x00, 0x00, 0x00,

    /* U+005A "Z" */
    0x0f, 0xff, 0xff, 0xff, 0xff, 0xff, 0xff, 0xff,
    0xf5, 0x0f, 0xff, 0xff, 0xff, 0xff, 0xff, 0xff,
    0xff, 0xf5, 0x0f, 0xff, 0xff, 0xff, 0xff, 0xff,
    0xff, 0xff, 0xf5, 0x0a, 0xbb, 0xbb, 0xbb, 0xbb,
    0xbb, 0xef, 0xff, 0xf5, 0x00, 0x00, 0x00, 0x00,
    0x00, 0x02, 0xff, 0xff, 0xd0, 0x00, 0x00, 0x00,
    0x00, 0x00, 0x0d, 0xff, 0xff, 0x30, 0x00, 0x00,
    0x00, 0x00, 0x00, 0x9f, 0xff, 0xf7, 0x00, 0x00,
    0x00, 0x00, 0x00, 0x04, 0xff, 0xff, 0xb0, 0x00,
    0x00, 0x00, 0x00, 0x00, 0x1e, 0xff, 0xfe, 0x10,
    0x00, 0x00, 0x00, 0x00, 0x00, 0xbf, 0xff, 0xf5,
    0x00, 0x00, 0x00, 0x00, 0x00, 0x07, 0xff, 0xff,
    0x90, 0x00, 0x00, 0x00, 0x00, 0x00, 0x3f, 0xff,
    0xfd, 0x00, 0x00, 0x00, 0x00, 0x00, 0x00, 0xdf,
    0xff, 0xf3, 0x00, 0x00, 0x00, 0x00, 0x00, 0x0a,
    0xff, 0xff, 0x70, 0x00, 0x00, 0x00, 0x00, 0x00,
    0x5f, 0xff, 0xfb, 0x00, 0x00, 0x00, 0x00, 0x00,
    0x02, 0xff, 0xff, 0xe1, 0x00, 0x00, 0x00, 0x00,
    0x00, 0x0c, 0xff, 0xff, 0x40, 0x00, 0x00, 0x00,
    0x00, 0x00, 0x8f, 0xff, 0xf9, 0x00, 0x00, 0x00,
    0x00, 0x00, 0x03, 0xff, 0xff, 0xd0, 0x00, 0x00,
    0x00, 0x00, 0x00, 0x1e, 0xff, 0xff, 0x20, 0x00,
    0x00, 0x00, 0x00, 0x00, 0x5f, 0xff, 0xfe, 0xbb,
    0xbb, 0xbb, 0xbb, 0xbb, 0xb8, 0x6f, 0xff, 0xff,
    0xff, 0xff, 0xff, 0xff, 0xff, 0xfc, 0x6f, 0xff,
    0xff, 0xff, 0xff, 0xff, 0xff, 0xff, 0xfc, 0x6f,
    0xff, 0xff, 0xff, 0xff, 0xff, 0xff, 0xff, 0xfc,

    /* U+005B "[" */
    0x6f, 0xff, 0xff, 0xff, 0xff, 0xf3, 0x6f, 0xff,
    0xff, 0xff, 0xff, 0xf3, 0x6f, 0xff, 0xff, 0xff,
    0xff, 0xf3, 0x6f, 0xff, 0x20, 0x00, 0x00, 0x00,
    0x6f, 0xff, 0x20, 0x00, 0x00, 0x00, 0x6f, 0xff,
    0x20, 0x00, 0x00, 0x00, 0x6f, 0xff, 0x20, 0x00,
    0x00, 0x00, 0x6f, 0xff, 0x20, 0x00, 0x00, 0x00,
    0x6f, 0xff, 0x20, 0x00, 0x00, 0x00, 0x6f, 0xff,
    0x20, 0x00, 0x00, 0x00, 0x6f, 0xff, 0x20, 0x00,
    0x00, 0x00, 0x6f, 0xff, 0x20, 0x00, 0x00, 0x00,
    0x6f, 0xff, 0x20, 0x00, 0x00, 0x00, 0x6f, 0xff,
    0x20, 0x00, 0x00, 0x00, 0x6f, 0xff, 0x20, 0x00,
    0x00, 0x00, 0x6f, 0xff, 0x20, 0x00, 0x00, 0x00,
    0x6f, 0xff, 0x20, 0x00, 0x00, 0x00, 0x6f, 0xff,
    0x20, 0x00, 0x00, 0x00, 0x6f, 0xff, 0x20, 0x00,
    0x00, 0x00, 0x6f, 0xff, 0x20, 0x00, 0x00, 0x00,
    0x6f, 0xff, 0x20, 0x00, 0x00, 0x00, 0x6f, 0xff,
    0x20, 0x00, 0x00, 0x00, 0x6f, 0xff, 0x20, 0x00,
    0x00, 0x00, 0x6f, 0xff, 0x20, 0x00, 0x00, 0x00,
    0x6f, 0xff, 0x20, 0x00, 0x00, 0x00, 0x6f, 0xff,
    0x20, 0x00, 0x00, 0x00, 0x6f, 0xff, 0x20, 0x00,
    0x00, 0x00, 0x6f, 0xff, 0x20, 0x00, 0x00, 0x00,
    0x6f, 0xff, 0xff, 0xff, 0xff, 0xf3, 0x6f, 0xff,
    0xff, 0xff, 0xff, 0xf3, 0x6f, 0xff, 0xff, 0xff,
    0xff, 0xf3,

    /* U+005C "\\" */
    0x28, 0x88, 0x50, 0x00, 0x00, 0x00, 0x00, 0x00,
    0x0f, 0xff, 0xe0, 0x00, 0x00, 0x00, 0x00, 0x00,
    0x09, 0xff, 0xf4, 0x00, 0x00, 0x00, 0x00, 0x00,
    0x03, 0xff, 0xfa, 0x00, 0x00, 0x00, 0x00, 0x00,
    0x00, 0xdf, 0xff, 0x00, 0x00, 0x00, 0x00, 0x00,
    0x00, 0x8f, 0xff, 0x60, 0x00, 0x00, 0x00, 0x00,
    0x00, 0x2f, 0xff, 0xc0, 0x00, 0x00, 0x00, 0x00,
    0x00, 0x0c, 0xff, 0xf2, 0x00, 0x00, 0x00, 0x00,
    0x00, 0x06, 0xff, 0xf7, 0x00, 0x00, 0x00, 0x00,
    0x00, 0x01, 0xff, 0xfd, 0x00, 0x00, 0x00, 0x00,
    0x00, 0x00, 0xaf, 0xff, 0x30, 0x00, 0x00, 0x00,
    0x00, 0x00, 0x5f, 0xff, 0x90, 0x00, 0x00, 0x00,
    0x00, 0x00, 0x0e, 0xff, 0xe0, 0x00, 0x00, 0x00,
    0x00, 0x00, 0x09, 0xff, 0xf5, 0x00, 0x00, 0x00,
    0x00, 0x00, 0x03, 0xff, 0xfb, 0x00, 0x00, 0x00,
    0x00, 0x00, 0x00, 0xdf, 0xff, 0x10, 0x00, 0x00,
    0x00, 0x00, 0x00, 0x7f, 0xff, 0x60, 0x00, 0x00,
    0x00, 0x00, 0x00, 0x1f, 0xff, 0xc0, 0x00, 0x00,
    0x00, 0x00, 0x00, 0x0b, 0xff, 0xf2, 0x00, 0x00,
    0x00, 0x00, 0x00, 0x06, 0xff, 0xf8, 0x00, 0x00,
    0x00, 0x00, 0x00, 0x00, 0xff, 0xfe, 0x00, 0x00,
    0x00, 0x00, 0x00, 0x00, 0xaf, 0xff, 0x40, 0x00,
    0x00, 0x00, 0x00, 0x00, 0x4f, 0xff, 0xa0, 0x00,
    0x00, 0x00, 0x00, 0x00, 0x0e, 0xff, 0xf0, 0x00,
    0x00, 0x00, 0x00, 0x00, 0x08, 0xff, 0xf5, 0x00,
    0x00, 0x00, 0x00, 0x00, 0x02, 0xff, 0xfb, 0x00,
    0x00, 0x00, 0x00, 0x00, 0x00, 0xcf, 0xff, 0x10,
    0x00, 0x00, 0x00, 0x00, 0x00, 0x7f, 0xff, 0x70,
    0x00, 0x00, 0x00, 0x00, 0x00, 0x1f, 0xff, 0xd0,
    0x00, 0x00, 0x00, 0x00, 0x00, 0x0b, 0xff, 0xf3,
    0x00, 0x00, 0x00, 0x00, 0x00, 0x05, 0xff, 0xf9,

    /* U+005D "]" */
    0xcf, 0xff, 0xff, 0xff, 0xff, 0xcc, 0xff, 0xff,
    0xff, 0xff, 0xfc, 0xcf, 0xff, 0xff, 0xff, 0xff,
    0xc0, 0x00, 0x00, 0x00, 0xcf, 0xfc, 0x00, 0x00,
    0x00, 0x0c, 0xff, 0xc0, 0x00, 0x00, 0x00, 0xcf,
    0xfc, 0x00, 0x00, 0x00, 0x0c, 0xff, 0xc0, 0x00,
    0x00, 0x00, 0xcf, 0xfc, 0x00, 0x00, 0x00, 0x0c,
    0xff, 0xc0, 0x00, 0x00, 0x00, 0xcf, 0xfc, 0x00,
    0x00, 0x00, 0x0c, 0xff, 0xc0, 0x00, 0x00, 0x00,
    0xcf, 0xfc, 0x00, 0x00, 0x00, 0x0c, 0xff, 0xc0,
    0x00, 0x00, 0x00, 0xcf, 0xfc, 0x00, 0x00, 0x00,
    0x0c, 0xff, 0xc0, 0x00, 0x00, 0x00, 0xcf, 0xfc,
    0x00, 0x00, 0x00, 0x0c, 0xff, 0xc0, 0x00, 0x00,
    0x00, 0xcf, 0xfc, 0x00, 0x00, 0x00, 0x0c, 0xff,
    0xc0, 0x00, 0x00, 0x00, 0xcf, 0xfc, 0x00, 0x00,
    0x00, 0x0c, 0xff, 0xc0, 0x00, 0x00, 0x00, 0xcf,
    0xfc, 0x00, 0x00, 0x00, 0x0c, 0xff, 0xc0, 0x00,
    0x00, 0x00, 0xcf, 0xfc, 0x00, 0x00, 0x00, 0x0c,
    0xff, 0xc0, 0x00, 0x00, 0x00, 0xcf, 0xfc, 0x00,
    0x00, 0x00, 0x0c, 0xff, 0xc0, 0x00, 0x00, 0x00,
    0xcf, 0xfc, 0xcf, 0xff, 0xff, 0xff, 0xff, 0xcc,
    0xff, 0xff, 0xff, 0xff, 0xfc, 0xcf, 0xff, 0xff,
    0xff, 0xff, 0xc0,

    /* U+005E "^" */
    0x00, 0x00, 0x00, 0x5f, 0xff, 0xfb, 0x00, 0x00,
    0x00, 0x00, 0x00, 0x00, 0x0d, 0xff, 0xff, 0xf3,
    0x00, 0x00, 0x00, 0x00, 0x00, 0x05, 0xff, 0xff,
    0xff, 0xb0, 0x00, 0x00, 0x00, 0x00, 0x00, 0xdf,
    0xff, 0xff, 0xff, 0x30, 0x00, 0x00, 0x00, 0x00,
    0x5f, 0xff, 0xb7, 0xff, 0xfb, 0x00, 0x00, 0x00,
    0x00, 0x0d, 0xff, 0xf3, 0x0e, 0xff, 0xf3, 0x00,
    0x00, 0x00, 0x05, 0xff, 0xfb, 0x00, 0x7f, 0xff,
    0xb0, 0x00, 0x00, 0x00, 0xdf, 0xff, 0x30, 0x00,
    0xef, 0xff, 0x40, 0x00, 0x00, 0x5f, 0xff, 0xb0,
    0x00, 0x07, 0xff, 0xfc, 0x00, 0x00, 0x0d, 0xff,
    0xf3, 0x00, 0x00, 0x1f, 0xff, 0xf4, 0x00, 0x05,
    0xff, 0xfb, 0x00, 0x00, 0x00, 0x8f, 0xff, 0xc0,
    0x00, 0xdf, 0xff, 0x30, 0x00, 0x00, 0x01, 0xff,
    0xff, 0x40, 0x5f, 0xff, 0xb0, 0x00, 0x00, 0x00,
    0x08, 0xff, 0xfc, 0x0a, 0xff, 0xf3, 0x00, 0x00,
    0x00, 0x00, 0x1f, 0xff, 0xe1, 0x04, 0xcb, 0x00,
    0x00, 0x00, 0x00, 0x00, 0x8e, 0x70, 0x00, 0x00,
    0x00, 0x00, 0x00, 0x00, 0x00, 0x00, 0x00, 0x00,

    /* U+005F "_" */
    0xaa, 0xaa, 0xaa, 0xaa, 0xaa, 0xaa, 0xaa, 0xaa,
    0x3f, 0xff, 0xff, 0xff, 0xff, 0xff, 0xff, 0xff,
    0xf5, 0xff, 0xff, 0xff, 0xff, 0xff, 0xff, 0xff,
    0xff, 0x5f, 0xff, 0xff, 0xff, 0xff, 0xff, 0xff,
    0xff, 0xf5,

    /* U+0060 "`" */
    0x00, 0x00, 0x00, 0x00, 0x00, 0x6e, 0x80, 0x00,
    0x3e, 0xff, 0xf1, 0x00, 0x0d, 0xff, 0xf8, 0x00,
    0x02, 0xff, 0xff, 0x10, 0x00, 0x6f, 0xff, 0x80,
    0x00, 0x0a, 0xff, 0xf1, 0x00, 0x00, 0xdf, 0x91,
    0x00, 0x00, 0x21, 0x00,

    /* U+0061 "a" */
    0x00, 0x00, 0x39, 0xce, 0xff, 0xda, 0x50, 0x00,
    0x00, 0x00, 0x00, 0x9f, 0xff, 0xff, 0xff, 0xff,
    0xc2, 0x00, 0x00, 0x00, 0xcf, 0xff, 0xff, 0xff,
    0xff, 0xff, 0xe1, 0x00, 0x00, 0x5f, 0xff, 0xe8,
    0x54, 0x6c, 0xff, 0xff, 0x80, 0x00, 0x00, 0x5f,
    0xb1, 0x00, 0x00, 0x0c, 0xff, 0xfe, 0x00, 0x00,
    0x00, 0x20, 0x00, 0x00, 0x00, 0x5f, 0xff, 0xf0,
    0x00, 0x00, 0x00, 0x00, 0x00, 0x00, 0x03, 0xff,
    0xff, 0x20, 0x00, 0x00, 0x00, 0x35, 0x78, 0x88,
    0x9f, 0xff, 0xf2, 0x00, 0x00, 0x08, 0xef, 0xff,
    0xff, 0xff, 0xff, 0xff, 0x20, 0x00, 0x1d, 0xff,
    0xff, 0xff, 0xff, 0xff, 0xff, 0xf2, 0x00, 0x09,
    0xff, 0xff, 0x61, 0x00, 0x03, 0xff, 0xff, 0x20,
    0x00, 0xef, 0xff, 0x60, 0x00, 0x00, 0x3f, 0xff,
    0xf2, 0x00, 0x1f, 0xff, 0xf3, 0x00, 0x00, 0x03,
    0xff, 0xff, 0x20, 0x00, 0xff, 0xff, 0x50, 0x00,
    0x00, 0x9f, 0xff, 0xf2, 0x00, 0x0d, 0xff, 0xfe,
    0x51, 0x03, 0x9f, 0xff, 0xff, 0x54, 0x00, 0x6f,
    0xff, 0xff, 0xff, 0xff, 0xaa, 0xff, 0xff, 0xf3,
    0x00, 0x9f, 0xff, 0xff, 0xff, 0xc1, 0x4f, 0xff,
    0xff, 0x30, 0x00, 0x4b, 0xef, 0xec, 0x60, 0x00,
    0x5d, 0xff, 0xf3,

    /* U+0062 "b" */
    0xaf, 0xff, 0xb0, 0x00, 0x00, 0x00, 0x00, 0x00,
    0x0a, 0xff, 0xfb, 0x00, 0x00, 0x00, 0x00, 0x00,
    0x00, 0xaf, 0xff, 0xb0, 0x00, 0x00, 0x00, 0x00,
    0x00, 0x0a, 0xff, 0xfb, 0x00, 0x00, 0x00, 0x00,
    0x00, 0x00, 0xaf, 0xff, 0xb0, 0x00, 0x00, 0x00,
    0x00, 0x00, 0x0a, 0xff, 0xfb, 0x00, 0x00, 0x00,
    0x00, 0x00, 0x00, 0xaf, 0xff, 0xb0, 0x00, 0x00,
    0x00, 0x00, 0x00, 0x0a, 0xff, 0xfb, 0x00, 0x5c,
    0xef, 0xd9, 0x20, 0x00, 0xaf, 0xff, 0xb0, 0xaf,
    0xff, 0xff, 0xff, 0x50, 0x0a, 0xff, 0xfb, 0x7f,
    0xff, 0xff, 0xff, 0xff, 0x30, 0xaf, 0xff, 0xdf,
    0xd9, 0x8a, 0xff, 0xff, 0xfc, 0x0a, 0xff, 0xff,
    0x70, 0x00, 0x01, 0xcf, 0xff, 0xf3, 0xaf, 0xff,
    0xd0, 0x00, 0x00, 0x02, 0xff, 0xff, 0x7a, 0xff,
    0xfb, 0x00, 0x00, 0x00, 0x0d, 0xff, 0xfa, 0xaf,
    0xff, 0xb0, 0x00, 0x00, 0x00, 0xbf, 0xff, 0xca,
    0xff, 0xfb, 0x00, 0x00, 0x00, 0x0b, 0xff, 0xfd,
    0xaf, 0xff, 0xb0, 0x00, 0x00, 0x00, 0xbf, 0xff,
    0xda, 0xff, 0xfb, 0x00, 0x00, 0x00, 0x0b, 0xff,
    0xfc, 0xaf, 0xff, 0xb0, 0x00, 0x00, 0x00, 0xdf,
    0xff, 0xaa, 0xff, 0xfd, 0x00, 0x00, 0x00, 0x2f,
    0xff, 0xf7, 0xaf, 0xff, 0xf7, 0x00, 0x00, 0x1c,
    0xff, 0xff, 0x3a, 0xff, 0xfd, 0xfd, 0x97, 0x9e,
    0xff, 0xff, 0xc0, 0xaf, 0xff, 0xb7, 0xff, 0xff,
    0xff, 0xff, 0xf3, 0x0a, 0xff, 0xfb, 0x0a, 0xff,
    0xff, 0xff, 0xf5, 0x00, 0xaf, 0xff, 0xb0, 0x05,
    0xce, 0xfd, 0x92, 0x00, 0x00,

    /* U+0063 "c" */
    0x00, 0x00, 0x06, 0xbe, 0xff, 0xda, 0x40, 0x00,
    0x00, 0x00, 0x5e, 0xff, 0xff, 0xff, 0xff, 0xa0,
    0x00, 0x00, 0x7f, 0xff, 0xff, 0xff, 0xff, 0xff,
    0xc0, 0x00, 0x3f, 0xff, 0xff, 0xb9, 0xad, 0xff,
    0xff, 0x70, 0x0c, 0xff, 0xfe, 0x20, 0x00, 0x08,
    0xff, 0xe6, 0x02, 0xff, 0xff, 0x40, 0x00, 0x00,
    0x0a, 0x70, 0x00, 0x6f, 0xff, 0xf0, 0x00, 0x00,
    0x00, 0x00, 0x00, 0x09, 0xff, 0xfd, 0x00, 0x00,
    0x00, 0x00, 0x00, 0x00, 0xaf, 0xff, 0xd0, 0x00,
    0x00, 0x00, 0x00, 0x00, 0x0a, 0xff, 0xfd, 0x00,
    0x00, 0x00, 0x00, 0x00, 0x00, 0x9f, 0xff, 0xd0,
    0x00, 0x00, 0x00, 0x00, 0x00, 0x07, 0xff, 0xff,
    0x00, 0x00, 0x00, 0x00, 0x00, 0x00, 0x2f, 0xff,
    0xf4, 0x00, 0x00, 0x00, 0x7b, 0x20, 0x00, 0xcf,
    0xff, 0xe2, 0x00, 0x00, 0x5f, 0xff, 0x90, 0x03,
    0xff, 0xff, 0xfb, 0x99, 0xdf, 0xff, 0xfb, 0x00,
    0x07, 0xff, 0xff, 0xff, 0xff, 0xff, 0xfe, 0x10,
    0x00, 0x05, 0xef, 0xff, 0xff, 0xff, 0xfc, 0x10,
    0x00, 0x00, 0x00, 0x6b, 0xef, 0xfe, 0xa5, 0x00,
    0x00,

    /* U+0064 "d" */
    0x00, 0x00, 0x00, 0x00, 0x00, 0x00, 0x4f, 0xff,
    0xf0, 0x00, 0x00, 0x00, 0x00, 0x00, 0x00, 0x4f,
    0xff, 0xf0, 0x00, 0x00, 0x00, 0x00, 0x00, 0x00,
    0x4f, 0xff, 0xf0, 0x00, 0x00, 0x00, 0x00, 0x00,
    0x00, 0x4f, 0xff, 0xf0, 0x00, 0x00, 0x00, 0x00,
    0x00, 0x00, 0x4f, 0xff, 0xf0, 0x00, 0x00, 0x00,
    0x00, 0x00, 0x00, 0x4f, 0xff, 0xf0, 0x00, 0x00,
    0x00, 0x00, 0x00, 0x00, 0x4f, 0xff, 0xf0, 0x00,
    0x00, 0x6c, 0xef, 0xd8, 0x10, 0x4f, 0xff, 0xf0,
    0x00, 0x1c, 0xff, 0xff, 0xff, 0xe2, 0x4f, 0xff,
    0xf0, 0x00, 0xcf, 0xff, 0xff, 0xff, 0xfd, 0x5f,
    0xff, 0xf0, 0x06, 0xff, 0xff, 0xfc, 0x88, 0xbf,
    0xcf, 0xff, 0xf0, 0x0d, 0xff, 0xff, 0x40, 0x00,
    0x03, 0xef, 0xff, 0xf0, 0x1f, 0xff, 0xf8, 0x00,
    0x00, 0x00, 0x7f, 0xff, 0xf0, 0x4f, 0xff, 0xf3,
    0x00, 0x00, 0x00, 0x4f, 0xff, 0xf0, 0x6f, 0xff,
    0xf1, 0x00, 0x00, 0x00, 0x4f, 0xff, 0xf0, 0x7f,
    0xff, 0xf1, 0x00, 0x00, 0x00, 0x4f, 0xff, 0xf0,
    0x7f, 0xff, 0xf1, 0x00, 0x00, 0x00, 0x4f, 0xff,
    0xf0, 0x6f, 0xff, 0xf1, 0x00, 0x00, 0x00, 0x4f,
    0xff, 0xf0, 0x4f, 0xff, 0xf3, 0x00, 0x00, 0x00,
    0x4f, 0xff, 0xf0, 0x1f, 0xff, 0xf8, 0x00, 0x00,
    0x00, 0x7f, 0xff, 0xf0, 0x0c, 0xff, 0xff, 0x40,
    0x00, 0x02, 0xef, 0xff, 0xf0, 0x06, 0xff, 0xff,
    0xfb, 0x88, 0xbf, 0xcf, 0xff, 0xf0, 0x00, 0xcf,
    0xff, 0xff, 0xff, 0xfd, 0x5f, 0xff, 0xf0, 0x00,
    0x1d, 0xff, 0xff, 0xff, 0xe2, 0x4f, 0xff, 0xf0,
    0x00, 0x00, 0x6c, 0xef, 0xd8, 0x10, 0x4f, 0xff,
    0xf0,

    /* U+0065 "e" */
    0x00, 0x00, 0x03, 0x9d, 0xef, 0xeb, 0x60, 0x00,
    0x00, 0x00, 0x00, 0xaf, 0xff, 0xff, 0xff, 0xfe,
    0x50, 0x00, 0x00, 0x0d, 0xff, 0xff, 0xff, 0xff,
    0xff, 0xf6, 0x00, 0x00, 0xaf, 0xff, 0xf9, 0x43,
    0x5c, 0xff, 0xff, 0x20, 0x02, 0xff, 0xff, 0x40,
    0x00, 0x00, 0xaf, 0xff, 0xa0, 0x09, 0xff, 0xf9,
    0x00, 0x00, 0x00, 0x1f, 0xff, 0xf1, 0x0d, 0xff,
    0xf4, 0x00, 0x00, 0x00, 0x0d, 0xff, 0xf4, 0x0f,
    0xff, 0xfc, 0xbb, 0xbb, 0xbb, 0xbf, 0xff, 0xf7,
    0x1f, 0xff, 0xff, 0xff, 0xff, 0xff, 0xff, 0xff,
    0xf8, 0x1f, 0xff, 0xff, 0xff, 0xff, 0xff, 0xff,
    0xff, 0xf8, 0x0f, 0xff, 0xf3, 0x00, 0x00, 0x00,
    0x00, 0x00, 0x00, 0x0d, 0xff, 0xf5, 0x00, 0x00,
    0x00, 0x00, 0x00, 0x00, 0x09, 0xff, 0xfb, 0x00,
    0x00, 0x00, 0x00, 0x80, 0x00, 0x03, 0xff, 0xff,
    0x80, 0x00, 0x00, 0x1b, 0xfc, 0x00, 0x00, 0xaf,
    0xff, 0xfd, 0x97, 0x8b, 0xff, 0xff, 0xb0, 0x00,
    0x1d, 0xff, 0xff, 0xff, 0xff, 0xff, 0xff, 0x30,
    0x00, 0x00, 0xaf, 0xff, 0xff, 0xff, 0xff, 0xc2,
    0x00, 0x00, 0x00, 0x03, 0x8c, 0xef, 0xed, 0xa4,
    0x00, 0x00,

    /* U+0066 "f" */
    0x00, 0x00, 0x00, 0x01, 0x9d, 0xff, 0xff, 0xff,
    0xc0, 0x00, 0x00, 0x02, 0xef, 0xff, 0xff, 0xff,
    0xfc, 0x00, 0x00, 0x00, 0xbf, 0xff, 0xff, 0xff,
    0xff, 0xc0, 0x00, 0x00, 0x0f, 0xff, 0xf9, 0x77,
    0x77, 0x75, 0x00, 0x00, 0x01, 0xff, 0xff, 0x40,
    0x00, 0x00, 0x00, 0x00, 0x00, 0x1f, 0xff, 0xf4,
    0x00, 0x00, 0x00, 0x00, 0x00, 0x01, 0xff, 0xff,
    0x40, 0x00, 0x00, 0x0c, 0xff, 0xff, 0xff, 0xff,
    0xff, 0xff, 0xff, 0xfc, 0xcf, 0xff, 0xff, 0xff,
    0xff, 0xff, 0xff, 0xff, 0xcc, 0xff, 0xff, 0xff,
    0xff, 0xff, 0xff, 0xff, 0xfc, 0x57, 0x77, 0x77,
    0xff, 0xff, 0x97, 0x77, 0x77, 0x50, 0x00, 0x00,
    0x1f, 0xff, 0xf4, 0x00, 0x00, 0x00, 0x00, 0x00,
    0x01, 0xff, 0xff, 0x40, 0x00, 0x00, 0x00, 0x00,
    0x00, 0x1f, 0xff, 0xf4, 0x00, 0x00, 0x00, 0x00,
    0x00, 0x01, 0xff, 0xff, 0x40, 0x00, 0x00, 0x00,
    0x00, 0x00, 0x1f, 0xff, 0xf4, 0x00, 0x00, 0x00,
    0x00, 0x00, 0x01, 0xff, 0xff, 0x40, 0x00, 0x00,
    0x00, 0x00, 0x00, 0x1f, 0xff, 0xf4, 0x00, 0x00,
    0x00, 0x00, 0x00, 0x01, 0xff, 0xff, 0x40, 0x00,
    0x00, 0x00, 0x00, 0x00, 0x1f, 0xff, 0xf4, 0x00,
    0x00, 0x00, 0x00, 0x00, 0x01, 0xff, 0xff, 0x40,
    0x00, 0x00, 0x03, 0x77, 0x77, 0x7f, 0xff, 0xf9,
    0x77, 0x77, 0x60, 0x7f, 0xff, 0xff, 0xff, 0xff,
    0xff, 0xff, 0xff, 0x07, 0xff, 0xff, 0xff, 0xff,
    0xff, 0xff, 0xff, 0xf0, 0x7f, 0xff, 0xff, 0xff,
    0xff, 0xff, 0xff, 0xff, 0x00,

    /* U+0067 "g" */
    0x00, 0x00, 0x00, 0x00, 0x00, 0x00, 0x1a, 0xff,
    0xfe, 0x00, 0x00, 0x00, 0x00, 0x00, 0x00, 0x09,
    0xff, 0xff, 0xe0, 0x00, 0x00, 0x00, 0x00, 0x00,
    0x00, 0xcf, 0xff, 0xfe, 0x00, 0x00, 0x00, 0x6b,
    0xef, 0xff, 0xdf, 0xd4, 0x44, 0x30, 0x00, 0x03,
    0xef, 0xff, 0xff, 0xff, 0xff, 0x70, 0x00, 0x00,
    0x03, 0xff, 0xff, 0xfe, 0xef, 0xff, 0xff, 0x60,
    0x00, 0x00, 0xcf, 0xff, 0xc2, 0x00, 0x1b, 0xff,
    0xfe, 0x00, 0x00, 0x2f, 0xff, 0xf1, 0x00, 0x00,
    0x0f, 0xff, 0xf4, 0x00, 0x04, 0xff, 0xfd, 0x00,
    0x00, 0x00, 0xcf, 0xff, 0x60, 0x00, 0x4f, 0xff,
    0xd0, 0x00, 0x00, 0x0c, 0xff, 0xf6, 0x00, 0x02,
    0xff, 0xff, 0x10, 0x00, 0x00, 0xef, 0xff, 0x30,
    0x00, 0x0c, 0xff, 0xfc, 0x20, 0x01, 0xbf, 0xff,
    0xd0, 0x00, 0x00, 0x3f, 0xff, 0xff, 0xee, 0xff,
    0xff, 0xf4, 0x00, 0x00, 0x00, 0x4e, 0xff, 0xff,
    0xff, 0xff, 0xe4, 0x00, 0x00, 0x00, 0x01, 0x7f,
    0xde, 0xff, 0xeb, 0x60, 0x00, 0x00, 0x00, 0x06,
    0xff, 0x70, 0x00, 0x00, 0x00, 0x00, 0x00, 0x00,
    0x00, 0xff, 0xf4, 0x00, 0x00, 0x00, 0x00, 0x00,
    0x00, 0x00, 0x2f, 0xff, 0xea, 0x99, 0x99, 0x98,
    0x74, 0x00, 0x00, 0x00, 0xdf, 0xff, 0xff, 0xff,
    0xff, 0xff, 0xff, 0x70, 0x00, 0x02, 0xbf, 0xff,
    0xff, 0xff, 0xff, 0xff, 0xff, 0x90, 0x00, 0x29,
    0xff, 0xff, 0xff, 0xff, 0xff, 0xff, 0xff, 0x30,
    0x5f, 0xfd, 0x10, 0x00, 0x00, 0x00, 0x5f, 0xff,
    0xf7, 0x0f, 0xff, 0x80, 0x00, 0x00, 0x00, 0x00,
    0x9f, 0xff, 0x82, 0xff, 0xfa, 0x00, 0x00, 0x00,
    0x00, 0x0b, 0xff, 0xf7, 0x1f, 0xff, 0xf7, 0x10,
    0x00, 0x00, 0x28, 0xff, 0xff, 0x20, 0xbf, 0xff,
    0xff, 0xff, 0xff, 0xff, 0xff, 0xff, 0x90, 0x01,
    0xbf, 0xff, 0xff, 0xff, 0xff, 0xff, 0xff, 0x70,
    0x00, 0x00, 0x38, 0xbd, 0xff, 0xff, 0xec, 0x96,
    0x10, 0x00,

    /* U+0068 "h" */
    0x7f, 0xff, 0xe0, 0x00, 0x00, 0x00, 0x00, 0x00,
    0x07, 0xff, 0xfe, 0x00, 0x00, 0x00, 0x00, 0x00,
    0x00, 0x7f, 0xff, 0xe0, 0x00, 0x00, 0x00, 0x00,
    0x00, 0x07, 0xff, 0xfe, 0x00, 0x00, 0x00, 0x00,
    0x00, 0x00, 0x7f, 0xff, 0xe0, 0x00, 0x00, 0x00,
    0x00, 0x00, 0x07, 0xff, 0xfe, 0x00, 0x00, 0x00,
    0x00, 0x00, 0x00, 0x7f, 0xff, 0xe0, 0x00, 0x00,
    0x00, 0x00, 0x00, 0x07, 0xff, 0xfe, 0x00, 0x5c,
    0xff, 0xd8, 0x10, 0x00, 0x7f, 0xff, 0xe0, 0x9f,
    0xff, 0xff, 0xfe, 0x30, 0x07, 0xff, 0xfe, 0x5f,
    0xff, 0xff, 0xff, 0xfe, 0x10, 0x7f, 0xff, 0xfe,
    0xd8, 0x7a, 0xff, 0xff, 0xf7, 0x07, 0xff, 0xff,
    0xa0, 0x00, 0x03, 0xff, 0xff, 0xc0, 0x7f, 0xff,
    0xf0, 0x00, 0x00, 0x09, 0xff, 0xfe, 0x07, 0xff,
    0xfe, 0x00, 0x00, 0x00, 0x6f, 0xff, 0xf0, 0x7f,
    0xff, 0xe0, 0x00, 0x00, 0x05, 0xff, 0xff, 0x07,
    0xff, 0xfe, 0x00, 0x00, 0x00, 0x5f, 0xff, 0xf0,
    0x7f, 0xff, 0xe0, 0x00, 0x00, 0x05, 0xff, 0xff,
    0x07, 0xff, 0xfe, 0x00, 0x00, 0x00, 0x5f, 0xff,
    0xf0, 0x7f, 0xff, 0xe0, 0x00, 0x00, 0x05, 0xff,
    0xff, 0x07, 0xff, 0xfe, 0x00, 0x00, 0x00, 0x5f,
    0xff, 0xf0, 0x7f, 0xff, 0xe0, 0x00, 0x00, 0x05,
    0xff, 0xff, 0x07, 0xff, 0xfe, 0x00, 0x00, 0x00,
    0x5f, 0xff, 0xf0, 0x7f, 0xff, 0xe0, 0x00, 0x00,
    0x05, 0xff, 0xff, 0x07, 0xff, 0xfe, 0x00, 0x00,
    0x00, 0x5f, 0xff, 0xf0, 0x7f, 0xff, 0xe0, 0x00,
    0x00, 0x05, 0xff, 0xff, 0x00,

    /* U+0069 "i" */
    0x00, 0x00, 0x00, 0x8e, 0xfc, 0x30, 0x00, 0x00,
    0x00, 0x00, 0x05, 0xff, 0xff, 0xe0, 0x00, 0x00,
    0x00, 0x00, 0x07, 0xff, 0xff, 0xf1, 0x00, 0x00,
    0x00, 0x00, 0x06, 0xff, 0xff, 0xf0, 0x00, 0x00,
    0x00, 0x00, 0x00, 0xcf, 0xff, 0x70, 0x00, 0x00,
    0x00, 0x00, 0x00, 0x02, 0x31, 0x00, 0x00, 0x00,
    0x00, 0x00, 0x00, 0x00, 0x00, 0x00, 0x00, 0x00,
    0xaf, 0xff, 0xff, 0xff, 0xff, 0x70, 0x00, 0x00,
    0xaf, 0xff, 0xff, 0xff, 0xff, 0x70, 0x00, 0x00,
    0xaf, 0xff, 0xff, 0xff, 0xff, 0x70, 0x00, 0x00,
    0x47, 0x77, 0x77, 0xff, 0xff, 0x70, 0x00, 0x00,
    0x00, 0x00, 0x00, 0xef, 0xff, 0x70, 0x00, 0x00,
    0x00, 0x00, 0x00, 0xef, 0xff, 0x70, 0x00, 0x00,
    0x00, 0x00, 0x00, 0xef, 0xff, 0x70, 0x00, 0x00,
    0x00, 0x00, 0x00, 0xef, 0xff, 0x70, 0x00, 0x00,
    0x00, 0x00, 0x00, 0xef, 0xff, 0x70, 0x00, 0x00,
    0x00, 0x00, 0x00, 0xef, 0xff, 0x70, 0x00, 0x00,
    0x00, 0x00, 0x00, 0xef, 0xff, 0x70, 0x00, 0x00,
    0x00, 0x00, 0x00, 0xef, 0xff, 0x70, 0x00, 0x00,
    0x00, 0x00, 0x00, 0xef, 0xff, 0x70, 0x00, 0x00,
    0x00, 0x00, 0x00, 0xef, 0xff, 0x70, 0x00, 0x00,
    0x47, 0x77, 0x77, 0xff, 0xff, 0xb7, 0x77, 0x75,
    0xaf, 0xff, 0xff, 0xff, 0xff, 0xff, 0xff, 0xfd,
    0xaf, 0xff, 0xff, 0xff, 0xff, 0xff, 0xff, 0xfd,
    0xaf, 0xff, 0xff, 0xff, 0xff, 0xff, 0xff, 0xfd,

    /* U+006A "j" */
    0x00, 0x00, 0x00, 0x04, 0xdf, 0xe8, 0x00, 0x00,
    0x00, 0x00, 0xef, 0xff, 0xf4, 0x00, 0x00, 0x00,
    0x1f, 0xff, 0xff, 0x70, 0x00, 0x00, 0x00, 0xff,
    0xff, 0xf6, 0x00, 0x00, 0x00, 0x07, 0xff, 0xfc,
    0x00, 0x00, 0x00, 0x00, 0x01, 0x32, 0x00, 0x00,
    0x00, 0x00, 0x00, 0x00, 0x00, 0x0e, 0xff, 0xff,
    0xff, 0xff, 0xff, 0xd0, 0xef, 0xff, 0xff, 0xff,
    0xff, 0xfd, 0x0e, 0xff, 0xff, 0xff, 0xff, 0xff,
    0xd0, 0x67, 0x77, 0x77, 0x7b, 0xff, 0xfd, 0x00,
    0x00, 0x00, 0x00, 0x8f, 0xff, 0xd0, 0x00, 0x00,
    0x00, 0x08, 0xff, 0xfd, 0x00, 0x00, 0x00, 0x00,
    0x8f, 0xff, 0xd0, 0x00, 0x00, 0x00, 0x08, 0xff,
    0xfd, 0x00, 0x00, 0x00, 0x00, 0x8f, 0xff, 0xd0,
    0x00, 0x00, 0x00, 0x08, 0xff, 0xfd, 0x00, 0x00,
    0x00, 0x00, 0x8f, 0xff, 0xd0, 0x00, 0x00, 0x00,
    0x08, 0xff, 0xfd, 0x00, 0x00, 0x00, 0x00, 0x8f,
    0xff, 0xd0, 0x00, 0x00, 0x00, 0x08, 0xff, 0xfd,
    0x00, 0x00, 0x00, 0x00, 0x8f, 0xff, 0xd0, 0x00,
    0x00, 0x00, 0x08, 0xff, 0xfd, 0x00, 0x00, 0x00,
    0x00, 0x8f, 0xff, 0xd0, 0x00, 0x00, 0x00, 0x08,
    0xff, 0xfd, 0x00, 0x00, 0x00, 0x00, 0x8f, 0xff,
    0xd0, 0x00, 0x00, 0x00, 0x08, 0xff, 0xfd, 0x00,
    0x00, 0x00, 0x00, 0x8f, 0xff, 0xc0, 0x57, 0x77,
    0x77, 0x7b, 0xff, 0xfa, 0x0c, 0xff, 0xff, 0xff,
    0xff, 0xff, 0x50, 0xcf, 0xff, 0xff, 0xff, 0xff,
    0xb0, 0x0c, 0xff, 0xff, 0xff, 0xfd, 0x70, 0x00,

    /* U+006B "k" */
    0x6f, 0xff, 0xf0, 0x00, 0x00, 0x00, 0x00, 0x00,
    0x00, 0x6f, 0xff, 0xf0, 0x00, 0x00, 0x00, 0x00,
    0x00, 0x00, 0x6f, 0xff, 0xf0, 0x00, 0x00, 0x00,
    0x00, 0x00, 0x00, 0x6f, 0xff, 0xf0, 0x00, 0x00,
    0x00, 0x00, 0x00, 0x00, 0x6f, 0xff, 0xf0, 0x00,
    0x00, 0x00, 0x00, 0x00, 0x00, 0x6f, 0xff, 0xf0,
    0x00, 0x00, 0x00, 0x00, 0x00, 0x00, 0x6f, 0xff,
    0xf0, 0x00, 0x00, 0x00, 0x00, 0x00, 0x00, 0x6f,
    0xff, 0xf0, 0x00, 0x00, 0x07, 0xff, 0xff, 0x90,
    0x6f, 0xff, 0xf0, 0x00, 0x00, 0x6f, 0xff, 0xf9,
    0x00, 0x6f, 0xff, 0xf0, 0x00, 0x05, 0xff, 0xff,
    0xa0, 0x00, 0x6f, 0xff, 0xf0, 0x00, 0x5f, 0xff,
    0xfa, 0x00, 0x00, 0x6f, 0xff, 0xf0, 0x04, 0xff,
    0xff, 0xa0, 0x00, 0x00, 0x6f, 0xff, 0xf0, 0x3f,
    0xff, 0xfa, 0x00, 0x00, 0x00, 0x6f, 0xff, 0xf2,
    0xef, 0xff, 0xb0, 0x00, 0x00, 0x00, 0x6f, 0xff,
    0xfe, 0xff, 0xff, 0x70, 0x00, 0x00, 0x00, 0x6f,
    0xff, 0xff, 0xff, 0xff, 0xf2, 0x00, 0x00, 0x00,
    0x6f, 0xff, 0xff, 0xfe, 0xff, 0xfd, 0x00, 0x00,
    0x00, 0x6f, 0xff, 0xfe, 0x35, 0xff, 0xff, 0x80,
    0x00, 0x00, 0x6f, 0xff, 0xf3, 0x00, 0xbf, 0xff,
    0xf4, 0x00, 0x00, 0x6f, 0xff, 0xf0, 0x00, 0x1e,
    0xff, 0xfe, 0x10, 0x00, 0x6f, 0xff, 0xf0, 0x00,
    0x05, 0xff, 0xff, 0xa0, 0x00, 0x6f, 0xff, 0xf0,
    0x00, 0x00, 0xbf, 0xff, 0xf6, 0x00, 0x6f, 0xff,
    0xf0, 0x00, 0x00, 0x1e, 0xff, 0xff, 0x20, 0x6f,
    0xff, 0xf0, 0x00, 0x00, 0x05, 0xff, 0xff, 0xc0,
    0x6f, 0xff, 0xf0, 0x00, 0x00, 0x00, 0xaf, 0xff,
    0xf8,

    /* U+006C "l" */
    0x8f, 0xff, 0xff, 0xff, 0xff, 0x60, 0x00, 0x00,
    0x8f, 0xff, 0xff, 0xff, 0xff, 0x60, 0x00, 0x00,
    0x8f, 0xff, 0xff, 0xff, 0xff, 0x60, 0x00, 0x00,
    0x37, 0x77, 0x77, 0xff, 0xff, 0x60, 0x00, 0x00,
    0x00, 0x00, 0x00, 0xff, 0xff, 0x60, 0x00, 0x00,
    0x00, 0x00, 0x00, 0xff, 0xff, 0x60, 0x00, 0x00,
    0x00, 0x00, 0x00, 0xff, 0xff, 0x60, 0x00, 0x00,
    0x00, 0x00, 0x00, 0xff, 0xff, 0x60, 0x00, 0x00,
    0x00, 0x00, 0x00, 0xff, 0xff, 0x60, 0x00, 0x00,
    0x00, 0x00, 0x00, 0xff, 0xff, 0x60, 0x00, 0x00,
    0x00, 0x00, 0x00, 0xff, 0xff, 0x60, 0x00, 0x00,
    0x00, 0x00, 0x00, 0xff, 0xff, 0x60, 0x00, 0x00,
    0x00, 0x00, 0x00, 0xff, 0xff, 0x60, 0x00, 0x00,
    0x00, 0x00, 0x00, 0xff, 0xff, 0x60, 0x00, 0x00,
    0x00, 0x00, 0x00, 0xff, 0xff, 0x60, 0x00, 0x00,
    0x00, 0x00, 0x00, 0xff, 0xff, 0x60, 0x00, 0x00,
    0x00, 0x00, 0x00, 0xff, 0xff, 0x60, 0x00, 0x00,
    0x00, 0x00, 0x00, 0xff, 0xff, 0x60, 0x00, 0x00,
    0x00, 0x00, 0x00, 0xff, 0xff, 0x60, 0x00, 0x00,
    0x00, 0x00, 0x00, 0xff, 0xff, 0x60, 0x00, 0x00,
    0x00, 0x00, 0x00, 0xff, 0xff, 0x60, 0x00, 0x00,
    0x37, 0x77, 0x77, 0xff, 0xff, 0xa7, 0x77, 0x76,
    0x8f, 0xff, 0xff, 0xff, 0xff, 0xff, 0xff, 0xff,
    0x8f, 0xff, 0xff, 0xff, 0xff, 0xff, 0xff, 0xff,
    0x8f, 0xff, 0xff, 0xff, 0xff, 0xff, 0xff, 0xff,

    /* U+006D "m" */
    0xbf, 0xfd, 0x05, 0xdf, 0xc3, 0x00, 0x7d, 0xfd,
    0x50, 0x0b, 0xff, 0xd4, 0xff, 0xff, 0xe1, 0x8f,
    0xff, 0xff, 0x40, 0xbf, 0xfe, 0xdf, 0xff, 0xff,
    0x8f, 0xff, 0xff, 0xfb, 0x0b, 0xff, 0xfb, 0x58,
    0xff, 0xff, 0xd5, 0x7f, 0xff, 0xf0, 0xbf, 0xff,
    0x00, 0x0c, 0xff, 0xf2, 0x00, 0xaf, 0xff, 0x0b,
    0xff, 0xd0, 0x00, 0xaf, 0xff, 0x00, 0x08, 0xff,
    0xf1, 0xbf, 0xfd, 0x00, 0x09, 0xff, 0xf0, 0x00,
    0x7f, 0xff, 0x1b, 0xff, 0xd0, 0x00, 0x9f, 0xff,
    0x00, 0x07, 0xff, 0xf1, 0xbf, 0xfd, 0x00, 0x09,
    0xff, 0xf0, 0x00, 0x7f, 0xff, 0x1b, 0xff, 0xd0,
    0x00, 0x9f, 0xff, 0x00, 0x07, 0xff, 0xf1, 0xbf,
    0xfd, 0x00, 0x09, 0xff, 0xf0, 0x00, 0x7f, 0xff,
    0x1b, 0xff, 0xd0, 0x00, 0x9f, 0xff, 0x00, 0x07,
    0xff, 0xf1, 0xbf, 0xfd, 0x00, 0x09, 0xff, 0xf0,
    0x00, 0x7f, 0xff, 0x1b, 0xff, 0xd0, 0x00, 0x9f,
    0xff, 0x00, 0x07, 0xff, 0xf1, 0xbf, 0xfd, 0x00,
    0x09, 0xff, 0xf0, 0x00, 0x7f, 0xff, 0x1b, 0xff,
    0xd0, 0x00, 0x9f, 0xff, 0x00, 0x07, 0xff, 0xf1,
    0xbf, 0xfd, 0x00, 0x09, 0xff, 0xf0, 0x00, 0x7f,
    0xff, 0x1b, 0xff, 0xd0, 0x00, 0x9f, 0xff, 0x00,
    0x07, 0xff, 0xf1,

    /* U+006E "n" */
    0x7f, 0xff, 0xe0, 0x05, 0xcf, 0xfd, 0x81, 0x00,
    0x07, 0xff, 0xfe, 0x09, 0xff, 0xff, 0xff, 0xe3,
    0x00, 0x7f, 0xff, 0xe5, 0xff, 0xff, 0xff, 0xff,
    0xe1, 0x07, 0xff, 0xff, 0xed, 0x87, 0xaf, 0xff,
    0xff, 0x70, 0x7f, 0xff, 0xfa, 0x00, 0x00, 0x3f,
    0xff, 0xfc, 0x07, 0xff, 0xff, 0x00, 0x00, 0x00,
    0x9f, 0xff, 0xe0, 0x7f, 0xff, 0xe0, 0x00, 0x00,
    0x06, 0xff, 0xff, 0x07, 0xff, 0xfe, 0x00, 0x00,
    0x00, 0x5f, 0xff, 0xf0, 0x7f, 0xff, 0xe0, 0x00,
    0x00, 0x05, 0xff, 0xff, 0x07, 0xff, 0xfe, 0x00,
    0x00, 0x00, 0x5f, 0xff, 0xf0, 0x7f, 0xff, 0xe0,
    0x00, 0x00, 0x05, 0xff, 0xff, 0x07, 0xff, 0xfe,
    0x00, 0x00, 0x00, 0x5f, 0xff, 0xf0, 0x7f, 0xff,
    0xe0, 0x00, 0x00, 0x05, 0xff, 0xff, 0x07, 0xff,
    0xfe, 0x00, 0x00, 0x00, 0x5f, 0xff, 0xf0, 0x7f,
    0xff, 0xe0, 0x00, 0x00, 0x05, 0xff, 0xff, 0x07,
    0xff, 0xfe, 0x00, 0x00, 0x00, 0x5f, 0xff, 0xf0,
    0x7f, 0xff, 0xe0, 0x00, 0x00, 0x05, 0xff, 0xff,
    0x07, 0xff, 0xfe, 0x00, 0x00, 0x00, 0x5f, 0xff,
    0xf0,

    /* U+006F "o" */
    0x00, 0x00, 0x04, 0x9d, 0xff, 0xeb, 0x60, 0x00,
    0x00, 0x00, 0x02, 0xcf, 0xff, 0xff, 0xff, 0xfe,
    0x50, 0x00, 0x00, 0x2e, 0xff, 0xff, 0xff, 0xff,
    0xff, 0xf7, 0x00, 0x00, 0xdf, 0xff, 0xfa, 0x65,
    0x8e, 0xff, 0xff, 0x40, 0x06, 0xff, 0xff, 0x40,
    0x00, 0x01, 0xcf, 0xff, 0xc0, 0x0d, 0xff, 0xf9,
    0x00, 0x00, 0x00, 0x2f, 0xff, 0xf3, 0x1f, 0xff,
    0xf4, 0x00, 0x00, 0x00, 0x0d, 0xff, 0xf7, 0x4f,
    0xff, 0xf2, 0x00, 0x00, 0x00, 0x0c, 0xff, 0xfa,
    0x5f, 0xff, 0xf2, 0x00, 0x00, 0x00, 0x0c, 0xff,
    0xfb, 0x5f, 0xff, 0xf2, 0x00, 0x00, 0x00, 0x0c,
    0xff, 0xfb, 0x4f, 0xff, 0xf2, 0x00, 0x00, 0x00,
    0x0c, 0xff, 0xfa, 0x1f, 0xff, 0xf4, 0x00, 0x00,
    0x00, 0x0d, 0xff, 0xf7, 0x0d, 0xff, 0xf9, 0x00,
    0x00, 0x00, 0x2f, 0xff, 0xf3, 0x06, 0xff, 0xff,
    0x40, 0x00, 0x00, 0xcf, 0xff, 0xc0, 0x00, 0xdf,
    0xff, 0xfa, 0x65, 0x8e, 0xff, 0xff, 0x40, 0x00,
    0x2e, 0xff, 0xff, 0xff, 0xff, 0xff, 0xf7, 0x00,
    0x00, 0x02, 0xcf, 0xff, 0xff, 0xff, 0xfe, 0x60,
    0x00, 0x00, 0x00, 0x04, 0x9d, 0xff, 0xeb, 0x70,
    0x00, 0x00,

    /* U+0070 "p" */
    0xaf, 0xff, 0xb0, 0x05, 0xce, 0xfd, 0x92, 0x00,
    0x0a, 0xff, 0xfb, 0x0a, 0xff, 0xff, 0xff, 0xf5,
    0x00, 0xaf, 0xff, 0xb7, 0xff, 0xff, 0xff, 0xff,
    0xf3, 0x0a, 0xff, 0xfd, 0xfd, 0x98, 0xaf, 0xff,
    0xff, 0xc0, 0xaf, 0xff, 0xf7, 0x00, 0x00, 0x1c,
    0xff, 0xff, 0x3a, 0xff, 0xfd, 0x00, 0x00, 0x00,
    0x2f, 0xff, 0xf7, 0xaf, 0xff, 0xb0, 0x00, 0x00,
    0x00, 0xdf, 0xff, 0xaa, 0xff, 0xfb, 0x00, 0x00,
    0x00, 0x0b, 0xff, 0xfc, 0xaf, 0xff, 0xb0, 0x00,
    0x00, 0x00, 0xbf, 0xff, 0xda, 0xff, 0xfb, 0x00,
    0x00, 0x00, 0x0b, 0xff, 0xfd, 0xaf, 0xff, 0xb0,
    0x00, 0x00, 0x00, 0xbf, 0xff, 0xca, 0xff, 0xfb,
    0x00, 0x00, 0x00, 0x0d, 0xff, 0xfa, 0xaf, 0xff,
    0xd0, 0x00, 0x00, 0x02, 0xff, 0xff, 0x7a, 0xff,
    0xff, 0x70, 0x00, 0x01, 0xcf, 0xff, 0xf3, 0xaf,
    0xff, 0xdf, 0xd9, 0x79, 0xef, 0xff, 0xfc, 0x0a,
    0xff, 0xfb, 0x7f, 0xff, 0xff, 0xff, 0xff, 0x30,
    0xaf, 0xff, 0xb0, 0xaf, 0xff, 0xff, 0xff, 0x50,
    0x0a, 0xff, 0xfb, 0x00, 0x5c, 0xef, 0xd9, 0x20,
    0x00, 0xaf, 0xff, 0xb0, 0x00, 0x00, 0x00, 0x00,
    0x00, 0x0a, 0xff, 0xfb, 0x00, 0x00, 0x00, 0x00,
    0x00, 0x00, 0xaf, 0xff, 0xb0, 0x00, 0x00, 0x00,
    0x00, 0x00, 0x0a, 0xff, 0xfb, 0x00, 0x00, 0x00,
    0x00, 0x00, 0x00, 0xaf, 0xff, 0xb0, 0x00, 0x00,
    0x00, 0x00, 0x00, 0x0a, 0xff, 0xfb, 0x00, 0x00,
    0x00, 0x00, 0x00, 0x00, 0xaf, 0xff, 0xb0, 0x00,
    0x00, 0x00, 0x00, 0x00, 0x00,

    /* U+0071 "q" */
    0x00, 0x00, 0x6c, 0xef, 0xd8, 0x10, 0x4f, 0xff,
    0xf0, 0x00, 0x1c, 0xff, 0xff, 0xff, 0xe2, 0x4f,
    0xff, 0xf0, 0x00, 0xcf, 0xff, 0xff, 0xff, 0xfd,
    0x5f, 0xff, 0xf0, 0x06, 0xff, 0xff, 0xfc, 0x88,
    0xbf, 0xcf, 0xff, 0xf0, 0x0d, 0xff, 0xff, 0x40,
    0x00, 0x03, 0xef, 0xff, 0xf0, 0x1f, 0xff, 0xf8,
    0x00, 0x00, 0x00, 0x7f, 0xff, 0xf0, 0x4f, 0xff,
    0xf3, 0x00, 0x00, 0x00, 0x4f, 0xff, 0xf0, 0x6f,
    0xff, 0xf1, 0x00, 0x00, 0x00, 0x4f, 0xff, 0xf0,
    0x7f, 0xff, 0xf1, 0x00, 0x00, 0x00, 0x4f, 0xff,
    0xf0, 0x7f, 0xff, 0xf1, 0x00, 0x00, 0x00, 0x4f,
    0xff, 0xf0, 0x6f, 0xff, 0xf1, 0x00, 0x00, 0x00,
    0x4f, 0xff, 0xf0, 0x4f, 0xff, 0xf3, 0x00, 0x00,
    0x00, 0x4f, 0xff, 0xf0, 0x1f, 0xff, 0xf8, 0x00,
    0x00, 0x00, 0x7f, 0xff, 0xf0, 0x0c, 0xff, 0xff,
    0x40, 0x00, 0x02, 0xef, 0xff, 0xf0, 0x06, 0xff,
    0xff, 0xfb, 0x88, 0xbf, 0xcf, 0xff, 0xf0, 0x00,
    0xcf, 0xff, 0xff, 0xff, 0xfd, 0x5f, 0xff, 0xf0,
    0x00, 0x1d, 0xff, 0xff, 0xff, 0xe2, 0x4f, 0xff,
    0xf0, 0x00, 0x00, 0x6c, 0xef, 0xd8, 0x10, 0x4f,
    0xff, 0xf0, 0x00, 0x00, 0x00, 0x00, 0x00, 0x00,
    0x4f, 0xff, 0xf0, 0x00, 0x00, 0x00, 0x00, 0x00,
    0x00, 0x4f, 0xff, 0xf0, 0x00, 0x00, 0x00, 0x00,
    0x00, 0x00, 0x4f, 0xff, 0xf0, 0x00, 0x00, 0x00,
    0x00, 0x00, 0x00, 0x4f, 0xff, 0xf0, 0x00, 0x00,
    0x00, 0x00, 0x00, 0x00, 0x4f, 0xff, 0xf0, 0x00,
    0x00, 0x00, 0x00, 0x00, 0x00, 0x4f, 0xff, 0xf0,
    0x00, 0x00, 0x00, 0x00, 0x00, 0x00, 0x4f, 0xff,
    0xf0,

    /* U+0072 "r" */
    0x7f, 0xff, 0xff, 0xff, 0xf4, 0x00, 0x5c, 0xff,
    0xf1, 0x7f, 0xff, 0xff, 0xff, 0xf4, 0x0a, 0xff,
    0xff, 0xf1, 0x7f, 0xff, 0xff, 0xff, 0xf4, 0x6f,
    0xff, 0xff, 0xf1, 0x37, 0x77, 0x8f, 0xff, 0xf4,
    0xff, 0xff, 0xff, 0xf1, 0x00, 0x00, 0x1f, 0xff,
    0xfa, 0xf8, 0x31, 0x11, 0x10, 0x00, 0x00, 0x1f,
    0xff, 0xff, 0x40, 0x00, 0x00, 0x00, 0x00, 0x00,
    0x1f, 0xff, 0xf9, 0x00, 0x00, 0x00, 0x00, 0x00,
    0x00, 0x1f, 0xff, 0xf5, 0x00, 0x00, 0x00, 0x00,
    0x00, 0x00, 0x1f, 0xff, 0xf4, 0x00, 0x00, 0x00,
    0x00, 0x00, 0x00, 0x1f, 0xff, 0xf4, 0x00, 0x00,
    0x00, 0x00, 0x00, 0x00, 0x1f, 0xff, 0xf4, 0x00,
    0x00, 0x00, 0x00, 0x00, 0x00, 0x1f, 0xff, 0xf4,
    0x00, 0x00, 0x00, 0x00, 0x00, 0x00, 0x1f, 0xff,
    0xf4, 0x00, 0x00, 0x00, 0x00, 0x00, 0x00, 0x1f,
    0xff, 0xf4, 0x00, 0x00, 0x00, 0x00, 0x37, 0x77,
    0x7f, 0xff, 0xf9, 0x77, 0x77, 0x72, 0x00, 0x7f,
    0xff, 0xff, 0xff, 0xff, 0xff, 0xff, 0xf5, 0x00,
    0x7f, 0xff, 0xff, 0xff, 0xff, 0xff, 0xff, 0xf5,
    0x00, 0x7f, 0xff, 0xff, 0xff, 0xff, 0xff, 0xff,
    0xf5, 0x00,

    /* U+0073 "s" */
    0x00, 0x00, 0x05, 0xad, 0xff, 0xed, 0xa6, 0x00,
    0x00, 0x00, 0x04, 0xef, 0xff, 0xff, 0xff, 0xff,
    0xe5, 0x00, 0x00, 0x3f, 0xff, 0xff, 0xff, 0xff,
    0xff, 0xff, 0x70, 0x00, 0xcf, 0xff, 0xe7, 0x43,
    0x47, 0xcf, 0xfe, 0x20, 0x01, 0xff, 0xff, 0x40,
    0x00, 0x00, 0x05, 0xe3, 0x00, 0x02, 0xff, 0xff,
    0x20, 0x00, 0x00, 0x00, 0x00, 0x00, 0x01, 0xff,
    0xff, 0xb3, 0x00, 0x00, 0x00, 0x00, 0x00, 0x00,
    0xcf, 0xff, 0xff, 0xfd, 0xb8, 0x41, 0x00, 0x00,
    0x00, 0x2e, 0xff, 0xff, 0xff, 0xff, 0xff, 0x91,
    0x00, 0x00, 0x01, 0x9f, 0xff, 0xff, 0xff, 0xff,
    0xfe, 0x20, 0x00, 0x00, 0x00, 0x47, 0xac, 0xff,
    0xff, 0xff, 0xa0, 0x00, 0x00, 0x00, 0x00, 0x00,
    0x03, 0xcf, 0xff, 0xf0, 0x00, 0x05, 0x00, 0x00,
    0x00, 0x00, 0x4f, 0xff, 0xf0, 0x01, 0xcf, 0xa1,
    0x00, 0x00, 0x00, 0x8f, 0xff, 0xe0, 0x0d, 0xff,
    0xfe, 0x95, 0x33, 0x49, 0xff, 0xff, 0x90, 0x05,
    0xff, 0xff, 0xff, 0xff, 0xff, 0xff, 0xfe, 0x10,
    0x00, 0x3c, 0xff, 0xff, 0xff, 0xff, 0xff, 0xc1,
    0x00, 0x00, 0x00, 0x38, 0xcd, 0xff, 0xec, 0x94,
    0x00, 0x00,

    /* U+0074 "t" */
    0x00, 0x00, 0x03, 0xff, 0xfd, 0x00, 0x00, 0x00,
    0x00, 0x00, 0x00, 0x3f, 0xff, 0xd0, 0x00, 0x00,
    0x00, 0x00, 0x00, 0x03, 0xff, 0xfd, 0x00, 0x00,
    0x00, 0x00, 0x00, 0x00, 0x3f, 0xff, 0xd0, 0x00,
    0x00, 0x00, 0x00, 0x00, 0x04, 0xff, 0xfd, 0x00,
    0x00, 0x00, 0x00, 0x00, 0x01, 0xaf, 0xff, 0xd0,
    0x00, 0x00, 0x00, 0x9f, 0xff, 0xff, 0xff, 0xff,
    0xff, 0xff, 0xff, 0xf9, 0xff, 0xff, 0xff, 0xff,
    0xff, 0xff, 0xff, 0xff, 0x9f, 0xff, 0xff, 0xff,
    0xff, 0xff, 0xff, 0xff, 0xf4, 0x77, 0x77, 0xbf,
    0xff, 0xe7, 0x77, 0x77, 0x77, 0x00, 0x00, 0x08,
    0xff, 0xfd, 0x00, 0x00, 0x00, 0x00, 0x00, 0x00,
    0x8f, 0xff, 0xd0, 0x00, 0x00, 0x00, 0x00, 0x00,
    0x08, 0xff, 0xfd, 0x00, 0x00, 0x00, 0x00, 0x00,
    0x00, 0x8f, 0xff, 0xd0, 0x00, 0x00, 0x00, 0x00,
    0x00, 0x08, 0xff, 0xfd, 0x00, 0x00, 0x00, 0x00,
    0x00, 0x00, 0x8f, 0xff, 0xd0, 0x00, 0x00, 0x00,
    0x00, 0x00, 0x08, 0xff, 0xfd, 0x00, 0x00, 0x00,
    0x00, 0x00, 0x00, 0x8f, 0xff, 0xd0, 0x00, 0x00,
    0x00, 0x00, 0x00, 0x08, 0xff, 0xfd, 0x00, 0x00,
    0x00, 0x00, 0x00, 0x00, 0x7f, 0xff, 0xd0, 0x00,
    0x00, 0x00, 0x00, 0x00, 0x05, 0xff, 0xfe, 0x77,
    0x77, 0x77, 0x60, 0x00, 0x00, 0x0f, 0xff, 0xff,
    0xff, 0xff, 0xff, 0x00, 0x00, 0x00, 0x6f, 0xff,
    0xff, 0xff, 0xff, 0xf0, 0x00, 0x00, 0x00, 0x4b,
    0xef, 0xff, 0xff, 0xff,

    /* U+0075 "u" */
    0xaf, 0xff, 0xb0, 0x00, 0x00, 0x08, 0xff, 0xfd,
    0xaf, 0xff, 0xb0, 0x00, 0x00, 0x08, 0xff, 0xfd,
    0xaf, 0xff, 0xb0, 0x00, 0x00, 0x08, 0xff, 0xfd,
    0xaf, 0xff, 0xb0, 0x00, 0x00, 0x08, 0xff, 0xfd,
    0xaf, 0xff, 0xb0, 0x00, 0x00, 0x08, 0xff, 0xfd,
    0xaf, 0xff, 0xb0, 0x00, 0x00, 0x08, 0xff, 0xfd,
    0xaf, 0xff, 0xb0, 0x00, 0x00, 0x08, 0xff, 0xfd,
    0xaf, 0xff, 0xb0, 0x00, 0x00, 0x08, 0xff, 0xfd,
    0xaf, 0xff, 0xb0, 0x00, 0x00, 0x08, 0xff, 0xfd,
    0xaf, 0xff, 0xb0, 0x00, 0x00, 0x08, 0xff, 0xfd,
    0xaf, 0xff, 0xb0, 0x00, 0x00, 0x08, 0xff, 0xfd,
    0x9f, 0xff, 0xd0, 0x00, 0x00, 0x08, 0xff, 0xfd,
    0x8f, 0xff, 0xf0, 0x00, 0x00, 0x0a, 0xff, 0xfd,
    0x6f, 0xff, 0xf9, 0x00, 0x00, 0x4f, 0xff, 0xfd,
    0x1f, 0xff, 0xff, 0xc8, 0x8b, 0xfd, 0xff, 0xfd,
    0x09, 0xff, 0xff, 0xff, 0xff, 0xc8, 0xff, 0xfd,
    0x00, 0xbf, 0xff, 0xff, 0xfd, 0x18, 0xff, 0xfd,
    0x00, 0x06, 0xcf, 0xfd, 0x91, 0x08, 0xff, 0xfd,

    /* U+0076 "v" */
    0x8f, 0xff, 0xf0, 0x00, 0x00, 0x00, 0x07, 0xff,
    0xfe, 0x02, 0xff, 0xff, 0x40, 0x00, 0x00, 0x00,
    0xbf, 0xff, 0x90, 0x0d, 0xff, 0xf9, 0x00, 0x00,
    0x00, 0x1f, 0xff, 0xf3, 0x00, 0x7f, 0xff, 0xe0,
    0x00, 0x00, 0x05, 0xff, 0xfe, 0x00, 0x02, 0xff,
    0xff, 0x30, 0x00, 0x00, 0xaf, 0xff, 0x80, 0x00,
    0x0c, 0xff, 0xf8, 0x00, 0x00, 0x0f, 0xff, 0xf2,
    0x00, 0x00, 0x7f, 0xff, 0xd0, 0x00, 0x04, 0xff,
    0xfd, 0x00, 0x00, 0x01, 0xff, 0xff, 0x20, 0x00,
    0x9f, 0xff, 0x70, 0x00, 0x00, 0x0b, 0xff, 0xf7,
    0x00, 0x0e, 0xff, 0xf2, 0x00, 0x00, 0x00, 0x6f,
    0xff, 0xb0, 0x02, 0xff, 0xfc, 0x00, 0x00, 0x00,
    0x01, 0xff, 0xff, 0x00, 0x7f, 0xff, 0x60, 0x00,
    0x00, 0x00, 0x0b, 0xff, 0xf5, 0x0c, 0xff, 0xf1,
    0x00, 0x00, 0x00, 0x00, 0x5f, 0xff, 0xa1, 0xff,
    0xfb, 0x00, 0x00, 0x00, 0x00, 0x00, 0xff, 0xfe,
    0x6f, 0xff, 0x60, 0x00, 0x00, 0x00, 0x00, 0x0a,
    0xff, 0xfe, 0xff, 0xf1, 0x00, 0x00, 0x00, 0x00,
    0x00, 0x4f, 0xff, 0xff, 0xfa, 0x00, 0x00, 0x00,
    0x00, 0x00, 0x00, 0xef, 0xff, 0xff, 0x50, 0x00,
    0x00, 0x00, 0x00, 0x00, 0x09, 0xff, 0xff, 0xf0,
    0x00, 0x00, 0x00,

    /* U+0077 "w" */
    0x7f, 0xff, 0x20, 0x00, 0xcf, 0xff, 0x50, 0x00,
    0x9f, 0xfd, 0x5f, 0xff, 0x40, 0x00, 0xff, 0xff,
    0x80, 0x00, 0xbf, 0xfb, 0x3f, 0xff, 0x50, 0x01,
    0xff, 0xff, 0xa0, 0x00, 0xcf, 0xf9, 0x1f, 0xff,
    0x70, 0x04, 0xff, 0xff, 0xd0, 0x00, 0xef, 0xf7,
    0x0f, 0xff, 0x80, 0x06, 0xff, 0xef, 0xf0, 0x00,
    0xff, 0xf5, 0x0d, 0xff, 0xa0, 0x09, 0xfe, 0x8f,
    0xf2, 0x01, 0xff, 0xf3, 0x0b, 0xff, 0xc0, 0x0b,
    0xfc, 0x5f, 0xf4, 0x03, 0xff, 0xf1, 0x09, 0xff,
    0xd0, 0x0e, 0xf9, 0x3f, 0xf7, 0x05, 0xff, 0xf0,
    0x07, 0xff, 0xf0, 0x0f, 0xf7, 0x0f, 0xf9, 0x06,
    0xff, 0xd0, 0x05, 0xff, 0xf1, 0x3f, 0xf4, 0x0e,
    0xfc, 0x08, 0xff, 0xb0, 0x03, 0xff, 0xf2, 0x6f,
    0xf2, 0x0b, 0xfe, 0x0a, 0xff, 0x90, 0x01, 0xff,
    0xf4, 0x8f, 0xf0, 0x09, 0xff, 0x1b, 0xff, 0x70,
    0x00, 0xff, 0xf5, 0xbf, 0xd0, 0x06, 0xff, 0x3d,
    0xff, 0x50, 0x00, 0xdf, 0xf7, 0xdf, 0xa0, 0x04,
    0xff, 0x6e, 0xff, 0x30, 0x00, 0xbf, 0xf9, 0xff,
    0x80, 0x02, 0xff, 0x9f, 0xff, 0x10, 0x00, 0x9f,
    0xff, 0xff, 0x50, 0x00, 0xff, 0xff, 0xff, 0x00,
    0x00, 0x7f, 0xff, 0xff, 0x30, 0x00, 0xdf, 0xff,
    0xfd, 0x00, 0x00, 0x5f, 0xff, 0xff, 0x00, 0x00,
    0xaf, 0xff, 0xfb, 0x00,

    /* U+0078 "x" */
    0x2f, 0xff, 0xfd, 0x00, 0x00, 0x00, 0x2f, 0xff,
    0xf8, 0x00, 0x6f, 0xff, 0xf8, 0x00, 0x00, 0x0b,
    0xff, 0xfc, 0x00, 0x00, 0xbf, 0xff, 0xf3, 0x00,
    0x06, 0xff, 0xff, 0x20, 0x00, 0x01, 0xef, 0xff,
    0xd0, 0x01, 0xff, 0xff, 0x50, 0x00, 0x00, 0x05,
    0xff, 0xff, 0x70, 0xbf, 0xff, 0xa0, 0x00, 0x00,
    0x00, 0x0a, 0xff, 0xff, 0x8f, 0xff, 0xe1, 0x00,
    0x00, 0x00, 0x00, 0x0e, 0xff, 0xff, 0xff, 0xf3,
    0x00, 0x00, 0x00, 0x00, 0x00, 0x3f, 0xff, 0xff,
    0xf8, 0x00, 0x00, 0x00, 0x00, 0x00, 0x00, 0x8f,
    0xff, 0xfd, 0x00, 0x00, 0x00, 0x00, 0x00, 0x00,
    0x0b, 0xff, 0xff, 0xf4, 0x00, 0x00, 0x00, 0x00,
    0x00, 0x07, 0xff, 0xff, 0xff, 0xe1, 0x00, 0x00,
    0x00, 0x00, 0x03, 0xff, 0xff, 0xff, 0xff, 0xa0,
    0x00, 0x00, 0x00, 0x00, 0xdf, 0xff, 0x77, 0xff,
    0xff, 0x60, 0x00, 0x00, 0x00, 0x9f, 0xff, 0xc0,
    0x0c, 0xff, 0xff, 0x20, 0x00, 0x00, 0x5f, 0xff,
    0xf2, 0x00, 0x2f, 0xff, 0xfc, 0x00, 0x00, 0x1e,
    0xff, 0xf7, 0x00, 0x00, 0x7f, 0xff, 0xf7, 0x00,
    0x0c, 0xff, 0xfc, 0x00, 0x00, 0x00, 0xcf, 0xff,
    0xf3, 0x07, 0xff, 0xff, 0x20, 0x00, 0x00, 0x02,
    0xff, 0xff, 0xd0,

    /* U+0079 "y" */
    0x0d, 0xff, 0xfc, 0x00, 0x00, 0x00, 0x00, 0x2f,
    0xff, 0xf3, 0x06, 0xff, 0xff, 0x20, 0x00, 0x00,
    0x00, 0x8f, 0xff, 0xd0, 0x01, 0xff, 0xff, 0x70,
    0x00, 0x00, 0x00, 0xef, 0xff, 0x60, 0x00, 0xaf,
    0xff, 0xd0, 0x00, 0x00, 0x04, 0xff, 0xff, 0x00,
    0x00, 0x3f, 0xff, 0xf3, 0x00, 0x00, 0x09, 0xff,
    0xfa, 0x00, 0x00, 0x0d, 0xff, 0xf8, 0x00, 0x00,
    0x0f, 0xff, 0xf3, 0x00, 0x00, 0x07, 0xff, 0xfe,
    0x00, 0x00, 0x5f, 0xff, 0xd0, 0x00, 0x00, 0x01,
    0xff, 0xff, 0x40, 0x00, 0xbf, 0xff, 0x70, 0x00,
    0x00, 0x00, 0xaf, 0xff, 0x90, 0x00, 0xff, 0xff,
    0x10, 0x00, 0x00, 0x00, 0x4f, 0xff, 0xe0, 0x05,
    0xff, 0xfa, 0x00, 0x00, 0x00, 0x00, 0x0d, 0xff,
    0xf3, 0x0a, 0xff, 0xf4, 0x00, 0x00, 0x00, 0x00,
    0x07, 0xff, 0xf9, 0x0f, 0xff, 0xd0, 0x00, 0x00,
    0x00, 0x00, 0x01, 0xff, 0xfe, 0x5f, 0xff, 0x70,
    0x00, 0x00, 0x00, 0x00, 0x00, 0xaf, 0xff, 0xef,
    0xff, 0x10, 0x00, 0x00, 0x00, 0x00, 0x00, 0x4f,
    0xff, 0xff, 0xfa, 0x00, 0x00, 0x00, 0x00, 0x00,
    0x00, 0x0e, 0xff, 0xff, 0xf4, 0x00, 0x00, 0x00,
    0x00, 0x00, 0x00, 0x08, 0xff, 0xff, 0xe0, 0x00,
    0x00, 0x00, 0x00, 0x00, 0x00, 0x01, 0xff, 0xff,
    0x70, 0x00, 0x00, 0x00, 0x00, 0x00, 0x00, 0x02,
    0xff, 0xff, 0x10, 0x00, 0x00, 0x00, 0x00, 0x00,
    0x00, 0x08, 0xff, 0xfb, 0x00, 0x00, 0x00, 0x00,
    0x00, 0x00, 0x00, 0x0d, 0xff, 0xf4, 0x00, 0x00,
    0x00, 0x00, 0x00, 0x37, 0x77, 0x8f, 0xff, 0xd0,
    0x00, 0x00, 0x00, 0x00, 0x00, 0x7f, 0xff, 0xff,
    0xff, 0x50, 0x00, 0x00, 0x00, 0x00, 0x00, 0x7f,
    0xff, 0xff, 0xf9, 0x00, 0x00, 0x00, 0x00, 0x00,
    0x00, 0x7f, 0xff, 0xec, 0x50, 0x00, 0x00, 0x00,
    0x00, 0x00,

    /* U+007A "z" */
    0x3f, 0xff, 0xff, 0xff, 0xff, 0xff, 0xff, 0xf9,
    0x3f, 0xff, 0xff, 0xff, 0xff, 0xff, 0xff, 0xf9,
    0x3f, 0xff, 0xff, 0xff, 0xff, 0xff, 0xff, 0xf9,
    0x17, 0x77, 0x77, 0x77, 0x77, 0xcf, 0xff, 0xf9,
    0x00, 0x00, 0x00, 0x00, 0x05, 0xff, 0xff, 0xd1,
    0x00, 0x00, 0x00, 0x00, 0x4f, 0xff, 0xfd, 0x10,
    0x00, 0x00, 0x00, 0x04, 0xff, 0xff, 0xe1, 0x00,
    0x00, 0x00, 0x00, 0x3f, 0xff, 0xfe, 0x20, 0x00,
    0x00, 0x00, 0x02, 0xef, 0xff, 0xe2, 0x00, 0x00,
    0x00, 0x00, 0x2e, 0xff, 0xff, 0x30, 0x00, 0x00,
    0x00, 0x01, 0xef, 0xff, 0xf4, 0x00, 0x00, 0x00,
    0x00, 0x1d, 0xff, 0xff, 0x40, 0x00, 0x00, 0x00,
    0x00, 0xcf, 0xff, 0xf5, 0x00, 0x00, 0x00, 0x00,
    0x0c, 0xff, 0xff, 0x60, 0x00, 0x00, 0x00, 0x00,
    0x8f, 0xff, 0xfd, 0x77, 0x77, 0x77, 0x77, 0x76,
    0x8f, 0xff, 0xff, 0xff, 0xff, 0xff, 0xff, 0xff,
    0x8f, 0xff, 0xff, 0xff, 0xff, 0xff, 0xff, 0xff,
    0x8f, 0xff, 0xff, 0xff, 0xff, 0xff, 0xff, 0xff,

    /* U+007B "{" */
    0x00, 0x00, 0x04, 0xcf, 0xff, 0xff, 0xff, 0x20,
    0x00, 0x03, 0xff, 0xff, 0xff, 0xff, 0xf2, 0x00,
    0x00, 0x9f, 0xff, 0xff, 0xff, 0xff, 0x20, 0x00,
    0x0b, 0xff, 0xc0, 0x00, 0x00, 0x00, 0x00, 0x00,
    0xcf, 0xfc, 0x00, 0x00, 0x00, 0x00, 0x00, 0x0b,
    0xff, 0xd0, 0x00, 0x00, 0x00, 0x00, 0x00, 0x9f,
    0xff, 0x00, 0x00, 0x00, 0x00, 0x00, 0x04, 0xff,
    0xf8, 0x00, 0x00, 0x00, 0x00, 0x00, 0x0c, 0xff,
    0xf3, 0x00, 0x00, 0x00, 0x00, 0x00, 0x1e, 0xff,
    0xd0, 0x00, 0x00, 0x00, 0x00, 0x00, 0x4f, 0xff,
    0x60, 0x00, 0x00, 0x00, 0x00, 0x00, 0xef, 0xfa,
    0x00, 0x00, 0x00, 0x00, 0x00, 0x0f, 0xff, 0xa0,
    0x00, 0x00, 0x00, 0x01, 0x4c, 0xff, 0xf4, 0x00,
    0x00, 0xbf, 0xff, 0xff, 0xff, 0xf6, 0x00, 0x00,
    0x0b, 0xff, 0xff, 0xff, 0x71, 0x00, 0x00, 0x00,
    0xbf, 0xff, 0xff, 0xff, 0xe6, 0x00, 0x00, 0x00,
    0x00, 0x01, 0x4c, 0xff, 0xf4, 0x00, 0x00, 0x00,
    0x00, 0x00, 0x0f, 0xff, 0xa0, 0x00, 0x00, 0x00,
    0x00, 0x00, 0xef, 0xfa, 0x00, 0x00, 0x00, 0x00,
    0x00, 0x4f, 0xff, 0x60, 0x00, 0x00, 0x00, 0x00,
    0x1e, 0xff, 0xd0, 0x00, 0x00, 0x00, 0x00, 0x0b,
    0xff, 0xf3, 0x00, 0x00, 0x00, 0x00, 0x04, 0xff,
    0xf8, 0x00, 0x00, 0x00, 0x00, 0x00, 0x9f, 0xff,
    0x00, 0x00, 0x00, 0x00, 0x00, 0x0b, 0xff, 0xd0,
    0x00, 0x00, 0x00, 0x00, 0x00, 0xcf, 0xfc, 0x00,
    0x00, 0x00, 0x00, 0x00, 0x0b, 0xff, 0xc0, 0x00,
    0x00, 0x00, 0x00, 0x00, 0x9f, 0xff, 0xff, 0xff,
    0xff, 0x20, 0x00, 0x03, 0xff, 0xff, 0xff, 0xff,
    0xf2, 0x00, 0x00, 0x04, 0xcf, 0xff, 0xff, 0xff,
    0x20,

    /* U+007C "|" */
    0x69, 0x99, 0x0a, 0xff, 0xf1, 0xaf, 0xff, 0x1a,
    0xff, 0xf1, 0xaf, 0xff, 0x1a, 0xff, 0xf1, 0xaf,
    0xff, 0x1a, 0xff, 0xf1, 0xaf, 0xff, 0x1a, 0xff,
    0xf1, 0xaf, 0xff, 0x1a, 0xff, 0xf1, 0xaf, 0xff,
    0x1a, 0xff, 0xf1, 0xaf, 0xff, 0x1a, 0xff, 0xf1,
    0xaf, 0xff, 0x1a, 0xff, 0xf1, 0xaf, 0xff, 0x1a,
    0xff, 0xf1, 0xaf, 0xff, 0x1a, 0xff, 0xf1, 0xaf,
    0xff, 0x1a, 0xff, 0xf1, 0xaf, 0xff, 0x1a, 0xff,
    0xf1, 0xaf, 0xff, 0x1a, 0xff, 0xf1, 0xaf, 0xff,
    0x1a, 0xff, 0xf1, 0xaf, 0xff, 0x10,

    /* U+007D "}" */
    0xbf, 0xff, 0xff, 0xfd, 0x80, 0x00, 0x00, 0x0b,
    0xff, 0xff, 0xff, 0xff, 0x90, 0x00, 0x00, 0xbf,
    0xff, 0xff, 0xff, 0xff, 0x00, 0x00, 0x00, 0x00,
    0x00, 0x06, 0xff, 0xf2, 0x00, 0x00, 0x00, 0x00,
    0x00, 0x6f, 0xff, 0x20, 0x00, 0x00, 0x00, 0x00,
    0x06, 0xff, 0xf1, 0x00, 0x00, 0x00, 0x00, 0x00,
    0x9f, 0xff, 0x00, 0x00, 0x00, 0x00, 0x00, 0x2f,
    0xff, 0xa0, 0x00, 0x00, 0x00, 0x00, 0x0c, 0xff,
    0xf2, 0x00, 0x00, 0x00, 0x00, 0x07, 0xff, 0xf6,
    0x00, 0x00, 0x00, 0x00, 0x01, 0xff, 0xfa, 0x00,
    0x00, 0x00, 0x00, 0x00, 0x4f, 0xff, 0x50, 0x00,
    0x00, 0x00, 0x00, 0x03, 0xff, 0xf6, 0x00, 0x00,
    0x00, 0x00, 0x00, 0x0d, 0xff, 0xf6, 0x20, 0x00,
    0x00, 0x00, 0x00, 0x2c, 0xff, 0xff, 0xff, 0xff,
    0x20, 0x00, 0x00, 0x04, 0xcf, 0xff, 0xff, 0xf2,
    0x00, 0x00, 0x2c, 0xff, 0xff, 0xff, 0xff, 0x20,
    0x00, 0x0d, 0xff, 0xf7, 0x20, 0x00, 0x00, 0x00,
    0x03, 0xff, 0xf6, 0x00, 0x00, 0x00, 0x00, 0x00,
    0x4f, 0xff, 0x50, 0x00, 0x00, 0x00, 0x00, 0x01,
    0xff, 0xfa, 0x00, 0x00, 0x00, 0x00, 0x00, 0x07,
    0xff, 0xf6, 0x00, 0x00, 0x00, 0x00, 0x00, 0x0c,
    0xff, 0xf2, 0x00, 0x00, 0x00, 0x00, 0x00, 0x2f,
    0xff, 0xa0, 0x00, 0x00, 0x00, 0x00, 0x00, 0x9f,
    0xff, 0x00, 0x00, 0x00, 0x00, 0x00, 0x06, 0xff,
    0xf1, 0x00, 0x00, 0x00, 0x00, 0x00, 0x6f, 0xff,
    0x20, 0x00, 0x00, 0x00, 0x00, 0x06, 0xff, 0xf2,
    0x00, 0x00, 0xbf, 0xff, 0xff, 0xff, 0xff, 0x00,
    0x00, 0x0b, 0xff, 0xff, 0xff, 0xff, 0x90, 0x00,
    0x00, 0xbf, 0xff, 0xff, 0xfe, 0x80, 0x00, 0x00,
    0x00,

    /* U+007E "~" */
    0x00, 0x00, 0x69, 0x95, 0x00, 0x00, 0x00, 0x02,
    0x00, 0x00, 0x2d, 0xff, 0xff, 0xc1, 0x00, 0x00,
    0x4f, 0xfb, 0x00, 0xdf, 0xff, 0xff, 0xfc, 0x00,
    0x00, 0x7f, 0xfc, 0x06, 0xff, 0xff, 0xff, 0xff,
    0x90, 0x00, 0xcf, 0xf9, 0x0c, 0xff, 0xc1, 0x4f,
    0xff, 0xf5, 0x02, 0xff, 0xf5, 0x1f, 0xff, 0x40,
    0x06, 0xff, 0xff, 0xbe, 0xff, 0xe0, 0x5f, 0xff,
    0x00, 0x00, 0xaf, 0xff, 0xff, 0xff, 0x70, 0x8f,
    0xfb, 0x00, 0x00, 0x0c, 0xff, 0xff, 0xfb, 0x00,
    0x03, 0x65, 0x00, 0x00, 0x00, 0x8d, 0xfd, 0x70,
    0x00,

    /* U+00B0 "°" */
    0x00, 0x00, 0x4a, 0xde, 0xc7, 0x00, 0x00, 0x00,
    0x0a, 0xff, 0xff, 0xff, 0xe3, 0x00, 0x00, 0xaf,
    0xff, 0xff, 0xff, 0xfe, 0x20, 0x04, 0xff, 0xf9,
    0x21, 0x5e, 0xff, 0xb0, 0x0b, 0xff, 0xa0, 0x00,
    0x04, 0xff, 0xf1, 0x0e, 0xff, 0x40, 0x00, 0x00,
    0xdf, 0xf5, 0x0f, 0xff, 0x20, 0x00, 0x00, 0xbf,
    0xf6, 0x0e, 0xff, 0x40, 0x00, 0x00, 0xdf, 0xf5,
    0x0b, 0xff, 0xa0, 0x00, 0x03, 0xff, 0xf1, 0x05,
    0xff, 0xf8, 0x10, 0x4e, 0xff, 0xb0, 0x00, 0xbf,
    0xff, 0xff, 0xff, 0xff, 0x20, 0x00, 0x0b, 0xff,
    0xff, 0xff, 0xe4, 0x00, 0x00, 0x00, 0x5b, 0xef,
    0xd8, 0x10, 0x00,

    /* U+00C0 "À" */
    0x00, 0x00, 0x00, 0x00, 0x00, 0x00, 0x00, 0x00,
    0x00, 0x00, 0x00, 0x00, 0x00, 0x06, 0xe8, 0x00,
    0x00, 0x00, 0x00, 0x00, 0x00, 0x00, 0x03, 0xef,
    0xff, 0x10, 0x00, 0x00, 0x00, 0x00, 0x00, 0x00,
    0x00, 0xdf, 0xff, 0x80, 0x00, 0x00, 0x00, 0x00,
    0x00, 0x00, 0x00, 0x2f, 0xff, 0xf1, 0x00, 0x00,
    0x00, 0x00, 0x00, 0x00, 0x00, 0x06, 0xff, 0xf8,
    0x00, 0x00, 0x00, 0x00, 0x00, 0x00, 0x00, 0x00,
    0xaf, 0xff, 0x10, 0x00, 0x00, 0x00, 0x00, 0x00,
    0x00, 0x00, 0x0d, 0xf9, 0x10, 0x00, 0x00, 0x00,
    0x00, 0x00, 0x00, 0x00, 0x02, 0x10, 0x00, 0x00,
    0x00, 0x00, 0x00, 0x00, 0x00, 0x00, 0x00, 0x00,
    0x00, 0x00, 0x00, 0x00, 0x00, 0x00, 0x00, 0x0f,
    0xff, 0xff, 0xf6, 0x00, 0x00, 0x00, 0x00, 0x00,
    0x00, 0x4f, 0xff, 0xff, 0xfb, 0x00, 0x00, 0x00,
    0x00, 0x00, 0x00, 0x9f, 0xff, 0xff, 0xff, 0x00,
    0x00, 0x00, 0x00, 0x00, 0x00, 0xdf, 0xff, 0xff,
    0xff, 0x40, 0x00, 0x00, 0x00, 0x00, 0x02, 0xff,
    0xff, 0xef, 0xff, 0x80, 0x00, 0x00, 0x00, 0x00,
    0x06, 0xff, 0xfb, 0x8f, 0xff, 0xd0, 0x00, 0x00,
    0x00, 0x00, 0x0b, 0xff, 0xf7, 0x4f, 0xff, 0xf1,
    0x00, 0x00, 0x00, 0x00, 0x0f, 0xff, 0xf3, 0x0f,
    0xff, 0xf6, 0x00, 0x00, 0x00, 0x00, 0x4f, 0xff,
    0xe0, 0x0b, 0xff, 0xfa, 0x00, 0x00, 0x00, 0x00,
    0x8f, 0xff, 0xa0, 0x07, 0xff, 0xfe, 0x00, 0x00,
    0x00, 0x00, 0xcf, 0xff, 0x60, 0x02, 0xff, 0xff,
    0x30, 0x00, 0x00, 0x01, 0xff, 0xff, 0x10, 0x00,
    0xef, 0xff, 0x70, 0x00, 0x00, 0x05, 0xff, 0xfd,
    0x00, 0x00, 0xaf, 0xff, 0xc0, 0x00, 0x00, 0x0a,
    0xff, 0xf9, 0x00, 0x00, 0x5f, 0xff, 0xf1, 0x00,
    0x00, 0x0e, 0xff, 0xfc, 0xaa, 0xaa, 0xbf, 0xff,
    0xf5, 0x00, 0x00, 0x3f, 0xff, 0xff, 0xff, 0xff,
    0xff, 0xff, 0xf9, 0x00, 0x00, 0x7f, 0xff, 0xff,
    0xff, 0xff, 0xff, 0xff, 0xfe, 0x00, 0x00, 0xcf,
    0xff, 0xff, 0xff, 0xff, 0xff, 0xff, 0xff, 0x20,
    0x00, 0xff, 0xff, 0x60, 0x00, 0x00, 0x04, 0xff,
    0xff, 0x70, 0x05, 0xff, 0xff, 0x20, 0x00, 0x00,
    0x00, 0xff, 0xff, 0xb0, 0x09, 0xff, 0xfe, 0x00,
    0x00, 0x00, 0x00, 0xbf, 0xff, 0xf0, 0x0d, 0xff,
    0xf9, 0x00, 0x00, 0x00, 0x00, 0x6f, 0xff, 0xf4,
    0x2f, 0xff, 0xf5, 0x00, 0x00, 0x00, 0x00, 0x2f,
    0xff, 0xf9, 0x6f, 0xff, 0xf1, 0x00, 0x00, 0x00,
    0x00, 0x0d, 0xff, 0xfd,

    /* U+00C1 "Á" */
    0x00, 0x00, 0x00, 0x00, 0x00, 0x01, 0x00, 0x00,
    0x00, 0x00, 0x00, 0x00, 0x00, 0x00, 0x00, 0x2f,
    0x92, 0x00, 0x00, 0x00, 0x00, 0x00, 0x00, 0x00,
    0x00, 0xaf, 0xff, 0x80, 0x00, 0x00, 0x00, 0x00,
    0x00, 0x00, 0x02, 0xff, 0xff, 0x40, 0x00, 0x00,
    0x00, 0x00, 0x00, 0x00, 0x0a, 0xff, 0xf8, 0x00,
    0x00, 0x00, 0x00, 0x00, 0x00, 0x00, 0x2f, 0xff,
    0xc0, 0x00, 0x00, 0x00, 0x00, 0x00, 0x00, 0x00,
    0xaf, 0xfe, 0x10, 0x00, 0x00, 0x00, 0x00, 0x00,
    0x00, 0x00, 0x5d, 0xf4, 0x00, 0x00, 0x00, 0x00,
    0x00, 0x00, 0x00, 0x00, 0x00, 0x30, 0x00, 0x00,
    0x00, 0x00, 0x00, 0x00, 0x00, 0x00, 0x00, 0x00,
    0x00, 0x00, 0x00, 0x00, 0x00, 0x00, 0x00, 0x0f,
    0xff, 0xff, 0xf6, 0x00, 0x00, 0x00, 0x00, 0x00,
    0x00, 0x4f, 0xff, 0xff, 0xfb, 0x00, 0x00, 0x00,
    0x00, 0x00, 0x00, 0x9f, 0xff, 0xff, 0xff, 0x00,
    0x00, 0x00, 0x00, 0x00, 0x00, 0xdf, 0xff, 0xff,
    0xff, 0x40, 0x00, 0x00, 0x00, 0x00, 0x02, 0xff,
    0xff, 0xef, 0xff, 0x80, 0x00, 0x00, 0x00, 0x00,
    0x06, 0xff, 0xfb, 0x8f, 0xff, 0xd0, 0x00, 0x00,
    0x00, 0x00, 0x0b, 0xff, 0xf7, 0x4f, 0xff, 0xf1,
    0x00, 0x00, 0x00, 0x00, 0x0f, 0xff, 0xf3, 0x0f,
    0xff, 0xf6, 0x00, 0x00, 0x00, 0x00, 0x4f, 0xff,
    0xe0, 0x0b, 0xff, 0xfa, 0x00, 0x00, 0x00, 0x00,
    0x8f, 0xff, 0xa0, 0x07, 0xff, 0xfe, 0x00, 0x00,
    0x00, 0x00, 0xcf, 0xff, 0x60, 0x02, 0xff, 0xff,
    0x30, 0x00, 0x00, 0x01, 0xff, 0xff, 0x10, 0x00,
    0xef, 0xff, 0x70, 0x00, 0x00, 0x05, 0xff, 0xfd,
    0x00, 0x00, 0xaf, 0xff, 0xc0, 0x00, 0x00, 0x0a,
    0xff, 0xf9, 0x00, 0x00, 0x5f, 0xff, 0xf1, 0x00,
    0x00, 0x0e, 0xff, 0xfc, 0xaa, 0xaa, 0xbf, 0xff,
    0xf5, 0x00, 0x00, 0x3f, 0xff, 0xff, 0xff, 0xff,
    0xff, 0xff, 0xf9, 0x00, 0x00, 0x7f, 0xff, 0xff,
    0xff, 0xff, 0xff, 0xff, 0xfe, 0x00, 0x00, 0xcf,
    0xff, 0xff, 0xff, 0xff, 0xff, 0xff, 0xff, 0x20,
    0x00, 0xff, 0xff, 0x60, 0x00, 0x00, 0x04, 0xff,
    0xff, 0x70, 0x05, 0xff, 0xff, 0x20, 0x00, 0x00,
    0x00, 0xff, 0xff, 0xb0, 0x09, 0xff, 0xfe, 0x00,
    0x00, 0x00, 0x00, 0xbf, 0xff, 0xf0, 0x0d, 0xff,
    0xf9, 0x00, 0x00, 0x00, 0x00, 0x6f, 0xff, 0xf4,
    0x2f, 0xff, 0xf5, 0x00, 0x00, 0x00, 0x00, 0x2f,
    0xff, 0xf9, 0x6f, 0xff, 0xf1, 0x00, 0x00, 0x00,
    0x00, 0x0d, 0xff, 0xfd,

    /* U+00C2 "Â" */
    0x00, 0x00, 0x00, 0x00, 0x78, 0x88, 0x30, 0x00,
    0x00, 0x00, 0x00, 0x00, 0x00, 0x09, 0xff, 0xff,
    0xe1, 0x00, 0x00, 0x00, 0x00, 0x00, 0x00, 0x6f,
    0xff, 0xff, 0xfc, 0x00, 0x00, 0x00, 0x00, 0x00,
    0x03, 0xff, 0xfe, 0xdf, 0xff, 0x90, 0x00, 0x00,
    0x00, 0x00, 0x2e, 0xff, 0xe2, 0x0c, 0xff, 0xf7,
    0x00, 0x00, 0x00, 0x00, 0xcf, 0xfe, 0x20, 0x00,
    0xbf, 0xff, 0x30, 0x00, 0x00, 0x00, 0x3e, 0xd1,
    0x00, 0x00, 0x0a, 0xf7, 0x00, 0x00, 0x00, 0x00,
    0x01, 0x10, 0x00, 0x00, 0x00, 0x20, 0x00, 0x00,
    0x00, 0x00, 0x00, 0x00, 0x00, 0x00, 0x00, 0x00,
    0x00, 0x00, 0x00, 0x00, 0x00, 0x0f, 0xff, 0xff,
    0xf6, 0x00, 0x00, 0x00, 0x00, 0x00, 0x00, 0x4f,
    0xff, 0xff, 0xfb, 0x00, 0x00, 0x00, 0x00, 0x00,
    0x00, 0x9f, 0xff, 0xff, 0xff, 0x00, 0x00, 0x00,
    0x00, 0x00, 0x00, 0xdf, 0xff, 0xff, 0xff, 0x40,
    0x00, 0x00, 0x00, 0x00, 0x02, 0xff, 0xff, 0xef,
    0xff, 0x80, 0x00, 0x00, 0x00, 0x00, 0x06, 0xff,
    0xfb, 0x8f, 0xff, 0xd0, 0x00, 0x00, 0x00, 0x00,
    0x0b, 0xff, 0xf7, 0x4f, 0xff, 0xf1, 0x00, 0x00,
    0x00, 0x00, 0x0f, 0xff, 0xf3, 0x0f, 0xff, 0xf6,
    0x00, 0x00, 0x00, 0x00, 0x4f, 0xff, 0xe0, 0x0b,
    0xff, 0xfa, 0x00, 0x00, 0x00, 0x00, 0x8f, 0xff,
    0xa0, 0x07, 0xff, 0xfe, 0x00, 0x00, 0x00, 0x00,
    0xcf, 0xff, 0x60, 0x02, 0xff, 0xff, 0x30, 0x00,
    0x00, 0x01, 0xff, 0xff, 0x10, 0x00, 0xef, 0xff,
    0x70, 0x00, 0x00, 0x05, 0xff, 0xfd, 0x00, 0x00,
    0xaf, 0xff, 0xc0, 0x00, 0x00, 0x0a, 0xff, 0xf9,
    0x00, 0x00, 0x5f, 0xff, 0xf1, 0x00, 0x00, 0x0e,
    0xff, 0xfc, 0xaa, 0xaa, 0xbf, 0xff, 0xf5, 0x00,
    0x00, 0x3f, 0xff, 0xff, 0xff, 0xff, 0xff, 0xff,
    0xf9, 0x00, 0x00, 0x7f, 0xff, 0xff, 0xff, 0xff,
    0xff, 0xff, 0xfe, 0x00, 0x00, 0xcf, 0xff, 0xff,
    0xff, 0xff, 0xff, 0xff, 0xff, 0x20, 0x00, 0xff,
    0xff, 0x60, 0x00, 0x00, 0x04, 0xff, 0xff, 0x70,
    0x05, 0xff, 0xff, 0x20, 0x00, 0x00, 0x00, 0xff,
    0xff, 0xb0, 0x09, 0xff, 0xfe, 0x00, 0x00, 0x00,
    0x00, 0xbf, 0xff, 0xf0, 0x0d, 0xff, 0xf9, 0x00,
    0x00, 0x00, 0x00, 0x6f, 0xff, 0xf4, 0x2f, 0xff,
    0xf5, 0x00, 0x00, 0x00, 0x00, 0x2f, 0xff, 0xf9,
    0x6f, 0xff, 0xf1, 0x00, 0x00, 0x00, 0x00, 0x0d,
    0xff, 0xfd,

    /* U+00C3 "Ã" */
    0x00, 0x00, 0x05, 0xcf, 0xe8, 0x10, 0x00, 0x00,
    0x00, 0x00, 0x00, 0x00, 0x6f, 0xff, 0xff, 0xf8,
    0x46, 0xd6, 0x00, 0x00, 0x00, 0x00, 0xcf, 0xff,
    0xff, 0xff, 0xff, 0xff, 0x30, 0x00, 0x00, 0x00,
    0x1e, 0x84, 0x7d, 0xff, 0xff, 0xfc, 0x00, 0x00,
    0x00, 0x00, 0x00, 0x00, 0x00, 0x5c, 0xfe, 0x90,
    0x00, 0x00, 0x00, 0x00, 0x00, 0x00, 0x00, 0x00,
    0x00, 0x00, 0x00, 0x00, 0x00, 0x00, 0x00, 0x00,
    0x00, 0x00, 0x00, 0x00, 0x00, 0x00, 0x00, 0x00,
    0x00, 0x0f, 0xff, 0xff, 0xf6, 0x00, 0x00, 0x00,
    0x00, 0x00, 0x00, 0x4f, 0xff, 0xff, 0xfb, 0x00,
    0x00, 0x00, 0x00, 0x00, 0x00, 0x9f, 0xff, 0xff,
    0xff, 0x00, 0x00, 0x00, 0x00, 0x00, 0x00, 0xdf,
    0xff, 0xff, 0xff, 0x40, 0x00, 0x00, 0x00, 0x00,
    0x02, 0xff, 0xff, 0xef, 0xff, 0x80, 0x00, 0x00,
    0x00, 0x00, 0x06, 0xff, 0xfb, 0x8f, 0xff, 0xd0,
    0x00, 0x00, 0x00, 0x00, 0x0b, 0xff, 0xf7, 0x4f,
    0xff, 0xf1, 0x00, 0x00, 0x00, 0x00, 0x0f, 0xff,
    0xf3, 0x0f, 0xff, 0xf6, 0x00, 0x00, 0x00, 0x00,
    0x4f, 0xff, 0xe0, 0x0b, 0xff, 0xfa, 0x00, 0x00,
    0x00, 0x00, 0x8f, 0xff, 0xa0, 0x07, 0xff, 0xfe,
    0x00, 0x00, 0x00, 0x00, 0xcf, 0xff, 0x60, 0x02,
    0xff, 0xff, 0x30, 0x00, 0x00, 0x01, 0xff, 0xff,
    0x10, 0x00, 0xef, 0xff, 0x70, 0x00, 0x00, 0x05,
    0xff, 0xfd, 0x00, 0x00, 0xaf, 0xff, 0xc0, 0x00,
    0x00, 0x0a, 0xff, 0xf9, 0x00, 0x00, 0x5f, 0xff,
    0xf1, 0x00, 0x00, 0x0e, 0xff, 0xfc, 0xaa, 0xaa,
    0xbf, 0xff, 0xf5, 0x00, 0x00, 0x3f, 0xff, 0xff,
    0xff, 0xff, 0xff, 0xff, 0xf9, 0x00, 0x00, 0x7f,
    0xff, 0xff, 0xff, 0xff, 0xff, 0xff, 0xfe, 0x00,
    0x00, 0xcf, 0xff, 0xff, 0xff, 0xff, 0xff, 0xff,
    0xff, 0x20, 0x00, 0xff, 0xff, 0x60, 0x00, 0x00,
    0x04, 0xff, 0xff, 0x70, 0x05, 0xff, 0xff, 0x20,
    0x00, 0x00, 0x00, 0xff, 0xff, 0xb0, 0x09, 0xff,
    0xfe, 0x00, 0x00, 0x00, 0x00, 0xbf, 0xff, 0xf0,
    0x0d, 0xff, 0xf9, 0x00, 0x00, 0x00, 0x00, 0x6f,
    0xff, 0xf4, 0x2f, 0xff, 0xf5, 0x00, 0x00, 0x00,
    0x00, 0x2f, 0xff, 0xf9, 0x6f, 0xff, 0xf1, 0x00,
    0x00, 0x00, 0x00, 0x0d, 0xff, 0xfd,

    /* U+00C4 "Ä" */
    0x00, 0x00, 0x3d, 0xfe, 0x60, 0x02, 0xcf, 0xe7,
    0x00, 0x00, 0x00, 0x00, 0xcf, 0xff, 0xf0, 0x09,
    0xff, 0xff, 0x20, 0x00, 0x00, 0x00, 0xdf, 0xff,
    0xf1, 0x0b, 0xff, 0xff, 0x30, 0x00, 0x00, 0x00,
    0xaf, 0xff, 0xe0, 0x08, 0xff, 0xff, 0x10, 0x00,
    0x00, 0x00, 0x18, 0xa9, 0x20, 0x00, 0x7a, 0x93,
    0x00, 0x00, 0x00, 0x00, 0x00, 0x00, 0x00, 0x00,
    0x00, 0x00, 0x00, 0x00, 0x00, 0x00, 0x00, 0x00,
    0x00, 0x00, 0x00, 0x00, 0x00, 0x00, 0x00, 0x00,
    0x00, 0x0f, 0xff, 0xff, 0xf6, 0x00, 0x00, 0x00,
    0x00, 0x00, 0x00, 0x4f, 0xff, 0xff, 0xfb, 0x00,
    0x00, 0x00, 0x00, 0x00, 0x00, 0x9f, 0xff, 0xff,
    0xff, 0x00, 0x00, 0x00, 0x00, 0x00, 0x00, 0xdf,
    0xff, 0xff, 0xff, 0x40, 0x00, 0x00, 0x00, 0x00,
    0x02, 0xff, 0xff, 0xef, 0xff, 0x80, 0x00, 0x00,
    0x00, 0x00, 0x06, 0xff, 0xfb, 0x8f, 0xff, 0xd0,
    0x00, 0x00, 0x00, 0x00, 0x0b, 0xff, 0xf7, 0x4f,
    0xff, 0xf1, 0x00, 0x00, 0x00, 0x00, 0x0f, 0xff,
    0xf3, 0x0f, 0xff, 0xf6, 0x00, 0x00, 0x00, 0x00,
    0x4f, 0xff, 0xe0, 0x0b, 0xff, 0xfa, 0x00, 0x00,
    0x00, 0x00, 0x8f, 0xff, 0xa0, 0x07, 0xff, 0xfe,
    0x00, 0x00, 0x00, 0x00, 0xcf, 0xff, 0x60, 0x02,
    0xff, 0xff, 0x30, 0x00, 0x00, 0x01, 0xff, 0xff,
    0x10, 0x00, 0xef, 0xff, 0x70, 0x00, 0x00, 0x05,
    0xff, 0xfd, 0x00, 0x00, 0xaf, 0xff, 0xc0, 0x00,
    0x00, 0x0a, 0xff, 0xf9, 0x00, 0x00, 0x5f, 0xff,
    0xf1, 0x00, 0x00, 0x0e, 0xff, 0xfc, 0xaa, 0xaa,
    0xbf, 0xff, 0xf5, 0x00, 0x00, 0x3f, 0xff, 0xff,
    0xff, 0xff, 0xff, 0xff, 0xf9, 0x00, 0x00, 0x7f,
    0xff, 0xff, 0xff, 0xff, 0xff, 0xff, 0xfe, 0x00,
    0x00, 0xcf, 0xff, 0xff, 0xff, 0xff, 0xff, 0xff,
    0xff, 0x20, 0x00, 0xff, 0xff, 0x60, 0x00, 0x00,
    0x04, 0xff, 0xff, 0x70, 0x05, 0xff, 0xff, 0x20,
    0x00, 0x00, 0x00, 0xff, 0xff, 0xb0, 0x09, 0xff,
    0xfe, 0x00, 0x00, 0x00, 0x00, 0xbf, 0xff, 0xf0,
    0x0d, 0xff, 0xf9, 0x00, 0x00, 0x00, 0x00, 0x6f,
    0xff, 0xf4, 0x2f, 0xff, 0xf5, 0x00, 0x00, 0x00,
    0x00, 0x2f, 0xff, 0xf9, 0x6f, 0xff, 0xf1, 0x00,
    0x00, 0x00, 0x00, 0x0d, 0xff, 0xfd,

    /* U+00C5 "Å" */
    0x00, 0x00, 0x00, 0x03, 0xae, 0xfc, 0x60, 0x00,
    0x00, 0x00, 0x00, 0x00, 0x00, 0x5f, 0xff, 0xff,
    0xfa, 0x00, 0x00, 0x00, 0x00, 0x00, 0x00, 0xef,
    0xf6, 0x5b, 0xff, 0x60, 0x00, 0x00, 0x00, 0x00,
    0x05, 0xff, 0x80, 0x01, 0xff, 0xb0, 0x00, 0x00,
    0x00, 0x00, 0x07, 0xff, 0x60, 0x00, 0xff, 0xd0,
    0x00, 0x00, 0x00, 0x00, 0x06, 0xff, 0x70, 0x00,
    0xff, 0xc0, 0x00, 0x00, 0x00, 0x00, 0x02, 0xff,
    0xd2, 0x08, 0xff, 0x80, 0x00, 0x00, 0x00, 0x00,
    0x00, 0x8f, 0xff, 0xff, 0xfd, 0x00, 0x00, 0x00,
    0x00, 0x00, 0x00, 0x07, 0xff, 0xff, 0xb1, 0x00,
    0x00, 0x00, 0x00, 0x00, 0x00, 0x00, 0x03, 0x41,
    0x00, 0x00, 0x00, 0x00, 0x00, 0x00, 0x00, 0x0f,
    0xff, 0xff, 0xf6, 0x00, 0x00, 0x00, 0x00, 0x00,
    0x00, 0x4f, 0xff, 0xff, 0xfb, 0x00, 0x00, 0x00,
    0x00, 0x00, 0x00, 0x9f, 0xff, 0xff, 0xff, 0x00,
    0x00, 0x00, 0x00, 0x00, 0x00, 0xdf, 0xff, 0xff,
    0xff, 0x40, 0x00, 0x00, 0x00, 0x00, 0x02, 0xff,
    0xff, 0xef, 0xff, 0x80, 0x00, 0x00, 0x00, 0x00,
    0x06, 0xff, 0xfb, 0x8f, 0xff, 0xd0, 0x00, 0x00,
    0x00, 0x00, 0x0b, 0xff, 0xf7, 0x4f, 0xff, 0xf1,
    0x00, 0x00, 0x00, 0x00, 0x0f, 0xff, 0xf3, 0x0f,
    0xff, 0xf6, 0x00, 0x00, 0x00, 0x00, 0x4f, 0xff,
    0xe0, 0x0b, 0xff, 0xfa, 0x00, 0x00, 0x00, 0x00,
    0x8f, 0xff, 0xa0, 0x07, 0xff, 0xfe, 0x00, 0x00,
    0x00, 0x00, 0xcf, 0xff, 0x60, 0x02, 0xff, 0xff,
    0x30, 0x00, 0x00, 0x01, 0xff, 0xff, 0x10, 0x00,
    0xef, 0xff, 0x70, 0x00, 0x00, 0x05, 0xff, 0xfd,
    0x00, 0x00, 0xaf, 0xff, 0xc0, 0x00, 0x00, 0x0a,
    0xff, 0xf9, 0x00, 0x00, 0x5f, 0xff, 0xf1, 0x00,
    0x00, 0x0e, 0xff, 0xfc, 0xaa, 0xaa, 0xbf, 0xff,
    0xf5, 0x00, 0x00, 0x3f, 0xff, 0xff, 0xff, 0xff,
    0xff, 0xff, 0xf9, 0x00, 0x00, 0x7f, 0xff, 0xff,
    0xff, 0xff, 0xff, 0xff, 0xfe, 0x00, 0x00, 0xcf,
    0xff, 0xff, 0xff, 0xff, 0xff, 0xff, 0xff, 0x20,
    0x00, 0xff, 0xff, 0x60, 0x00, 0x00, 0x04, 0xff,
    0xff, 0x70, 0x05, 0xff, 0xff, 0x20, 0x00, 0x00,
    0x00, 0xff, 0xff, 0xb0, 0x09, 0xff, 0xfe, 0x00,
    0x00, 0x00, 0x00, 0xbf, 0xff, 0xf0, 0x0d, 0xff,
    0xf9, 0x00, 0x00, 0x00, 0x00, 0x6f, 0xff, 0xf4,
    0x2f, 0xff, 0xf5, 0x00, 0x00, 0x00, 0x00, 0x2f,
    0xff, 0xf9, 0x6f, 0xff, 0xf1, 0x00, 0x00, 0x00,
    0x00, 0x0d, 0xff, 0xfd,

    /* U+00C6 "Æ" */
    0x00, 0x00, 0x02, 0xff, 0xff, 0xff, 0xff, 0xff,
    0xff, 0xf5, 0x00, 0x00, 0x06, 0xff, 0xff, 0xff,
    0xff, 0xff, 0xff, 0xf5, 0x00, 0x00, 0x0a, 0xff,
    0xff, 0xff, 0xff, 0xff, 0xff, 0xf5, 0x00, 0x00,
    0x0e, 0xff, 0xe4, 0xff, 0xff, 0x66, 0x66, 0x61,
    0x00, 0x00, 0x1f, 0xff, 0xa2, 0xff, 0xff, 0x00,
    0x00, 0x00, 0x00, 0x00, 0x5f, 0xff, 0x72, 0xff,
    0xff, 0x00, 0x00, 0x00, 0x00, 0x00, 0x9f, 0xff,
    0x32, 0xff, 0xff, 0x00, 0x00, 0x00, 0x00, 0x00,
    0xdf, 0xff, 0x02, 0xff, 0xff, 0x00, 0x00, 0x00,
    0x00, 0x01, 0xff, 0xfd, 0x02, 0xff, 0xff, 0x00,
    0x00, 0x00, 0x00, 0x05, 0xff, 0xf9, 0x02, 0xff,
    0xff, 0x00, 0x00, 0x00, 0x00, 0x09, 0xff, 0xf6,
    0x02, 0xff, 0xff, 0xff, 0xff, 0xf0, 0x00, 0x0d,
    0xff, 0xf2, 0x02, 0xff, 0xff, 0xff, 0xff, 0xf0,
    0x00, 0x1f, 0xff, 0xf0, 0x02, 0xff, 0xff, 0xff,
    0xff, 0xf0, 0x00, 0x5f, 0xff, 0xb0, 0x02, 0xff,
    0xff, 0x66, 0x66, 0x50, 0x00, 0x9f, 0xff, 0xb5,
    0x57, 0xff, 0xff, 0x00, 0x00, 0x00, 0x00, 0xdf,
    0xff, 0xff, 0xff, 0xff, 0xff, 0x00, 0x00, 0x00,
    0x01, 0xff, 0xff, 0xff, 0xff, 0xff, 0xff, 0x00,
    0x00, 0x00, 0x04, 0xff, 0xff, 0xff, 0xff, 0xff,
    0xff, 0x00, 0x00, 0x00, 0x08, 0xff, 0xfa, 0x00,
    0x02, 0xff, 0xff, 0x00, 0x00, 0x00, 0x0c, 0xff,
    0xf7, 0x00, 0x02, 0xff, 0xff, 0x00, 0x00, 0x00,
    0x0f, 0xff, 0xf3, 0x00, 0x02, 0xff, 0xff, 0x66,
    0x66, 0x61, 0x4f, 0xff, 0xf0, 0x00, 0x02, 0xff,
    0xff, 0xff, 0xff, 0xf5, 0x8f, 0xff, 0xc0, 0x00,
    0x02, 0xff, 0xff, 0xff, 0xff, 0xf5, 0xcf, 0xff,
    0x90, 0x00, 0x02, 0xff, 0xff, 0xff, 0xff, 0xf5,

    /* U+00C7 "Ç" */
    0x00, 0x00, 0x01, 0x7b, 0xef, 0xfd, 0xa4, 0x00,
    0x00, 0x00, 0x00, 0x6f, 0xff, 0xff, 0xff, 0xff,
    0xb1, 0x00, 0x00, 0x07, 0xff, 0xff, 0xff, 0xff,
    0xff, 0xfd, 0x10, 0x00, 0x4f, 0xff, 0xff, 0xda,
    0xbf, 0xff, 0xff, 0xb0, 0x00, 0xdf, 0xff, 0xf4,
    0x00, 0x01, 0xbf, 0xff, 0xf3, 0x04, 0xff, 0xff,
    0x60, 0x00, 0x00, 0x1e, 0xff, 0xfa, 0x09, 0xff,
    0xfe, 0x00, 0x00, 0x00, 0x08, 0xfe, 0xa5, 0x0d,
    0xff, 0xfa, 0x00, 0x00, 0x00, 0x01, 0x30, 0x00,
    0x0f, 0xff, 0xf8, 0x00, 0x00, 0x00, 0x00, 0x00,
    0x00, 0x2f, 0xff, 0xf7, 0x00, 0x00, 0x00, 0x00,
    0x00, 0x00, 0x3f, 0xff, 0xf6, 0x00, 0x00, 0x00,
    0x00, 0x00, 0x00, 0x4f, 0xff, 0xf6, 0x00, 0x00,
    0x00, 0x00, 0x00, 0x00, 0x4f, 0xff, 0xf6, 0x00,
    0x00, 0x00, 0x00, 0x00, 0x00, 0x3f, 0xff, 0xf6,
    0x00, 0x00, 0x00, 0x00, 0x00, 0x00, 0x2f, 0xff,
    0xf7, 0x00, 0x00, 0x00, 0x00, 0x00, 0x00, 0x0f,
    0xff, 0xf8, 0x00, 0x00, 0x00, 0x00, 0x00, 0x00,
    0x0d, 0xff, 0xfa, 0x00, 0x00, 0x00, 0x01, 0x30,
    0x00, 0x09, 0xff, 0xfe, 0x00, 0x00, 0x00, 0x07,
    0xfe, 0xa5, 0x04, 0xff, 0xff, 0x50, 0x00, 0x00,
    0x1e, 0xff, 0xfa, 0x00, 0xdf, 0xff, 0xe3, 0x00,
    0x01, 0xbf, 0xff, 0xf3, 0x00, 0x5f, 0xff, 0xff,
    0xca, 0xae, 0xff, 0xff, 0xb0, 0x00, 0x09, 0xff,
    0xff, 0xff, 0xff, 0xff, 0xfd, 0x10, 0x00, 0x00,
    0x7f, 0xff, 0xff, 0xff, 0xff, 0xc2, 0x00, 0x00,
    0x00, 0x01, 0x8c, 0xff, 0xfe, 0xb5, 0x00, 0x00,
    0x00, 0x00, 0x00, 0x00, 0xef, 0x30, 0x00, 0x00,
    0x00, 0x00, 0x00, 0x00, 0x01, 0xff, 0x54, 0x20,
    0x00, 0x00, 0x00, 0x00, 0x00, 0x00, 0x58, 0xef,
    0xf8, 0x00, 0x00, 0x00, 0x00, 0x00, 0x01, 0x00,
    0x1f, 0xff, 0x00, 0x00, 0x00, 0x00, 0x00, 0x4e,
    0x64, 0x7f, 0xff, 0x00, 0x00, 0x00, 0x00, 0x00,
    0xef, 0xff, 0xff, 0xf9, 0x00, 0x00, 0x00, 0x00,
    0x00, 0x29, 0xef, 0xfc, 0x60, 0x00, 0x00,

    /* U+00C8 "È" */
    0x00, 0x00, 0x00, 0x00, 0x00, 0x00, 0x00, 0x00,
    0x00, 0x00, 0x05, 0xd9, 0x00, 0x00, 0x00, 0x00,
    0x00, 0x02, 0xdf, 0xff, 0x20, 0x00, 0x00, 0x00,
    0x00, 0x00, 0xcf, 0xff, 0xa0, 0x00, 0x00, 0x00,
    0x00, 0x00, 0x1e, 0xff, 0xf2, 0x00, 0x00, 0x00,
    0x00, 0x00, 0x04, 0xff, 0xfa, 0x00, 0x00, 0x00,
    0x00, 0x00, 0x00, 0x8f, 0xff, 0x20, 0x00, 0x00,
    0x00, 0x00, 0x00, 0x0c, 0xf9, 0x10, 0x00, 0x00,
    0x00, 0x00, 0x00, 0x01, 0x10, 0x00, 0x00, 0x00,
    0x00, 0x00, 0x00, 0x00, 0x00, 0x00, 0x00, 0x00,
    0x2f, 0xff, 0xff, 0xff, 0xff, 0xff, 0xff, 0xfd,
    0x2f, 0xff, 0xff, 0xff, 0xff, 0xff, 0xff, 0xfd,
    0x2f, 0xff, 0xff, 0xff, 0xff, 0xff, 0xff, 0xfd,
    0x2f, 0xff, 0xfc, 0xbb, 0xbb, 0xbb, 0xbb, 0xb8,
    0x2f, 0xff, 0xf4, 0x00, 0x00, 0x00, 0x00, 0x00,
    0x2f, 0xff, 0xf4, 0x00, 0x00, 0x00, 0x00, 0x00,
    0x2f, 0xff, 0xf4, 0x00, 0x00, 0x00, 0x00, 0x00,
    0x2f, 0xff, 0xf4, 0x00, 0x00, 0x00, 0x00, 0x00,
    0x2f, 0xff, 0xf4, 0x00, 0x00, 0x00, 0x00, 0x00,
    0x2f, 0xff, 0xf4, 0x00, 0x00, 0x00, 0x00, 0x00,
    0x2f, 0xff, 0xff, 0xff, 0xff, 0xff, 0xff, 0xf7,
    0x2f, 0xff, 0xff, 0xff, 0xff, 0xff, 0xff, 0xf7,
    0x2f, 0xff, 0xff, 0xff, 0xff, 0xff, 0xff, 0xf7,
    0x2f, 0xff, 0xfc, 0xaa, 0xaa, 0xaa, 0xaa, 0xa4,
    0x2f, 0xff, 0xf4, 0x00, 0x00, 0x00, 0x00, 0x00,
    0x2f, 0xff, 0xf4, 0x00, 0x00, 0x00, 0x00, 0x00,
    0x2f, 0xff, 0xf4, 0x00, 0x00, 0x00, 0x00, 0x00,
    0x2f, 0xff, 0xf4, 0x00, 0x00, 0x00, 0x00, 0x00,
    0x2f, 0xff, 0xf4, 0x00, 0x00, 0x00, 0x00, 0x00,
    0x2f, 0xff, 0xf4, 0x00, 0x00, 0x00, 0x00, 0x00,
    0x2f, 0xff, 0xfc, 0xbb, 0xbb, 0xbb, 0xbb, 0xb8,
    0x2f, 0xff, 0xff, 0xff, 0xff, 0xff, 0xff, 0xfd,
    0x2f, 0xff, 0xff, 0xff, 0xff, 0xff, 0xff, 0xfd,
    0x2f, 0xff, 0xff, 0xff, 0xff, 0xff, 0xff, 0xfd,

    /* U+00C9 "É" */
    0x00, 0x00, 0x00, 0x00, 0x01, 0x00, 0x00, 0x00,
    0x00, 0x00, 0x00, 0x00, 0x1e, 0xa2, 0x00, 0x00,
    0x00, 0x00, 0x00, 0x00, 0x8f, 0xff, 0x90, 0x00,
    0x00, 0x00, 0x00, 0x01, 0xff, 0xff, 0x50, 0x00,
    0x00, 0x00, 0x00, 0x08, 0xff, 0xfa, 0x00, 0x00,
    0x00, 0x00, 0x00, 0x1f, 0xff, 0xd0, 0x00, 0x00,
    0x00, 0x00, 0x00, 0x8f, 0xff, 0x20, 0x00, 0x00,
    0x00, 0x00, 0x00, 0x4c, 0xf6, 0x00, 0x00, 0x00,
    0x00, 0x00, 0x00, 0x00, 0x30, 0x00, 0x00, 0x00,
    0x00, 0x00, 0x00, 0x00, 0x00, 0x00, 0x00, 0x00,
    0x2f, 0xff, 0xff, 0xff, 0xff, 0xff, 0xff, 0xfd,
    0x2f, 0xff, 0xff, 0xff, 0xff, 0xff, 0xff, 0xfd,
    0x2f, 0xff, 0xff, 0xff, 0xff, 0xff, 0xff, 0xfd,
    0x2f, 0xff, 0xfc, 0xbb, 0xbb, 0xbb, 0xbb, 0xb8,
    0x2f, 0xff, 0xf4, 0x00, 0x00, 0x00, 0x00, 0x00,
    0x2f, 0xff, 0xf4, 0x00, 0x00, 0x00, 0x00, 0x00,
    0x2f, 0xff, 0xf4, 0x00, 0x00, 0x00, 0x00, 0x00,
    0x2f, 0xff, 0xf4, 0x00, 0x00, 0x00, 0x00, 0x00,
    0x2f, 0xff, 0xf4, 0x00, 0x00, 0x00, 0x00, 0x00,
    0x2f, 0xff, 0xf4, 0x00, 0x00, 0x00, 0x00, 0x00,
    0x2f, 0xff, 0xff, 0xff, 0xff, 0xff, 0xff, 0xf7,
    0x2f, 0xff, 0xff, 0xff, 0xff, 0xff, 0xff, 0xf7,
    0x2f, 0xff, 0xff, 0xff, 0xff, 0xff, 0xff, 0xf7,
    0x2f, 0xff, 0xfc, 0xaa, 0xaa, 0xaa, 0xaa, 0xa4,
    0x2f, 0xff, 0xf4, 0x00, 0x00, 0x00, 0x00, 0x00,
    0x2f, 0xff, 0xf4, 0x00, 0x00, 0x00, 0x00, 0x00,
    0x2f, 0xff, 0xf4, 0x00, 0x00, 0x00, 0x00, 0x00,
    0x2f, 0xff, 0xf4, 0x00, 0x00, 0x00, 0x00, 0x00,
    0x2f, 0xff, 0xf4, 0x00, 0x00, 0x00, 0x00, 0x00,
    0x2f, 0xff, 0xf4, 0x00, 0x00, 0x00, 0x00, 0x00,
    0x2f, 0xff, 0xfc, 0xbb, 0xbb, 0xbb, 0xbb, 0xb8,
    0x2f, 0xff, 0xff, 0xff, 0xff, 0xff, 0xff, 0xfd,
    0x2f, 0xff, 0xff, 0xff, 0xff, 0xff, 0xff, 0xfd,
    0x2f, 0xff, 0xff, 0xff, 0xff, 0xff, 0xff, 0xfd,

    /* U+00CA "Ê" */
    0x00, 0x00, 0x00, 0x68, 0x88, 0x30, 0x00, 0x00,
    0x00, 0x00, 0x07, 0xff, 0xff, 0xf2, 0x00, 0x00,
    0x00, 0x00, 0x5f, 0xff, 0xff, 0xfd, 0x10, 0x00,
    0x00, 0x02, 0xff, 0xff, 0xcf, 0xff, 0xb0, 0x00,
    0x00, 0x1d, 0xff, 0xf3, 0x0a, 0xff, 0xf8, 0x00,
    0x00, 0xbf, 0xfe, 0x30, 0x00, 0xaf, 0xff, 0x40,
    0x00, 0x2d, 0xe2, 0x00, 0x00, 0x09, 0xf8, 0x00,
    0x00, 0x00, 0x10, 0x00, 0x00, 0x00, 0x20, 0x00,
    0x00, 0x00, 0x00, 0x00, 0x00, 0x00, 0x00, 0x00,
    0x2f, 0xff, 0xff, 0xff, 0xff, 0xff, 0xff, 0xfd,
    0x2f, 0xff, 0xff, 0xff, 0xff, 0xff, 0xff, 0xfd,
    0x2f, 0xff, 0xff, 0xff, 0xff, 0xff, 0xff, 0xfd,
    0x2f, 0xff, 0xfc, 0xbb, 0xbb, 0xbb, 0xbb, 0xb8,
    0x2f, 0xff, 0xf4, 0x00, 0x00, 0x00, 0x00, 0x00,
    0x2f, 0xff, 0xf4, 0x00, 0x00, 0x00, 0x00, 0x00,
    0x2f, 0xff, 0xf4, 0x00, 0x00, 0x00, 0x00, 0x00,
    0x2f, 0xff, 0xf4, 0x00, 0x00, 0x00, 0x00, 0x00,
    0x2f, 0xff, 0xf4, 0x00, 0x00, 0x00, 0x00, 0x00,
    0x2f, 0xff, 0xf4, 0x00, 0x00, 0x00, 0x00, 0x00,
    0x2f, 0xff, 0xff, 0xff, 0xff, 0xff, 0xff, 0xf7,
    0x2f, 0xff, 0xff, 0xff, 0xff, 0xff, 0xff, 0xf7,
    0x2f, 0xff, 0xff, 0xff, 0xff, 0xff, 0xff, 0xf7,
    0x2f, 0xff, 0xfc, 0xaa, 0xaa, 0xaa, 0xaa, 0xa4,
    0x2f, 0xff, 0xf4, 0x00, 0x00, 0x00, 0x00, 0x00,
    0x2f, 0xff, 0xf4, 0x00, 0x00, 0x00, 0x00, 0x00,
    0x2f, 0xff, 0xf4, 0x00, 0x00, 0x00, 0x00, 0x00,
    0x2f, 0xff, 0xf4, 0x00, 0x00, 0x00, 0x00, 0x00,
    0x2f, 0xff, 0xf4, 0x00, 0x00, 0x00, 0x00, 0x00,
    0x2f, 0xff, 0xf4, 0x00, 0x00, 0x00, 0x00, 0x00,
    0x2f, 0xff, 0xfc, 0xbb, 0xbb, 0xbb, 0xbb, 0xb8,
    0x2f, 0xff, 0xff, 0xff, 0xff, 0xff, 0xff, 0xfd,
    0x2f, 0xff, 0xff, 0xff, 0xff, 0xff, 0xff, 0xfd,
    0x2f, 0xff, 0xff, 0xff, 0xff, 0xff, 0xff, 0xfd,

    /* U+00CB "Ë" */
    0x00, 0x2c, 0xfe, 0x70, 0x01, 0xbf, 0xe9, 0x00,
    0x00, 0xaf, 0xff, 0xf1, 0x08, 0xff, 0xff, 0x40,
    0x00, 0xbf, 0xff, 0xf3, 0x09, 0xff, 0xff, 0x50,
    0x00, 0x8f, 0xff, 0xf1, 0x06, 0xff, 0xff, 0x20,
    0x00, 0x07, 0xa9, 0x30, 0x00, 0x6a, 0xa4, 0x00,
    0x00, 0x00, 0x00, 0x00, 0x00, 0x00, 0x00, 0x00,
    0x00, 0x00, 0x00, 0x00, 0x00, 0x00, 0x00, 0x00,
    0x2f, 0xff, 0xff, 0xff, 0xff, 0xff, 0xff, 0xfd,
    0x2f, 0xff, 0xff, 0xff, 0xff, 0xff, 0xff, 0xfd,
    0x2f, 0xff, 0xff, 0xff, 0xff, 0xff, 0xff, 0xfd,
    0x2f, 0xff, 0xfc, 0xbb, 0xbb, 0xbb, 0xbb, 0xb8,
    0x2f, 0xff, 0xf4, 0x00, 0x00, 0x00, 0x00, 0x00,
    0x2f, 0xff, 0xf4, 0x00, 0x00, 0x00, 0x00, 0x00,
    0x2f, 0xff, 0xf4, 0x00, 0x00, 0x00, 0x00, 0x00,
    0x2f, 0xff, 0xf4, 0x00, 0x00, 0x00, 0x00, 0x00,
    0x2f, 0xff, 0xf4, 0x00, 0x00, 0x00, 0x00, 0x00,
    0x2f, 0xff, 0xf4, 0x00, 0x00, 0x00, 0x00, 0x00,
    0x2f, 0xff, 0xff, 0xff, 0xff, 0xff, 0xff, 0xf7,
    0x2f, 0xff, 0xff, 0xff, 0xff, 0xff, 0xff, 0xf7,
    0x2f, 0xff, 0xff, 0xff, 0xff, 0xff, 0xff, 0xf7,
    0x2f, 0xff, 0xfc, 0xaa, 0xaa, 0xaa, 0xaa, 0xa4,
    0x2f, 0xff, 0xf4, 0x00, 0x00, 0x00, 0x00, 0x00,
    0x2f, 0xff, 0xf4, 0x00, 0x00, 0x00, 0x00, 0x00,
    0x2f, 0xff, 0xf4, 0x00, 0x00, 0x00, 0x00, 0x00,
    0x2f, 0xff, 0xf4, 0x00, 0x00, 0x00, 0x00, 0x00,
    0x2f, 0xff, 0xf4, 0x00, 0x00, 0x00, 0x00, 0x00,
    0x2f, 0xff, 0xf4, 0x00, 0x00, 0x00, 0x00, 0x00,
    0x2f, 0xff, 0xfc, 0xbb, 0xbb, 0xbb, 0xbb, 0xb8,
    0x2f, 0xff, 0xff, 0xff, 0xff, 0xff, 0xff, 0xfd,
    0x2f, 0xff, 0xff, 0xff, 0xff, 0xff, 0xff, 0xfd,
    0x2f, 0xff, 0xff, 0xff, 0xff, 0xff, 0xff, 0xfd,

    /* U+00CC "Ì" */
    0x00, 0x00, 0x00, 0x00, 0x00, 0x00, 0x00, 0x00,
    0x00, 0x00, 0x06, 0xe8, 0x00, 0x00, 0x00, 0x00,
    0x00, 0x03, 0xef, 0xff, 0x10, 0x00, 0x00, 0x00,
    0x00, 0x00, 0xdf, 0xff, 0x80, 0x00, 0x00, 0x00,
    0x00, 0x00, 0x2f, 0xff, 0xf1, 0x00, 0x00, 0x00,
    0x00, 0x00, 0x06, 0xff, 0xf8, 0x00, 0x00, 0x00,
    0x00, 0x00, 0x00, 0xaf, 0xff, 0x10, 0x00, 0x00,
    0x00, 0x00, 0x00, 0x0d, 0xf9, 0x10, 0x00, 0x00,
    0x00, 0x00, 0x00, 0x02, 0x10, 0x00, 0x00, 0x00,
    0x00, 0x00, 0x00, 0x00, 0x00, 0x00, 0x00, 0x00,
    0x5f, 0xff, 0xff, 0xff, 0xff, 0xff, 0xff, 0xfc,
    0x5f, 0xff, 0xff, 0xff, 0xff, 0xff, 0xff, 0xfc,
    0x5f, 0xff, 0xff, 0xff, 0xff, 0xff, 0xff, 0xfc,
    0x15, 0x55, 0x55, 0xff, 0xff, 0x95, 0x55, 0x54,
    0x00, 0x00, 0x00, 0xff, 0xff, 0x60, 0x00, 0x00,
    0x00, 0x00, 0x00, 0xff, 0xff, 0x60, 0x00, 0x00,
    0x00, 0x00, 0x00, 0xff, 0xff, 0x60, 0x00, 0x00,
    0x00, 0x00, 0x00, 0xff, 0xff, 0x60, 0x00, 0x00,
    0x00, 0x00, 0x00, 0xff, 0xff, 0x60, 0x00, 0x00,
    0x00, 0x00, 0x00, 0xff, 0xff, 0x60, 0x00, 0x00,
    0x00, 0x00, 0x00, 0xff, 0xff, 0x60, 0x00, 0x00,
    0x00, 0x00, 0x00, 0xff, 0xff, 0x60, 0x00, 0x00,
    0x00, 0x00, 0x00, 0xff, 0xff, 0x60, 0x00, 0x00,
    0x00, 0x00, 0x00, 0xff, 0xff, 0x60, 0x00, 0x00,
    0x00, 0x00, 0x00, 0xff, 0xff, 0x60, 0x00, 0x00,
    0x00, 0x00, 0x00, 0xff, 0xff, 0x60, 0x00, 0x00,
    0x00, 0x00, 0x00, 0xff, 0xff, 0x60, 0x00, 0x00,
    0x00, 0x00, 0x00, 0xff, 0xff, 0x60, 0x00, 0x00,
    0x00, 0x00, 0x00, 0xff, 0xff, 0x60, 0x00, 0x00,
    0x00, 0x00, 0x00, 0xff, 0xff, 0x60, 0x00, 0x00,
    0x15, 0x55, 0x55, 0xff, 0xff, 0x95, 0x55, 0x54,
    0x5f, 0xff, 0xff, 0xff, 0xff, 0xff, 0xff, 0xfc,
    0x5f, 0xff, 0xff, 0xff, 0xff, 0xff, 0xff, 0xfc,
    0x5f, 0xff, 0xff, 0xff, 0xff, 0xff, 0xff, 0xfc,

    /* U+00CD "Í" */
    0x00, 0x00, 0x00, 0x00, 0x01, 0x00, 0x00, 0x00,
    0x00, 0x00, 0x00, 0x00, 0x2f, 0x92, 0x00, 0x00,
    0x00, 0x00, 0x00, 0x00, 0xaf, 0xff, 0x80, 0x00,
    0x00, 0x00, 0x00, 0x02, 0xff, 0xff, 0x40, 0x00,
    0x00, 0x00, 0x00, 0x0a, 0xff, 0xf8, 0x00, 0x00,
    0x00, 0x00, 0x00, 0x2f, 0xff, 0xc0, 0x00, 0x00,
    0x00, 0x00, 0x00, 0xaf, 0xfe, 0x10, 0x00, 0x00,
    0x00, 0x00, 0x00, 0x5d, 0xf4, 0x00, 0x00, 0x00,
    0x00, 0x00, 0x00, 0x00, 0x30, 0x00, 0x00, 0x00,
    0x00, 0x00, 0x00, 0x00, 0x00, 0x00, 0x00, 0x00,
    0x5f, 0xff, 0xff, 0xff, 0xff, 0xff, 0xff, 0xfc,
    0x5f, 0xff, 0xff, 0xff, 0xff, 0xff, 0xff, 0xfc,
    0x5f, 0xff, 0xff, 0xff, 0xff, 0xff, 0xff, 0xfc,
    0x15, 0x55, 0x55, 0xff, 0xff, 0x95, 0x55, 0x54,
    0x00, 0x00, 0x00, 0xff, 0xff, 0x60, 0x00, 0x00,
    0x00, 0x00, 0x00, 0xff, 0xff, 0x60, 0x00, 0x00,
    0x00, 0x00, 0x00, 0xff, 0xff, 0x60, 0x00, 0x00,
    0x00, 0x00, 0x00, 0xff, 0xff, 0x60, 0x00, 0x00,
    0x00, 0x00, 0x00, 0xff, 0xff, 0x60, 0x00, 0x00,
    0x00, 0x00, 0x00, 0xff, 0xff, 0x60, 0x00, 0x00,
    0x00, 0x00, 0x00, 0xff, 0xff, 0x60, 0x00, 0x00,
    0x00, 0x00, 0x00, 0xff, 0xff, 0x60, 0x00, 0x00,
    0x00, 0x00, 0x00, 0xff, 0xff, 0x60, 0x00, 0x00,
    0x00, 0x00, 0x00, 0xff, 0xff, 0x60, 0x00, 0x00,
    0x00, 0x00, 0x00, 0xff, 0xff, 0x60, 0x00, 0x00,
    0x00, 0x00, 0x00, 0xff, 0xff, 0x60, 0x00, 0x00,
    0x00, 0x00, 0x00, 0xff, 0xff, 0x60, 0x00, 0x00,
    0x00, 0x00, 0x00, 0xff, 0xff, 0x60, 0x00, 0x00,
    0x00, 0x00, 0x00, 0xff, 0xff, 0x60, 0x00, 0x00,
    0x00, 0x00, 0x00, 0xff, 0xff, 0x60, 0x00, 0x00,
    0x15, 0x55, 0x55, 0xff, 0xff, 0x95, 0x55, 0x54,
    0x5f, 0xff, 0xff, 0xff, 0xff, 0xff, 0xff, 0xfc,
    0x5f, 0xff, 0xff, 0xff, 0xff, 0xff, 0xff, 0xfc,
    0x5f, 0xff, 0xff, 0xff, 0xff, 0xff, 0xff, 0xfc,

    /* U+00CE "Î" */
    0x00, 0x00, 0x00, 0x78, 0x88, 0x30, 0x00, 0x00,
    0x00, 0x00, 0x09, 0xff, 0xff, 0xe1, 0x00, 0x00,
    0x00, 0x00, 0x6f, 0xff, 0xff, 0xfc, 0x00, 0x00,
    0x00, 0x03, 0xff, 0xfe, 0xdf, 0xff, 0x90, 0x00,
    0x00, 0x2e, 0xff, 0xe2, 0x0c, 0xff, 0xf7, 0x00,
    0x00, 0xcf, 0xfe, 0x20, 0x00, 0xbf, 0xff, 0x30,
    0x00, 0x3e, 0xd1, 0x00, 0x00, 0x0a, 0xf7, 0x00,
    0x00, 0x01, 0x10, 0x00, 0x00, 0x00, 0x20, 0x00,
    0x00, 0x00, 0x00, 0x00, 0x00, 0x00, 0x00, 0x00,
    0x5f, 0xff, 0xff, 0xff, 0xff, 0xff, 0xff, 0xfc,
    0x5f, 0xff, 0xff, 0xff, 0xff, 0xff, 0xff, 0xfc,
    0x5f, 0xff, 0xff, 0xff, 0xff, 0xff, 0xff, 0xfc,
    0x15, 0x55, 0x55, 0xff, 0xff, 0x95, 0x55, 0x54,
    0x00, 0x00, 0x00, 0xff, 0xff, 0x60, 0x00, 0x00,
    0x00, 0x00, 0x00, 0xff, 0xff, 0x60, 0x00, 0x00,
    0x00, 0x00, 0x00, 0xff, 0xff, 0x60, 0x00, 0x00,
    0x00, 0x00, 0x00, 0xff, 0xff, 0x60, 0x00, 0x00,
    0x00, 0x00, 0x00, 0xff, 0xff, 0x60, 0x00, 0x00,
    0x00, 0x00, 0x00, 0xff, 0xff, 0x60, 0x00, 0x00,
    0x00, 0x00, 0x00, 0xff, 0xff, 0x60, 0x00, 0x00,
    0x00, 0x00, 0x00, 0xff, 0xff, 0x60, 0x00, 0x00,
    0x00, 0x00, 0x00, 0xff, 0xff, 0x60, 0x00, 0x00,
    0x00, 0x00, 0x00, 0xff, 0xff, 0x60, 0x00, 0x00,
    0x00, 0x00, 0x00, 0xff, 0xff, 0x60, 0x00, 0x00,
    0x00, 0x00, 0x00, 0xff, 0xff, 0x60, 0x00, 0x00,
    0x00, 0x00, 0x00, 0xff, 0xff, 0x60, 0x00, 0x00,
    0x00, 0x00, 0x00, 0xff, 0xff, 0x60, 0x00, 0x00,
    0x00, 0x00, 0x00, 0xff, 0xff, 0x60, 0x00, 0x00,
    0x00, 0x00, 0x00, 0xff, 0xff, 0x60, 0x00, 0x00,
    0x15, 0x55, 0x55, 0xff, 0xff, 0x95, 0x55, 0x54,
    0x5f, 0xff, 0xff, 0xff, 0xff, 0xff, 0xff, 0xfc,
    0x5f, 0xff, 0xff, 0xff, 0xff, 0xff, 0xff, 0xfc,
    0x5f, 0xff, 0xff, 0xff, 0xff, 0xff, 0xff, 0xfc,

    /* U+00CF "Ï" */
    0x00, 0x3d, 0xfe, 0x60, 0x02, 0xcf, 0xe7, 0x00,
    0x00, 0xcf, 0xff, 0xf0, 0x09, 0xff, 0xff, 0x20,
    0x00, 0xdf, 0xff, 0xf1, 0x0b, 0xff, 0xff, 0x30,
    0x00, 0xaf, 0xff, 0xe0, 0x08, 0xff, 0xff, 0x10,
    0x00, 0x18, 0xa9, 0x20, 0x00, 0x7a, 0x93, 0x00,
    0x00, 0x00, 0x00, 0x00, 0x00, 0x00, 0x00, 0x00,
    0x00, 0x00, 0x00, 0x00, 0x00, 0x00, 0x00, 0x00,
    0x5f, 0xff, 0xff, 0xff, 0xff, 0xff, 0xff, 0xfc,
    0x5f, 0xff, 0xff, 0xff, 0xff, 0xff, 0xff, 0xfc,
    0x5f, 0xff, 0xff, 0xff, 0xff, 0xff, 0xff, 0xfc,
    0x15, 0x55, 0x55, 0xff, 0xff, 0x95, 0x55, 0x54,
    0x00, 0x00, 0x00, 0xff, 0xff, 0x60, 0x00, 0x00,
    0x00, 0x00, 0x00, 0xff, 0xff, 0x60, 0x00, 0x00,
    0x00, 0x00, 0x00, 0xff, 0xff, 0x60, 0x00, 0x00,
    0x00, 0x00, 0x00, 0xff, 0xff, 0x60, 0x00, 0x00,
    0x00, 0x00, 0x00, 0xff, 0xff, 0x60, 0x00, 0x00,
    0x00, 0x00, 0x00, 0xff, 0xff, 0x60, 0x00, 0x00,
    0x00, 0x00, 0x00, 0xff, 0xff, 0x60, 0x00, 0x00,
    0x00, 0x00, 0x00, 0xff, 0xff, 0x60, 0x00, 0x00,
    0x00, 0x00, 0x00, 0xff, 0xff, 0x60, 0x00, 0x00,
    0x00, 0x00, 0x00, 0xff, 0xff, 0x60, 0x00, 0x00,
    0x00, 0x00, 0x00, 0xff, 0xff, 0x60, 0x00, 0x00,
    0x00, 0x00, 0x00, 0xff, 0xff, 0x60, 0x00, 0x00,
    0x00, 0x00, 0x00, 0xff, 0xff, 0x60, 0x00, 0x00,
    0x00, 0x00, 0x00, 0xff, 0xff, 0x60, 0x00, 0x00,
    0x00, 0x00, 0x00, 0xff, 0xff, 0x60, 0x00, 0x00,
    0x00, 0x00, 0x00, 0xff, 0xff, 0x60, 0x00, 0x00,
    0x15, 0x55, 0x55, 0xff, 0xff, 0x95, 0x55, 0x54,
    0x5f, 0xff, 0xff, 0xff, 0xff, 0xff, 0xff, 0xfc,
    0x5f, 0xff, 0xff, 0xff, 0xff, 0xff, 0xff, 0xfc,
    0x5f, 0xff, 0xff, 0xff, 0xff, 0xff, 0xff, 0xfc,

    /* U+00D0 "Ð" */
    0x00, 0x5f, 0xff, 0xff, 0xff, 0xfd, 0xa5, 0x00,
    0x00, 0x00, 0x05, 0xff, 0xff, 0xff, 0xff, 0xff,
    0xfd, 0x30, 0x00, 0x00, 0x5f, 0xff, 0xff, 0xff,
    0xff, 0xff, 0xff, 0x30, 0x00, 0x05, 0xff, 0xff,
    0x99, 0x9a, 0xef, 0xff, 0xfe, 0x00, 0x00, 0x5f,
    0xff, 0xf1, 0x00, 0x00, 0x8f, 0xff, 0xf8, 0x00,
    0x05, 0xff, 0xff, 0x10, 0x00, 0x00, 0xaf, 0xff,
    0xe0, 0x00, 0x5f, 0xff, 0xf1, 0x00, 0x00, 0x02,
    0xff, 0xff, 0x40, 0x05, 0xff, 0xff, 0x10, 0x00,
    0x00, 0x0e, 0xff, 0xf8, 0x00, 0x5f, 0xff, 0xf1,
    0x00, 0x00, 0x00, 0xbf, 0xff, 0xb3, 0x69, 0xff,
    0xff, 0x66, 0x66, 0x00, 0x0a, 0xff, 0xfd, 0x8f,
    0xff, 0xff, 0xff, 0xff, 0xf2, 0x00, 0xaf, 0xff,
    0xe8, 0xff, 0xff, 0xff, 0xff, 0xff, 0x20, 0x0a,
    0xff, 0xff, 0x8f, 0xff, 0xff, 0xff, 0xff, 0xf2,
    0x00, 0xaf, 0xff, 0xf0, 0x05, 0xff, 0xff, 0x10,
    0x00, 0x00, 0x0a, 0xff, 0xfe, 0x00, 0x5f, 0xff,
    0xf1, 0x00, 0x00, 0x00, 0xaf, 0xff, 0xd0, 0x05,
    0xff, 0xff, 0x10, 0x00, 0x00, 0x0b, 0xff, 0xfb,
    0x00, 0x5f, 0xff, 0xf1, 0x00, 0x00, 0x00, 0xef,
    0xff, 0x80, 0x05, 0xff, 0xff, 0x10, 0x00, 0x00,
    0x2f, 0xff, 0xf4, 0x00, 0x5f, 0xff, 0xf1, 0x00,
    0x00, 0x0a, 0xff, 0xff, 0x00, 0x05, 0xff, 0xff,
    0x10, 0x00, 0x08, 0xff, 0xff, 0x80, 0x00, 0x5f,
    0xff, 0xf9, 0x99, 0xae, 0xff, 0xff, 0xe0, 0x00,
    0x05, 0xff, 0xff, 0xff, 0xff, 0xff, 0xff, 0xf3,
    0x00, 0x00, 0x5f, 0xff, 0xff, 0xff, 0xff, 0xff,
    0xd3, 0x00, 0x00, 0x05, 0xff, 0xff, 0xff, 0xff,
    0xda, 0x50, 0x00, 0x00,

    /* U+00D1 "Ñ" */
    0x00, 0x05, 0xcf, 0xe8, 0x10, 0x00, 0x00, 0x00,
    0x00, 0x06, 0xff, 0xff, 0xff, 0x84, 0x6d, 0x60,
    0x00, 0x00, 0xcf, 0xff, 0xff, 0xff, 0xff, 0xff,
    0x30, 0x00, 0x01, 0xe8, 0x47, 0xdf, 0xff, 0xff,
    0xc0, 0x00, 0x00, 0x00, 0x00, 0x00, 0x5c, 0xfe,
    0x90, 0x00, 0x00, 0x00, 0x00, 0x00, 0x00, 0x00,
    0x00, 0x00, 0x00, 0x00, 0x00, 0x00, 0x00, 0x00,
    0x00, 0x00, 0x00, 0x0b, 0xff, 0xff, 0xe0, 0x00,
    0x00, 0x0b, 0xff, 0xf2, 0xbf, 0xff, 0xff, 0x40,
    0x00, 0x00, 0xbf, 0xff, 0x2b, 0xff, 0xff, 0xfa,
    0x00, 0x00, 0x0b, 0xff, 0xf2, 0xbf, 0xff, 0xff,
    0xf0, 0x00, 0x00, 0xbf, 0xff, 0x2b, 0xff, 0xff,
    0xff, 0x50, 0x00, 0x0b, 0xff, 0xf2, 0xbf, 0xff,
    0xff, 0xfb, 0x00, 0x00, 0xbf, 0xff, 0x2b, 0xff,
    0xfe, 0xff, 0xf1, 0x00, 0x0b, 0xff, 0xf2, 0xbf,
    0xff, 0x6f, 0xff, 0x70, 0x00, 0xbf, 0xff, 0x2b,
    0xff, 0xf1, 0xef, 0xfc, 0x00, 0x0b, 0xff, 0xf2,
    0xbf, 0xff, 0x19, 0xff, 0xf2, 0x00, 0xbf, 0xff,
    0x2b, 0xff, 0xf1, 0x3f, 0xff, 0x80, 0x0b, 0xff,
    0xf2, 0xbf, 0xff, 0x10, 0xdf, 0xfe, 0x00, 0xbf,
    0xff, 0x2b, 0xff, 0xf1, 0x08, 0xff, 0xf3, 0x0b,
    0xff, 0xf2, 0xbf, 0xff, 0x10, 0x2f, 0xff, 0x90,
    0xbf, 0xff, 0x2b, 0xff, 0xf1, 0x00, 0xcf, 0xfe,
    0x0b, 0xff, 0xf2, 0xbf, 0xff, 0x10, 0x06, 0xff,
    0xf5, 0xbf, 0xff, 0x2b, 0xff, 0xf1, 0x00, 0x1f,
    0xff, 0xab, 0xff, 0xf2, 0xbf, 0xff, 0x10, 0x00,
    0xbf, 0xff, 0xef, 0xff, 0x2b, 0xff, 0xf1, 0x00,
    0x05, 0xff, 0xff, 0xff, 0xf2, 0xbf, 0xff, 0x10,
    0x00, 0x0f, 0xff, 0xff, 0xff, 0x2b, 0xff, 0xf1,
    0x00, 0x00, 0x9f, 0xff, 0xff, 0xf2, 0xbf, 0xff,
    0x10, 0x00, 0x04, 0xff, 0xff, 0xff, 0x2b, 0xff,
    0xf1, 0x00, 0x00, 0x0e, 0xff, 0xff, 0xf2, 0xbf,
    0xff, 0x10, 0x00, 0x00, 0x8f, 0xff, 0xff, 0x20,

    /* U+00D2 "Ò" */
    0x00, 0x00, 0x00, 0x18, 0x40, 0x00, 0x00, 0x00,
    0x00, 0x00, 0x00, 0x01, 0x8f, 0xfc, 0x00, 0x00,
    0x00, 0x00, 0x00, 0x00, 0x00, 0x3f, 0xff, 0xf5,
    0x00, 0x00, 0x00, 0x00, 0x00, 0x00, 0x00, 0x6f,
    0xff, 0xd0, 0x00, 0x00, 0x00, 0x00, 0x00, 0x00,
    0x00, 0xbf, 0xff, 0x50, 0x00, 0x00, 0x00, 0x00,
    0x00, 0x00, 0x01, 0xef, 0xfd, 0x00, 0x00, 0x00,
    0x00, 0x00, 0x00, 0x00, 0x03, 0xff, 0xe2, 0x00,
    0x00, 0x00, 0x00, 0x00, 0x00, 0x00, 0x06, 0x70,
    0x00, 0x00, 0x00, 0x00, 0x00, 0x00, 0x00, 0x00,
    0x00, 0x00, 0x00, 0x00, 0x00, 0x00, 0x00, 0x00,
    0x49, 0xde, 0xfe, 0xb6, 0x10, 0x00, 0x00, 0x00,
    0x02, 0xbf, 0xff, 0xff, 0xff, 0xfe, 0x50, 0x00,
    0x00, 0x01, 0xef, 0xff, 0xff, 0xff, 0xff, 0xff,
    0x60, 0x00, 0x00, 0xcf, 0xff, 0xfe, 0xba, 0xdf,
    0xff, 0xff, 0x20, 0x00, 0x5f, 0xff, 0xf9, 0x00,
    0x00, 0x4f, 0xff, 0xfb, 0x00, 0x0c, 0xff, 0xfd,
    0x00, 0x00, 0x00, 0x7f, 0xff, 0xf2, 0x01, 0xff,
    0xff, 0x60, 0x00, 0x00, 0x00, 0xff, 0xff, 0x70,
    0x5f, 0xff, 0xf2, 0x00, 0x00, 0x00, 0x0c, 0xff,
    0xfb, 0x08, 0xff, 0xff, 0x00, 0x00, 0x00, 0x00,
    0xaf, 0xff, 0xe0, 0xaf, 0xff, 0xf0, 0x00, 0x00,
    0x00, 0x09, 0xff, 0xff, 0x0b, 0xff, 0xff, 0x00,
    0x00, 0x00, 0x00, 0x8f, 0xff, 0xf1, 0xcf, 0xff,
    0xf0, 0x00, 0x00, 0x00, 0x08, 0xff, 0xff, 0x2c,
    0xff, 0xff, 0x00, 0x00, 0x00, 0x00, 0x8f, 0xff,
    0xf2, 0xbf, 0xff, 0xf0, 0x00, 0x00, 0x00, 0x08,
    0xff, 0xff, 0x1a, 0xff, 0xff, 0x00, 0x00, 0x00,
    0x00, 0x9f, 0xff, 0xf0, 0x8f, 0xff, 0xf0, 0x00,
    0x00, 0x00, 0x0a, 0xff, 0xfe, 0x05, 0xff, 0xff,
    0x20, 0x00, 0x00, 0x00, 0xcf, 0xff, 0xb0, 0x1f,
    0xff, 0xf6, 0x00, 0x00, 0x00, 0x0f, 0xff, 0xf7,
    0x00, 0xcf, 0xff, 0xd0, 0x00, 0x00, 0x06, 0xff,
    0xff, 0x20, 0x06, 0xff, 0xff, 0x90, 0x00, 0x04,
    0xff, 0xff, 0xb0, 0x00, 0x0d, 0xff, 0xff, 0xeb,
    0xad, 0xff, 0xff, 0xf3, 0x00, 0x00, 0x2e, 0xff,
    0xff, 0xff, 0xff, 0xff, 0xf6, 0x00, 0x00, 0x00,
    0x2b, 0xff, 0xff, 0xff, 0xff, 0xe6, 0x00, 0x00,
    0x00, 0x00, 0x04, 0x9d, 0xff, 0xeb, 0x71, 0x00,
    0x00, 0x00,

    /* U+00D3 "Ó" */
    0x00, 0x00, 0x00, 0x00, 0x00, 0x93, 0x00, 0x00,
    0x00, 0x00, 0x00, 0x00, 0x00, 0x00, 0x6f, 0xfb,
    0x30, 0x00, 0x00, 0x00, 0x00, 0x00, 0x00, 0x0e,
    0xff, 0xf8, 0x00, 0x00, 0x00, 0x00, 0x00, 0x00,
    0x06, 0xff, 0xfc, 0x00, 0x00, 0x00, 0x00, 0x00,
    0x00, 0x00, 0xef, 0xff, 0x20, 0x00, 0x00, 0x00,
    0x00, 0x00, 0x00, 0x7f, 0xff, 0x50, 0x00, 0x00,
    0x00, 0x00, 0x00, 0x00, 0x0a, 0xff, 0x90, 0x00,
    0x00, 0x00, 0x00, 0x00, 0x00, 0x00, 0x04, 0xa0,
    0x00, 0x00, 0x00, 0x00, 0x00, 0x00, 0x00, 0x00,
    0x00, 0x00, 0x00, 0x00, 0x00, 0x00, 0x00, 0x00,
    0x49, 0xde, 0xfe, 0xb6, 0x10, 0x00, 0x00, 0x00,
    0x02, 0xbf, 0xff, 0xff, 0xff, 0xfe, 0x50, 0x00,
    0x00, 0x01, 0xef, 0xff, 0xff, 0xff, 0xff, 0xff,
    0x60, 0x00, 0x00, 0xcf, 0xff, 0xfe, 0xba, 0xdf,
    0xff, 0xff, 0x20, 0x00, 0x5f, 0xff, 0xf9, 0x00,
    0x00, 0x4f, 0xff, 0xfb, 0x00, 0x0c, 0xff, 0xfd,
    0x00, 0x00, 0x00, 0x7f, 0xff, 0xf2, 0x01, 0xff,
    0xff, 0x60, 0x00, 0x00, 0x00, 0xff, 0xff, 0x70,
    0x5f, 0xff, 0xf2, 0x00, 0x00, 0x00, 0x0c, 0xff,
    0xfb, 0x08, 0xff, 0xff, 0x00, 0x00, 0x00, 0x00,
    0xaf, 0xff, 0xe0, 0xaf, 0xff, 0xf0, 0x00, 0x00,
    0x00, 0x09, 0xff, 0xff, 0x0b, 0xff, 0xff, 0x00,
    0x00, 0x00, 0x00, 0x8f, 0xff, 0xf1, 0xcf, 0xff,
    0xf0, 0x00, 0x00, 0x00, 0x08, 0xff, 0xff, 0x2c,
    0xff, 0xff, 0x00, 0x00, 0x00, 0x00, 0x8f, 0xff,
    0xf2, 0xbf, 0xff, 0xf0, 0x00, 0x00, 0x00, 0x08,
    0xff, 0xff, 0x1a, 0xff, 0xff, 0x00, 0x00, 0x00,
    0x00, 0x9f, 0xff, 0xf0, 0x8f, 0xff, 0xf0, 0x00,
    0x00, 0x00, 0x0a, 0xff, 0xfe, 0x05, 0xff, 0xff,
    0x20, 0x00, 0x00, 0x00, 0xcf, 0xff, 0xb0, 0x1f,
    0xff, 0xf6, 0x00, 0x00, 0x00, 0x0f, 0xff, 0xf7,
    0x00, 0xcf, 0xff, 0xd0, 0x00, 0x00, 0x06, 0xff,
    0xff, 0x20, 0x06, 0xff, 0xff, 0x90, 0x00, 0x04,
    0xff, 0xff, 0xb0, 0x00, 0x0d, 0xff, 0xff, 0xeb,
    0xad, 0xff, 0xff, 0xf3, 0x00, 0x00, 0x2e, 0xff,
    0xff, 0xff, 0xff, 0xff, 0xf6, 0x00, 0x00, 0x00,
    0x2b, 0xff, 0xff, 0xff, 0xff, 0xe6, 0x00, 0x00,
    0x00, 0x00, 0x04, 0x9d, 0xff, 0xeb, 0x71, 0x00,
    0x00, 0x00,

    /* U+00D4 "Ô" */
    0x00, 0x00, 0x00, 0x2f, 0xff, 0xf8, 0x00, 0x00,
    0x00, 0x00, 0x00, 0x00, 0x0d, 0xff, 0xff, 0xf4,
    0x00, 0x00, 0x00, 0x00, 0x00, 0x09, 0xff, 0xff,
    0xff, 0xe1, 0x00, 0x00, 0x00, 0x00, 0x05, 0xff,
    0xfd, 0xbf, 0xff, 0xb0, 0x00, 0x00, 0x00, 0x02,
    0xff, 0xfe, 0x20, 0xbf, 0xff, 0x70, 0x00, 0x00,
    0x00, 0xcf, 0xfe, 0x20, 0x00, 0xcf, 0xff, 0x30,
    0x00, 0x00, 0x05, 0xff, 0x30, 0x00, 0x01, 0xdf,
    0x90, 0x00, 0x00, 0x00, 0x03, 0x30, 0x00, 0x00,
    0x01, 0x60, 0x00, 0x00, 0x00, 0x00, 0x00, 0x00,
    0x00, 0x00, 0x00, 0x00, 0x00, 0x00, 0x00, 0x00,
    0x49, 0xde, 0xfe, 0xb6, 0x10, 0x00, 0x00, 0x00,
    0x02, 0xbf, 0xff, 0xff, 0xff, 0xfe, 0x50, 0x00,
    0x00, 0x01, 0xef, 0xff, 0xff, 0xff, 0xff, 0xff,
    0x60, 0x00, 0x00, 0xcf, 0xff, 0xfe, 0xba, 0xdf,
    0xff, 0xff, 0x20, 0x00, 0x5f, 0xff, 0xf9, 0x00,
    0x00, 0x4f, 0xff, 0xfb, 0x00, 0x0c, 0xff, 0xfd,
    0x00, 0x00, 0x00, 0x7f, 0xff, 0xf2, 0x01, 0xff,
    0xff, 0x60, 0x00, 0x00, 0x00, 0xff, 0xff, 0x70,
    0x5f, 0xff, 0xf2, 0x00, 0x00, 0x00, 0x0c, 0xff,
    0xfb, 0x08, 0xff, 0xff, 0x00, 0x00, 0x00, 0x00,
    0xaf, 0xff, 0xe0, 0xaf, 0xff, 0xf0, 0x00, 0x00,
    0x00, 0x09, 0xff, 0xff, 0x0b, 0xff, 0xff, 0x00,
    0x00, 0x00, 0x00, 0x8f, 0xff, 0xf1, 0xcf, 0xff,
    0xf0, 0x00, 0x00, 0x00, 0x08, 0xff, 0xff, 0x2c,
    0xff, 0xff, 0x00, 0x00, 0x00, 0x00, 0x8f, 0xff,
    0xf2, 0xbf, 0xff, 0xf0, 0x00, 0x00, 0x00, 0x08,
    0xff, 0xff, 0x1a, 0xff, 0xff, 0x00, 0x00, 0x00,
    0x00, 0x9f, 0xff, 0xf0, 0x8f, 0xff, 0xf0, 0x00,
    0x00, 0x00, 0x0a, 0xff, 0xfe, 0x05, 0xff, 0xff,
    0x20, 0x00, 0x00, 0x00, 0xcf, 0xff, 0xb0, 0x1f,
    0xff, 0xf6, 0x00, 0x00, 0x00, 0x0f, 0xff, 0xf7,
    0x00, 0xcf, 0xff, 0xd0, 0x00, 0x00, 0x06, 0xff,
    0xff, 0x20, 0x06, 0xff, 0xff, 0x90, 0x00, 0x04,
    0xff, 0xff, 0xb0, 0x00, 0x0d, 0xff, 0xff, 0xeb,
    0xad, 0xff, 0xff, 0xf3, 0x00, 0x00, 0x2e, 0xff,
    0xff, 0xff, 0xff, 0xff, 0xf6, 0x00, 0x00, 0x00,
    0x2b, 0xff, 0xff, 0xff, 0xff, 0xe6, 0x00, 0x00,
    0x00, 0x00, 0x04, 0x9d, 0xff, 0xeb, 0x71, 0x00,
    0x00, 0x00,

    /* U+00D5 "Õ" */
    0x00, 0x00, 0x01, 0x31, 0x00, 0x00, 0x00, 0x00,
    0x00, 0x00, 0x00, 0x1a, 0xff, 0xfe, 0x83, 0x01,
    0x71, 0x00, 0x00, 0x00, 0x0c, 0xff, 0xff, 0xff,
    0xff, 0xff, 0xc0, 0x00, 0x00, 0x00, 0x6f, 0xff,
    0xff, 0xff, 0xff, 0xff, 0x30, 0x00, 0x00, 0x00,
    0x73, 0x02, 0x6c, 0xff, 0xfd, 0x40, 0x00, 0x00,
    0x00, 0x00, 0x00, 0x00, 0x01, 0x32, 0x00, 0x00,
    0x00, 0x00, 0x00, 0x00, 0x00, 0x00, 0x00, 0x00,
    0x00, 0x00, 0x00, 0x00, 0x00, 0x00, 0x00, 0x00,
    0x00, 0x00, 0x00, 0x00, 0x00, 0x00, 0x04, 0x9d,
    0xef, 0xeb, 0x61, 0x00, 0x00, 0x00, 0x00, 0x2b,
    0xff, 0xff, 0xff, 0xff, 0xe5, 0x00, 0x00, 0x00,
    0x1e, 0xff, 0xff, 0xff, 0xff, 0xff, 0xf6, 0x00,
    0x00, 0x0c, 0xff, 0xff, 0xeb, 0xad, 0xff, 0xff,
    0xf2, 0x00, 0x05, 0xff, 0xff, 0x90, 0x00, 0x04,
    0xff, 0xff, 0xb0, 0x00, 0xcf, 0xff, 0xd0, 0x00,
    0x00, 0x07, 0xff, 0xff, 0x20, 0x1f, 0xff, 0xf6,
    0x00, 0x00, 0x00, 0x0f, 0xff, 0xf7, 0x05, 0xff,
    0xff, 0x20, 0x00, 0x00, 0x00, 0xcf, 0xff, 0xb0,
    0x8f, 0xff, 0xf0, 0x00, 0x00, 0x00, 0x0a, 0xff,
    0xfe, 0x0a, 0xff, 0xff, 0x00, 0x00, 0x00, 0x00,
    0x9f, 0xff, 0xf0, 0xbf, 0xff, 0xf0, 0x00, 0x00,
    0x00, 0x08, 0xff, 0xff, 0x1c, 0xff, 0xff, 0x00,
    0x00, 0x00, 0x00, 0x8f, 0xff, 0xf2, 0xcf, 0xff,
    0xf0, 0x00, 0x00, 0x00, 0x08, 0xff, 0xff, 0x2b,
    0xff, 0xff, 0x00, 0x00, 0x00, 0x00, 0x8f, 0xff,
    0xf1, 0xaf, 0xff, 0xf0, 0x00, 0x00, 0x00, 0x09,
    0xff, 0xff, 0x08, 0xff, 0xff, 0x00, 0x00, 0x00,
    0x00, 0xaf, 0xff, 0xe0, 0x5f, 0xff, 0xf2, 0x00,
    0x00, 0x00, 0x0c, 0xff, 0xfb, 0x01, 0xff, 0xff,
    0x60, 0x00, 0x00, 0x00, 0xff, 0xff, 0x70, 0x0c,
    0xff, 0xfd, 0x00, 0x00, 0x00, 0x6f, 0xff, 0xf2,
    0x00, 0x6f, 0xff, 0xf9, 0x00, 0x00, 0x4f, 0xff,
    0xfb, 0x00, 0x00, 0xdf, 0xff, 0xfe, 0xba, 0xdf,
    0xff, 0xff, 0x30, 0x00, 0x02, 0xef, 0xff, 0xff,
    0xff, 0xff, 0xff, 0x60, 0x00, 0x00, 0x02, 0xbf,
    0xff, 0xff, 0xff, 0xfe, 0x60, 0x00, 0x00, 0x00,
    0x00, 0x49, 0xdf, 0xfe, 0xb7, 0x10, 0x00, 0x00,

    /* U+00D6 "Ö" */
    0x00, 0x03, 0xdf, 0xe6, 0x00, 0x2c, 0xfe, 0x70,
    0x00, 0x00, 0x00, 0xcf, 0xff, 0xf0, 0x09, 0xff,
    0xff, 0x20, 0x00, 0x00, 0x0d, 0xff, 0xff, 0x10,
    0xbf, 0xff, 0xf3, 0x00, 0x00, 0x00, 0xaf, 0xff,
    0xe0, 0x08, 0xff, 0xff, 0x10, 0x00, 0x00, 0x01,
    0x8a, 0x92, 0x00, 0x07, 0xa9, 0x30, 0x00, 0x00,
    0x00, 0x00, 0x00, 0x00, 0x00, 0x00, 0x00, 0x00,
    0x00, 0x00, 0x00, 0x00, 0x00, 0x00, 0x00, 0x00,
    0x00, 0x00, 0x00, 0x00, 0x00, 0x49, 0xde, 0xfe,
    0xb6, 0x10, 0x00, 0x00, 0x00, 0x02, 0xbf, 0xff,
    0xff, 0xff, 0xfe, 0x50, 0x00, 0x00, 0x01, 0xef,
    0xff, 0xff, 0xff, 0xff, 0xff, 0x60, 0x00, 0x00,
    0xcf, 0xff, 0xfe, 0xba, 0xdf, 0xff, 0xff, 0x20,
    0x00, 0x5f, 0xff, 0xf9, 0x00, 0x00, 0x4f, 0xff,
    0xfb, 0x00, 0x0c, 0xff, 0xfd, 0x00, 0x00, 0x00,
    0x7f, 0xff, 0xf2, 0x01, 0xff, 0xff, 0x60, 0x00,
    0x00, 0x00, 0xff, 0xff, 0x70, 0x5f, 0xff, 0xf2,
    0x00, 0x00, 0x00, 0x0c, 0xff, 0xfb, 0x08, 0xff,
    0xff, 0x00, 0x00, 0x00, 0x00, 0xaf, 0xff, 0xe0,
    0xaf, 0xff, 0xf0, 0x00, 0x00, 0x00, 0x09, 0xff,
    0xff, 0x0b, 0xff, 0xff, 0x00, 0x00, 0x00, 0x00,
    0x8f, 0xff, 0xf1, 0xcf, 0xff, 0xf0, 0x00, 0x00,
    0x00, 0x08, 0xff, 0xff, 0x2c, 0xff, 0xff, 0x00,
    0x00, 0x00, 0x00, 0x8f, 0xff, 0xf2, 0xbf, 0xff,
    0xf0, 0x00, 0x00, 0x00, 0x08, 0xff, 0xff, 0x1a,
    0xff, 0xff, 0x00, 0x00, 0x00, 0x00, 0x9f, 0xff,
    0xf0, 0x8f, 0xff, 0xf0, 0x00, 0x00, 0x00, 0x0a,
    0xff, 0xfe, 0x05, 0xff, 0xff, 0x20, 0x00, 0x00,
    0x00, 0xcf, 0xff, 0xb0, 0x1f, 0xff, 0xf6, 0x00,
    0x00, 0x00, 0x0f, 0xff, 0xf7, 0x00, 0xcf, 0xff,
    0xd0, 0x00, 0x00, 0x06, 0xff, 0xff, 0x20, 0x06,
    0xff, 0xff, 0x90, 0x00, 0x04, 0xff, 0xff, 0xb0,
    0x00, 0x0d, 0xff, 0xff, 0xeb, 0xad, 0xff, 0xff,
    0xf3, 0x00, 0x00, 0x2e, 0xff, 0xff, 0xff, 0xff,
    0xff, 0xf6, 0x00, 0x00, 0x00, 0x2b, 0xff, 0xff,
    0xff, 0xff, 0xe6, 0x00, 0x00, 0x00, 0x00, 0x04,
    0x9d, 0xff, 0xeb, 0x71, 0x00, 0x00, 0x00,

    /* U+00D7 "×" */
    0x00, 0x00, 0x00, 0x00, 0x00, 0x00, 0x00, 0x00,
    0x00, 0x7a, 0x00, 0x00, 0x00, 0x00, 0x4c, 0x10,
    0x07, 0xff, 0xa0, 0x00, 0x00, 0x04, 0xff, 0xc1,
    0x3f, 0xff, 0xfa, 0x00, 0x00, 0x4f, 0xff, 0xf9,
    0x07, 0xff, 0xff, 0x90, 0x04, 0xff, 0xff, 0xc0,
    0x00, 0x6f, 0xff, 0xf9, 0x4f, 0xff, 0xfc, 0x00,
    0x00, 0x06, 0xff, 0xff, 0xff, 0xff, 0xc0, 0x00,
    0x00, 0x00, 0x6f, 0xff, 0xff, 0xfc, 0x00, 0x00,
    0x00, 0x00, 0x09, 0xff, 0xff, 0xe0, 0x00, 0x00,
    0x00, 0x00, 0x4f, 0xff, 0xff, 0xf9, 0x00, 0x00,
    0x00, 0x04, 0xff, 0xff, 0xff, 0xff, 0x90, 0x00,
    0x00, 0x4f, 0xff, 0xfc, 0x7f, 0xff, 0xf9, 0x00,
    0x04, 0xff, 0xff, 0xc0, 0x07, 0xff, 0xff, 0x90,
    0x3f, 0xff, 0xfc, 0x00, 0x00, 0x7f, 0xff, 0xf8,
    0x0a, 0xff, 0xc0, 0x00, 0x00, 0x07, 0xff, 0xe2,
    0x00, 0xac, 0x00, 0x00, 0x00, 0x00, 0x7e, 0x20,
    0x00, 0x00, 0x00, 0x00, 0x00, 0x00, 0x01, 0x00,

    /* U+00D8 "Ø" */
    0x00, 0x00, 0x00, 0x00, 0x00, 0x00, 0x00, 0x00,
    0x42, 0x00, 0x00, 0x00, 0x00, 0x00, 0x00, 0x00,
    0x00, 0x01, 0xff, 0x80, 0x00, 0x00, 0x00, 0x49,
    0xde, 0xfe, 0xb7, 0x0a, 0xff, 0xf3, 0x00, 0x00,
    0x2b, 0xff, 0xff, 0xff, 0xff, 0xff, 0xff, 0x90,
    0x00, 0x01, 0xef, 0xff, 0xff, 0xff, 0xff, 0xff,
    0xfe, 0x00, 0x00, 0x0c, 0xff, 0xff, 0xeb, 0xbd,
    0xff, 0xff, 0xf6, 0x00, 0x00, 0x6f, 0xff, 0xf9,
    0x00, 0x00, 0x6f, 0xff, 0xfb, 0x00, 0x00, 0xcf,
    0xff, 0xd0, 0x00, 0x00, 0x8f, 0xff, 0xff, 0x20,
    0x01, 0xff, 0xff, 0x60, 0x00, 0x02, 0xff, 0xff,
    0xff, 0x70, 0x05, 0xff, 0xff, 0x20, 0x00, 0x0b,
    0xff, 0xff, 0xff, 0xb0, 0x08, 0xff, 0xff, 0x00,
    0x00, 0x5f, 0xfe, 0xbf, 0xff, 0xe0, 0x0a, 0xff,
    0xff, 0x00, 0x00, 0xef, 0xf5, 0x9f, 0xff, 0xf0,
    0x0b, 0xff, 0xff, 0x00, 0x08, 0xff, 0xb0, 0x8f,
    0xff, 0xf1, 0x0c, 0xff, 0xff, 0x00, 0x2f, 0xff,
    0x20, 0x8f, 0xff, 0xf2, 0x0c, 0xff, 0xff, 0x00,
    0xbf, 0xf8, 0x00, 0x8f, 0xff, 0xf2, 0x0b, 0xff,
    0xff, 0x05, 0xff, 0xe0, 0x00, 0x8f, 0xff, 0xf1,
    0x0a, 0xff, 0xff, 0x0e, 0xff, 0x50, 0x00, 0x9f,
    0xff, 0xf0, 0x08, 0xff, 0xff, 0x9f, 0xfb, 0x00,
    0x00, 0xaf, 0xff, 0xe0, 0x05, 0xff, 0xff, 0xff,
    0xf2, 0x00, 0x00, 0xcf, 0xff, 0xb0, 0x01, 0xff,
    0xff, 0xff, 0x80, 0x00, 0x00, 0xff, 0xff, 0x70,
    0x00, 0xcf, 0xff, 0xfe, 0x00, 0x00, 0x06, 0xff,
    0xff, 0x20, 0x00, 0x5f, 0xff, 0xfb, 0x00, 0x00,
    0x4f, 0xff, 0xfb, 0x00, 0x00, 0x0f, 0xff, 0xff,
    0xec, 0xad, 0xff, 0xff, 0xf3, 0x00, 0x00, 0x8f,
    0xff, 0xff, 0xff, 0xff, 0xff, 0xff, 0x60, 0x00,
    0x03, 0xff, 0xff, 0xff, 0xff, 0xff, 0xff, 0xe6,
    0x00, 0x00, 0x0c, 0xff, 0xf1, 0x4a, 0xdf, 0xfe,
    0xb7, 0x10, 0x00, 0x00, 0x04, 0xdf, 0x70, 0x00,
    0x00, 0x00, 0x00, 0x00, 0x00, 0x00, 0x00, 0x06,
    0x00, 0x00, 0x00, 0x00, 0x00, 0x00, 0x00, 0x00,

    /* U+00D9 "Ù" */
    0x00, 0x00, 0x00, 0x00, 0x00, 0x00, 0x00, 0x00,
    0x00, 0x00, 0x00, 0x6e, 0x80, 0x00, 0x00, 0x00,
    0x00, 0x00, 0x03, 0xef, 0xff, 0x10, 0x00, 0x00,
    0x00, 0x00, 0x00, 0x0d, 0xff, 0xf8, 0x00, 0x00,
    0x00, 0x00, 0x00, 0x00, 0x2f, 0xff, 0xf1, 0x00,
    0x00, 0x00, 0x00, 0x00, 0x00, 0x6f, 0xff, 0x80,
    0x00, 0x00, 0x00, 0x00, 0x00, 0x00, 0xaf, 0xff,
    0x10, 0x00, 0x00, 0x00, 0x00, 0x00, 0x00, 0xdf,
    0x91, 0x00, 0x00, 0x00, 0x00, 0x00, 0x00, 0x02,
    0x10, 0x00, 0x00, 0x00, 0x00, 0x00, 0x00, 0x00,
    0x00, 0x00, 0x00, 0x00, 0x00, 0xef, 0xff, 0x90,
    0x00, 0x00, 0x02, 0xff, 0xff, 0x4e, 0xff, 0xf9,
    0x00, 0x00, 0x00, 0x2f, 0xff, 0xf4, 0xef, 0xff,
    0x90, 0x00, 0x00, 0x02, 0xff, 0xff, 0x4e, 0xff,
    0xf9, 0x00, 0x00, 0x00, 0x2f, 0xff, 0xf4, 0xef,
    0xff, 0x90, 0x00, 0x00, 0x02, 0xff, 0xff, 0x4e,
    0xff, 0xf9, 0x00, 0x00, 0x00, 0x2f, 0xff, 0xf4,
    0xef, 0xff, 0x90, 0x00, 0x00, 0x02, 0xff, 0xff,
    0x4e, 0xff, 0xf9, 0x00, 0x00, 0x00, 0x2f, 0xff,
    0xf4, 0xef, 0xff, 0x90, 0x00, 0x00, 0x02, 0xff,
    0xff, 0x4e, 0xff, 0xf9, 0x00, 0x00, 0x00, 0x2f,
    0xff, 0xf4, 0xef, 0xff, 0x90, 0x00, 0x00, 0x02,
    0xff, 0xff, 0x4e, 0xff, 0xf9, 0x00, 0x00, 0x00,
    0x2f, 0xff, 0xf4, 0xef, 0xff, 0x90, 0x00, 0x00,
    0x02, 0xff, 0xff, 0x4e, 0xff, 0xf9, 0x00, 0x00,
    0x00, 0x2f, 0xff, 0xf4, 0xef, 0xff, 0x90, 0x00,
    0x00, 0x02, 0xff, 0xff, 0x4d, 0xff, 0xf9, 0x00,
    0x00, 0x00, 0x2f, 0xff, 0xf3, 0xcf, 0xff, 0x90,
    0x00, 0x00, 0x03, 0xff, 0xff, 0x3b, 0xff, 0xfb,
    0x00, 0x00, 0x00, 0x5f, 0xff, 0xf1, 0x8f, 0xff,
    0xf0, 0x00, 0x00, 0x09, 0xff, 0xff, 0x04, 0xff,
    0xff, 0xa0, 0x00, 0x04, 0xff, 0xff, 0xb0, 0x0e,
    0xff, 0xff, 0xeb, 0xac, 0xff, 0xff, 0xf5, 0x00,
    0x5f, 0xff, 0xff, 0xff, 0xff, 0xff, 0xfb, 0x00,
    0x00, 0x6f, 0xff, 0xff, 0xff, 0xff, 0xfb, 0x00,
    0x00, 0x00, 0x17, 0xbe, 0xff, 0xed, 0x94, 0x00,
    0x00,

    /* U+00DA "Ú" */
    0x00, 0x00, 0x00, 0x00, 0x01, 0x00, 0x00, 0x00,
    0x00, 0x00, 0x00, 0x00, 0x02, 0xf9, 0x20, 0x00,
    0x00, 0x00, 0x00, 0x00, 0x00, 0xaf, 0xff, 0x80,
    0x00, 0x00, 0x00, 0x00, 0x00, 0x2f, 0xff, 0xf4,
    0x00, 0x00, 0x00, 0x00, 0x00, 0x0a, 0xff, 0xf8,
    0x00, 0x00, 0x00, 0x00, 0x00, 0x02, 0xff, 0xfc,
    0x00, 0x00, 0x00, 0x00, 0x00, 0x00, 0xaf, 0xfe,
    0x10, 0x00, 0x00, 0x00, 0x00, 0x00, 0x05, 0xdf,
    0x40, 0x00, 0x00, 0x00, 0x00, 0x00, 0x00, 0x00,
    0x30, 0x00, 0x00, 0x00, 0x00, 0x00, 0x00, 0x00,
    0x00, 0x00, 0x00, 0x00, 0x00, 0xef, 0xff, 0x90,
    0x00, 0x00, 0x02, 0xff, 0xff, 0x4e, 0xff, 0xf9,
    0x00, 0x00, 0x00, 0x2f, 0xff, 0xf4, 0xef, 0xff,
    0x90, 0x00, 0x00, 0x02, 0xff, 0xff, 0x4e, 0xff,
    0xf9, 0x00, 0x00, 0x00, 0x2f, 0xff, 0xf4, 0xef,
    0xff, 0x90, 0x00, 0x00, 0x02, 0xff, 0xff, 0x4e,
    0xff, 0xf9, 0x00, 0x00, 0x00, 0x2f, 0xff, 0xf4,
    0xef, 0xff, 0x90, 0x00, 0x00, 0x02, 0xff, 0xff,
    0x4e, 0xff, 0xf9, 0x00, 0x00, 0x00, 0x2f, 0xff,
    0xf4, 0xef, 0xff, 0x90, 0x00, 0x00, 0x02, 0xff,
    0xff, 0x4e, 0xff, 0xf9, 0x00, 0x00, 0x00, 0x2f,
    0xff, 0xf4, 0xef, 0xff, 0x90, 0x00, 0x00, 0x02,
    0xff, 0xff, 0x4e, 0xff, 0xf9, 0x00, 0x00, 0x00,
    0x2f, 0xff, 0xf4, 0xef, 0xff, 0x90, 0x00, 0x00,
    0x02, 0xff, 0xff, 0x4e, 0xff, 0xf9, 0x00, 0x00,
    0x00, 0x2f, 0xff, 0xf4, 0xef, 0xff, 0x90, 0x00,
    0x00, 0x02, 0xff, 0xff, 0x4d, 0xff, 0xf9, 0x00,
    0x00, 0x00, 0x2f, 0xff, 0xf3, 0xcf, 0xff, 0x90,
    0x00, 0x00, 0x03, 0xff, 0xff, 0x3b, 0xff, 0xfb,
    0x00, 0x00, 0x00, 0x5f, 0xff, 0xf1, 0x8f, 0xff,
    0xf0, 0x00, 0x00, 0x09, 0xff, 0xff, 0x04, 0xff,
    0xff, 0xa0, 0x00, 0x04, 0xff, 0xff, 0xb0, 0x0e,
    0xff, 0xff, 0xeb, 0xac, 0xff, 0xff, 0xf5, 0x00,
    0x5f, 0xff, 0xff, 0xff, 0xff, 0xff, 0xfb, 0x00,
    0x00, 0x6f, 0xff, 0xff, 0xff, 0xff, 0xfb, 0x00,
    0x00, 0x00, 0x17, 0xbe, 0xff, 0xed, 0x94, 0x00,
    0x00,

    /* U+00DB "Û" */
    0x00, 0x00, 0x03, 0xff, 0xff, 0x80, 0x00, 0x00,
    0x00, 0x00, 0x01, 0xdf, 0xff, 0xff, 0x50, 0x00,
    0x00, 0x00, 0x00, 0xbf, 0xff, 0xff, 0xff, 0x20,
    0x00, 0x00, 0x00, 0x7f, 0xff, 0xc9, 0xff, 0xfd,
    0x00, 0x00, 0x00, 0x4f, 0xff, 0xc0, 0x08, 0xff,
    0xfa, 0x00, 0x00, 0x0d, 0xff, 0xc0, 0x00, 0x08,
    0xff, 0xf3, 0x00, 0x00, 0x1c, 0xc0, 0x00, 0x00,
    0x08, 0xe4, 0x00, 0x00, 0x00, 0x00, 0x00, 0x00,
    0x00, 0x01, 0x00, 0x00, 0x00, 0x00, 0x00, 0x00,
    0x00, 0x00, 0x00, 0x00, 0x0e, 0xff, 0xf9, 0x00,
    0x00, 0x00, 0x2f, 0xff, 0xf4, 0xef, 0xff, 0x90,
    0x00, 0x00, 0x02, 0xff, 0xff, 0x4e, 0xff, 0xf9,
    0x00, 0x00, 0x00, 0x2f, 0xff, 0xf4, 0xef, 0xff,
    0x90, 0x00, 0x00, 0x02, 0xff, 0xff, 0x4e, 0xff,
    0xf9, 0x00, 0x00, 0x00, 0x2f, 0xff, 0xf4, 0xef,
    0xff, 0x90, 0x00, 0x00, 0x02, 0xff, 0xff, 0x4e,
    0xff, 0xf9, 0x00, 0x00, 0x00, 0x2f, 0xff, 0xf4,
    0xef, 0xff, 0x90, 0x00, 0x00, 0x02, 0xff, 0xff,
    0x4e, 0xff, 0xf9, 0x00, 0x00, 0x00, 0x2f, 0xff,
    0xf4, 0xef, 0xff, 0x90, 0x00, 0x00, 0x02, 0xff,
    0xff, 0x4e, 0xff, 0xf9, 0x00, 0x00, 0x00, 0x2f,
    0xff, 0xf4, 0xef, 0xff, 0x90, 0x00, 0x00, 0x02,
    0xff, 0xff, 0x4e, 0xff, 0xf9, 0x00, 0x00, 0x00,
    0x2f, 0xff, 0xf4, 0xef, 0xff, 0x90, 0x00, 0x00,
    0x02, 0xff, 0xff, 0x4e, 0xff, 0xf9, 0x00, 0x00,
    0x00, 0x2f, 0xff, 0xf4, 0xdf, 0xff, 0x90, 0x00,
    0x00, 0x02, 0xff, 0xff, 0x3c, 0xff, 0xf9, 0x00,
    0x00, 0x00, 0x3f, 0xff, 0xf3, 0xbf, 0xff, 0xb0,
    0x00, 0x00, 0x05, 0xff, 0xff, 0x18, 0xff, 0xff,
    0x00, 0x00, 0x00, 0x9f, 0xff, 0xf0, 0x4f, 0xff,
    0xfa, 0x00, 0x00, 0x4f, 0xff, 0xfb, 0x00, 0xef,
    0xff, 0xfe, 0xba, 0xcf, 0xff, 0xff, 0x50, 0x05,
    0xff, 0xff, 0xff, 0xff, 0xff, 0xff, 0xb0, 0x00,
    0x06, 0xff, 0xff, 0xff, 0xff, 0xff, 0xb0, 0x00,
    0x00, 0x01, 0x7b, 0xef, 0xfe, 0xd9, 0x40, 0x00,
    0x00,

    /* U+00DC "Ü" */
    0x00, 0x3d, 0xfe, 0x60, 0x02, 0xcf, 0xe7, 0x00,
    0x00, 0x0c, 0xff, 0xff, 0x00, 0x9f, 0xff, 0xf2,
    0x00, 0x00, 0xdf, 0xff, 0xf1, 0x0b, 0xff, 0xff,
    0x30, 0x00, 0x0a, 0xff, 0xfe, 0x00, 0x8f, 0xff,
    0xf1, 0x00, 0x00, 0x18, 0xa9, 0x20, 0x00, 0x7a,
    0x93, 0x00, 0x00, 0x00, 0x00, 0x00, 0x00, 0x00,
    0x00, 0x00, 0x00, 0x00, 0x00, 0x00, 0x00, 0x00,
    0x00, 0x00, 0x00, 0x0e, 0xff, 0xf9, 0x00, 0x00,
    0x00, 0x2f, 0xff, 0xf4, 0xef, 0xff, 0x90, 0x00,
    0x00, 0x02, 0xff, 0xff, 0x4e, 0xff, 0xf9, 0x00,
    0x00, 0x00, 0x2f, 0xff, 0xf4, 0xef, 0xff, 0x90,
    0x00, 0x00, 0x02, 0xff, 0xff, 0x4e, 0xff, 0xf9,
    0x00, 0x00, 0x00, 0x2f, 0xff, 0xf4, 0xef, 0xff,
    0x90, 0x00, 0x00, 0x02, 0xff, 0xff, 0x4e, 0xff,
    0xf9, 0x00, 0x00, 0x00, 0x2f, 0xff, 0xf4, 0xef,
    0xff, 0x90, 0x00, 0x00, 0x02, 0xff, 0xff, 0x4e,
    0xff, 0xf9, 0x00, 0x00, 0x00, 0x2f, 0xff, 0xf4,
    0xef, 0xff, 0x90, 0x00, 0x00, 0x02, 0xff, 0xff,
    0x4e, 0xff, 0xf9, 0x00, 0x00, 0x00, 0x2f, 0xff,
    0xf4, 0xef, 0xff, 0x90, 0x00, 0x00, 0x02, 0xff,
    0xff, 0x4e, 0xff, 0xf9, 0x00, 0x00, 0x00, 0x2f,
    0xff, 0xf4, 0xef, 0xff, 0x90, 0x00, 0x00, 0x02,
    0xff, 0xff, 0x4e, 0xff, 0xf9, 0x00, 0x00, 0x00,
    0x2f, 0xff, 0xf4, 0xdf, 0xff, 0x90, 0x00, 0x00,
    0x02, 0xff, 0xff, 0x3c, 0xff, 0xf9, 0x00, 0x00,
    0x00, 0x3f, 0xff, 0xf3, 0xbf, 0xff, 0xb0, 0x00,
    0x00, 0x05, 0xff, 0xff, 0x18, 0xff, 0xff, 0x00,
    0x00, 0x00, 0x9f, 0xff, 0xf0, 0x4f, 0xff, 0xfa,
    0x00, 0x00, 0x4f, 0xff, 0xfb, 0x00, 0xef, 0xff,
    0xfe, 0xba, 0xcf, 0xff, 0xff, 0x50, 0x05, 0xff,
    0xff, 0xff, 0xff, 0xff, 0xff, 0xb0, 0x00, 0x06,
    0xff, 0xff, 0xff, 0xff, 0xff, 0xb0, 0x00, 0x00,
    0x01, 0x7b, 0xef, 0xfe, 0xd9, 0x40, 0x00, 0x00,

    /* U+00DD "Ý" */
    0x00, 0x00, 0x00, 0x00, 0x00, 0x01, 0x00, 0x00,
    0x00, 0x00, 0x00, 0x00, 0x00, 0x00, 0x00, 0x02,
    0xf9, 0x20, 0x00, 0x00, 0x00, 0x00, 0x00, 0x00,
    0x00, 0x00, 0xaf, 0xff, 0x80, 0x00, 0x00, 0x00,
    0x00, 0x00, 0x00, 0x00, 0x2f, 0xff, 0xf4, 0x00,
    0x00, 0x00, 0x00, 0x00, 0x00, 0x00, 0x0a, 0xff,
    0xf8, 0x00, 0x00, 0x00, 0x00, 0x00, 0x00, 0x00,
    0x02, 0xff, 0xfc, 0x00, 0x00, 0x00, 0x00, 0x00,
    0x00, 0x00, 0x00, 0xaf, 0xfe, 0x10, 0x00, 0x00,
    0x00, 0x00, 0x00, 0x00, 0x00, 0x05, 0xdf, 0x40,
    0x00, 0x00, 0x00, 0x00, 0x00, 0x00, 0x00, 0x00,
    0x00, 0x30, 0x00, 0x00, 0x00, 0x00, 0x00, 0x00,
    0x00, 0x00, 0x00, 0x00, 0x00, 0x00, 0x00, 0x00,
    0x00, 0x7f, 0xff, 0xf7, 0x00, 0x00, 0x00, 0x00,
    0x0e, 0xff, 0xfd, 0x00, 0xef, 0xff, 0xe0, 0x00,
    0x00, 0x00, 0x06, 0xff, 0xff, 0x50, 0x07, 0xff,
    0xff, 0x60, 0x00, 0x00, 0x00, 0xdf, 0xff, 0xd0,
    0x00, 0x0e, 0xff, 0xfe, 0x00, 0x00, 0x00, 0x5f,
    0xff, 0xf5, 0x00, 0x00, 0x7f, 0xff, 0xf5, 0x00,
    0x00, 0x0d, 0xff, 0xfd, 0x00, 0x00, 0x00, 0xef,
    0xff, 0xd0, 0x00, 0x05, 0xff, 0xff, 0x50, 0x00,
    0x00, 0x07, 0xff, 0xff, 0x40, 0x00, 0xcf, 0xff,
    0xd0, 0x00, 0x00, 0x00, 0x0e, 0xff, 0xfb, 0x00,
    0x3f, 0xff, 0xf5, 0x00, 0x00, 0x00, 0x00, 0x6f,
    0xff, 0xf2, 0x0a, 0xff, 0xfd, 0x00, 0x00, 0x00,
    0x00, 0x00, 0xef, 0xff, 0x91, 0xff, 0xff, 0x40,
    0x00, 0x00, 0x00, 0x00, 0x06, 0xff, 0xff, 0xaf,
    0xff, 0xc0, 0x00, 0x00, 0x00, 0x00, 0x00, 0x0e,
    0xff, 0xff, 0xff, 0xf4, 0x00, 0x00, 0x00, 0x00,
    0x00, 0x00, 0x6f, 0xff, 0xff, 0xfc, 0x00, 0x00,
    0x00, 0x00, 0x00, 0x00, 0x00, 0xdf, 0xff, 0xff,
    0x40, 0x00, 0x00, 0x00, 0x00, 0x00, 0x00, 0x06,
    0xff, 0xff, 0xc0, 0x00, 0x00, 0x00, 0x00, 0x00,
    0x00, 0x00, 0x0f, 0xff, 0xf6, 0x00, 0x00, 0x00,
    0x00, 0x00, 0x00, 0x00, 0x00, 0xff, 0xff, 0x60,
    0x00, 0x00, 0x00, 0x00, 0x00, 0x00, 0x00, 0x0f,
    0xff, 0xf6, 0x00, 0x00, 0x00, 0x00, 0x00, 0x00,
    0x00, 0x00, 0xff, 0xff, 0x60, 0x00, 0x00, 0x00,
    0x00, 0x00, 0x00, 0x00, 0x0f, 0xff, 0xf6, 0x00,
    0x00, 0x00, 0x00, 0x00, 0x00, 0x00, 0x00, 0xff,
    0xff, 0x60, 0x00, 0x00, 0x00, 0x00, 0x00, 0x00,
    0x00, 0x0f, 0xff, 0xf6, 0x00, 0x00, 0x00, 0x00,
    0x00, 0x00, 0x00, 0x00, 0xff, 0xff, 0x60, 0x00,
    0x00, 0x00, 0x00, 0x00, 0x00, 0x00, 0x0f, 0xff,
    0xf6, 0x00, 0x00, 0x00, 0x00,

    /* U+00DE "Þ" */
    0x4f, 0xff, 0xf2, 0x00, 0x00, 0x00, 0x00, 0x00,
    0x04, 0xff, 0xff, 0x20, 0x00, 0x00, 0x00, 0x00,
    0x00, 0x4f, 0xff, 0xf2, 0x00, 0x00, 0x00, 0x00,
    0x00, 0x04, 0xff, 0xff, 0x20, 0x00, 0x00, 0x00,
    0x00, 0x00, 0x4f, 0xff, 0xfb, 0xaa, 0xaa, 0x97,
    0x20, 0x00, 0x04, 0xff, 0xff, 0xff, 0xff, 0xff,
    0xff, 0xb1, 0x00, 0x4f, 0xff, 0xff, 0xff, 0xff,
    0xff, 0xff, 0xe1, 0x04, 0xff, 0xff, 0xff, 0xff,
    0xff, 0xff, 0xff, 0xb0, 0x4f, 0xff, 0xf2, 0x00,
    0x00, 0x4d, 0xff, 0xff, 0x24, 0xff, 0xff, 0x20,
    0x00, 0x00, 0x3f, 0xff, 0xf7, 0x4f, 0xff, 0xf2,
    0x00, 0x00, 0x00, 0xff, 0xff, 0xa4, 0xff, 0xff,
    0x20, 0x00, 0x00, 0x0e, 0xff, 0xfb, 0x4f, 0xff,
    0xf2, 0x00, 0x00, 0x00, 0xef, 0xff, 0xa4, 0xff,
    0xff, 0x20, 0x00, 0x00, 0x1f, 0xff, 0xf8, 0x4f,
    0xff, 0xf2, 0x00, 0x00, 0x09, 0xff, 0xff, 0x54,
    0xff, 0xff, 0xba, 0xaa, 0xae, 0xff, 0xff, 0xe0,
    0x4f, 0xff, 0xff, 0xff, 0xff, 0xff, 0xff, 0xf4,
    0x04, 0xff, 0xff, 0xff, 0xff, 0xff, 0xff, 0xf5,
    0x00, 0x4f, 0xff, 0xff, 0xff, 0xff, 0xec, 0x81,
    0x00, 0x04, 0xff, 0xff, 0x20, 0x00, 0x00, 0x00,
    0x00, 0x00, 0x4f, 0xff, 0xf2, 0x00, 0x00, 0x00,
    0x00, 0x00, 0x04, 0xff, 0xff, 0x20, 0x00, 0x00,
    0x00, 0x00, 0x00, 0x4f, 0xff, 0xf2, 0x00, 0x00,
    0x00, 0x00, 0x00, 0x04, 0xff, 0xff, 0x20, 0x00,
    0x00, 0x00, 0x00, 0x00,

    /* U+00DF "ß" */
    0x00, 0x4b, 0xef, 0xff, 0xff, 0x80, 0x00, 0x00,
    0x00, 0x07, 0xff, 0xff, 0xff, 0xff, 0x80, 0x00,
    0x00, 0x00, 0x2f, 0xff, 0xff, 0xff, 0xff, 0x80,
    0x00, 0x00, 0x00, 0x6f, 0xff, 0xc5, 0x55, 0x55,
    0x20, 0x00, 0x00, 0x00, 0x8f, 0xff, 0xb0, 0x00,
    0x00, 0x00, 0x00, 0x00, 0x00, 0x8f, 0xff, 0xb0,
    0x00, 0x00, 0x00, 0x00, 0x00, 0x00, 0x8f, 0xff,
    0xb0, 0x00, 0x00, 0x00, 0x00, 0x00, 0x00, 0x8f,
    0xff, 0xff, 0xff, 0xff, 0xff, 0xff, 0xff, 0x30,
    0x8f, 0xff, 0xff, 0xff, 0xff, 0xff, 0xff, 0xff,
    0x30, 0x8f, 0xff, 0xff, 0xff, 0xff, 0xff, 0xff,
    0xff, 0x30, 0x8f, 0xff, 0xc5, 0x55, 0x55, 0x57,
    0xff, 0xff, 0x10, 0x8f, 0xff, 0xb0, 0x00, 0x00,
    0x0c, 0xff, 0xf6, 0x00, 0x8f, 0xff, 0xb0, 0x00,
    0x00, 0x8f, 0xff, 0xb0, 0x00, 0x8f, 0xff, 0xb0,
    0x00, 0x03, 0xff, 0xfe, 0x10, 0x00, 0x8f, 0xff,
    0xb0, 0x00, 0x0d, 0xff, 0xf4, 0x00, 0x00, 0x8f,
    0xff, 0xb0, 0x00, 0x9f, 0xff, 0x90, 0x00, 0x00,
    0x8f, 0xff, 0xb0, 0x04, 0xff, 0xfd, 0x00, 0x00,
    0x00, 0x8f, 0xff, 0xb0, 0x0a, 0xff, 0xf8, 0x20,
    0x00, 0x00, 0x8f, 0xff, 0xb0, 0x0b, 0xff, 0xff,
    0xfc, 0x40, 0x00, 0x8f, 0xff, 0xb0, 0x0b, 0xff,
    0xff, 0xff, 0xf8, 0x00, 0x8f, 0xff, 0xb0, 0x05,
    0x89, 0xcf, 0xff, 0xff, 0x60, 0x8f, 0xff, 0xb0,
    0x00, 0x00, 0x02, 0xdf, 0xff, 0xe0, 0x8f, 0xff,
    0xb0, 0x00, 0x00, 0x00, 0x4f, 0xff, 0xf4, 0x8f,
    0xff, 0xb0, 0x00, 0x00, 0x00, 0x0f, 0xff, 0xf6,
    0x8f, 0xff, 0xb0, 0x00, 0x00, 0x00, 0x0f, 0xff,
    0xf7, 0x00, 0x00, 0x00, 0x00, 0x00, 0x00, 0x0f,
    0xff, 0xf6, 0x00, 0x00, 0x00, 0x00, 0x00, 0x00,
    0x3f, 0xff, 0xf3, 0x00, 0x00, 0x00, 0x00, 0x00,
    0x01, 0xcf, 0xff, 0xe0, 0x00, 0x00, 0x00, 0x35,
    0x56, 0x9e, 0xff, 0xff, 0x60, 0x00, 0x00, 0x00,
    0xaf, 0xff, 0xff, 0xff, 0xfa, 0x00, 0x00, 0x00,
    0x00, 0xaf, 0xff, 0xff, 0xff, 0x70, 0x00, 0x00,
    0x00, 0x00, 0xaf, 0xff, 0xda, 0x60, 0x00, 0x00,

    /* U+00E0 "à" */
    0x00, 0x00, 0x00, 0x01, 0x00, 0x00, 0x00, 0x00,
    0x00, 0x00, 0x00, 0x00, 0x18, 0xf3, 0x00, 0x00,
    0x00, 0x00, 0x00, 0x00, 0x00, 0x7f, 0xff, 0xb0,
    0x00, 0x00, 0x00, 0x00, 0x00, 0x00, 0x03, 0xff,
    0xff, 0x30, 0x00, 0x00, 0x00, 0x00, 0x00, 0x00,
    0x06, 0xff, 0xfb, 0x00, 0x00, 0x00, 0x00, 0x00,
    0x00, 0x00, 0x0b, 0xff, 0xf3, 0x00, 0x00, 0x00,
    0x00, 0x00, 0x00, 0x00, 0x1e, 0xff, 0xb0, 0x00,
    0x00, 0x00, 0x00, 0x00, 0x00, 0x00, 0x3f, 0xe6,
    0x00, 0x00, 0x00, 0x00, 0x00, 0x00, 0x00, 0x00,
    0x30, 0x00, 0x00, 0x00, 0x00, 0x00, 0x00, 0x00,
    0x00, 0x00, 0x00, 0x00, 0x00, 0x00, 0x00, 0x00,
    0x00, 0x39, 0xce, 0xff, 0xda, 0x50, 0x00, 0x00,
    0x00, 0x00, 0x9f, 0xff, 0xff, 0xff, 0xff, 0xc2,
    0x00, 0x00, 0x00, 0xcf, 0xff, 0xff, 0xff, 0xff,
    0xff, 0xe1, 0x00, 0x00, 0x5f, 0xff, 0xe8, 0x54,
    0x6c, 0xff, 0xff, 0x80, 0x00, 0x00, 0x5f, 0xb1,
    0x00, 0x00, 0x0c, 0xff, 0xfe, 0x00, 0x00, 0x00,
    0x20, 0x00, 0x00, 0x00, 0x5f, 0xff, 0xf0, 0x00,
    0x00, 0x00, 0x00, 0x00, 0x00, 0x03, 0xff, 0xff,
    0x20, 0x00, 0x00, 0x00, 0x35, 0x78, 0x88, 0x9f,
    0xff, 0xf2, 0x00, 0x00, 0x08, 0xef, 0xff, 0xff,
    0xff, 0xff, 0xff, 0x20, 0x00, 0x1d, 0xff, 0xff,
    0xff, 0xff, 0xff, 0xff, 0xf2, 0x00, 0x09, 0xff,
    0xff, 0x61, 0x00, 0x03, 0xff, 0xff, 0x20, 0x00,
    0xef, 0xff, 0x60, 0x00, 0x00, 0x3f, 0xff, 0xf2,
    0x00, 0x1f, 0xff, 0xf3, 0x00, 0x00, 0x03, 0xff,
    0xff, 0x20, 0x00, 0xff, 0xff, 0x50, 0x00, 0x00,
    0x9f, 0xff, 0xf2, 0x00, 0x0d, 0xff, 0xfe, 0x51,
    0x03, 0x9f, 0xff, 0xff, 0x54, 0x00, 0x6f, 0xff,
    0xff, 0xff, 0xff, 0xaa, 0xff, 0xff, 0xf3, 0x00,
    0x9f, 0xff, 0xff, 0xff, 0xc1, 0x4f, 0xff, 0xff,
    0x30, 0x00, 0x4b, 0xef, 0xec, 0x60, 0x00, 0x5d,
    0xff, 0xf3,

    /* U+00E1 "á" */
    0x00, 0x00, 0x00, 0x00, 0x00, 0x00, 0x00, 0x00,
    0x00, 0x00, 0x00, 0x00, 0x00, 0x00, 0x6e, 0x70,
    0x00, 0x00, 0x00, 0x00, 0x00, 0x00, 0x00, 0x0e,
    0xff, 0xe4, 0x00, 0x00, 0x00, 0x00, 0x00, 0x00,
    0x07, 0xff, 0xfe, 0x10, 0x00, 0x00, 0x00, 0x00,
    0x00, 0x00, 0xef, 0xff, 0x30, 0x00, 0x00, 0x00,
    0x00, 0x00, 0x00, 0x7f, 0xff, 0x70, 0x00, 0x00,
    0x00, 0x00, 0x00, 0x00, 0x0e, 0xff, 0xb0, 0x00,
    0x00, 0x00, 0x00, 0x00, 0x00, 0x00, 0x8f, 0xe1,
    0x00, 0x00, 0x00, 0x00, 0x00, 0x00, 0x00, 0x00,
    0x02, 0x00, 0x00, 0x00, 0x00, 0x00, 0x00, 0x00,
    0x00, 0x00, 0x00, 0x00, 0x00, 0x00, 0x00, 0x00,
    0x00, 0x39, 0xce, 0xff, 0xda, 0x50, 0x00, 0x00,
    0x00, 0x00, 0x9f, 0xff, 0xff, 0xff, 0xff, 0xc2,
    0x00, 0x00, 0x00, 0xcf, 0xff, 0xff, 0xff, 0xff,
    0xff, 0xe1, 0x00, 0x00, 0x5f, 0xff, 0xe8, 0x54,
    0x6c, 0xff, 0xff, 0x80, 0x00, 0x00, 0x5f, 0xb1,
    0x00, 0x00, 0x0c, 0xff, 0xfe, 0x00, 0x00, 0x00,
    0x20, 0x00, 0x00, 0x00, 0x5f, 0xff, 0xf0, 0x00,
    0x00, 0x00, 0x00, 0x00, 0x00, 0x03, 0xff, 0xff,
    0x20, 0x00, 0x00, 0x00, 0x35, 0x78, 0x88, 0x9f,
    0xff, 0xf2, 0x00, 0x00, 0x08, 0xef, 0xff, 0xff,
    0xff, 0xff, 0xff, 0x20, 0x00, 0x1d, 0xff, 0xff,
    0xff, 0xff, 0xff, 0xff, 0xf2, 0x00, 0x09, 0xff,
    0xff, 0x61, 0x00, 0x03, 0xff, 0xff, 0x20, 0x00,
    0xef, 0xff, 0x60, 0x00, 0x00, 0x3f, 0xff, 0xf2,
    0x00, 0x1f, 0xff, 0xf3, 0x00, 0x00, 0x03, 0xff,
    0xff, 0x20, 0x00, 0xff, 0xff, 0x50, 0x00, 0x00,
    0x9f, 0xff, 0xf2, 0x00, 0x0d, 0xff, 0xfe, 0x51,
    0x03, 0x9f, 0xff, 0xff, 0x54, 0x00, 0x6f, 0xff,
    0xff, 0xff, 0xff, 0xaa, 0xff, 0xff, 0xf3, 0x00,
    0x9f, 0xff, 0xff, 0xff, 0xc1, 0x4f, 0xff, 0xff,
    0x30, 0x00, 0x4b, 0xef, 0xec, 0x60, 0x00, 0x5d,
    0xff, 0xf3,

    /* U+00E2 "â" */
    0x00, 0x00, 0x00, 0x7f, 0xff, 0xf4, 0x00, 0x00,
    0x00, 0x00, 0x00, 0x00, 0x4f, 0xff, 0xff, 0xe1,
    0x00, 0x00, 0x00, 0x00, 0x00, 0x1e, 0xff, 0xff,
    0xff, 0xc0, 0x00, 0x00, 0x00, 0x00, 0x0c, 0xff,
    0xf8, 0xcf, 0xff, 0x90, 0x00, 0x00, 0x00, 0x09,
    0xff, 0xf8, 0x00, 0xcf, 0xff, 0x50, 0x00, 0x00,
    0x02, 0xff, 0xf8, 0x00, 0x01, 0xcf, 0xfe, 0x00,
    0x00, 0x00, 0x04, 0xe8, 0x00, 0x00, 0x01, 0xcc,
    0x10, 0x00, 0x00, 0x00, 0x01, 0x00, 0x00, 0x00,
    0x01, 0x00, 0x00, 0x00, 0x00, 0x00, 0x00, 0x00,
    0x00, 0x00, 0x00, 0x00, 0x00, 0x00, 0x00, 0x03,
    0x9c, 0xef, 0xfd, 0xa5, 0x00, 0x00, 0x00, 0x00,
    0x09, 0xff, 0xff, 0xff, 0xff, 0xfc, 0x20, 0x00,
    0x00, 0x0c, 0xff, 0xff, 0xff, 0xff, 0xff, 0xfe,
    0x10, 0x00, 0x05, 0xff, 0xfe, 0x85, 0x46, 0xcf,
    0xff, 0xf8, 0x00, 0x00, 0x05, 0xfb, 0x10, 0x00,
    0x00, 0xcf, 0xff, 0xe0, 0x00, 0x00, 0x02, 0x00,
    0x00, 0x00, 0x05, 0xff, 0xff, 0x00, 0x00, 0x00,
    0x00, 0x00, 0x00, 0x00, 0x3f, 0xff, 0xf2, 0x00,
    0x00, 0x00, 0x03, 0x57, 0x88, 0x89, 0xff, 0xff,
    0x20, 0x00, 0x00, 0x8e, 0xff, 0xff, 0xff, 0xff,
    0xff, 0xf2, 0x00, 0x01, 0xdf, 0xff, 0xff, 0xff,
    0xff, 0xff, 0xff, 0x20, 0x00, 0x9f, 0xff, 0xf6,
    0x10, 0x00, 0x3f, 0xff, 0xf2, 0x00, 0x0e, 0xff,
    0xf6, 0x00, 0x00, 0x03, 0xff, 0xff, 0x20, 0x01,
    0xff, 0xff, 0x30, 0x00, 0x00, 0x3f, 0xff, 0xf2,
    0x00, 0x0f, 0xff, 0xf5, 0x00, 0x00, 0x09, 0xff,
    0xff, 0x20, 0x00, 0xdf, 0xff, 0xe5, 0x10, 0x39,
    0xff, 0xff, 0xf5, 0x40, 0x06, 0xff, 0xff, 0xff,
    0xff, 0xfa, 0xaf, 0xff, 0xff, 0x30, 0x09, 0xff,
    0xff, 0xff, 0xfc, 0x14, 0xff, 0xff, 0xf3, 0x00,
    0x04, 0xbe, 0xfe, 0xc6, 0x00, 0x05, 0xdf, 0xff,
    0x30,

    /* U+00E3 "ã" */
    0x00, 0x01, 0xae, 0xfd, 0xa5, 0x10, 0x25, 0x00,
    0x00, 0x00, 0x01, 0xef, 0xff, 0xff, 0xff, 0xff,
    0xf5, 0x00, 0x00, 0x00, 0x0b, 0xff, 0xff, 0xff,
    0xff, 0xff, 0xe0, 0x00, 0x00, 0x00, 0x1a, 0x54,
    0x6a, 0xef, 0xff, 0xc2, 0x00, 0x00, 0x00, 0x00,
    0x00, 0x00, 0x00, 0x23, 0x10, 0x00, 0x00, 0x00,
    0x00, 0x00, 0x00, 0x00, 0x00, 0x00, 0x00, 0x00,
    0x00, 0x00, 0x00, 0x00, 0x00, 0x00, 0x00, 0x00,
    0x00, 0x00, 0x00, 0x00, 0x03, 0x9c, 0xef, 0xfd,
    0xa5, 0x00, 0x00, 0x00, 0x00, 0x09, 0xff, 0xff,
    0xff, 0xff, 0xfc, 0x20, 0x00, 0x00, 0x0c, 0xff,
    0xff, 0xff, 0xff, 0xff, 0xfe, 0x10, 0x00, 0x05,
    0xff, 0xfe, 0x85, 0x46, 0xcf, 0xff, 0xf8, 0x00,
    0x00, 0x05, 0xfb, 0x10, 0x00, 0x00, 0xcf, 0xff,
    0xe0, 0x00, 0x00, 0x02, 0x00, 0x00, 0x00, 0x05,
    0xff, 0xff, 0x00, 0x00, 0x00, 0x00, 0x00, 0x00,
    0x00, 0x3f, 0xff, 0xf2, 0x00, 0x00, 0x00, 0x03,
    0x57, 0x88, 0x89, 0xff, 0xff, 0x20, 0x00, 0x00,
    0x8e, 0xff, 0xff, 0xff, 0xff, 0xff, 0xf2, 0x00,
    0x01, 0xdf, 0xff, 0xff, 0xff, 0xff, 0xff, 0xff,
    0x20, 0x00, 0x9f, 0xff, 0xf6, 0x10, 0x00, 0x3f,
    0xff, 0xf2, 0x00, 0x0e, 0xff, 0xf6, 0x00, 0x00,
    0x03, 0xff, 0xff, 0x20, 0x01, 0xff, 0xff, 0x30,
    0x00, 0x00, 0x3f, 0xff, 0xf2, 0x00, 0x0f, 0xff,
    0xf5, 0x00, 0x00, 0x09, 0xff, 0xff, 0x20, 0x00,
    0xdf, 0xff, 0xe5, 0x10, 0x39, 0xff, 0xff, 0xf5,
    0x40, 0x06, 0xff, 0xff, 0xff, 0xff, 0xfa, 0xaf,
    0xff, 0xff, 0x30, 0x09, 0xff, 0xff, 0xff, 0xfc,
    0x14, 0xff, 0xff, 0xf3, 0x00, 0x04, 0xbe, 0xfe,
    0xc6, 0x00, 0x05, 0xdf, 0xff, 0x30,

    /* U+00E4 "ä" */
    0x00, 0x06, 0xef, 0xc3, 0x00, 0x5d, 0xfd, 0x40,
    0x00, 0x00, 0x01, 0xff, 0xff, 0xb0, 0x0e, 0xff,
    0xfd, 0x00, 0x00, 0x00, 0x2f, 0xff, 0xfc, 0x00,
    0xff, 0xff, 0xf0, 0x00, 0x00, 0x00, 0xef, 0xff,
    0x90, 0x0d, 0xff, 0xfc, 0x00, 0x00, 0x00, 0x03,
    0x9a, 0x80, 0x00, 0x29, 0xa8, 0x10, 0x00, 0x00,
    0x00, 0x00, 0x00, 0x00, 0x00, 0x00, 0x00, 0x00,
    0x00, 0x00, 0x00, 0x00, 0x00, 0x00, 0x00, 0x00,
    0x00, 0x00, 0x00, 0x00, 0x03, 0x9c, 0xef, 0xfd,
    0xa5, 0x00, 0x00, 0x00, 0x00, 0x09, 0xff, 0xff,
    0xff, 0xff, 0xfc, 0x20, 0x00, 0x00, 0x0c, 0xff,
    0xff, 0xff, 0xff, 0xff, 0xfe, 0x10, 0x00, 0x05,
    0xff, 0xfe, 0x85, 0x46, 0xcf, 0xff, 0xf8, 0x00,
    0x00, 0x05, 0xfb, 0x10, 0x00, 0x00, 0xcf, 0xff,
    0xe0, 0x00, 0x00, 0x02, 0x00, 0x00, 0x00, 0x05,
    0xff, 0xff, 0x00, 0x00, 0x00, 0x00, 0x00, 0x00,
    0x00, 0x3f, 0xff, 0xf2, 0x00, 0x00, 0x00, 0x03,
    0x57, 0x88, 0x89, 0xff, 0xff, 0x20, 0x00, 0x00,
    0x8e, 0xff, 0xff, 0xff, 0xff, 0xff, 0xf2, 0x00,
    0x01, 0xdf, 0xff, 0xff, 0xff, 0xff, 0xff, 0xff,
    0x20, 0x00, 0x9f, 0xff, 0xf6, 0x10, 0x00, 0x3f,
    0xff, 0xf2, 0x00, 0x0e, 0xff, 0xf6, 0x00, 0x00,
    0x03, 0xff, 0xff, 0x20, 0x01, 0xff, 0xff, 0x30,
    0x00, 0x00, 0x3f, 0xff, 0xf2, 0x00, 0x0f, 0xff,
    0xf5, 0x00, 0x00, 0x09, 0xff, 0xff, 0x20, 0x00,
    0xdf, 0xff, 0xe5, 0x10, 0x39, 0xff, 0xff, 0xf5,
    0x40, 0x06, 0xff, 0xff, 0xff, 0xff, 0xfa, 0xaf,
    0xff, 0xff, 0x30, 0x09, 0xff, 0xff, 0xff, 0xfc,
    0x14, 0xff, 0xff, 0xf3, 0x00, 0x04, 0xbe, 0xfe,
    0xc6, 0x00, 0x05, 0xdf, 0xff, 0x30,

    /* U+00E5 "å" */
    0x00, 0x00, 0x00, 0x01, 0x33, 0x00, 0x00, 0x00,
    0x00, 0x00, 0x00, 0x00, 0x1b, 0xff, 0xff, 0x90,
    0x00, 0x00, 0x00, 0x00, 0x00, 0x0d, 0xff, 0xff,
    0xff, 0xb0, 0x00, 0x00, 0x00, 0x00, 0x07, 0xff,
    0x90, 0x1b, 0xff, 0x40, 0x00, 0x00, 0x00, 0x00,
    0xbf, 0xf1, 0x00, 0x5f, 0xf8, 0x00, 0x00, 0x00,
    0x00, 0x0b, 0xff, 0x10, 0x05, 0xff, 0x80, 0x00,
    0x00, 0x00, 0x00, 0x8f, 0xf8, 0x01, 0xbf, 0xf4,
    0x00, 0x00, 0x00, 0x00, 0x01, 0xdf, 0xff, 0xff,
    0xfb, 0x00, 0x00, 0x00, 0x00, 0x00, 0x01, 0xaf,
    0xff, 0xf8, 0x00, 0x00, 0x00, 0x00, 0x00, 0x00,
    0x00, 0x13, 0x30, 0x00, 0x00, 0x00, 0x00, 0x00,
    0x00, 0x00, 0x00, 0x00, 0x00, 0x00, 0x00, 0x00,
    0x00, 0x00, 0x03, 0x9c, 0xef, 0xfd, 0xa5, 0x00,
    0x00, 0x00, 0x00, 0x09, 0xff, 0xff, 0xff, 0xff,
    0xfc, 0x20, 0x00, 0x00, 0x0c, 0xff, 0xff, 0xff,
    0xff, 0xff, 0xfe, 0x10, 0x00, 0x05, 0xff, 0xfe,
    0x85, 0x46, 0xcf, 0xff, 0xf8, 0x00, 0x00, 0x05,
    0xfb, 0x10, 0x00, 0x00, 0xcf, 0xff, 0xe0, 0x00,
    0x00, 0x02, 0x00, 0x00, 0x00, 0x05, 0xff, 0xff,
    0x00, 0x00, 0x00, 0x00, 0x00, 0x00, 0x00, 0x3f,
    0xff, 0xf2, 0x00, 0x00, 0x00, 0x03, 0x57, 0x88,
    0x89, 0xff, 0xff, 0x20, 0x00, 0x00, 0x8e, 0xff,
    0xff, 0xff, 0xff, 0xff, 0xf2, 0x00, 0x01, 0xdf,
    0xff, 0xff, 0xff, 0xff, 0xff, 0xff, 0x20, 0x00,
    0x9f, 0xff, 0xf6, 0x10, 0x00, 0x3f, 0xff, 0xf2,
    0x00, 0x0e, 0xff, 0xf6, 0x00, 0x00, 0x03, 0xff,
    0xff, 0x20, 0x01, 0xff, 0xff, 0x30, 0x00, 0x00,
    0x3f, 0xff, 0xf2, 0x00, 0x0f, 0xff, 0xf5, 0x00,
    0x00, 0x09, 0xff, 0xff, 0x20, 0x00, 0xdf, 0xff,
    0xe5, 0x10, 0x39, 0xff, 0xff, 0xf5, 0x40, 0x06,
    0xff, 0xff, 0xff, 0xff, 0xfa, 0xaf, 0xff, 0xff,
    0x30, 0x09, 0xff, 0xff, 0xff, 0xfc, 0x14, 0xff,
    0xff, 0xf3, 0x00, 0x04, 0xbe, 0xfe, 0xc6, 0x00,
    0x05, 0xdf, 0xff, 0x30,

    /* U+00E6 "æ" */
    0x00, 0x18, 0xdf, 0xeb, 0x30, 0x02, 0xae, 0xfd,
    0x70, 0x00, 0x01, 0xdf, 0xff, 0xff, 0xf4, 0x2e,
    0xff, 0xff, 0xfc, 0x00, 0x0b, 0xff, 0xfe, 0xff,
    0xfe, 0xdf, 0xfe, 0xef, 0xff, 0x90, 0x3f, 0xff,
    0x30, 0x0b, 0xff, 0xff, 0x70, 0x06, 0xff, 0xf1,
    0x17, 0xd8, 0x00, 0x03, 0xff, 0xfd, 0x00, 0x00,
    0xbf, 0xf6, 0x00, 0x00, 0x00, 0x01, 0xff, 0xf9,
    0x00, 0x00, 0x8f, 0xfa, 0x00, 0x00, 0x00, 0x01,
    0xff, 0xf8, 0x00, 0x00, 0x7f, 0xfc, 0x00, 0x00,
    0x35, 0x67, 0xff, 0xfb, 0x66, 0x66, 0xaf, 0xfc,
    0x00, 0x8f, 0xff, 0xff, 0xff, 0xff, 0xff, 0xff,
    0xff, 0xfd, 0x0b, 0xff, 0xff, 0xff, 0xff, 0xff,
    0xff, 0xff, 0xff, 0xfd, 0x5f, 0xff, 0xa2, 0x01,
    0xff, 0xf8, 0x00, 0x00, 0x00, 0x00, 0xaf, 0xfe,
    0x00, 0x01, 0xff, 0xf9, 0x00, 0x00, 0x00, 0x00,
    0xcf, 0xfb, 0x00, 0x02, 0xff, 0xfc, 0x00, 0x00,
    0x23, 0x00, 0xcf, 0xfc, 0x00, 0x05, 0xff, 0xff,
    0x10, 0x00, 0xbf, 0xe5, 0xaf, 0xff, 0x50, 0x2d,
    0xcd, 0xff, 0xb1, 0x07, 0xff, 0xf2, 0x5f, 0xff,
    0xff, 0xff, 0x75, 0xff, 0xff, 0xff, 0xff, 0xa0,
    0x0a, 0xff, 0xff, 0xfd, 0x00, 0x9f, 0xff, 0xff,
    0xfc, 0x00, 0x00, 0x7d, 0xfe, 0x91, 0x00, 0x04,
    0xbe, 0xfd, 0x70, 0x00,

    /* U+00E7 "ç" */
    0x00, 0x00, 0x06, 0xbe, 0xff, 0xda, 0x40, 0x00,
    0x00, 0x00, 0x5e, 0xff, 0xff, 0xff, 0xff, 0xa0,
    0x00, 0x00, 0x7f, 0xff, 0xff, 0xff, 0xff, 0xff,
    0xc0, 0x00, 0x3f, 0xff, 0xff, 0xb9, 0xad, 0xff,
    0xff, 0x70, 0x0c, 0xff, 0xfe, 0x20, 0x00, 0x08,
    0xff, 0xe6, 0x02, 0xff, 0xff, 0x40, 0x00, 0x00,
    0x0a, 0x70, 0x00, 0x6f, 0xff, 0xf0, 0x00, 0x00,
    0x00, 0x00, 0x00, 0x09, 0xff, 0xfd, 0x00, 0x00,
    0x00, 0x00, 0x00, 0x00, 0xaf, 0xff, 0xd0, 0x00,
    0x00, 0x00, 0x00, 0x00, 0x0b, 0xff, 0xfd, 0x00,
    0x00, 0x00, 0x00, 0x00, 0x00, 0x9f, 0xff, 0xd0,
    0x00, 0x00, 0x00, 0x00, 0x00, 0x07, 0xff, 0xff,
    0x00, 0x00, 0x00, 0x00, 0x00, 0x00, 0x3f, 0xff,
    0xf4, 0x00, 0x00, 0x00, 0x6b, 0x20, 0x00, 0xdf,
    0xff, 0xe2, 0x00, 0x00, 0x5f, 0xff, 0x90, 0x04,
    0xff, 0xff, 0xfb, 0x89, 0xcf, 0xff, 0xfb, 0x00,
    0x08, 0xff, 0xff, 0xff, 0xff, 0xff, 0xfe, 0x20,
    0x00, 0x06, 0xff, 0xff, 0xff, 0xff, 0xfd, 0x20,
    0x00, 0x00, 0x01, 0x7b, 0xff, 0xfe, 0xb6, 0x00,
    0x00, 0x00, 0x00, 0x00, 0x0f, 0xf1, 0x00, 0x00,
    0x00, 0x00, 0x00, 0x00, 0x02, 0xff, 0x44, 0x10,
    0x00, 0x00, 0x00, 0x00, 0x00, 0x16, 0x9e, 0xff,
    0x60, 0x00, 0x00, 0x00, 0x00, 0x01, 0x00, 0x3f,
    0xfe, 0x00, 0x00, 0x00, 0x00, 0x06, 0xe6, 0x48,
    0xff, 0xe0, 0x00, 0x00, 0x00, 0x00, 0xff, 0xff,
    0xff, 0xf8, 0x00, 0x00, 0x00, 0x00, 0x02, 0xae,
    0xfe, 0xc6, 0x00, 0x00, 0x00,

    /* U+00E8 "è" */
    0x00, 0x00, 0x00, 0x00, 0x00, 0x00, 0x00, 0x00,
    0x00, 0x00, 0x00, 0x00, 0x6d, 0x80, 0x00, 0x00,
    0x00, 0x00, 0x00, 0x00, 0x3d, 0xff, 0xf1, 0x00,
    0x00, 0x00, 0x00, 0x00, 0x00, 0x0c, 0xff, 0xf9,
    0x00, 0x00, 0x00, 0x00, 0x00, 0x00, 0x02, 0xff,
    0xff, 0x10, 0x00, 0x00, 0x00, 0x00, 0x00, 0x00,
    0x5f, 0xff, 0x90, 0x00, 0x00, 0x00, 0x00, 0x00,
    0x00, 0x09, 0xff, 0xf1, 0x00, 0x00, 0x00, 0x00,
    0x00, 0x00, 0x00, 0xdf, 0x91, 0x00, 0x00, 0x00,
    0x00, 0x00, 0x00, 0x00, 0x21, 0x00, 0x00, 0x00,
    0x00, 0x00, 0x00, 0x00, 0x00, 0x00, 0x00, 0x00,
    0x00, 0x00, 0x00, 0x00, 0x03, 0x9d, 0xef, 0xeb,
    0x60, 0x00, 0x00, 0x00, 0x00, 0xaf, 0xff, 0xff,
    0xff, 0xfe, 0x50, 0x00, 0x00, 0x0d, 0xff, 0xff,
    0xff, 0xff, 0xff, 0xf6, 0x00, 0x00, 0xaf, 0xff,
    0xf9, 0x43, 0x5c, 0xff, 0xff, 0x20, 0x02, 0xff,
    0xff, 0x40, 0x00, 0x00, 0xaf, 0xff, 0xa0, 0x09,
    0xff, 0xf9, 0x00, 0x00, 0x00, 0x1f, 0xff, 0xf1,
    0x0d, 0xff, 0xf4, 0x00, 0x00, 0x00, 0x0d, 0xff,
    0xf4, 0x0f, 0xff, 0xfc, 0xbb, 0xbb, 0xbb, 0xbf,
    0xff, 0xf7, 0x1f, 0xff, 0xff, 0xff, 0xff, 0xff,
    0xff, 0xff, 0xf8, 0x1f, 0xff, 0xff, 0xff, 0xff,
    0xff, 0xff, 0xff, 0xf8, 0x0f, 0xff, 0xf3, 0x00,
    0x00, 0x00, 0x00, 0x00, 0x00, 0x0d, 0xff, 0xf5,
    0x00, 0x00, 0x00, 0x00, 0x00, 0x00, 0x09, 0xff,
    0xfb, 0x00, 0x00, 0x00, 0x00, 0x80, 0x00, 0x03,
    0xff, 0xff, 0x80, 0x00, 0x00, 0x1b, 0xfc, 0x00,
    0x00, 0xaf, 0xff, 0xfd, 0x97, 0x8b, 0xff, 0xff,
    0xb0, 0x00, 0x1d, 0xff, 0xff, 0xff, 0xff, 0xff,
    0xff, 0x30, 0x00, 0x00, 0xaf, 0xff, 0xff, 0xff,
    0xff, 0xc2, 0x00, 0x00, 0x00, 0x03, 0x8c, 0xef,
    0xed, 0xa4, 0x00, 0x00,

    /* U+00E9 "é" */
    0x00, 0x00, 0x00, 0x00, 0x00, 0x10, 0x00, 0x00,
    0x00, 0x00, 0x00, 0x00, 0x00, 0x01, 0xf9, 0x20,
    0x00, 0x00, 0x00, 0x00, 0x00, 0x00, 0x09, 0xff,
    0xf8, 0x00, 0x00, 0x00, 0x00, 0x00, 0x00, 0x1f,
    0xff, 0xf4, 0x00, 0x00, 0x00, 0x00, 0x00, 0x00,
    0x9f, 0xff, 0x80, 0x00, 0x00, 0x00, 0x00, 0x00,
    0x02, 0xff, 0xfc, 0x00, 0x00, 0x00, 0x00, 0x00,
    0x00, 0x09, 0xff, 0xf2, 0x00, 0x00, 0x00, 0x00,
    0x00, 0x00, 0x05, 0xdf, 0x50, 0x00, 0x00, 0x00,
    0x00, 0x00, 0x00, 0x00, 0x03, 0x00, 0x00, 0x00,
    0x00, 0x00, 0x00, 0x00, 0x00, 0x00, 0x00, 0x00,
    0x00, 0x00, 0x00, 0x00, 0x03, 0x9d, 0xef, 0xeb,
    0x60, 0x00, 0x00, 0x00, 0x00, 0xaf, 0xff, 0xff,
    0xff, 0xfe, 0x50, 0x00, 0x00, 0x0d, 0xff, 0xff,
    0xff, 0xff, 0xff, 0xf6, 0x00, 0x00, 0xaf, 0xff,
    0xf9, 0x43, 0x5c, 0xff, 0xff, 0x20, 0x02, 0xff,
    0xff, 0x40, 0x00, 0x00, 0xaf, 0xff, 0xa0, 0x09,
    0xff, 0xf9, 0x00, 0x00, 0x00, 0x1f, 0xff, 0xf1,
    0x0d, 0xff, 0xf4, 0x00, 0x00, 0x00, 0x0d, 0xff,
    0xf4, 0x0f, 0xff, 0xfc, 0xbb, 0xbb, 0xbb, 0xbf,
    0xff, 0xf7, 0x1f, 0xff, 0xff, 0xff, 0xff, 0xff,
    0xff, 0xff, 0xf8, 0x1f, 0xff, 0xff, 0xff, 0xff,
    0xff, 0xff, 0xff, 0xf8, 0x0f, 0xff, 0xf3, 0x00,
    0x00, 0x00, 0x00, 0x00, 0x00, 0x0d, 0xff, 0xf5,
    0x00, 0x00, 0x00, 0x00, 0x00, 0x00, 0x09, 0xff,
    0xfb, 0x00, 0x00, 0x00, 0x00, 0x80, 0x00, 0x03,
    0xff, 0xff, 0x80, 0x00, 0x00, 0x1b, 0xfc, 0x00,
    0x00, 0xaf, 0xff, 0xfd, 0x97, 0x8b, 0xff, 0xff,
    0xb0, 0x00, 0x1d, 0xff, 0xff, 0xff, 0xff, 0xff,
    0xff, 0x30, 0x00, 0x00, 0xaf, 0xff, 0xff, 0xff,
    0xff, 0xc2, 0x00, 0x00, 0x00, 0x03, 0x8c, 0xef,
    0xed, 0xa4, 0x00, 0x00,

    /* U+00EA "ê" */
    0x00, 0x00, 0x00, 0x2f, 0xff, 0xf9, 0x00, 0x00,
    0x00, 0x00, 0x00, 0x00, 0xdf, 0xff, 0xff, 0x50,
    0x00, 0x00, 0x00, 0x00, 0x0a, 0xff, 0xff, 0xff,
    0xf2, 0x00, 0x00, 0x00, 0x00, 0x7f, 0xff, 0xc8,
    0xff, 0xfd, 0x00, 0x00, 0x00, 0x03, 0xff, 0xfc,
    0x00, 0x8f, 0xff, 0xa0, 0x00, 0x00, 0x0c, 0xff,
    0xc1, 0x00, 0x08, 0xff, 0xf3, 0x00, 0x00, 0x01,
    0xcc, 0x10, 0x00, 0x00, 0x8f, 0x40, 0x00, 0x00,
    0x00, 0x00, 0x00, 0x00, 0x00, 0x01, 0x00, 0x00,
    0x00, 0x00, 0x00, 0x00, 0x00, 0x00, 0x00, 0x00,
    0x00, 0x00, 0x00, 0x03, 0x9d, 0xef, 0xeb, 0x60,
    0x00, 0x00, 0x00, 0x00, 0xaf, 0xff, 0xff, 0xff,
    0xfe, 0x50, 0x00, 0x00, 0x0d, 0xff, 0xff, 0xff,
    0xff, 0xff, 0xf6, 0x00, 0x00, 0xaf, 0xff, 0xf9,
    0x43, 0x5c, 0xff, 0xff, 0x20, 0x02, 0xff, 0xff,
    0x40, 0x00, 0x00, 0xaf, 0xff, 0xa0, 0x09, 0xff,
    0xf9, 0x00, 0x00, 0x00, 0x1f, 0xff, 0xf1, 0x0d,
    0xff, 0xf4, 0x00, 0x00, 0x00, 0x0d, 0xff, 0xf4,
    0x0f, 0xff, 0xfc, 0xbb, 0xbb, 0xbb, 0xbf, 0xff,
    0xf7, 0x1f, 0xff, 0xff, 0xff, 0xff, 0xff, 0xff,
    0xff, 0xf8, 0x1f, 0xff, 0xff, 0xff, 0xff, 0xff,
    0xff, 0xff, 0xf8, 0x0f, 0xff, 0xf3, 0x00, 0x00,
    0x00, 0x00, 0x00, 0x00, 0x0d, 0xff, 0xf5, 0x00,
    0x00, 0x00, 0x00, 0x00, 0x00, 0x09, 0xff, 0xfb,
    0x00, 0x00, 0x00, 0x00, 0x80, 0x00, 0x03, 0xff,
    0xff, 0x80, 0x00, 0x00, 0x1b, 0xfc, 0x00, 0x00,
    0xaf, 0xff, 0xfd, 0x97, 0x8b, 0xff, 0xff, 0xb0,
    0x00, 0x1d, 0xff, 0xff, 0xff, 0xff, 0xff, 0xff,
    0x30, 0x00, 0x00, 0xaf, 0xff, 0xff, 0xff, 0xff,
    0xc2, 0x00, 0x00, 0x00, 0x03, 0x8c, 0xef, 0xed,
    0xa4, 0x00, 0x00,

    /* U+00EB "ë" */
    0x00, 0x03, 0xcf, 0xe6, 0x00, 0x1c, 0xfe, 0x80,
    0x00, 0x00, 0x0b, 0xff, 0xff, 0x00, 0x9f, 0xff,
    0xf2, 0x00, 0x00, 0x0c, 0xff, 0xff, 0x20, 0xaf,
    0xff, 0xf4, 0x00, 0x00, 0x09, 0xff, 0xfe, 0x00,
    0x7f, 0xff, 0xf1, 0x00, 0x00, 0x01, 0x8a, 0x92,
    0x00, 0x07, 0xa9, 0x40, 0x00, 0x00, 0x00, 0x00,
    0x00, 0x00, 0x00, 0x00, 0x00, 0x00, 0x00, 0x00,
    0x00, 0x00, 0x00, 0x00, 0x00, 0x00, 0x00, 0x00,
    0x00, 0x03, 0x9d, 0xef, 0xeb, 0x60, 0x00, 0x00,
    0x00, 0x00, 0xaf, 0xff, 0xff, 0xff, 0xfe, 0x50,
    0x00, 0x00, 0x0d, 0xff, 0xff, 0xff, 0xff, 0xff,
    0xf6, 0x00, 0x00, 0xaf, 0xff, 0xf9, 0x43, 0x5c,
    0xff, 0xff, 0x20, 0x02, 0xff, 0xff, 0x40, 0x00,
    0x00, 0xaf, 0xff, 0xa0, 0x09, 0xff, 0xf9, 0x00,
    0x00, 0x00, 0x1f, 0xff, 0xf1, 0x0d, 0xff, 0xf4,
    0x00, 0x00, 0x00, 0x0d, 0xff, 0xf4, 0x0f, 0xff,
    0xfc, 0xbb, 0xbb, 0xbb, 0xbf, 0xff, 0xf7, 0x1f,
    0xff, 0xff, 0xff, 0xff, 0xff, 0xff, 0xff, 0xf8,
    0x1f, 0xff, 0xff, 0xff, 0xff, 0xff, 0xff, 0xff,
    0xf8, 0x0f, 0xff, 0xf3, 0x00, 0x00, 0x00, 0x00,
    0x00, 0x00, 0x0d, 0xff, 0xf5, 0x00, 0x00, 0x00,
    0x00, 0x00, 0x00, 0x09, 0xff, 0xfb, 0x00, 0x00,
    0x00, 0x00, 0x80, 0x00, 0x03, 0xff, 0xff, 0x80,
    0x00, 0x00, 0x1b, 0xfc, 0x00, 0x00, 0xaf, 0xff,
    0xfd, 0x97, 0x8b, 0xff, 0xff, 0xb0, 0x00, 0x1d,
    0xff, 0xff, 0xff, 0xff, 0xff, 0xff, 0x30, 0x00,
    0x00, 0xaf, 0xff, 0xff, 0xff, 0xff, 0xc2, 0x00,
    0x00, 0x00, 0x03, 0x8c, 0xef, 0xed, 0xa4, 0x00,
    0x00,

    /* U+00EC "ì" */
    0x00, 0x00, 0x00, 0x43, 0x00, 0x00, 0x00, 0x00,
    0x00, 0x00, 0x4c, 0xfc, 0x00, 0x00, 0x00, 0x00,
    0x00, 0x02, 0xff, 0xff, 0x50, 0x00, 0x00, 0x00,
    0x00, 0x00, 0x7f, 0xff, 0xd0, 0x00, 0x00, 0x00,
    0x00, 0x00, 0x0b, 0xff, 0xf5, 0x00, 0x00, 0x00,
    0x00, 0x00, 0x01, 0xef, 0xfd, 0x00, 0x00, 0x00,
    0x00, 0x00, 0x00, 0x4f, 0xff, 0x40, 0x00, 0x00,
    0x00, 0x00, 0x00, 0x08, 0xa3, 0x00, 0x00, 0x00,
    0x00, 0x00, 0x00, 0x00, 0x00, 0x00, 0x00, 0x00,
    0x00, 0x00, 0x00, 0x00, 0x00, 0x00, 0x00, 0x00,
    0xaf, 0xff, 0xff, 0xff, 0xff, 0x70, 0x00, 0x00,
    0xaf, 0xff, 0xff, 0xff, 0xff, 0x70, 0x00, 0x00,
    0xaf, 0xff, 0xff, 0xff, 0xff, 0x70, 0x00, 0x00,
    0x47, 0x77, 0x77, 0xff, 0xff, 0x70, 0x00, 0x00,
    0x00, 0x00, 0x00, 0xef, 0xff, 0x70, 0x00, 0x00,
    0x00, 0x00, 0x00, 0xef, 0xff, 0x70, 0x00, 0x00,
    0x00, 0x00, 0x00, 0xef, 0xff, 0x70, 0x00, 0x00,
    0x00, 0x00, 0x00, 0xef, 0xff, 0x70, 0x00, 0x00,
    0x00, 0x00, 0x00, 0xef, 0xff, 0x70, 0x00, 0x00,
    0x00, 0x00, 0x00, 0xef, 0xff, 0x70, 0x00, 0x00,
    0x00, 0x00, 0x00, 0xef, 0xff, 0x70, 0x00, 0x00,
    0x00, 0x00, 0x00, 0xef, 0xff, 0x70, 0x00, 0x00,
    0x00, 0x00, 0x00, 0xef, 0xff, 0x70, 0x00, 0x00,
    0x00, 0x00, 0x00, 0xef, 0xff, 0x70, 0x00, 0x00,
    0x47, 0x77, 0x77, 0xff, 0xff, 0xb7, 0x77, 0x75,
    0xaf, 0xff, 0xff, 0xff, 0xff, 0xff, 0xff, 0xfd,
    0xaf, 0xff, 0xff, 0xff, 0xff, 0xff, 0xff, 0xfd,
    0xaf, 0xff, 0xff, 0xff, 0xff, 0xff, 0xff, 0xfd,

    /* U+00ED "í" */
    0x00, 0x00, 0x00, 0x00, 0x06, 0x10, 0x00, 0x00,
    0x00, 0x00, 0x00, 0x00, 0x3f, 0xf8, 0x10, 0x00,
    0x00, 0x00, 0x00, 0x00, 0xbf, 0xff, 0xb0, 0x00,
    0x00, 0x00, 0x00, 0x03, 0xff, 0xfe, 0x10, 0x00,
    0x00, 0x00, 0x00, 0x0c, 0xff, 0xf5, 0x00, 0x00,
    0x00, 0x00, 0x00, 0x4f, 0xff, 0x90, 0x00, 0x00,
    0x00, 0x00, 0x00, 0xaf, 0xfd, 0x00, 0x00, 0x00,
    0x00, 0x00, 0x00, 0x06, 0xd2, 0x00, 0x00, 0x00,
    0x00, 0x00, 0x00, 0x00, 0x00, 0x00, 0x00, 0x00,
    0x00, 0x00, 0x00, 0x00, 0x00, 0x00, 0x00, 0x00,
    0xaf, 0xff, 0xff, 0xff, 0xff, 0x70, 0x00, 0x00,
    0xaf, 0xff, 0xff, 0xff, 0xff, 0x70, 0x00, 0x00,
    0xaf, 0xff, 0xff, 0xff, 0xff, 0x70, 0x00, 0x00,
    0x47, 0x77, 0x77, 0xff, 0xff, 0x70, 0x00, 0x00,
    0x00, 0x00, 0x00, 0xef, 0xff, 0x70, 0x00, 0x00,
    0x00, 0x00, 0x00, 0xef, 0xff, 0x70, 0x00, 0x00,
    0x00, 0x00, 0x00, 0xef, 0xff, 0x70, 0x00, 0x00,
    0x00, 0x00, 0x00, 0xef, 0xff, 0x70, 0x00, 0x00,
    0x00, 0x00, 0x00, 0xef, 0xff, 0x70, 0x00, 0x00,
    0x00, 0x00, 0x00, 0xef, 0xff, 0x70, 0x00, 0x00,
    0x00, 0x00, 0x00, 0xef, 0xff, 0x70, 0x00, 0x00,
    0x00, 0x00, 0x00, 0xef, 0xff, 0x70, 0x00, 0x00,
    0x00, 0x00, 0x00, 0xef, 0xff, 0x70, 0x00, 0x00,
    0x00, 0x00, 0x00, 0xef, 0xff, 0x70, 0x00, 0x00,
    0x47, 0x77, 0x77, 0xff, 0xff, 0xb7, 0x77, 0x75,
    0xaf, 0xff, 0xff, 0xff, 0xff, 0xff, 0xff, 0xfd,
    0xaf, 0xff, 0xff, 0xff, 0xff, 0xff, 0xff, 0xfd,
    0xaf, 0xff, 0xff, 0xff, 0xff, 0xff, 0xff, 0xfd,

    /* U+00EE "î" */
    0x00, 0x00, 0x00, 0x78, 0x88, 0x30, 0x00, 0x00,
    0x00, 0x00, 0x08, 0xff, 0xff, 0xf2, 0x00, 0x00,
    0x00, 0x00, 0x6f, 0xff, 0xff, 0xfe, 0x10, 0x00,
    0x00, 0x04, 0xff, 0xfe, 0xaf, 0xff, 0xc0, 0x00,
    0x00, 0x2f, 0xff, 0xd1, 0x08, 0xff, 0xfb, 0x00,
    0x00, 0xbf, 0xfc, 0x10, 0x00, 0x6f, 0xff, 0x40,
    0x00, 0x09, 0xb0, 0x00, 0x00, 0x05, 0xd3, 0x00,
    0x00, 0x00, 0x00, 0x00, 0x00, 0x00, 0x00, 0x00,
    0x00, 0x00, 0x00, 0x00, 0x00, 0x00, 0x00, 0x00,
    0xaf, 0xff, 0xff, 0xff, 0xff, 0x70, 0x00, 0x00,
    0xaf, 0xff, 0xff, 0xff, 0xff, 0x70, 0x00, 0x00,
    0xaf, 0xff, 0xff, 0xff, 0xff, 0x70, 0x00, 0x00,
    0x47, 0x77, 0x77, 0xff, 0xff, 0x70, 0x00, 0x00,
    0x00, 0x00, 0x00, 0xef, 0xff, 0x70, 0x00, 0x00,
    0x00, 0x00, 0x00, 0xef, 0xff, 0x70, 0x00, 0x00,
    0x00, 0x00, 0x00, 0xef, 0xff, 0x70, 0x00, 0x00,
    0x00, 0x00, 0x00, 0xef, 0xff, 0x70, 0x00, 0x00,
    0x00, 0x00, 0x00, 0xef, 0xff, 0x70, 0x00, 0x00,
    0x00, 0x00, 0x00, 0xef, 0xff, 0x70, 0x00, 0x00,
    0x00, 0x00, 0x00, 0xef, 0xff, 0x70, 0x00, 0x00,
    0x00, 0x00, 0x00, 0xef, 0xff, 0x70, 0x00, 0x00,
    0x00, 0x00, 0x00, 0xef, 0xff, 0x70, 0x00, 0x00,
    0x00, 0x00, 0x00, 0xef, 0xff, 0x70, 0x00, 0x00,
    0x47, 0x77, 0x77, 0xff, 0xff, 0xb7, 0x77, 0x75,
    0xaf, 0xff, 0xff, 0xff, 0xff, 0xff, 0xff, 0xfd,
    0xaf, 0xff, 0xff, 0xff, 0xff, 0xff, 0xff, 0xfd,
    0xaf, 0xff, 0xff, 0xff, 0xff, 0xff, 0xff, 0xfd,

    /* U+00EF "ï" */
    0x00, 0x2c, 0xfe, 0x70, 0x01, 0xbf, 0xe9, 0x00,
    0x00, 0xaf, 0xff, 0xf1, 0x08, 0xff, 0xff, 0x30,
    0x00, 0xcf, 0xff, 0xf3, 0x09, 0xff, 0xff, 0x50,
    0x00, 0x9f, 0xff, 0xf0, 0x06, 0xff, 0xff, 0x20,
    0x00, 0x07, 0xa9, 0x30, 0x00, 0x6a, 0xa4, 0x00,
    0x00, 0x00, 0x00, 0x00, 0x00, 0x00, 0x00, 0x00,
    0x00, 0x00, 0x00, 0x00, 0x00, 0x00, 0x00, 0x00,
    0xaf, 0xff, 0xff, 0xff, 0xff, 0x70, 0x00, 0x00,
    0xaf, 0xff, 0xff, 0xff, 0xff, 0x70, 0x00, 0x00,
    0xaf, 0xff, 0xff, 0xff, 0xff, 0x70, 0x00, 0x00,
    0x47, 0x77, 0x77, 0xff, 0xff, 0x70, 0x00, 0x00,
    0x00, 0x00, 0x00, 0xef, 0xff, 0x70, 0x00, 0x00,
    0x00, 0x00, 0x00, 0xef, 0xff, 0x70, 0x00, 0x00,
    0x00, 0x00, 0x00, 0xef, 0xff, 0x70, 0x00, 0x00,
    0x00, 0x00, 0x00, 0xef, 0xff, 0x70, 0x00, 0x00,
    0x00, 0x00, 0x00, 0xef, 0xff, 0x70, 0x00, 0x00,
    0x00, 0x00, 0x00, 0xef, 0xff, 0x70, 0x00, 0x00,
    0x00, 0x00, 0x00, 0xef, 0xff, 0x70, 0x00, 0x00,
    0x00, 0x00, 0x00, 0xef, 0xff, 0x70, 0x00, 0x00,
    0x00, 0x00, 0x00, 0xef, 0xff, 0x70, 0x00, 0x00,
    0x00, 0x00, 0x00, 0xef, 0xff, 0x70, 0x00, 0x00,
    0x47, 0x77, 0x77, 0xff, 0xff, 0xb7, 0x77, 0x75,
    0xaf, 0xff, 0xff, 0xff, 0xff, 0xff, 0xff, 0xfd,
    0xaf, 0xff, 0xff, 0xff, 0xff, 0xff, 0xff, 0xfd,
    0xaf, 0xff, 0xff, 0xff, 0xff, 0xff, 0xff, 0xfd,

    /* U+00F0 "ð" */
    0x00, 0x00, 0x00, 0x00, 0x00, 0x00, 0x04, 0x00,
    0x00, 0x00, 0x4d, 0xff, 0xff, 0xf7, 0x03, 0xcf,
    0x70, 0x00, 0x00, 0x00, 0x6e, 0xff, 0xff, 0xdf,
    0xff, 0xb0, 0x00, 0x00, 0x00, 0x01, 0xbf, 0xff,
    0xff, 0xe5, 0x00, 0x00, 0x00, 0x00, 0x00, 0x4f,
    0xff, 0xff, 0xe1, 0x00, 0x00, 0x00, 0x00, 0x2b,
    0xff, 0xff, 0xff, 0xfc, 0x00, 0x00, 0x00, 0x00,
    0x2e, 0xfc, 0x33, 0xff, 0xff, 0xa0, 0x00, 0x00,
    0x00, 0x03, 0x60, 0x00, 0x3f, 0xff, 0xf5, 0x00,
    0x00, 0x00, 0x00, 0x35, 0x31, 0x07, 0xff, 0xfd,
    0x00, 0x00, 0x01, 0x9f, 0xff, 0xff, 0x91, 0xcf,
    0xff, 0x50, 0x00, 0x2e, 0xff, 0xff, 0xff, 0xfd,
    0x5f, 0xff, 0xb0, 0x00, 0xcf, 0xff, 0xff, 0xff,
    0xff, 0xbe, 0xff, 0xf1, 0x06, 0xff, 0xff, 0xd5,
    0x10, 0x29, 0xff, 0xff, 0xf5, 0x0c, 0xff, 0xfe,
    0x10, 0x00, 0x00, 0x8f, 0xff, 0xf8, 0x1f, 0xff,
    0xf7, 0x00, 0x00, 0x00, 0x0f, 0xff, 0xfa, 0x4f,
    0xff, 0xf3, 0x00, 0x00, 0x00, 0x0c, 0xff, 0xfb,
    0x5f, 0xff, 0xf2, 0x00, 0x00, 0x00, 0x0b, 0xff,
    0xfc, 0x5f, 0xff, 0xf2, 0x00, 0x00, 0x00, 0x0b,
    0xff, 0xfb, 0x4f, 0xff, 0xf2, 0x00, 0x00, 0x00,
    0x0b, 0xff, 0xfa, 0x1f, 0xff, 0xf4, 0x00, 0x00,
    0x00, 0x0c, 0xff, 0xf7, 0x0d, 0xff, 0xf9, 0x00,
    0x00, 0x00, 0x2f, 0xff, 0xf3, 0x07, 0xff, 0xff,
    0x40, 0x00, 0x00, 0xcf, 0xff, 0xd0, 0x00, 0xdf,
    0xff, 0xfa, 0x65, 0x8e, 0xff, 0xff, 0x50, 0x00,
    0x3e, 0xff, 0xff, 0xff, 0xff, 0xff, 0xf9, 0x00,
    0x00, 0x02, 0xcf, 0xff, 0xff, 0xff, 0xff, 0x70,
    0x00, 0x00, 0x00, 0x04, 0x9d, 0xff, 0xec, 0x81,
    0x00, 0x00,

    /* U+00F1 "ñ" */
    0x00, 0x07, 0xdf, 0xeb, 0x73, 0x01, 0x51, 0x00,
    0x00, 0x0a, 0xff, 0xff, 0xff, 0xff, 0xff, 0xb0,
    0x00, 0x00, 0x6f, 0xff, 0xff, 0xff, 0xff, 0xff,
    0x40, 0x00, 0x00, 0x87, 0x45, 0x8d, 0xff, 0xfe,
    0x60, 0x00, 0x00, 0x00, 0x00, 0x00, 0x01, 0x32,
    0x00, 0x00, 0x00, 0x00, 0x00, 0x00, 0x00, 0x00,
    0x00, 0x00, 0x00, 0x00, 0x00, 0x00, 0x00, 0x00,
    0x00, 0x00, 0x00, 0x07, 0xff, 0xfe, 0x00, 0x5c,
    0xff, 0xd8, 0x10, 0x00, 0x7f, 0xff, 0xe0, 0x9f,
    0xff, 0xff, 0xfe, 0x30, 0x07, 0xff, 0xfe, 0x5f,
    0xff, 0xff, 0xff, 0xfe, 0x10, 0x7f, 0xff, 0xfe,
    0xd8, 0x7a, 0xff, 0xff, 0xf7, 0x07, 0xff, 0xff,
    0xa0, 0x00, 0x03, 0xff, 0xff, 0xc0, 0x7f, 0xff,
    0xf0, 0x00, 0x00, 0x09, 0xff, 0xfe, 0x07, 0xff,
    0xfe, 0x00, 0x00, 0x00, 0x6f, 0xff, 0xf0, 0x7f,
    0xff, 0xe0, 0x00, 0x00, 0x05, 0xff, 0xff, 0x07,
    0xff, 0xfe, 0x00, 0x00, 0x00, 0x5f, 0xff, 0xf0,
    0x7f, 0xff, 0xe0, 0x00, 0x00, 0x05, 0xff, 0xff,
    0x07, 0xff, 0xfe, 0x00, 0x00, 0x00, 0x5f, 0xff,
    0xf0, 0x7f, 0xff, 0xe0, 0x00, 0x00, 0x05, 0xff,
    0xff, 0x07, 0xff, 0xfe, 0x00, 0x00, 0x00, 0x5f,
    0xff, 0xf0, 0x7f, 0xff, 0xe0, 0x00, 0x00, 0x05,
    0xff, 0xff, 0x07, 0xff, 0xfe, 0x00, 0x00, 0x00,
    0x5f, 0xff, 0xf0, 0x7f, 0xff, 0xe0, 0x00, 0x00,
    0x05, 0xff, 0xff, 0x07, 0xff, 0xfe, 0x00, 0x00,
    0x00, 0x5f, 0xff, 0xf0, 0x7f, 0xff, 0xe0, 0x00,
    0x00, 0x05, 0xff, 0xff, 0x00,

    /* U+00F2 "ò" */
    0x00, 0x00, 0x00, 0x00, 0x00, 0x00, 0x00, 0x00,
    0x00, 0x00, 0x00, 0x00, 0x6e, 0x80, 0x00, 0x00,
    0x00, 0x00, 0x00, 0x00, 0x3e, 0xff, 0xf1, 0x00,
    0x00, 0x00, 0x00, 0x00, 0x00, 0x0d, 0xff, 0xf8,
    0x00, 0x00, 0x00, 0x00, 0x00, 0x00, 0x02, 0xff,
    0xff, 0x10, 0x00, 0x00, 0x00, 0x00, 0x00, 0x00,
    0x6f, 0xff, 0x80, 0x00, 0x00, 0x00, 0x00, 0x00,
    0x00, 0x0a, 0xff, 0xf1, 0x00, 0x00, 0x00, 0x00,
    0x00, 0x00, 0x00, 0xdf, 0x91, 0x00, 0x00, 0x00,
    0x00, 0x00, 0x00, 0x00, 0x21, 0x00, 0x00, 0x00,
    0x00, 0x00, 0x00, 0x00, 0x00, 0x00, 0x00, 0x00,
    0x00, 0x00, 0x00, 0x00, 0x04, 0x9d, 0xff, 0xeb,
    0x60, 0x00, 0x00, 0x00, 0x02, 0xcf, 0xff, 0xff,
    0xff, 0xfe, 0x50, 0x00, 0x00, 0x2e, 0xff, 0xff,
    0xff, 0xff, 0xff, 0xf7, 0x00, 0x00, 0xdf, 0xff,
    0xfa, 0x65, 0x8e, 0xff, 0xff, 0x40, 0x06, 0xff,
    0xff, 0x40, 0x00, 0x01, 0xcf, 0xff, 0xc0, 0x0d,
    0xff, 0xf9, 0x00, 0x00, 0x00, 0x2f, 0xff, 0xf3,
    0x1f, 0xff, 0xf4, 0x00, 0x00, 0x00, 0x0d, 0xff,
    0xf7, 0x4f, 0xff, 0xf2, 0x00, 0x00, 0x00, 0x0c,
    0xff, 0xfa, 0x5f, 0xff, 0xf2, 0x00, 0x00, 0x00,
    0x0c, 0xff, 0xfb, 0x5f, 0xff, 0xf2, 0x00, 0x00,
    0x00, 0x0c, 0xff, 0xfb, 0x4f, 0xff, 0xf2, 0x00,
    0x00, 0x00, 0x0c, 0xff, 0xfa, 0x1f, 0xff, 0xf4,
    0x00, 0x00, 0x00, 0x0d, 0xff, 0xf7, 0x0d, 0xff,
    0xf9, 0x00, 0x00, 0x00, 0x2f, 0xff, 0xf3, 0x06,
    0xff, 0xff, 0x40, 0x00, 0x00, 0xcf, 0xff, 0xc0,
    0x00, 0xdf, 0xff, 0xfa, 0x65, 0x8e, 0xff, 0xff,
    0x40, 0x00, 0x2e, 0xff, 0xff, 0xff, 0xff, 0xff,
    0xf7, 0x00, 0x00, 0x02, 0xcf, 0xff, 0xff, 0xff,
    0xfe, 0x60, 0x00, 0x00, 0x00, 0x04, 0x9d, 0xff,
    0xeb, 0x70, 0x00, 0x00,

    /* U+00F3 "ó" */
    0x00, 0x00, 0x00, 0x00, 0x00, 0x10, 0x00, 0x00,
    0x00, 0x00, 0x00, 0x00, 0x00, 0x02, 0xf9, 0x20,
    0x00, 0x00, 0x00, 0x00, 0x00, 0x00, 0x0a, 0xff,
    0xf8, 0x00, 0x00, 0x00, 0x00, 0x00, 0x00, 0x2f,
    0xff, 0xf4, 0x00, 0x00, 0x00, 0x00, 0x00, 0x00,
    0xaf, 0xff, 0x80, 0x00, 0x00, 0x00, 0x00, 0x00,
    0x02, 0xff, 0xfc, 0x00, 0x00, 0x00, 0x00, 0x00,
    0x00, 0x0a, 0xff, 0xe1, 0x00, 0x00, 0x00, 0x00,
    0x00, 0x00, 0x05, 0xdf, 0x40, 0x00, 0x00, 0x00,
    0x00, 0x00, 0x00, 0x00, 0x03, 0x00, 0x00, 0x00,
    0x00, 0x00, 0x00, 0x00, 0x00, 0x00, 0x00, 0x00,
    0x00, 0x00, 0x00, 0x00, 0x04, 0x9d, 0xff, 0xeb,
    0x60, 0x00, 0x00, 0x00, 0x02, 0xcf, 0xff, 0xff,
    0xff, 0xfe, 0x50, 0x00, 0x00, 0x2e, 0xff, 0xff,
    0xff, 0xff, 0xff, 0xf7, 0x00, 0x00, 0xdf, 0xff,
    0xfa, 0x65, 0x8e, 0xff, 0xff, 0x40, 0x06, 0xff,
    0xff, 0x40, 0x00, 0x01, 0xcf, 0xff, 0xc0, 0x0d,
    0xff, 0xf9, 0x00, 0x00, 0x00, 0x2f, 0xff, 0xf3,
    0x1f, 0xff, 0xf4, 0x00, 0x00, 0x00, 0x0d, 0xff,
    0xf7, 0x4f, 0xff, 0xf2, 0x00, 0x00, 0x00, 0x0c,
    0xff, 0xfa, 0x5f, 0xff, 0xf2, 0x00, 0x00, 0x00,
    0x0c, 0xff, 0xfb, 0x5f, 0xff, 0xf2, 0x00, 0x00,
    0x00, 0x0c, 0xff, 0xfb, 0x4f, 0xff, 0xf2, 0x00,
    0x00, 0x00, 0x0c, 0xff, 0xfa, 0x1f, 0xff, 0xf4,
    0x00, 0x00, 0x00, 0x0d, 0xff, 0xf7, 0x0d, 0xff,
    0xf9, 0x00, 0x00, 0x00, 0x2f, 0xff, 0xf3, 0x06,
    0xff, 0xff, 0x40, 0x00, 0x00, 0xcf, 0xff, 0xc0,
    0x00, 0xdf, 0xff, 0xfa, 0x65, 0x8e, 0xff, 0xff,
    0x40, 0x00, 0x2e, 0xff, 0xff, 0xff, 0xff, 0xff,
    0xf7, 0x00, 0x00, 0x02, 0xcf, 0xff, 0xff, 0xff,
    0xfe, 0x60, 0x00, 0x00, 0x00, 0x04, 0x9d, 0xff,
    0xeb, 0x70, 0x00, 0x00,

    /* U+00F4 "ô" */
    0x00, 0x00, 0x00, 0x3f, 0xff, 0xf8, 0x00, 0x00,
    0x00, 0x00, 0x00, 0x01, 0xdf, 0xff, 0xff, 0x50,
    0x00, 0x00, 0x00, 0x00, 0x0b, 0xff, 0xff, 0xff,
    0xf2, 0x00, 0x00, 0x00, 0x00, 0x7f, 0xff, 0xc9,
    0xff, 0xfd, 0x00, 0x00, 0x00, 0x04, 0xff, 0xfc,
    0x00, 0x8f, 0xff, 0xa0, 0x00, 0x00, 0x0d, 0xff,
    0xc0, 0x00, 0x08, 0xff, 0xf3, 0x00, 0x00, 0x01,
    0xcc, 0x00, 0x00, 0x00, 0x8e, 0x40, 0x00, 0x00,
    0x00, 0x00, 0x00, 0x00, 0x00, 0x01, 0x00, 0x00,
    0x00, 0x00, 0x00, 0x00, 0x00, 0x00, 0x00, 0x00,
    0x00, 0x00, 0x00, 0x04, 0x9d, 0xff, 0xeb, 0x60,
    0x00, 0x00, 0x00, 0x02, 0xcf, 0xff, 0xff, 0xff,
    0xfe, 0x50, 0x00, 0x00, 0x2e, 0xff, 0xff, 0xff,
    0xff, 0xff, 0xf7, 0x00, 0x00, 0xdf, 0xff, 0xfa,
    0x65, 0x8e, 0xff, 0xff, 0x40, 0x06, 0xff, 0xff,
    0x40, 0x00, 0x01, 0xcf, 0xff, 0xc0, 0x0d, 0xff,
    0xf9, 0x00, 0x00, 0x00, 0x2f, 0xff, 0xf3, 0x1f,
    0xff, 0xf4, 0x00, 0x00, 0x00, 0x0d, 0xff, 0xf7,
    0x4f, 0xff, 0xf2, 0x00, 0x00, 0x00, 0x0c, 0xff,
    0xfa, 0x5f, 0xff, 0xf2, 0x00, 0x00, 0x00, 0x0c,
    0xff, 0xfb, 0x5f, 0xff, 0xf2, 0x00, 0x00, 0x00,
    0x0c, 0xff, 0xfb, 0x4f, 0xff, 0xf2, 0x00, 0x00,
    0x00, 0x0c, 0xff, 0xfa, 0x1f, 0xff, 0xf4, 0x00,
    0x00, 0x00, 0x0d, 0xff, 0xf7, 0x0d, 0xff, 0xf9,
    0x00, 0x00, 0x00, 0x2f, 0xff, 0xf3, 0x06, 0xff,
    0xff, 0x40, 0x00, 0x00, 0xcf, 0xff, 0xc0, 0x00,
    0xdf, 0xff, 0xfa, 0x65, 0x8e, 0xff, 0xff, 0x40,
    0x00, 0x2e, 0xff, 0xff, 0xff, 0xff, 0xff, 0xf7,
    0x00, 0x00, 0x02, 0xcf, 0xff, 0xff, 0xff, 0xfe,
    0x60, 0x00, 0x00, 0x00, 0x04, 0x9d, 0xff, 0xeb,
    0x70, 0x00, 0x00,

    /* U+00F5 "õ" */
    0x00, 0x00, 0x7d, 0xfe, 0xb7, 0x20, 0x16, 0x00,
    0x00, 0x00, 0x0b, 0xff, 0xff, 0xff, 0xff, 0xff,
    0xa0, 0x00, 0x00, 0x07, 0xff, 0xff, 0xff, 0xff,
    0xff, 0xf3, 0x00, 0x00, 0x00, 0x86, 0x45, 0x9d,
    0xff, 0xfe, 0x50, 0x00, 0x00, 0x00, 0x00, 0x00,
    0x00, 0x13, 0x20, 0x00, 0x00, 0x00, 0x00, 0x00,
    0x00, 0x00, 0x00, 0x00, 0x00, 0x00, 0x00, 0x00,
    0x00, 0x00, 0x00, 0x00, 0x00, 0x00, 0x00, 0x00,
    0x00, 0x04, 0x9d, 0xff, 0xeb, 0x60, 0x00, 0x00,
    0x00, 0x02, 0xcf, 0xff, 0xff, 0xff, 0xfe, 0x50,
    0x00, 0x00, 0x2e, 0xff, 0xff, 0xff, 0xff, 0xff,
    0xf7, 0x00, 0x00, 0xdf, 0xff, 0xfa, 0x65, 0x8e,
    0xff, 0xff, 0x40, 0x06, 0xff, 0xff, 0x40, 0x00,
    0x01, 0xcf, 0xff, 0xc0, 0x0d, 0xff, 0xf9, 0x00,
    0x00, 0x00, 0x2f, 0xff, 0xf3, 0x1f, 0xff, 0xf4,
    0x00, 0x00, 0x00, 0x0d, 0xff, 0xf7, 0x4f, 0xff,
    0xf2, 0x00, 0x00, 0x00, 0x0c, 0xff, 0xfa, 0x5f,
    0xff, 0xf2, 0x00, 0x00, 0x00, 0x0c, 0xff, 0xfb,
    0x5f, 0xff, 0xf2, 0x00, 0x00, 0x00, 0x0c, 0xff,
    0xfb, 0x4f, 0xff, 0xf2, 0x00, 0x00, 0x00, 0x0c,
    0xff, 0xfa, 0x1f, 0xff, 0xf4, 0x00, 0x00, 0x00,
    0x0d, 0xff, 0xf7, 0x0d, 0xff, 0xf9, 0x00, 0x00,
    0x00, 0x2f, 0xff, 0xf3, 0x06, 0xff, 0xff, 0x40,
    0x00, 0x00, 0xcf, 0xff, 0xc0, 0x00, 0xdf, 0xff,
    0xfa, 0x65, 0x8e, 0xff, 0xff, 0x40, 0x00, 0x2e,
    0xff, 0xff, 0xff, 0xff, 0xff, 0xf7, 0x00, 0x00,
    0x02, 0xcf, 0xff, 0xff, 0xff, 0xfe, 0x60, 0x00,
    0x00, 0x00, 0x04, 0x9d, 0xff, 0xeb, 0x70, 0x00,
    0x00,

    /* U+00F6 "ö" */
    0x00, 0x03, 0xdf, 0xe6, 0x00, 0x2c, 0xfe, 0x70,
    0x00, 0x00, 0x0c, 0xff, 0xff, 0x00, 0x9f, 0xff,
    0xf2, 0x00, 0x00, 0x0d, 0xff, 0xff, 0x10, 0xbf,
    0xff, 0xf3, 0x00, 0x00, 0x0a, 0xff, 0xfe, 0x00,
    0x8f, 0xff, 0xf1, 0x00, 0x00, 0x01, 0x8a, 0x92,
    0x00, 0x07, 0xa9, 0x30, 0x00, 0x00, 0x00, 0x00,
    0x00, 0x00, 0x00, 0x00, 0x00, 0x00, 0x00, 0x00,
    0x00, 0x00, 0x00, 0x00, 0x00, 0x00, 0x00, 0x00,
    0x00, 0x04, 0x9d, 0xff, 0xeb, 0x60, 0x00, 0x00,
    0x00, 0x02, 0xcf, 0xff, 0xff, 0xff, 0xfe, 0x50,
    0x00, 0x00, 0x2e, 0xff, 0xff, 0xff, 0xff, 0xff,
    0xf7, 0x00, 0x00, 0xdf, 0xff, 0xfa, 0x65, 0x8e,
    0xff, 0xff, 0x40, 0x06, 0xff, 0xff, 0x40, 0x00,
    0x01, 0xcf, 0xff, 0xc0, 0x0d, 0xff, 0xf9, 0x00,
    0x00, 0x00, 0x2f, 0xff, 0xf3, 0x1f, 0xff, 0xf4,
    0x00, 0x00, 0x00, 0x0d, 0xff, 0xf7, 0x4f, 0xff,
    0xf2, 0x00, 0x00, 0x00, 0x0c, 0xff, 0xfa, 0x5f,
    0xff, 0xf2, 0x00, 0x00, 0x00, 0x0c, 0xff, 0xfb,
    0x5f, 0xff, 0xf2, 0x00, 0x00, 0x00, 0x0c, 0xff,
    0xfb, 0x4f, 0xff, 0xf2, 0x00, 0x00, 0x00, 0x0c,
    0xff, 0xfa, 0x1f, 0xff, 0xf4, 0x00, 0x00, 0x00,
    0x0d, 0xff, 0xf7, 0x0d, 0xff, 0xf9, 0x00, 0x00,
    0x00, 0x2f, 0xff, 0xf3, 0x06, 0xff, 0xff, 0x40,
    0x00, 0x00, 0xcf, 0xff, 0xc0, 0x00, 0xdf, 0xff,
    0xfa, 0x65, 0x8e, 0xff, 0xff, 0x40, 0x00, 0x2e,
    0xff, 0xff, 0xff, 0xff, 0xff, 0xf7, 0x00, 0x00,
    0x02, 0xcf, 0xff, 0xff, 0xff, 0xfe, 0x60, 0x00,
    0x00, 0x00, 0x04, 0x9d, 0xff, 0xeb, 0x70, 0x00,
    0x00,

    /* U+00F7 "÷" */
    0x00, 0x00, 0x00, 0x00, 0x00, 0x00, 0x00, 0x00,
    0x00, 0x00, 0x00, 0x0a, 0xff, 0xd3, 0x00, 0x00,
    0x00, 0x00, 0x00, 0x06, 0xff, 0xff, 0xc0, 0x00,
    0x00, 0x00, 0x00, 0x00, 0x8f, 0xff, 0xfe, 0x00,
    0x00, 0x00, 0x00, 0x00, 0x05, 0xff, 0xff, 0xc0,
    0x00, 0x00, 0x00, 0x00, 0x00, 0x09, 0xef, 0xc3,
    0x00, 0x00, 0x00, 0x00, 0x00, 0x00, 0x00, 0x00,
    0x00, 0x00, 0x00, 0x00, 0x00, 0x00, 0x00, 0x00,
    0x00, 0x00, 0x00, 0x00, 0xef, 0xff, 0xff, 0xff,
    0xff, 0xff, 0xff, 0xff, 0x4e, 0xff, 0xff, 0xff,
    0xff, 0xff, 0xff, 0xff, 0xf4, 0xef, 0xff, 0xff,
    0xff, 0xff, 0xff, 0xff, 0xff, 0x47, 0x88, 0x88,
    0x88, 0x88, 0x88, 0x88, 0x88, 0x82, 0x00, 0x00,
    0x00, 0x00, 0x00, 0x00, 0x00, 0x00, 0x00, 0x00,
    0x00, 0x00, 0x00, 0x00, 0x00, 0x00, 0x00, 0x00,
    0x00, 0x00, 0xaf, 0xfd, 0x30, 0x00, 0x00, 0x00,
    0x00, 0x00, 0x6f, 0xff, 0xfc, 0x00, 0x00, 0x00,
    0x00, 0x00, 0x08, 0xff, 0xff, 0xe0, 0x00, 0x00,
    0x00, 0x00, 0x00, 0x6f, 0xff, 0xfc, 0x00, 0x00,
    0x00, 0x00, 0x00, 0x00, 0x9e, 0xfc, 0x30, 0x00,
    0x00, 0x00,

    /* U+00F8 "ø" */
    0x00, 0x00, 0x00, 0x00, 0x00, 0x00, 0x00, 0x01,
    0x10, 0x00, 0x00, 0x00, 0x00, 0x00, 0x00, 0x00,
    0x00, 0xce, 0x40, 0x00, 0x00, 0x04, 0x9d, 0xff,
    0xeb, 0x60, 0x9f, 0xff, 0x20, 0x00, 0x2c, 0xff,
    0xff, 0xff, 0xff, 0xff, 0xff, 0x70, 0x00, 0x2e,
    0xff, 0xff, 0xff, 0xff, 0xff, 0xff, 0x90, 0x00,
    0x0d, 0xff, 0xff, 0xa6, 0x68, 0xef, 0xff, 0xf3,
    0x00, 0x06, 0xff, 0xff, 0x40, 0x00, 0x0a, 0xff,
    0xff, 0xc0, 0x00, 0xdf, 0xff, 0x90, 0x00, 0x08,
    0xff, 0xff, 0xff, 0x30, 0x1f, 0xff, 0xf4, 0x00,
    0x06, 0xff, 0xee, 0xff, 0xf7, 0x04, 0xff, 0xff,
    0x20, 0x03, 0xff, 0xf3, 0xcf, 0xff, 0xa0, 0x5f,
    0xff, 0xf2, 0x02, 0xef, 0xf5, 0x0c, 0xff, 0xfb,
    0x05, 0xff, 0xff, 0x21, 0xdf, 0xf7, 0x00, 0xcf,
    0xff, 0xb0, 0x4f, 0xff, 0xf3, 0xbf, 0xfa, 0x00,
    0x0c, 0xff, 0xfa, 0x01, 0xff, 0xff, 0xdf, 0xfc,
    0x00, 0x00, 0xdf, 0xff, 0x70, 0x0d, 0xff, 0xff,
    0xfd, 0x10, 0x00, 0x2f, 0xff, 0xf3, 0x00, 0x6f,
    0xff, 0xff, 0x20, 0x00, 0x0c, 0xff, 0xfd, 0x00,
    0x00, 0xdf, 0xff, 0xfa, 0x65, 0x8e, 0xff, 0xff,
    0x40, 0x00, 0x3f, 0xff, 0xff, 0xff, 0xff, 0xff,
    0xff, 0x70, 0x00, 0x2e, 0xff, 0xff, 0xff, 0xff,
    0xff, 0xfe, 0x60, 0x00, 0x0b, 0xff, 0xe1, 0x4a,
    0xdf, 0xfe, 0xb7, 0x00, 0x00, 0x00, 0x1b, 0xf3,
    0x00, 0x00, 0x00, 0x00, 0x00, 0x00, 0x00, 0x00,
    0x02, 0x00, 0x00, 0x00, 0x00, 0x00, 0x00, 0x00,
    0x00,

    /* U+00F9 "ù" */
    0x00, 0x00, 0x00, 0x52, 0x00, 0x00, 0x00, 0x00,
    0x00, 0x00, 0x5d, 0xfb, 0x00, 0x00, 0x00, 0x00,
    0x00, 0x04, 0xff, 0xff, 0x30, 0x00, 0x00, 0x00,
    0x00, 0x00, 0x9f, 0xff, 0xb0, 0x00, 0x00, 0x00,
    0x00, 0x00, 0x0d, 0xff, 0xf3, 0x00, 0x00, 0x00,
    0x00, 0x00, 0x02, 0xff, 0xfb, 0x00, 0x00, 0x00,
    0x00, 0x00, 0x00, 0x6f, 0xff, 0x20, 0x00, 0x00,
    0x00, 0x00, 0x00, 0x0a, 0xa2, 0x00, 0x00, 0x00,
    0x00, 0x00, 0x00, 0x00, 0x00, 0x00, 0x00, 0x00,
    0x00, 0x00, 0x00, 0x00, 0x00, 0x00, 0x00, 0x00,
    0xaf, 0xff, 0xb0, 0x00, 0x00, 0x08, 0xff, 0xfd,
    0xaf, 0xff, 0xb0, 0x00, 0x00, 0x08, 0xff, 0xfd,
    0xaf, 0xff, 0xb0, 0x00, 0x00, 0x08, 0xff, 0xfd,
    0xaf, 0xff, 0xb0, 0x00, 0x00, 0x08, 0xff, 0xfd,
    0xaf, 0xff, 0xb0, 0x00, 0x00, 0x08, 0xff, 0xfd,
    0xaf, 0xff, 0xb0, 0x00, 0x00, 0x08, 0xff, 0xfd,
    0xaf, 0xff, 0xb0, 0x00, 0x00, 0x08, 0xff, 0xfd,
    0xaf, 0xff, 0xb0, 0x00, 0x00, 0x08, 0xff, 0xfd,
    0xaf, 0xff, 0xb0, 0x00, 0x00, 0x08, 0xff, 0xfd,
    0xaf, 0xff, 0xb0, 0x00, 0x00, 0x08, 0xff, 0xfd,
    0xaf, 0xff, 0xb0, 0x00, 0x00, 0x08, 0xff, 0xfd,
    0x9f, 0xff, 0xd0, 0x00, 0x00, 0x08, 0xff, 0xfd,
    0x8f, 0xff, 0xf0, 0x00, 0x00, 0x0a, 0xff, 0xfd,
    0x6f, 0xff, 0xf9, 0x00, 0x00, 0x4f, 0xff, 0xfd,
    0x1f, 0xff, 0xff, 0xc8, 0x8b, 0xfd, 0xff, 0xfd,
    0x09, 0xff, 0xff, 0xff, 0xff, 0xc8, 0xff, 0xfd,
    0x00, 0xbf, 0xff, 0xff, 0xfd, 0x18, 0xff, 0xfd,
    0x00, 0x06, 0xcf, 0xfd, 0x91, 0x08, 0xff, 0xfd,

    /* U+00FA "ú" */
    0x00, 0x00, 0x00, 0x00, 0x07, 0x00, 0x00, 0x00,
    0x00, 0x00, 0x00, 0x00, 0x5f, 0xe7, 0x00, 0x00,
    0x00, 0x00, 0x00, 0x00, 0xdf, 0xff, 0x90, 0x00,
    0x00, 0x00, 0x00, 0x06, 0xff, 0xfd, 0x00, 0x00,
    0x00, 0x00, 0x00, 0x0d, 0xff, 0xf3, 0x00, 0x00,
    0x00, 0x00, 0x00, 0x6f, 0xff, 0x70, 0x00, 0x00,
    0x00, 0x00, 0x00, 0xcf, 0xfb, 0x00, 0x00, 0x00,
    0x00, 0x00, 0x00, 0x07, 0xc1, 0x00, 0x00, 0x00,
    0x00, 0x00, 0x00, 0x00, 0x00, 0x00, 0x00, 0x00,
    0x00, 0x00, 0x00, 0x00, 0x00, 0x00, 0x00, 0x00,
    0xaf, 0xff, 0xb0, 0x00, 0x00, 0x08, 0xff, 0xfd,
    0xaf, 0xff, 0xb0, 0x00, 0x00, 0x08, 0xff, 0xfd,
    0xaf, 0xff, 0xb0, 0x00, 0x00, 0x08, 0xff, 0xfd,
    0xaf, 0xff, 0xb0, 0x00, 0x00, 0x08, 0xff, 0xfd,
    0xaf, 0xff, 0xb0, 0x00, 0x00, 0x08, 0xff, 0xfd,
    0xaf, 0xff, 0xb0, 0x00, 0x00, 0x08, 0xff, 0xfd,
    0xaf, 0xff, 0xb0, 0x00, 0x00, 0x08, 0xff, 0xfd,
    0xaf, 0xff, 0xb0, 0x00, 0x00, 0x08, 0xff, 0xfd,
    0xaf, 0xff, 0xb0, 0x00, 0x00, 0x08, 0xff, 0xfd,
    0xaf, 0xff, 0xb0, 0x00, 0x00, 0x08, 0xff, 0xfd,
    0xaf, 0xff, 0xb0, 0x00, 0x00, 0x08, 0xff, 0xfd,
    0x9f, 0xff, 0xd0, 0x00, 0x00, 0x08, 0xff, 0xfd,
    0x8f, 0xff, 0xf0, 0x00, 0x00, 0x0a, 0xff, 0xfd,
    0x6f, 0xff, 0xf9, 0x00, 0x00, 0x4f, 0xff, 0xfd,
    0x1f, 0xff, 0xff, 0xc8, 0x8b, 0xfd, 0xff, 0xfd,
    0x09, 0xff, 0xff, 0xff, 0xff, 0xc8, 0xff, 0xfd,
    0x00, 0xbf, 0xff, 0xff, 0xfd, 0x18, 0xff, 0xfd,
    0x00, 0x06, 0xcf, 0xfd, 0x91, 0x08, 0xff, 0xfd,

    /* U+00FB "û" */
    0x00, 0x00, 0x03, 0xff, 0xff, 0x80, 0x00, 0x00,
    0x00, 0x00, 0x1e, 0xff, 0xff, 0xf5, 0x00, 0x00,
    0x00, 0x00, 0xcf, 0xff, 0xff, 0xff, 0x30, 0x00,
    0x00, 0x0a, 0xff, 0xf9, 0x6f, 0xff, 0xe1, 0x00,
    0x00, 0x7f, 0xff, 0x90, 0x06, 0xff, 0xfc, 0x00,
    0x00, 0xbf, 0xf8, 0x00, 0x00, 0x5f, 0xfe, 0x20,
    0x00, 0x08, 0x70, 0x00, 0x00, 0x05, 0xa1, 0x00,
    0x00, 0x00, 0x00, 0x00, 0x00, 0x00, 0x00, 0x00,
    0x00, 0x00, 0x00, 0x00, 0x00, 0x00, 0x00, 0x00,
    0xaf, 0xff, 0xb0, 0x00, 0x00, 0x08, 0xff, 0xfd,
    0xaf, 0xff, 0xb0, 0x00, 0x00, 0x08, 0xff, 0xfd,
    0xaf, 0xff, 0xb0, 0x00, 0x00, 0x08, 0xff, 0xfd,
    0xaf, 0xff, 0xb0, 0x00, 0x00, 0x08, 0xff, 0xfd,
    0xaf, 0xff, 0xb0, 0x00, 0x00, 0x08, 0xff, 0xfd,
    0xaf, 0xff, 0xb0, 0x00, 0x00, 0x08, 0xff, 0xfd,
    0xaf, 0xff, 0xb0, 0x00, 0x00, 0x08, 0xff, 0xfd,
    0xaf, 0xff, 0xb0, 0x00, 0x00, 0x08, 0xff, 0xfd,
    0xaf, 0xff, 0xb0, 0x00, 0x00, 0x08, 0xff, 0xfd,
    0xaf, 0xff, 0xb0, 0x00, 0x00, 0x08, 0xff, 0xfd,
    0xaf, 0xff, 0xb0, 0x00, 0x00, 0x08, 0xff, 0xfd,
    0x9f, 0xff, 0xd0, 0x00, 0x00, 0x08, 0xff, 0xfd,
    0x8f, 0xff, 0xf0, 0x00, 0x00, 0x0a, 0xff, 0xfd,
    0x6f, 0xff, 0xf9, 0x00, 0x00, 0x4f, 0xff, 0xfd,
    0x1f, 0xff, 0xff, 0xc8, 0x8b, 0xfd, 0xff, 0xfd,
    0x09, 0xff, 0xff, 0xff, 0xff, 0xc8, 0xff, 0xfd,
    0x00, 0xbf, 0xff, 0xff, 0xfd, 0x18, 0xff, 0xfd,
    0x00, 0x06, 0xcf, 0xfd, 0x91, 0x08, 0xff, 0xfd,

    /* U+00FC "ü" */
    0x00, 0x3d, 0xfe, 0x50, 0x02, 0xcf, 0xe7, 0x00,
    0x00, 0xcf, 0xff, 0xf0, 0x0a, 0xff, 0xff, 0x10,
    0x00, 0xef, 0xff, 0xf1, 0x0b, 0xff, 0xff, 0x30,
    0x00, 0xbf, 0xff, 0xe0, 0x08, 0xff, 0xff, 0x10,
    0x00, 0x18, 0xa9, 0x20, 0x00, 0x7a, 0x93, 0x00,
    0x00, 0x00, 0x00, 0x00, 0x00, 0x00, 0x00, 0x00,
    0x00, 0x00, 0x00, 0x00, 0x00, 0x00, 0x00, 0x00,
    0xaf, 0xff, 0xb0, 0x00, 0x00, 0x08, 0xff, 0xfd,
    0xaf, 0xff, 0xb0, 0x00, 0x00, 0x08, 0xff, 0xfd,
    0xaf, 0xff, 0xb0, 0x00, 0x00, 0x08, 0xff, 0xfd,
    0xaf, 0xff, 0xb0, 0x00, 0x00, 0x08, 0xff, 0xfd,
    0xaf, 0xff, 0xb0, 0x00, 0x00, 0x08, 0xff, 0xfd,
    0xaf, 0xff, 0xb0, 0x00, 0x00, 0x08, 0xff, 0xfd,
    0xaf, 0xff, 0xb0, 0x00, 0x00, 0x08, 0xff, 0xfd,
    0xaf, 0xff, 0xb0, 0x00, 0x00, 0x08, 0xff, 0xfd,
    0xaf, 0xff, 0xb0, 0x00, 0x00, 0x08, 0xff, 0xfd,
    0xaf, 0xff, 0xb0, 0x00, 0x00, 0x08, 0xff, 0xfd,
    0xaf, 0xff, 0xb0, 0x00, 0x00, 0x08, 0xff, 0xfd,
    0x9f, 0xff, 0xd0, 0x00, 0x00, 0x08, 0xff, 0xfd,
    0x8f, 0xff, 0xf0, 0x00, 0x00, 0x0a, 0xff, 0xfd,
    0x6f, 0xff, 0xf9, 0x00, 0x00, 0x4f, 0xff, 0xfd,
    0x1f, 0xff, 0xff, 0xc8, 0x8b, 0xfd, 0xff, 0xfd,
    0x09, 0xff, 0xff, 0xff, 0xff, 0xc8, 0xff, 0xfd,
    0x00, 0xbf, 0xff, 0xff, 0xfd, 0x18, 0xff, 0xfd,
    0x00, 0x06, 0xcf, 0xfd, 0x91, 0x08, 0xff, 0xfd,

    /* U+00FD "ý" */
    0x00, 0x00, 0x00, 0x00, 0x00, 0x06, 0x10, 0x00,
    0x00, 0x00, 0x00, 0x00, 0x00, 0x00, 0x00, 0x4f,
    0xf8, 0x10, 0x00, 0x00, 0x00, 0x00, 0x00, 0x00,
    0x00, 0xcf, 0xff, 0xa0, 0x00, 0x00, 0x00, 0x00,
    0x00, 0x00, 0x04, 0xff, 0xfe, 0x10, 0x00, 0x00,
    0x00, 0x00, 0x00, 0x00, 0x0c, 0xff, 0xf4, 0x00,
    0x00, 0x00, 0x00, 0x00, 0x00, 0x00, 0x5f, 0xff,
    0x80, 0x00, 0x00, 0x00, 0x00, 0x00, 0x00, 0x00,
    0xbf, 0xfc, 0x00, 0x00, 0x00, 0x00, 0x00, 0x00,
    0x00, 0x00, 0x06, 0xd1, 0x00, 0x00, 0x00, 0x00,
    0x00, 0x00, 0x00, 0x00, 0x00, 0x00, 0x00, 0x00,
    0x00, 0x00, 0x00, 0x00, 0x00, 0x00, 0x00, 0x00,
    0x00, 0x00, 0x00, 0x00, 0x0d, 0xff, 0xfc, 0x00,
    0x00, 0x00, 0x00, 0x2f, 0xff, 0xf3, 0x06, 0xff,
    0xff, 0x20, 0x00, 0x00, 0x00, 0x8f, 0xff, 0xd0,
    0x01, 0xff, 0xff, 0x70, 0x00, 0x00, 0x00, 0xef,
    0xff, 0x60, 0x00, 0xaf, 0xff, 0xd0, 0x00, 0x00,
    0x04, 0xff, 0xff, 0x00, 0x00, 0x3f, 0xff, 0xf3,
    0x00, 0x00, 0x09, 0xff, 0xfa, 0x00, 0x00, 0x0d,
    0xff, 0xf8, 0x00, 0x00, 0x0f, 0xff, 0xf3, 0x00,
    0x00, 0x07, 0xff, 0xfe, 0x00, 0x00, 0x5f, 0xff,
    0xd0, 0x00, 0x00, 0x01, 0xff, 0xff, 0x40, 0x00,
    0xbf, 0xff, 0x70, 0x00, 0x00, 0x00, 0xaf, 0xff,
    0x90, 0x00, 0xff, 0xff, 0x10, 0x00, 0x00, 0x00,
    0x4f, 0xff, 0xe0, 0x05, 0xff, 0xfa, 0x00, 0x00,
    0x00, 0x00, 0x0d, 0xff, 0xf3, 0x0a, 0xff, 0xf4,
    0x00, 0x00, 0x00, 0x00, 0x07, 0xff, 0xf9, 0x0f,
    0xff, 0xd0, 0x00, 0x00, 0x00, 0x00, 0x01, 0xff,
    0xfe, 0x5f, 0xff, 0x70, 0x00, 0x00, 0x00, 0x00,
    0x00, 0xaf, 0xff, 0xef, 0xff, 0x10, 0x00, 0x00,
    0x00, 0x00, 0x00, 0x4f, 0xff, 0xff, 0xfa, 0x00,
    0x00, 0x00, 0x00, 0x00, 0x00, 0x0e, 0xff, 0xff,
    0xf4, 0x00, 0x00, 0x00, 0x00, 0x00, 0x00, 0x08,
    0xff, 0xff, 0xe0, 0x00, 0x00, 0x00, 0x00, 0x00,
    0x00, 0x01, 0xff, 0xff, 0x70, 0x00, 0x00, 0x00,
    0x00, 0x00, 0x00, 0x02, 0xff, 0xff, 0x10, 0x00,
    0x00, 0x00, 0x00, 0x00, 0x00, 0x08, 0xff, 0xfb,
    0x00, 0x00, 0x00, 0x00, 0x00, 0x00, 0x00, 0x0d,
    0xff, 0xf4, 0x00, 0x00, 0x00, 0x00, 0x00, 0x37,
    0x77, 0x8f, 0xff, 0xd0, 0x00, 0x00, 0x00, 0x00,
    0x00, 0x7f, 0xff, 0xff, 0xff, 0x50, 0x00, 0x00,
    0x00, 0x00, 0x00, 0x7f, 0xff, 0xff, 0xf9, 0x00,
    0x00, 0x00, 0x00, 0x00, 0x00, 0x7f, 0xff, 0xec,
    0x50, 0x00, 0x00, 0x00, 0x00, 0x00,

    /* U+00FE "þ" */
    0xaf, 0xff, 0xb0, 0x00, 0x00, 0x00, 0x00, 0x00,
    0x0a, 0xff, 0xfb, 0x00, 0x00, 0x00, 0x00, 0x00,
    0x00, 0xaf, 0xff, 0xb0, 0x00, 0x00, 0x00, 0x00,
    0x00, 0x0a, 0xff, 0xfb, 0x00, 0x00, 0x00, 0x00,
    0x00, 0x00, 0xaf, 0xff, 0xb0, 0x00, 0x00, 0x00,
    0x00, 0x00, 0x0a, 0xff, 0xfb, 0x00, 0x00, 0x00,
    0x00, 0x00, 0x00, 0xaf, 0xff, 0xb0, 0x00, 0x00,
    0x00, 0x00, 0x00, 0x0a, 0xff, 0xfb, 0x00, 0x5c,
    0xef, 0xd9, 0x20, 0x00, 0xaf, 0xff, 0xb0, 0xaf,
    0xff, 0xff, 0xff, 0x50, 0x0a, 0xff, 0xfb, 0x7f,
    0xff, 0xff, 0xff, 0xff, 0x30, 0xaf, 0xff, 0xdf,
    0xd9, 0x8a, 0xff, 0xff, 0xfc, 0x0a, 0xff, 0xff,
    0x70, 0x00, 0x01, 0xcf, 0xff, 0xf3, 0xaf, 0xff,
    0xd0, 0x00, 0x00, 0x02, 0xff, 0xff, 0x7a, 0xff,
    0xfb, 0x00, 0x00, 0x00, 0x0d, 0xff, 0xfa, 0xaf,
    0xff, 0xb0, 0x00, 0x00, 0x00, 0xbf, 0xff, 0xca,
    0xff, 0xfb, 0x00, 0x00, 0x00, 0x0b, 0xff, 0xfd,
    0xaf, 0xff, 0xb0, 0x00, 0x00, 0x00, 0xbf, 0xff,
    0xda, 0xff, 0xfb, 0x00, 0x00, 0x00, 0x0b, 0xff,
    0xfc, 0xaf, 0xff, 0xb0, 0x00, 0x00, 0x00, 0xdf,
    0xff, 0xaa, 0xff, 0xfd, 0x00, 0x00, 0x00, 0x2f,
    0xff, 0xf7, 0xaf, 0xff, 0xf7, 0x00, 0x00, 0x1c,
    0xff, 0xff, 0x3a, 0xff, 0xfd, 0xfd, 0x97, 0x9e,
    0xff, 0xff, 0xc0, 0xaf, 0xff, 0xb7, 0xff, 0xff,
    0xff, 0xff, 0xf3, 0x0a, 0xff, 0xfb, 0x0a, 0xff,
    0xff, 0xff, 0xf5, 0x00, 0xaf, 0xff, 0xb0, 0x05,
    0xce, 0xfd, 0x92, 0x00, 0x0a, 0xff, 0xfb, 0x00,
    0x00, 0x00, 0x00, 0x00, 0x00, 0xaf, 0xff, 0xb0,
    0x00, 0x00, 0x00, 0x00, 0x00, 0x0a, 0xff, 0xfb,
    0x00, 0x00, 0x00, 0x00, 0x00, 0x00, 0xaf, 0xff,
    0xb0, 0x00, 0x00, 0x00, 0x00, 0x00, 0x0a, 0xff,
    0xfb, 0x00, 0x00, 0x00, 0x00, 0x00, 0x00, 0xaf,
    0xff, 0xb0, 0x00, 0x00, 0x00, 0x00, 0x00, 0x0a,
    0xff, 0xfb, 0x00, 0x00, 0x00, 0x00, 0x00, 0x00,

    /* U+00FF "ÿ" */
    0x00, 0x00, 0x3c, 0xfe, 0x60, 0x01, 0xcf, 0xe8,
    0x00, 0x00, 0x00, 0x00, 0xbf, 0xff, 0xf0, 0x09,
    0xff, 0xff, 0x20, 0x00, 0x00, 0x00, 0xcf, 0xff,
    0xf2, 0x0a, 0xff, 0xff, 0x40, 0x00, 0x00, 0x00,
    0x9f, 0xff, 0xe0, 0x07, 0xff, 0xff, 0x10, 0x00,
    0x00, 0x00, 0x18, 0xa9, 0x20, 0x00, 0x7a, 0x94,
    0x00, 0x00, 0x00, 0x00, 0x00, 0x00, 0x00, 0x00,
    0x00, 0x00, 0x00, 0x00, 0x00, 0x00, 0x00, 0x00,
    0x00, 0x00, 0x00, 0x00, 0x00, 0x00, 0x0d, 0xff,
    0xfc, 0x00, 0x00, 0x00, 0x00, 0x2f, 0xff, 0xf3,
    0x06, 0xff, 0xff, 0x20, 0x00, 0x00, 0x00, 0x8f,
    0xff, 0xd0, 0x01, 0xff, 0xff, 0x70, 0x00, 0x00,
    0x00, 0xef, 0xff, 0x60, 0x00, 0xaf, 0xff, 0xd0,
    0x00, 0x00, 0x04, 0xff, 0xff, 0x00, 0x00, 0x3f,
    0xff, 0xf3, 0x00, 0x00, 0x09, 0xff, 0xfa, 0x00,
    0x00, 0x0d, 0xff, 0xf8, 0x00, 0x00, 0x0f, 0xff,
    0xf3, 0x00, 0x00, 0x07, 0xff, 0xfe, 0x00, 0x00,
    0x5f, 0xff, 0xd0, 0x00, 0x00, 0x01, 0xff, 0xff,
    0x40, 0x00, 0xbf, 0xff, 0x70, 0x00, 0x00, 0x00,
    0xaf, 0xff, 0x90, 0x00, 0xff, 0xff, 0x10, 0x00,
    0x00, 0x00, 0x4f, 0xff, 0xe0, 0x05, 0xff, 0xfa,
    0x00, 0x00, 0x00, 0x00, 0x0d, 0xff, 0xf3, 0x0a,
    0xff, 0xf4, 0x00, 0x00, 0x00, 0x00, 0x07, 0xff,
    0xf9, 0x0f, 0xff, 0xd0, 0x00, 0x00, 0x00, 0x00,
    0x01, 0xff, 0xfe, 0x5f, 0xff, 0x70, 0x00, 0x00,
    0x00, 0x00, 0x00, 0xaf, 0xff, 0xef, 0xff, 0x10,
    0x00, 0x00, 0x00, 0x00, 0x00, 0x4f, 0xff, 0xff,
    0xfa, 0x00, 0x00, 0x00, 0x00, 0x00, 0x00, 0x0e,
    0xff, 0xff, 0xf4, 0x00, 0x00, 0x00, 0x00, 0x00,
    0x00, 0x08, 0xff, 0xff, 0xe0, 0x00, 0x00, 0x00,
    0x00, 0x00, 0x00, 0x01, 0xff, 0xff, 0x70, 0x00,
    0x00, 0x00, 0x00, 0x00, 0x00, 0x02, 0xff, 0xff,
    0x10, 0x00, 0x00, 0x00, 0x00, 0x00, 0x00, 0x08,
    0xff, 0xfb, 0x00, 0x00, 0x00, 0x00, 0x00, 0x00,
    0x00, 0x0d, 0xff, 0xf4, 0x00, 0x00, 0x00, 0x00,
    0x00, 0x37, 0x77, 0x8f, 0xff, 0xd0, 0x00, 0x00,
    0x00, 0x00, 0x00, 0x7f, 0xff, 0xff, 0xff, 0x50,
    0x00, 0x00, 0x00, 0x00, 0x00, 0x7f, 0xff, 0xff,
    0xf9, 0x00, 0x00, 0x00, 0x00, 0x00, 0x00, 0x7f,
    0xff, 0xec, 0x50, 0x00, 0x00, 0x00, 0x00, 0x00,

    /* U+011E "Ğ" */
    0x00, 0x00, 0x37, 0x00, 0x00, 0x00, 0x27, 0x00,
    0x00, 0x00, 0x0a, 0xff, 0x40, 0x00, 0x00, 0xcf,
    0xf4, 0x00, 0x00, 0x09, 0xff, 0xe1, 0x00, 0x07,
    0xff, 0xf2, 0x00, 0x00, 0x02, 0xff, 0xfc, 0x20,
    0x6f, 0xff, 0xa0, 0x00, 0x00, 0x00, 0x8f, 0xff,
    0xff, 0xff, 0xff, 0x20, 0x00, 0x00, 0x00, 0x0a,
    0xff, 0xff, 0xff, 0xf4, 0x00, 0x00, 0x00, 0x00,
    0x00, 0x6d, 0xff, 0xfa, 0x20, 0x00, 0x00, 0x00,
    0x00, 0x00, 0x00, 0x01, 0x00, 0x00, 0x00, 0x00,
    0x00, 0x00, 0x00, 0x00, 0x00, 0x00, 0x00, 0x00,
    0x00, 0x00, 0x00, 0x04, 0x9d, 0xef, 0xec, 0x71,
    0x00, 0x00, 0x00, 0x01, 0xaf, 0xff, 0xff, 0xff,
    0xff, 0x60, 0x00, 0x00, 0x0d, 0xff, 0xff, 0xff,
    0xff, 0xff, 0xf6, 0x00, 0x00, 0xaf, 0xff, 0xff,
    0xba, 0xdf, 0xff, 0xff, 0x20, 0x03, 0xff, 0xff,
    0xb1, 0x00, 0x06, 0xff, 0xff, 0xa0, 0x09, 0xff,
    0xff, 0x10, 0x00, 0x00, 0x8f, 0xff, 0xf1, 0x0e,
    0xff, 0xf9, 0x00, 0x00, 0x00, 0x1f, 0xd9, 0x50,
    0x2f, 0xff, 0xf5, 0x00, 0x00, 0x00, 0x01, 0x00,
    0x00, 0x5f, 0xff, 0xf3, 0x00, 0x00, 0x00, 0x00,
    0x00, 0x00, 0x7f, 0xff, 0xf2, 0x00, 0x00, 0x00,
    0x00, 0x00, 0x00, 0x8f, 0xff, 0xf2, 0x00, 0x00,
    0x00, 0x00, 0x00, 0x00, 0x9f, 0xff, 0xf2, 0x00,
    0x0f, 0xff, 0xff, 0xff, 0xf4, 0x9f, 0xff, 0xf2,
    0x00, 0x0f, 0xff, 0xff, 0xff, 0xf4, 0x8f, 0xff,
    0xf2, 0x00, 0x0f, 0xff, 0xff, 0xff, 0xf4, 0x8f,
    0xff, 0xf2, 0x00, 0x03, 0x33, 0x3c, 0xff, 0xf4,
    0x6f, 0xff, 0xf4, 0x00, 0x00, 0x00, 0x0b, 0xff,
    0xf4, 0x3f, 0xff, 0xf6, 0x00, 0x00, 0x00, 0x0b,
    0xff, 0xf4, 0x1f, 0xff, 0xfa, 0x00, 0x00, 0x00,
    0x0e, 0xff, 0xf4, 0x0c, 0xff, 0xff, 0x10, 0x00,
    0x00, 0x4f, 0xff, 0xf4, 0x06, 0xff, 0xff, 0xc1,
    0x00, 0x02, 0xdf, 0xff, 0xf4, 0x00, 0xef, 0xff,
    0xff, 0xba, 0xbf, 0xec, 0xff, 0xf4, 0x00, 0x4f,
    0xff, 0xff, 0xff, 0xff, 0x6b, 0xff, 0xf4, 0x00,
    0x06, 0xff, 0xff, 0xff, 0xf8, 0x0b, 0xff, 0xf4,
    0x00, 0x00, 0x29, 0xdf, 0xfb, 0x40, 0x0b, 0xff,
    0xf4,

    /* U+011F "ğ" */
    0x00, 0x00, 0x46, 0x00, 0x00, 0x00, 0x36, 0x00,
    0x00, 0x00, 0x00, 0xcf, 0xf2, 0x00, 0x00, 0x0d,
    0xfe, 0x20, 0x00, 0x00, 0x0b, 0xff, 0xc0, 0x00,
    0x09, 0xff, 0xe0, 0x00, 0x00, 0x00, 0x4f, 0xff,
    0xb1, 0x18, 0xff, 0xf8, 0x00, 0x00, 0x00, 0x00,
    0xbf, 0xff, 0xff, 0xff, 0xfe, 0x10, 0x00, 0x00,
    0x00, 0x01, 0xcf, 0xff, 0xff, 0xfe, 0x20, 0x00,
    0x00, 0x00, 0x00, 0x00, 0x7e, 0xff, 0xe9, 0x10,
    0x00, 0x00, 0x00, 0x00, 0x00, 0x00, 0x00, 0x10,
    0x00, 0x00, 0x00, 0x00, 0x00, 0x00, 0x00, 0x00,
    0x00, 0x00, 0x00, 0x00, 0x00, 0x00, 0x00, 0x00,
    0x6b, 0xef, 0xff, 0xff, 0xff, 0xff, 0xf8, 0x00,
    0x03, 0xef, 0xff, 0xff, 0xff, 0xff, 0xff, 0xff,
    0x80, 0x03, 0xff, 0xff, 0xfe, 0xef, 0xff, 0xff,
    0xff, 0xf8, 0x00, 0xcf, 0xff, 0xc2, 0x00, 0x1b,
    0xff, 0xfd, 0x00, 0x00, 0x2f, 0xff, 0xf1, 0x00,
    0x00, 0x0f, 0xff, 0xf4, 0x00, 0x04, 0xff, 0xfd,
    0x00, 0x00, 0x00, 0xcf, 0xff, 0x60, 0x00, 0x4f,
    0xff, 0xd0, 0x00, 0x00, 0x0c, 0xff, 0xf5, 0x00,
    0x02, 0xff, 0xff, 0x10, 0x00, 0x00, 0xef, 0xff,
    0x30, 0x00, 0x0c, 0xff, 0xfc, 0x20, 0x01, 0xbf,
    0xff, 0xd0, 0x00, 0x00, 0x3f, 0xff, 0xff, 0xee,
    0xff, 0xff, 0xf3, 0x00, 0x00, 0x00, 0x3d, 0xff,
    0xff, 0xff, 0xff, 0xe4, 0x00, 0x00, 0x00, 0x01,
    0x7f, 0xde, 0xff, 0xeb, 0x60, 0x00, 0x00, 0x00,
    0x06, 0xff, 0x70, 0x00, 0x00, 0x00, 0x00, 0x00,
    0x00, 0x00, 0xff, 0xf4, 0x00, 0x00, 0x00, 0x00,
    0x00, 0x00, 0x00, 0x2f, 0xff, 0xea, 0x99, 0x99,
    0x98, 0x74, 0x00, 0x00, 0x00, 0xdf, 0xff, 0xff,
    0xff, 0xff, 0xff, 0xff, 0x70, 0x00, 0x02, 0xbf,
    0xff, 0xff, 0xff, 0xff, 0xff, 0xff, 0x90, 0x00,
    0x29, 0xff, 0xff, 0xff, 0xff, 0xff, 0xff, 0xff,
    0x30, 0x5f, 0xfd, 0x10, 0x00, 0x00, 0x00, 0x5f,
    0xff, 0xf7, 0x0f, 0xff, 0x80, 0x00, 0x00, 0x00,
    0x00, 0x9f, 0xff, 0x82, 0xff, 0xfa, 0x00, 0x00,
    0x00, 0x00, 0x0b, 0xff, 0xf7, 0x1f, 0xff, 0xf7,
    0x10, 0x00, 0x00, 0x28, 0xff, 0xff, 0x20, 0xbf,
    0xff, 0xff, 0xff, 0xff, 0xff, 0xff, 0xff, 0x90,
    0x01, 0xbf, 0xff, 0xff, 0xff, 0xff, 0xff, 0xff,
    0x70, 0x00, 0x00, 0x38, 0xbd, 0xff, 0xff, 0xec,
    0x96, 0x10, 0x00,

    /* U+0130 "İ" */
    0x00, 0x00, 0x00, 0x02, 0x31, 0x00, 0x00, 0x00,
    0x00, 0x00, 0x01, 0xdf, 0xff, 0x50, 0x00, 0x00,
    0x00, 0x00, 0x08, 0xff, 0xff, 0xe0, 0x00, 0x00,
    0x00, 0x00, 0x09, 0xff, 0xff, 0xf0, 0x00, 0x00,
    0x00, 0x00, 0x06, 0xff, 0xff, 0xd0, 0x00, 0x00,
    0x00, 0x00, 0x00, 0x9e, 0xfc, 0x30, 0x00, 0x00,
    0x00, 0x00, 0x00, 0x00, 0x00, 0x00, 0x00, 0x00,
    0x00, 0x00, 0x00, 0x00, 0x00, 0x00, 0x00, 0x00,
    0x5f, 0xff, 0xff, 0xff, 0xff, 0xff, 0xff, 0xfc,
    0x5f, 0xff, 0xff, 0xff, 0xff, 0xff, 0xff, 0xfc,
    0x5f, 0xff, 0xff, 0xff, 0xff, 0xff, 0xff, 0xfc,
    0x15, 0x55, 0x55, 0xff, 0xff, 0x95, 0x55, 0x54,
    0x00, 0x00, 0x00, 0xff, 0xff, 0x60, 0x00, 0x00,
    0x00, 0x00, 0x00, 0xff, 0xff, 0x60, 0x00, 0x00,
    0x00, 0x00, 0x00, 0xff, 0xff, 0x60, 0x00, 0x00,
    0x00, 0x00, 0x00, 0xff, 0xff, 0x60, 0x00, 0x00,
    0x00, 0x00, 0x00, 0xff, 0xff, 0x60, 0x00, 0x00,
    0x00, 0x00, 0x00, 0xff, 0xff, 0x60, 0x00, 0x00,
    0x00, 0x00, 0x00, 0xff, 0xff, 0x60, 0x00, 0x00,
    0x00, 0x00, 0x00, 0xff, 0xff, 0x60, 0x00, 0x00,
    0x00, 0x00, 0x00, 0xff, 0xff, 0x60, 0x00, 0x00,
    0x00, 0x00, 0x00, 0xff, 0xff, 0x60, 0x00, 0x00,
    0x00, 0x00, 0x00, 0xff, 0xff, 0x60, 0x00, 0x00,
    0x00, 0x00, 0x00, 0xff, 0xff, 0x60, 0x00, 0x00,
    0x00, 0x00, 0x00, 0xff, 0xff, 0x60, 0x00, 0x00,
    0x00, 0x00, 0x00, 0xff, 0xff, 0x60, 0x00, 0x00,
    0x00, 0x00, 0x00, 0xff, 0xff, 0x60, 0x00, 0x00,
    0x00, 0x00, 0x00, 0xff, 0xff, 0x60, 0x00, 0x00,
    0x15, 0x55, 0x55, 0xff, 0xff, 0x95, 0x55, 0x54,
    0x5f, 0xff, 0xff, 0xff, 0xff, 0xff, 0xff, 0xfc,
    0x5f, 0xff, 0xff, 0xff, 0xff, 0xff, 0xff, 0xfc,
    0x5f, 0xff, 0xff, 0xff, 0xff, 0xff, 0xff, 0xfc,

    /* U+0131 "ı" */
    0xaf, 0xff, 0xff, 0xff, 0xff, 0x70, 0x00, 0x00,
    0xaf, 0xff, 0xff, 0xff, 0xff, 0x70, 0x00, 0x00,
    0xaf, 0xff, 0xff, 0xff, 0xff, 0x70, 0x00, 0x00,
    0x47, 0x77, 0x77, 0xff, 0xff, 0x70, 0x00, 0x00,
    0x00, 0x00, 0x00, 0xef, 0xff, 0x70, 0x00, 0x00,
    0x00, 0x00, 0x00, 0xef, 0xff, 0x70, 0x00, 0x00,
    0x00, 0x00, 0x00, 0xef, 0xff, 0x70, 0x00, 0x00,
    0x00, 0x00, 0x00, 0xef, 0xff, 0x70, 0x00, 0x00,
    0x00, 0x00, 0x00, 0xef, 0xff, 0x70, 0x00, 0x00,
    0x00, 0x00, 0x00, 0xef, 0xff, 0x70, 0x00, 0x00,
    0x00, 0x00, 0x00, 0xef, 0xff, 0x70, 0x00, 0x00,
    0x00, 0x00, 0x00, 0xef, 0xff, 0x70, 0x00, 0x00,
    0x00, 0x00, 0x00, 0xef, 0xff, 0x70, 0x00, 0x00,
    0x00, 0x00, 0x00, 0xef, 0xff, 0x70, 0x00, 0x00,
    0x47, 0x77, 0x77, 0xff, 0xff, 0xb7, 0x77, 0x75,
    0xaf, 0xff, 0xff, 0xff, 0xff, 0xff, 0xff, 0xfd,
    0xaf, 0xff, 0xff, 0xff, 0xff, 0xff, 0xff, 0xfd,
    0xaf, 0xff, 0xff, 0xff, 0xff, 0xff, 0xff, 0xfd,

    /* U+015E "Ş" */
    0x00, 0x00, 0x06, 0xad, 0xff, 0xed, 0xa5, 0x00,
    0x00, 0x00, 0x05, 0xef, 0xff, 0xff, 0xff, 0xff,
    0xe6, 0x00, 0x00, 0x6f, 0xff, 0xff, 0xff, 0xff,
    0xff, 0xff, 0xa0, 0x01, 0xff, 0xff, 0xff, 0xcb,
    0xce, 0xff, 0xff, 0xf3, 0x08, 0xff, 0xff, 0xa1,
    0x00, 0x00, 0x5d, 0xff, 0x50, 0x0c, 0xff, 0xfd,
    0x00, 0x00, 0x00, 0x00, 0xb6, 0x00, 0x0d, 0xff,
    0xfa, 0x00, 0x00, 0x00, 0x00, 0x00, 0x00, 0x0d,
    0xff, 0xfb, 0x00, 0x00, 0x00, 0x00, 0x00, 0x00,
    0x0b, 0xff, 0xff, 0x20, 0x00, 0x00, 0x00, 0x00,
    0x00, 0x06, 0xff, 0xff, 0xf8, 0x30, 0x00, 0x00,
    0x00, 0x00, 0x00, 0xdf, 0xff, 0xff, 0xff, 0xda,
    0x72, 0x00, 0x00, 0x00, 0x2e, 0xff, 0xff, 0xff,
    0xff, 0xff, 0xb2, 0x00, 0x00, 0x01, 0x9f, 0xff,
    0xff, 0xff, 0xff, 0xfe, 0x30, 0x00, 0x00, 0x00,
    0x47, 0xac, 0xff, 0xff, 0xff, 0xd0, 0x00, 0x00,
    0x00, 0x00, 0x00, 0x05, 0xdf, 0xff, 0xf5, 0x00,
    0x00, 0x00, 0x00, 0x00, 0x00, 0x2f, 0xff, 0xf9,
    0x00, 0x00, 0x00, 0x00, 0x00, 0x00, 0x0c, 0xff,
    0xfb, 0x00, 0x20, 0x00, 0x00, 0x00, 0x00, 0x0c,
    0xff, 0xfb, 0x02, 0xec, 0x10, 0x00, 0x00, 0x00,
    0x1f, 0xff, 0xf9, 0x2e, 0xff, 0xe6, 0x00, 0x00,
    0x01, 0xbf, 0xff, 0xf5, 0x8f, 0xff, 0xff, 0xfb,
    0x99, 0xbf, 0xff, 0xff, 0xd0, 0x0a, 0xff, 0xff,
    0xff, 0xff, 0xff, 0xff, 0xff, 0x30, 0x00, 0x6f,
    0xff, 0xff, 0xff, 0xff, 0xff, 0xe3, 0x00, 0x00,
    0x01, 0x7b, 0xef, 0xff, 0xfe, 0xb6, 0x00, 0x00,
    0x00, 0x00, 0x00, 0x04, 0xfd, 0x00, 0x00, 0x00,
    0x00, 0x00, 0x00, 0x00, 0x07, 0xfb, 0x33, 0x00,
    0x00, 0x00, 0x00, 0x00, 0x00, 0x03, 0x7b, 0xff,
    0xe2, 0x00, 0x00, 0x00, 0x00, 0x00, 0x00, 0x00,
    0x8f, 0xf9, 0x00, 0x00, 0x00, 0x00, 0x00, 0xac,
    0x54, 0xbf, 0xfa, 0x00, 0x00, 0x00, 0x00, 0x04,
    0xff, 0xff, 0xff, 0xf4, 0x00, 0x00, 0x00, 0x00,
    0x00, 0x5b, 0xef, 0xeb, 0x40, 0x00, 0x00,

    /* U+015F "ş" */
    0x00, 0x00, 0x05, 0xad, 0xff, 0xed, 0xa6, 0x00,
    0x00, 0x00, 0x03, 0xdf, 0xff, 0xff, 0xff, 0xff,
    0xe5, 0x00, 0x00, 0x3f, 0xff, 0xff, 0xff, 0xff,
    0xff, 0xff, 0x70, 0x00, 0xcf, 0xff, 0xe7, 0x43,
    0x47, 0xcf, 0xfe, 0x20, 0x00, 0xff, 0xff, 0x40,
    0x00, 0x00, 0x05, 0xe3, 0x00, 0x02, 0xff, 0xff,
    0x20, 0x00, 0x00, 0x00, 0x00, 0x00, 0x01, 0xff,
    0xff, 0xb3, 0x00, 0x00, 0x00, 0x00, 0x00, 0x00,
    0xcf, 0xff, 0xff, 0xfc, 0xa7, 0x40, 0x00, 0x00,
    0x00, 0x3f, 0xff, 0xff, 0xff, 0xff, 0xff, 0x81,
    0x00, 0x00, 0x02, 0xaf, 0xff, 0xff, 0xff, 0xff,
    0xfd, 0x10, 0x00, 0x00, 0x01, 0x59, 0xbe, 0xff,
    0xff, 0xff, 0xa0, 0x00, 0x00, 0x00, 0x00, 0x00,
    0x04, 0xdf, 0xff, 0xf0, 0x00, 0x03, 0x00, 0x00,
    0x00, 0x00, 0x4f, 0xff, 0xf0, 0x00, 0xaf, 0x80,
    0x00, 0x00, 0x00, 0x7f, 0xff, 0xe0, 0x0c, 0xff,
    0xfd, 0x73, 0x11, 0x27, 0xff, 0xff, 0xa0, 0x07,
    0xff, 0xff, 0xff, 0xff, 0xff, 0xff, 0xff, 0x20,
    0x00, 0x5e, 0xff, 0xff, 0xff, 0xff, 0xff, 0xe3,
    0x00, 0x00, 0x01, 0x6b, 0xdf, 0xff, 0xfe, 0xb6,
    0x00, 0x00, 0x00, 0x00, 0x00, 0x03, 0xfd, 0x00,
    0x00, 0x00, 0x00, 0x00, 0x00, 0x00, 0x06, 0xfc,
    0x32, 0x00, 0x00, 0x00, 0x00, 0x00, 0x00, 0x03,
    0x7b, 0xff, 0xe2, 0x00, 0x00, 0x00, 0x00, 0x00,
    0x00, 0x00, 0x7f, 0xfa, 0x00, 0x00, 0x00, 0x00,
    0x00, 0x9c, 0x54, 0xbf, 0xfb, 0x00, 0x00, 0x00,
    0x00, 0x04, 0xff, 0xff, 0xff, 0xf4, 0x00, 0x00,
    0x00, 0x00, 0x00, 0x4b, 0xef, 0xeb, 0x40, 0x00,
    0x00
};

/*---------------------
 *  GLYPH DESCRIPTION
 *--------------------*/

static const lv_font_fmt_txt_glyph_dsc_t glyph_dsc[] = {
    {.bitmap_index = 0, .adv_w = 0, .box_w = 0, .box_h = 0, .ofs_x = 0, .ofs_y = 0} /* id = 0 reserved */,
    {.bitmap_index = 0, .adv_w = 326, .box_w = 0, .box_h = 0, .ofs_x = 0, .ofs_y = 0},
    {.bitmap_index = 0, .adv_w = 326, .box_w = 7, .box_h = 24, .ofs_x = 7, .ofs_y = 0},
    {.bitmap_index = 84, .adv_w = 326, .box_w = 12, .box_h = 11, .ofs_x = 4, .ofs_y = 14},
    {.bitmap_index = 150, .adv_w = 326, .box_w = 21, .box_h = 24, .ofs_x = 0, .ofs_y = 0},
    {.bitmap_index = 402, .adv_w = 326, .box_w = 19, .box_h = 32, .ofs_x = 1, .ofs_y = -4},
    {.bitmap_index = 706, .adv_w = 326, .box_w = 21, .box_h = 24, .ofs_x = 0, .ofs_y = 0},
    {.bitmap_index = 958, .adv_w = 326, .box_w = 21, .box_h = 24, .ofs_x = 0, .ofs_y = 0},
    {.bitmap_index = 1210, .adv_w = 326, .box_w = 5, .box_h = 11, .ofs_x = 8, .ofs_y = 14},
    {.bitmap_index = 1238, .adv_w = 326, .box_w = 12, .box_h = 31, .ofs_x = 6, .ofs_y = -5},
    {.bitmap_index = 1424, .adv_w = 326, .box_w = 13, .box_h = 31, .ofs_x = 2, .ofs_y = -5},
    {.bitmap_index = 1626, .adv_w = 326, .box_w = 19, .box_h = 18, .ofs_x = 1, .ofs_y = 1},
    {.bitmap_index = 1797, .adv_w = 326, .box_w = 17, .box_h = 17, .ofs_x = 2, .ofs_y = 2},
    {.bitmap_index = 1942, .adv_w = 326, .box_w = 8, .box_h = 11, .ofs_x = 6, .ofs_y = -5},
    {.bitmap_index = 1986, .adv_w = 326, .box_w = 12, .box_h = 5, .ofs_x = 4, .ofs_y = 8},
    {.bitmap_index = 2016, .adv_w = 326, .box_w = 8, .box_h = 7, .ofs_x = 6, .ofs_y = 0},
    {.bitmap_index = 2044, .adv_w = 326, .box_w = 16, .box_h = 31, .ofs_x = 2, .ofs_y = -5},
    {.bitmap_index = 2292, .adv_w = 326, .box_w = 19, .box_h = 24, .ofs_x = 1, .ofs_y = 0},
    {.bitmap_index = 2520, .adv_w = 326, .box_w = 19, .box_h = 24, .ofs_x = 1, .ofs_y = 0},
    {.bitmap_index = 2748, .adv_w = 326, .box_w = 18, .box_h = 24, .ofs_x = 1, .ofs_y = 0},
    {.bitmap_index = 2964, .adv_w = 326, .box_w = 18, .box_h = 24, .ofs_x = 1, .ofs_y = 0},
    {.bitmap_index = 3180, .adv_w = 326, .box_w = 20, .box_h = 24, .ofs_x = 0, .ofs_y = 0},
    {.bitmap_index = 3420, .adv_w = 326, .box_w = 18, .box_h = 24, .ofs_x = 1, .ofs_y = 0},
    {.bitmap_index = 3636, .adv_w = 326, .box_w = 18, .box_h = 24, .ofs_x = 1, .ofs_y = 0},
    {.bitmap_index = 3852, .adv_w = 326, .box_w = 18, .box_h = 24, .ofs_x = 1, .ofs_y = 0},
    {.bitmap_index = 4068, .adv_w = 326, .box_w = 18, .box_h = 24, .ofs_x = 1, .ofs_y = 0},
    {.bitmap_index = 4284, .adv_w = 326, .box_w = 18, .box_h = 24, .ofs_x = 1, .ofs_y = 0},
    {.bitmap_index = 4500, .adv_w = 326, .box_w = 8, .box_h = 18, .ofs_x = 6, .ofs_y = 0},
    {.bitmap_index = 4572, .adv_w = 326, .box_w = 8, .box_h = 23, .ofs_x = 6, .ofs_y = -5},
    {.bitmap_index = 4664, .adv_w = 326, .box_w = 16, .box_h = 21, .ofs_x = 2, .ofs_y = 0},
    {.bitmap_index = 4832, .adv_w = 326, .box_w = 17, .box_h = 11, .ofs_x = 2, .ofs_y = 5},
    {.bitmap_index = 4926, .adv_w = 326, .box_w = 16, .box_h = 21, .ofs_x = 2, .ofs_y = 0},
    {.bitmap_index = 5094, .adv_w = 326, .box_w = 16, .box_h = 24, .ofs_x = 2, .ofs_y = 0},
    {.bitmap_index = 5286, .adv_w = 326, .box_w = 18, .box_h = 27, .ofs_x = 1, .ofs_y = -3},
    {.bitmap_index = 5529, .adv_w = 326, .box_w = 20, .box_h = 24, .ofs_x = 0, .ofs_y = 0},
    {.bitmap_index = 5769, .adv_w = 326, .box_w = 17, .box_h = 24, .ofs_x = 2, .ofs_y = 0},
    {.bitmap_index = 5973, .adv_w = 326, .box_w = 18, .box_h = 24, .ofs_x = 1, .ofs_y = 0},
    {.bitmap_index = 6189, .adv_w = 326, .box_w = 17, .box_h = 24, .ofs_x = 2, .ofs_y = 0},
    {.bitmap_index = 6393, .adv_w = 326, .box_w = 16, .box_h = 24, .ofs_x = 2, .ofs_y = 0},
    {.bitmap_index = 6585, .adv_w = 326, .box_w = 17, .box_h = 24, .ofs_x = 2, .ofs_y = 0},
    {.bitmap_index = 6789, .adv_w = 326, .box_w = 18, .box_h = 24, .ofs_x = 1, .ofs_y = 0},
    {.bitmap_index = 7005, .adv_w = 326, .box_w = 17, .box_h = 24, .ofs_x = 2, .ofs_y = 0},
    {.bitmap_index = 7209, .adv_w = 326, .box_w = 16, .box_h = 24, .ofs_x = 2, .ofs_y = 0},
    {.bitmap_index = 7401, .adv_w = 326, .box_w = 17, .box_h = 24, .ofs_x = 1, .ofs_y = 0},
    {.bitmap_index = 7605, .adv_w = 326, .box_w = 19, .box_h = 24, .ofs_x = 2, .ofs_y = 0},
    {.bitmap_index = 7833, .adv_w = 326, .box_w = 16, .box_h = 24, .ofs_x = 3, .ofs_y = 0},
    {.bitmap_index = 8025, .adv_w = 326, .box_w = 18, .box_h = 24, .ofs_x = 1, .ofs_y = 0},
    {.bitmap_index = 8241, .adv_w = 326, .box_w = 17, .box_h = 24, .ofs_x = 2, .ofs_y = 0},
    {.bitmap_index = 8445, .adv_w = 326, .box_w = 19, .box_h = 24, .ofs_x = 1, .ofs_y = 0},
    {.bitmap_index = 8673, .adv_w = 326, .box_w = 17, .box_h = 24, .ofs_x = 2, .ofs_y = 0},
    {.bitmap_index = 8877, .adv_w = 326, .box_w = 19, .box_h = 31, .ofs_x = 1, .ofs_y = -7},
    {.bitmap_index = 9172, .adv_w = 326, .box_w = 18, .box_h = 24, .ofs_x = 2, .ofs_y = 0},
    {.bitmap_index = 9388, .adv_w = 326, .box_w = 18, .box_h = 24, .ofs_x = 1, .ofs_y = 0},
    {.bitmap_index = 9604, .adv_w = 326, .box_w = 20, .box_h = 24, .ofs_x = 0, .ofs_y = 0},
    {.bitmap_index = 9844, .adv_w = 326, .box_w = 17, .box_h = 24, .ofs_x = 2, .ofs_y = 0},
    {.bitmap_index = 10048, .adv_w = 326, .box_w = 20, .box_h = 24, .ofs_x = 0, .ofs_y = 0},
    {.bitmap_index = 10288, .adv_w = 326, .box_w = 20, .box_h = 24, .ofs_x = 0, .ofs_y = 0},
    {.bitmap_index = 10528, .adv_w = 326, .box_w = 20, .box_h = 24, .ofs_x = 0, .ofs_y = 0},
    {.bitmap_index = 10768, .adv_w = 326, .box_w = 21, .box_h = 24, .ofs_x = 0, .ofs_y = 0},
    {.bitmap_index = 11020, .adv_w = 326, .box_w = 18, .box_h = 24, .ofs_x = 1, .ofs_y = 0},
    {.bitmap_index = 11236, .adv_w = 326, .box_w = 12, .box_h = 31, .ofs_x = 6, .ofs_y = -5},
    {.bitmap_index = 11422, .adv_w = 326, .box_w = 16, .box_h = 31, .ofs_x = 2, .ofs_y = -5},
    {.bitmap_index = 11670, .adv_w = 326, .box_w = 11, .box_h = 31, .ofs_x = 3, .ofs_y = -5},
    {.bitmap_index = 11841, .adv_w = 326, .box_w = 19, .box_h = 16, .ofs_x = 1, .ofs_y = 8},
    {.bitmap_index = 11993, .adv_w = 326, .box_w = 17, .box_h = 4, .ofs_x = 2, .ofs_y = -6},
    {.bitmap_index = 12027, .adv_w = 326, .box_w = 8, .box_h = 9, .ofs_x = 5, .ofs_y = 19},
    {.bitmap_index = 12063, .adv_w = 326, .box_w = 19, .box_h = 18, .ofs_x = 1, .ofs_y = 0},
    {.bitmap_index = 12234, .adv_w = 326, .box_w = 17, .box_h = 25, .ofs_x = 2, .ofs_y = 0},
    {.bitmap_index = 12447, .adv_w = 326, .box_w = 17, .box_h = 18, .ofs_x = 2, .ofs_y = 0},
    {.bitmap_index = 12600, .adv_w = 326, .box_w = 18, .box_h = 25, .ofs_x = 1, .ofs_y = 0},
    {.bitmap_index = 12825, .adv_w = 326, .box_w = 18, .box_h = 18, .ofs_x = 1, .ofs_y = 0},
    {.bitmap_index = 12987, .adv_w = 326, .box_w = 17, .box_h = 25, .ofs_x = 2, .ofs_y = 0},
    {.bitmap_index = 13200, .adv_w = 326, .box_w = 19, .box_h = 28, .ofs_x = 1, .ofs_y = -7},
    {.bitmap_index = 13466, .adv_w = 326, .box_w = 17, .box_h = 25, .ofs_x = 2, .ofs_y = 0},
    {.bitmap_index = 13679, .adv_w = 326, .box_w = 16, .box_h = 25, .ofs_x = 3, .ofs_y = 0},
    {.bitmap_index = 13879, .adv_w = 326, .box_w = 13, .box_h = 32, .ofs_x = 3, .ofs_y = -7},
    {.bitmap_index = 14087, .adv_w = 326, .box_w = 18, .box_h = 25, .ofs_x = 2, .ofs_y = 0},
    {.bitmap_index = 14312, .adv_w = 326, .box_w = 16, .box_h = 25, .ofs_x = 2, .ofs_y = 0},
    {.bitmap_index = 14512, .adv_w = 326, .box_w = 19, .box_h = 18, .ofs_x = 1, .ofs_y = 0},
    {.bitmap_index = 14683, .adv_w = 326, .box_w = 17, .box_h = 18, .ofs_x = 2, .ofs_y = 0},
    {.bitmap_index = 14836, .adv_w = 326, .box_w = 18, .box_h = 18, .ofs_x = 1, .ofs_y = 0},
    {.bitmap_index = 14998, .adv_w = 326, .box_w = 17, .box_h = 25, .ofs_x = 2, .ofs_y = -7},
    {.bitmap_index = 15211, .adv_w = 326, .box_w = 18, .box_h = 25, .ofs_x = 1, .ofs_y = -7},
    {.bitmap_index = 15436, .adv_w = 326, .box_w = 18, .box_h = 18, .ofs_x = 2, .ofs_y = 0},
    {.bitmap_index = 15598, .adv_w = 326, .box_w = 18, .box_h = 18, .ofs_x = 1, .ofs_y = 0},
    {.bitmap_index = 15760, .adv_w = 326, .box_w = 17, .box_h = 24, .ofs_x = 1, .ofs_y = 0},
    {.bitmap_index = 15964, .adv_w = 326, .box_w = 16, .box_h = 18, .ofs_x = 2, .ofs_y = 0},
    {.bitmap_index = 16108, .adv_w = 326, .box_w = 19, .box_h = 18, .ofs_x = 1, .ofs_y = 0},
    {.bitmap_index = 16279, .adv_w = 326, .box_w = 20, .box_h = 18, .ofs_x = 0, .ofs_y = 0},
    {.bitmap_index = 16459, .adv_w = 326, .box_w = 19, .box_h = 18, .ofs_x = 1, .ofs_y = 0},
    {.bitmap_index = 16630, .adv_w = 326, .box_w = 20, .box_h = 25, .ofs_x = 0, .ofs_y = -7},
    {.bitmap_index = 16880, .adv_w = 326, .box_w = 16, .box_h = 18, .ofs_x = 2, .ofs_y = 0},
    {.bitmap_index = 17024, .adv_w = 326, .box_w = 15, .box_h = 31, .ofs_x = 3, .ofs_y = -5},
    {.bitmap_index = 17257, .adv_w = 326, .box_w = 5, .box_h = 31, .ofs_x = 8, .ofs_y = -5},
    {.bitmap_index = 17335, .adv_w = 326, .box_w = 15, .box_h = 31, .ofs_x = 3, .ofs_y = -5},
    {.bitmap_index = 17568, .adv_w = 326, .box_w = 18, .box_h = 9, .ofs_x = 1, .ofs_y = 6},
    {.bitmap_index = 17649, .adv_w = 326, .box_w = 14, .box_h = 13, .ofs_x = 3, .ofs_y = 12},
    {.bitmap_index = 17740, .adv_w = 326, .box_w = 20, .box_h = 34, .ofs_x = 0, .ofs_y = 0},
    {.bitmap_index = 18080, .adv_w = 326, .box_w = 20, .box_h = 34, .ofs_x = 0, .ofs_y = 0},
    {.bitmap_index = 18420, .adv_w = 326, .box_w = 20, .box_h = 33, .ofs_x = 0, .ofs_y = 0},
    {.bitmap_index = 18750, .adv_w = 326, .box_w = 20, .box_h = 31, .ofs_x = 0, .ofs_y = 0},
    {.bitmap_index = 19060, .adv_w = 326, .box_w = 20, .box_h = 31, .ofs_x = 0, .ofs_y = 0},
    {.bitmap_index = 19370, .adv_w = 326, .box_w = 20, .box_h = 34, .ofs_x = 0, .ofs_y = 0},
    {.bitmap_index = 19710, .adv_w = 326, .box_w = 20, .box_h = 24, .ofs_x = 0, .ofs_y = 0},
    {.bitmap_index = 19950, .adv_w = 326, .box_w = 18, .box_h = 31, .ofs_x = 1, .ofs_y = -7},
    {.bitmap_index = 20229, .adv_w = 326, .box_w = 16, .box_h = 34, .ofs_x = 2, .ofs_y = 0},
    {.bitmap_index = 20501, .adv_w = 326, .box_w = 16, .box_h = 34, .ofs_x = 2, .ofs_y = 0},
    {.bitmap_index = 20773, .adv_w = 326, .box_w = 16, .box_h = 33, .ofs_x = 2, .ofs_y = 0},
    {.bitmap_index = 21037, .adv_w = 326, .box_w = 16, .box_h = 31, .ofs_x = 2, .ofs_y = 0},
    {.bitmap_index = 21285, .adv_w = 326, .box_w = 16, .box_h = 34, .ofs_x = 2, .ofs_y = 0},
    {.bitmap_index = 21557, .adv_w = 326, .box_w = 16, .box_h = 34, .ofs_x = 2, .ofs_y = 0},
    {.bitmap_index = 21829, .adv_w = 326, .box_w = 16, .box_h = 33, .ofs_x = 2, .ofs_y = 0},
    {.bitmap_index = 22093, .adv_w = 326, .box_w = 16, .box_h = 31, .ofs_x = 2, .ofs_y = 0},
    {.bitmap_index = 22341, .adv_w = 326, .box_w = 19, .box_h = 24, .ofs_x = 0, .ofs_y = 0},
    {.bitmap_index = 22569, .adv_w = 326, .box_w = 17, .box_h = 31, .ofs_x = 2, .ofs_y = 0},
    {.bitmap_index = 22833, .adv_w = 326, .box_w = 19, .box_h = 33, .ofs_x = 1, .ofs_y = 0},
    {.bitmap_index = 23147, .adv_w = 326, .box_w = 19, .box_h = 33, .ofs_x = 1, .ofs_y = 0},
    {.bitmap_index = 23461, .adv_w = 326, .box_w = 19, .box_h = 33, .ofs_x = 1, .ofs_y = 0},
    {.bitmap_index = 23775, .adv_w = 326, .box_w = 19, .box_h = 32, .ofs_x = 1, .ofs_y = 0},
    {.bitmap_index = 24079, .adv_w = 326, .box_w = 19, .box_h = 31, .ofs_x = 1, .ofs_y = 0},
    {.bitmap_index = 24374, .adv_w = 326, .box_w = 16, .box_h = 17, .ofs_x = 2, .ofs_y = 2},
    {.bitmap_index = 24510, .adv_w = 326, .box_w = 20, .box_h = 28, .ofs_x = 0, .ofs_y = -2},
    {.bitmap_index = 24790, .adv_w = 326, .box_w = 17, .box_h = 34, .ofs_x = 2, .ofs_y = 0},
    {.bitmap_index = 25079, .adv_w = 326, .box_w = 17, .box_h = 34, .ofs_x = 2, .ofs_y = 0},
    {.bitmap_index = 25368, .adv_w = 326, .box_w = 17, .box_h = 33, .ofs_x = 2, .ofs_y = 0},
    {.bitmap_index = 25649, .adv_w = 326, .box_w = 17, .box_h = 31, .ofs_x = 2, .ofs_y = 0},
    {.bitmap_index = 25913, .adv_w = 326, .box_w = 21, .box_h = 34, .ofs_x = 0, .ofs_y = 0},
    {.bitmap_index = 26270, .adv_w = 326, .box_w = 17, .box_h = 24, .ofs_x = 2, .ofs_y = 0},
    {.bitmap_index = 26474, .adv_w = 326, .box_w = 18, .box_h = 32, .ofs_x = 2, .ofs_y = -7},
    {.bitmap_index = 26762, .adv_w = 326, .box_w = 19, .box_h = 28, .ofs_x = 1, .ofs_y = 0},
    {.bitmap_index = 27028, .adv_w = 326, .box_w = 19, .box_h = 28, .ofs_x = 1, .ofs_y = 0},
    {.bitmap_index = 27294, .adv_w = 326, .box_w = 19, .box_h = 27, .ofs_x = 1, .ofs_y = 0},
    {.bitmap_index = 27551, .adv_w = 326, .box_w = 19, .box_h = 25, .ofs_x = 1, .ofs_y = 0},
    {.bitmap_index = 27789, .adv_w = 326, .box_w = 19, .box_h = 25, .ofs_x = 1, .ofs_y = 0},
    {.bitmap_index = 28027, .adv_w = 326, .box_w = 19, .box_h = 29, .ofs_x = 1, .ofs_y = 0},
    {.bitmap_index = 28303, .adv_w = 326, .box_w = 20, .box_h = 18, .ofs_x = 0, .ofs_y = 0},
    {.bitmap_index = 28483, .adv_w = 326, .box_w = 17, .box_h = 25, .ofs_x = 2, .ofs_y = -7},
    {.bitmap_index = 28696, .adv_w = 326, .box_w = 18, .box_h = 28, .ofs_x = 1, .ofs_y = 0},
    {.bitmap_index = 28948, .adv_w = 326, .box_w = 18, .box_h = 28, .ofs_x = 1, .ofs_y = 0},
    {.bitmap_index = 29200, .adv_w = 326, .box_w = 18, .box_h = 27, .ofs_x = 1, .ofs_y = 0},
    {.bitmap_index = 29443, .adv_w = 326, .box_w = 18, .box_h = 25, .ofs_x = 1, .ofs_y = 0},
    {.bitmap_index = 29668, .adv_w = 326, .box_w = 16, .box_h = 28, .ofs_x = 3, .ofs_y = 0},
    {.bitmap_index = 29892, .adv_w = 326, .box_w = 16, .box_h = 28, .ofs_x = 3, .ofs_y = 0},
    {.bitmap_index = 30116, .adv_w = 326, .box_w = 16, .box_h = 27, .ofs_x = 3, .ofs_y = 0},
    {.bitmap_index = 30332, .adv_w = 326, .box_w = 16, .box_h = 25, .ofs_x = 3, .ofs_y = 0},
    {.bitmap_index = 30532, .adv_w = 326, .box_w = 18, .box_h = 26, .ofs_x = 1, .ofs_y = 0},
    {.bitmap_index = 30766, .adv_w = 326, .box_w = 17, .box_h = 25, .ofs_x = 2, .ofs_y = 0},
    {.bitmap_index = 30979, .adv_w = 326, .box_w = 18, .box_h = 28, .ofs_x = 1, .ofs_y = 0},
    {.bitmap_index = 31231, .adv_w = 326, .box_w = 18, .box_h = 28, .ofs_x = 1, .ofs_y = 0},
    {.bitmap_index = 31483, .adv_w = 326, .box_w = 18, .box_h = 27, .ofs_x = 1, .ofs_y = 0},
    {.bitmap_index = 31726, .adv_w = 326, .box_w = 18, .box_h = 25, .ofs_x = 1, .ofs_y = 0},
    {.bitmap_index = 31951, .adv_w = 326, .box_w = 18, .box_h = 25, .ofs_x = 1, .ofs_y = 0},
    {.bitmap_index = 32176, .adv_w = 326, .box_w = 17, .box_h = 19, .ofs_x = 2, .ofs_y = 1},
    {.bitmap_index = 32338, .adv_w = 326, .box_w = 19, .box_h = 22, .ofs_x = 1, .ofs_y = -2},
    {.bitmap_index = 32547, .adv_w = 326, .box_w = 16, .box_h = 28, .ofs_x = 2, .ofs_y = 0},
    {.bitmap_index = 32771, .adv_w = 326, .box_w = 16, .box_h = 28, .ofs_x = 2, .ofs_y = 0},
    {.bitmap_index = 32995, .adv_w = 326, .box_w = 16, .box_h = 27, .ofs_x = 2, .ofs_y = 0},
    {.bitmap_index = 33211, .adv_w = 326, .box_w = 16, .box_h = 25, .ofs_x = 2, .ofs_y = 0},
    {.bitmap_index = 33411, .adv_w = 326, .box_w = 20, .box_h = 35, .ofs_x = 0, .ofs_y = -7},
    {.bitmap_index = 33761, .adv_w = 326, .box_w = 17, .box_h = 32, .ofs_x = 2, .ofs_y = -7},
    {.bitmap_index = 34033, .adv_w = 326, .box_w = 20, .box_h = 32, .ofs_x = 0, .ofs_y = -7},
    {.bitmap_index = 34353, .adv_w = 326, .box_w = 18, .box_h = 33, .ofs_x = 1, .ofs_y = 0},
    {.bitmap_index = 34650, .adv_w = 326, .box_w = 19, .box_h = 34, .ofs_x = 1, .ofs_y = -7},
    {.bitmap_index = 34973, .adv_w = 326, .box_w = 16, .box_h = 32, .ofs_x = 2, .ofs_y = 0},
    {.bitmap_index = 35229, .adv_w = 326, .box_w = 16, .box_h = 18, .ofs_x = 3, .ofs_y = 0},
    {.bitmap_index = 35373, .adv_w = 326, .box_w = 18, .box_h = 31, .ofs_x = 1, .ofs_y = -7},
    {.bitmap_index = 35652, .adv_w = 326, .box_w = 18, .box_h = 25, .ofs_x = 1, .ofs_y = -7}
};

/*---------------------
 *  CHARACTER MAPPING
 *--------------------*/

static const uint16_t unicode_list_3[] = {
    0x00, 0x01, 0x12, 0x13, 0x40, 0x41
};

/*Collect the unicode lists and glyph_id offsets*/
static const lv_font_fmt_txt_cmap_t cmaps[] =
{
    {
        .range_start = 32, .range_length = 95, .glyph_id_start = 1,
        .unicode_list = NULL, .glyph_id_ofs_list = NULL, .list_length = 0, .type = LV_FONT_FMT_TXT_CMAP_FORMAT0_TINY
    },
    {
        .range_start = 176, .range_length = 1, .glyph_id_start = 96,
        .unicode_list = NULL, .glyph_id_ofs_list = NULL, .list_length = 0, .type = LV_FONT_FMT_TXT_CMAP_FORMAT0_TINY
    },
    {
        .range_start = 192, .range_length = 64, .glyph_id_start = 97,
        .unicode_list = NULL, .glyph_id_ofs_list = NULL, .list_length = 0, .type = LV_FONT_FMT_TXT_CMAP_FORMAT0_TINY
    },
    {
        .range_start = 286, .range_length = 66, .glyph_id_start = 161,
        .unicode_list = unicode_list_3, .glyph_id_ofs_list = NULL, .list_length = 6, .type = LV_FONT_FMT_TXT_CMAP_SPARSE_TINY
    }
};



/*--------------------
 *  ALL CUSTOM DATA
 *--------------------*/

#if LVGL_VERSION_MAJOR == 8
/*Store all the custom data of the font*/
static  lv_font_fmt_txt_glyph_cache_t cache;
#endif

#if LVGL_VERSION_MAJOR >= 8
static const lv_font_fmt_txt_dsc_t font_dsc = {
#else
static lv_font_fmt_txt_dsc_t font_dsc = {
#endif
    .glyph_bitmap = glyph_bitmap,
    .glyph_dsc = glyph_dsc,
    .cmaps = cmaps,
    .kern_dsc = NULL,
    .kern_scale = 0,
    .cmap_num = 4,
    .bpp = 4,
    .kern_classes = 0,
    .bitmap_format = 0,
#if LVGL_VERSION_MAJOR == 8
    .cache = &cache
#endif

};



/*-----------------
 *  PUBLIC FONT
 *----------------*/

/*Initialize a public general font descriptor*/
#if LVGL_VERSION_MAJOR >= 8
const lv_font_t mono_34_data = {
#else
lv_font_t mono_34_data = {
#endif
    .get_glyph_dsc = lv_font_get_glyph_dsc_fmt_txt,    /*Function pointer to get glyph's data*/
    .get_glyph_bitmap = lv_font_get_bitmap_fmt_txt,    /*Function pointer to get glyph's bitmap*/
    .line_height = 41,          /*The maximum line height required by the font*/
    .base_line = 7,             /*Baseline measured from the bottom of the line*/
#if LV_VERSION_CHECK(9, 6, 0) || LVGL_VERSION_MAJOR >= 10
    .cap_height = 24,           /*Cap height of the font*/
    .x_height = 18,               /*x-height of the font*/
#endif
#if !(LVGL_VERSION_MAJOR == 6 && LVGL_VERSION_MINOR == 0)
    .subpx = LV_FONT_SUBPX_NONE,
#endif
#if LV_VERSION_CHECK(7, 4, 0) || LVGL_VERSION_MAJOR >= 8
    .underline_position = -4,
    .underline_thickness = 3,
#endif

#if LV_VERSION_CHECK(9, 3, 0)
    .static_bitmap = 1,    /*Bitmaps are stored as const so they are always static if not compressed */
#endif

    .dsc = &font_dsc,          /*The custom font data. Will be accessed by `get_glyph_bitmap/dsc` */
#if LV_VERSION_CHECK(8, 2, 0) || LVGL_VERSION_MAJOR >= 9
    .fallback = NULL,
#endif
    .user_data = NULL,
};



#endif /*#if MONO_34_DATA*/
