/*******************************************************************************
 * Size: 26 px
 * Bpp: 4
 * Opts: --font /fonts/IBMPlexMono-Medium.ttf -o /fonts/mono_26_data.c --size 26 --bpp 4 --format lvgl --no-compress --symbols • --range 0x20-0x7F,0xC0-0xFF,0x11E-0x11F,0x130-0x131,0x15E-0x15F
 ******************************************************************************/

#ifdef __has_include
    #if __has_include("lvgl.h")
        #ifndef LV_LVGL_H_INCLUDE_SIMPLE
            #define LV_LVGL_H_INCLUDE_SIMPLE
        #endif
    #endif
#endif

#ifdef LV_LVGL_H_INCLUDE_SIMPLE
    #include "lvgl.h"
#else
    #include "lvgl/lvgl.h"
#endif



#ifndef MONO_26_DATA
#define MONO_26_DATA 1
#endif

#if MONO_26_DATA

/*-----------------
 *    BITMAPS
 *----------------*/

/*Store the image of the glyphs*/
static LV_ATTRIBUTE_LARGE_CONST const uint8_t glyph_bitmap[] = {
    /* U+0020 " " */

    /* U+0021 "!" */
    0x0c, 0xff, 0x50, 0xcf, 0xf5, 0x0c, 0xff, 0x50,
    0xcf, 0xf5, 0x0c, 0xff, 0x50, 0xbf, 0xf5, 0x09,
    0xff, 0x20, 0x6f, 0xf0, 0x04, 0xfd, 0x00, 0x1f,
    0xb0, 0x00, 0xf9, 0x00, 0x0c, 0x60, 0x00, 0x21,
    0x00, 0x00, 0x00, 0x00, 0x21, 0x01, 0xdf, 0xf8,
    0x5f, 0xff, 0xf5, 0xff, 0xfe, 0x0b, 0xfe, 0x60,

    /* U+0022 "\"" */
    0x0f, 0xf8, 0x00, 0xef, 0xa0, 0xff, 0x80, 0x0e,
    0xfa, 0x0f, 0xf8, 0x00, 0xef, 0xa0, 0xff, 0x80,
    0x0e, 0xfa, 0x0f, 0xf8, 0x00, 0xef, 0xa0, 0xff,
    0x80, 0x0e, 0xfa, 0x0f, 0xf8, 0x00, 0xef, 0xa0,
    0xee, 0x70, 0x0d, 0xe9,

    /* U+0023 "#" */
    0x00, 0x00, 0x05, 0xff, 0x00, 0x6f, 0xf0, 0x00,
    0x00, 0x00, 0x07, 0xfe, 0x00, 0x9f, 0xc0, 0x00,
    0x00, 0x00, 0x0a, 0xfb, 0x00, 0xcf, 0xa0, 0x00,
    0x00, 0x00, 0x0c, 0xf8, 0x00, 0xef, 0x70, 0x00,
    0x00, 0x00, 0x0f, 0xf6, 0x01, 0xff, 0x50, 0x00,
    0x00, 0x00, 0x1f, 0xf3, 0x04, 0xff, 0x20, 0x00,
    0x0b, 0xff, 0xff, 0xf0, 0x06, 0xff, 0xff, 0xf4,
    0x0b, 0xff, 0xff, 0xd0, 0x09, 0xff, 0xff, 0xf4,
    0x02, 0x33, 0xbf, 0xb0, 0x0c, 0xfb, 0x33, 0x30,
    0x00, 0x00, 0xdf, 0x80, 0x0e, 0xf7, 0x00, 0x00,
    0x00, 0x00, 0xff, 0x50, 0x1f, 0xf4, 0x00, 0x00,
    0xaf, 0xff, 0xff, 0x30, 0x4f, 0xff, 0xff, 0x40,
    0xaf, 0xff, 0xff, 0x00, 0x7f, 0xff, 0xff, 0x40,
    0x23, 0x3a, 0xfd, 0x00, 0x9f, 0xc3, 0x33, 0x10,
    0x00, 0x0b, 0xfb, 0x00, 0xcf, 0x90, 0x00, 0x00,
    0x00, 0x0d, 0xf8, 0x00, 0xff, 0x60, 0x00, 0x00,
    0x00, 0x0f, 0xf5, 0x01, 0xff, 0x30, 0x00, 0x00,
    0x00, 0x2f, 0xf3, 0x04, 0xff, 0x10, 0x00, 0x00,
    0x00, 0x5f, 0xf0, 0x07, 0xfe, 0x00, 0x00, 0x00,

    /* U+0024 "$" */
    0x00, 0x00, 0x00, 0x88, 0x10, 0x00, 0x00, 0x00,
    0x00, 0x00, 0xff, 0x20, 0x00, 0x00, 0x00, 0x00,
    0x00, 0xff, 0x20, 0x00, 0x00, 0x00, 0x01, 0x7b,
    0xff, 0xb7, 0x20, 0x00, 0x00, 0x7f, 0xff, 0xff,
    0xff, 0xf9, 0x00, 0x06, 0xff, 0xfd, 0xff, 0xef,
    0xff, 0xc0, 0x0e, 0xff, 0x40, 0xef, 0x03, 0xdf,
    0xb0, 0x3f, 0xf9, 0x00, 0xef, 0x00, 0x07, 0x00,
    0x4f, 0xf8, 0x00, 0xef, 0x00, 0x00, 0x00, 0x2f,
    0xfb, 0x00, 0xef, 0x00, 0x00, 0x00, 0x0e, 0xff,
    0xa2, 0xef, 0x00, 0x00, 0x00, 0x05, 0xff, 0xff,
    0xff, 0x85, 0x00, 0x00, 0x00, 0x6f, 0xff, 0xff,
    0xff, 0xe6, 0x00, 0x00, 0x00, 0x69, 0xff, 0xff,
    0xff, 0x70, 0x00, 0x00, 0x00, 0xef, 0x4a, 0xff,
    0xf1, 0x00, 0x00, 0x00, 0xef, 0x00, 0x9f, 0xf6,
    0x00, 0x00, 0x00, 0xef, 0x00, 0x4f, 0xf8, 0x03,
    0x20, 0x00, 0xef, 0x00, 0x5f, 0xf7, 0x3e, 0xe3,
    0x00, 0xef, 0x00, 0xbf, 0xf3, 0x9f, 0xff, 0xa5,
    0xef, 0x5c, 0xff, 0xc0, 0x09, 0xff, 0xff, 0xff,
    0xff, 0xfe, 0x20, 0x00, 0x4b, 0xff, 0xff, 0xfe,
    0x81, 0x00, 0x00, 0x00, 0x03, 0xff, 0x40, 0x00,
    0x00, 0x00, 0x00, 0x00, 0xff, 0x20, 0x00, 0x00,
    0x00, 0x00, 0x00, 0xff, 0x20, 0x00, 0x00,

    /* U+0025 "%" */
    0x00, 0x8e, 0xfd, 0x50, 0x00, 0x00, 0x4f, 0xf1,
    0x0a, 0xff, 0xdf, 0xf5, 0x00, 0x00, 0xcf, 0x90,
    0x3f, 0xf2, 0x06, 0xfe, 0x00, 0x03, 0xff, 0x10,
    0x7f, 0xa0, 0x00, 0xff, 0x20, 0x0b, 0xf9, 0x00,
    0x9f, 0x80, 0x00, 0xdf, 0x40, 0x3f, 0xf2, 0x00,
    0x9f, 0x80, 0x00, 0xdf, 0x40, 0xbf, 0x90, 0x00,
    0x7f, 0xa0, 0x00, 0xff, 0x23, 0xff, 0x20, 0x00,
    0x2f, 0xf4, 0x08, 0xfd, 0x0a, 0xfa, 0x00, 0x00,
    0x08, 0xff, 0xff, 0xf3, 0x05, 0x51, 0x00, 0x00,
    0x00, 0x5b, 0xca, 0x30, 0x06, 0xbc, 0x92, 0x00,
    0x00, 0x00, 0x35, 0x30, 0x9f, 0xff, 0xff, 0x20,
    0x00, 0x01, 0xff, 0x43, 0xff, 0x31, 0x9f, 0xb0,
    0x00, 0x08, 0xfc, 0x08, 0xf9, 0x00, 0x1f, 0xf0,
    0x00, 0x1f, 0xf4, 0x0a, 0xf7, 0x00, 0x0f, 0xf2,
    0x00, 0x8f, 0xd0, 0x0a, 0xf7, 0x00, 0x0f, 0xf2,
    0x00, 0xff, 0x50, 0x08, 0xf8, 0x00, 0x0f, 0xf1,
    0x07, 0xfd, 0x00, 0x04, 0xfe, 0x10, 0x7f, 0xc0,
    0x0e, 0xf5, 0x00, 0x00, 0xcf, 0xfd, 0xff, 0x40,
    0x7f, 0xd0, 0x00, 0x00, 0x09, 0xef, 0xc4, 0x00,

    /* U+0026 "&" */
    0x00, 0x00, 0x7c, 0xff, 0xb4, 0x00, 0x00, 0x00,
    0x00, 0x0b, 0xff, 0xff, 0xff, 0x80, 0x00, 0x00,
    0x00, 0x7f, 0xfc, 0x56, 0xdf, 0xf4, 0x00, 0x00,
    0x00, 0xdf, 0xe0, 0x00, 0x0c, 0x70, 0x00, 0x00,
    0x00, 0xef, 0xb0, 0x00, 0x00, 0x00, 0x00, 0x00,
    0x00, 0xbf, 0xd0, 0x00, 0x00, 0x00, 0x00, 0x00,
    0x00, 0x5f, 0xf6, 0x00, 0x00, 0x00, 0x00, 0x00,
    0x00, 0x0b, 0xff, 0x20, 0x00, 0x00, 0x00, 0x00,
    0x00, 0x1a, 0xff, 0xd0, 0x00, 0x4f, 0xff, 0xc0,
    0x01, 0xdf, 0xff, 0xfa, 0x00, 0x5f, 0xff, 0xc0,
    0x0a, 0xff, 0x47, 0xff, 0x70, 0x6f, 0xd4, 0x30,
    0x1f, 0xfa, 0x00, 0xbf, 0xf4, 0x7f, 0xa0, 0x00,
    0x5f, 0xf5, 0x00, 0x1d, 0xfe, 0xbf, 0x70, 0x00,
    0x7f, 0xf4, 0x00, 0x03, 0xff, 0xff, 0x30, 0x00,
    0x6f, 0xf6, 0x00, 0x00, 0x6f, 0xff, 0x00, 0x00,
    0x2f, 0xfd, 0x00, 0x00, 0x4f, 0xff, 0x90, 0x00,
    0x0c, 0xff, 0xd7, 0x69, 0xf7, 0xcf, 0xf5, 0x00,
    0x02, 0xef, 0xff, 0xff, 0xd1, 0x2f, 0xfe, 0x10,
    0x00, 0x19, 0xef, 0xe9, 0x10, 0x05, 0xff, 0xc0,

    /* U+0027 "'" */
    0x8f, 0xf1, 0x8f, 0xf1, 0x8f, 0xf1, 0x8f, 0xf1,
    0x8f, 0xf1, 0x8f, 0xf1, 0x8f, 0xf1, 0x7e, 0xe1,

    /* U+0028 "(" */
    0x00, 0x00, 0x01, 0xbc, 0x90, 0x00, 0x00, 0x1e,
    0xfa, 0x00, 0x00, 0x00, 0xcf, 0xc0, 0x00, 0x00,
    0x08, 0xff, 0x20, 0x00, 0x00, 0x2f, 0xf5, 0x00,
    0x00, 0x00, 0x9f, 0xc0, 0x00, 0x00, 0x00, 0xff,
    0x50, 0x00, 0x00, 0x05, 0xff, 0x00, 0x00, 0x00,
    0x09, 0xfc, 0x00, 0x00, 0x00, 0x0c, 0xf9, 0x00,
    0x00, 0x00, 0x0e, 0xf8, 0x00, 0x00, 0x00, 0x0f,
    0xf7, 0x00, 0x00, 0x00, 0x0f, 0xf7, 0x00, 0x00,
    0x00, 0x0f, 0xf8, 0x00, 0x00, 0x00, 0x0d, 0xf9,
    0x00, 0x00, 0x00, 0x0a, 0xfb, 0x00, 0x00, 0x00,
    0x06, 0xfe, 0x00, 0x00, 0x00, 0x01, 0xff, 0x40,
    0x00, 0x00, 0x00, 0xbf, 0xb0, 0x00, 0x00, 0x00,
    0x3f, 0xf3, 0x00, 0x00, 0x00, 0x0a, 0xfd, 0x00,
    0x00, 0x00, 0x01, 0xef, 0xa0, 0x00, 0x00, 0x00,
    0x3f, 0xf8, 0x00, 0x00, 0x00, 0x03, 0xef, 0x90,

    /* U+0029 ")" */
    0x2b, 0xc8, 0x00, 0x00, 0x00, 0x3e, 0xf9, 0x00,
    0x00, 0x00, 0x3f, 0xf6, 0x00, 0x00, 0x00, 0x6f,
    0xf2, 0x00, 0x00, 0x00, 0xbf, 0xb0, 0x00, 0x00,
    0x03, 0xff, 0x20, 0x00, 0x00, 0x0c, 0xf9, 0x00,
    0x00, 0x00, 0x6f, 0xe0, 0x00, 0x00, 0x02, 0xff,
    0x20, 0x00, 0x00, 0x0f, 0xf5, 0x00, 0x00, 0x00,
    0xef, 0x80, 0x00, 0x00, 0x0e, 0xf9, 0x00, 0x00,
    0x00, 0xef, 0x90, 0x00, 0x00, 0x0e, 0xf8, 0x00,
    0x00, 0x00, 0xff, 0x60, 0x00, 0x00, 0x1f, 0xf3,
    0x00, 0x00, 0x05, 0xff, 0x00, 0x00, 0x00, 0xbf,
    0xa0, 0x00, 0x00, 0x2f, 0xf4, 0x00, 0x00, 0x0a,
    0xfc, 0x00, 0x00, 0x04, 0xff, 0x40, 0x00, 0x01,
    0xef, 0x90, 0x00, 0x01, 0xdf, 0xc0, 0x00, 0x02,
    0xdf, 0xb0, 0x00, 0x00,

    /* U+002A "*" */
    0x00, 0x00, 0x00, 0x7f, 0xf0, 0x00, 0x00, 0x00,
    0x00, 0x00, 0x07, 0xff, 0x00, 0x00, 0x00, 0x00,
    0x00, 0x00, 0x7f, 0xf0, 0x00, 0x00, 0x00, 0x11,
    0x00, 0x07, 0xff, 0x00, 0x00, 0x30, 0x09, 0xfc,
    0x61, 0x7f, 0xf0, 0x38, 0xef, 0x20, 0xdf, 0xff,
    0xfe, 0xff, 0xdf, 0xff, 0xf7, 0x01, 0x6c, 0xff,
    0xff, 0xff, 0xff, 0xa4, 0x00, 0x00, 0x01, 0x9f,
    0xff, 0xf5, 0x00, 0x00, 0x00, 0x00, 0x0c, 0xff,
    0xff, 0x60, 0x00, 0x00, 0x00, 0x08, 0xff, 0x7c,
    0xff, 0x20, 0x00, 0x00, 0x04, 0xff, 0xb0, 0x2f,
    0xfd, 0x00, 0x00, 0x01, 0xef, 0xe1, 0x00, 0x6f,
    0xf9, 0x00, 0x00, 0x06, 0xf4, 0x00, 0x00, 0xad,
    0x20, 0x00, 0x00, 0x01, 0x00, 0x00, 0x00, 0x00,
    0x00,

    /* U+002B "+" */
    0x00, 0x00, 0x06, 0xee, 0x10, 0x00, 0x00, 0x00,
    0x00, 0x7f, 0xf1, 0x00, 0x00, 0x00, 0x00, 0x07,
    0xff, 0x10, 0x00, 0x00, 0x00, 0x00, 0x7f, 0xf1,
    0x00, 0x00, 0x00, 0x00, 0x07, 0xff, 0x10, 0x00,
    0x02, 0x55, 0x55, 0xaf, 0xf6, 0x55, 0x55, 0x6f,
    0xff, 0xff, 0xff, 0xff, 0xff, 0xf6, 0xff, 0xff,
    0xff, 0xff, 0xff, 0xff, 0x00, 0x00, 0x07, 0xff,
    0x10, 0x00, 0x00, 0x00, 0x00, 0x7f, 0xf1, 0x00,
    0x00, 0x00, 0x00, 0x07, 0xff, 0x10, 0x00, 0x00,
    0x00, 0x00, 0x7f, 0xf1, 0x00, 0x00, 0x00, 0x00,
    0x07, 0xff, 0x10, 0x00, 0x00,

    /* U+002C "," */
    0x00, 0xae, 0xee, 0x20, 0x0e, 0xff, 0xc0, 0x01,
    0xff, 0xf6, 0x00, 0x4f, 0xff, 0x00, 0x07, 0xff,
    0x90, 0x00, 0x9f, 0xf2, 0x00, 0x0c, 0xfc, 0x00,
    0x00, 0xff, 0x50, 0x00,

    /* U+002D "-" */
    0x1e, 0xee, 0xee, 0xee, 0xa2, 0xff, 0xff, 0xff,
    0xfb, 0x2f, 0xff, 0xff, 0xff, 0xb0,

    /* U+002E "." */
    0x01, 0x44, 0x00, 0x2f, 0xff, 0xb0, 0x7f, 0xff,
    0xf0, 0x6f, 0xff, 0xf0, 0x0b, 0xfe, 0x60,

    /* U+002F "/" */
    0x00, 0x00, 0x00, 0x00, 0x4f, 0xf4, 0x00, 0x00,
    0x00, 0x00, 0xaf, 0xe0, 0x00, 0x00, 0x00, 0x00,
    0xff, 0x80, 0x00, 0x00, 0x00, 0x05, 0xff, 0x20,
    0x00, 0x00, 0x00, 0x0b, 0xfc, 0x00, 0x00, 0x00,
    0x00, 0x1f, 0xf6, 0x00, 0x00, 0x00, 0x00, 0x7f,
    0xf1, 0x00, 0x00, 0x00, 0x00, 0xdf, 0xb0, 0x00,
    0x00, 0x00, 0x02, 0xff, 0x50, 0x00, 0x00, 0x00,
    0x08, 0xff, 0x00, 0x00, 0x00, 0x00, 0x0e, 0xf9,
    0x00, 0x00, 0x00, 0x00, 0x4f, 0xf3, 0x00, 0x00,
    0x00, 0x00, 0xaf, 0xd0, 0x00, 0x00, 0x00, 0x00,
    0xff, 0x80, 0x00, 0x00, 0x00, 0x06, 0xff, 0x20,
    0x00, 0x00, 0x00, 0x0b, 0xfc, 0x00, 0x00, 0x00,
    0x00, 0x1f, 0xf6, 0x00, 0x00, 0x00, 0x00, 0x7f,
    0xf1, 0x00, 0x00, 0x00, 0x00, 0xdf, 0xb0, 0x00,
    0x00, 0x00, 0x03, 0xff, 0x50, 0x00, 0x00, 0x00,
    0x09, 0xfe, 0x00, 0x00, 0x00, 0x00, 0x0e, 0xf9,
    0x00, 0x00, 0x00, 0x00, 0x4f, 0xf3, 0x00, 0x00,
    0x00, 0x00, 0xaf, 0xd0, 0x00, 0x00, 0x00, 0x00,

    /* U+0030 "0" */
    0x00, 0x02, 0x9d, 0xfe, 0xc7, 0x00, 0x00, 0x00,
    0x5f, 0xff, 0xff, 0xff, 0xd1, 0x00, 0x03, 0xff,
    0xfa, 0x78, 0xdf, 0xfc, 0x00, 0x0c, 0xff, 0x50,
    0x00, 0x0b, 0xff, 0x50, 0x2f, 0xfb, 0x00, 0x00,
    0x02, 0xff, 0xc0, 0x7f, 0xf6, 0x00, 0x00, 0x00,
    0xcf, 0xf0, 0xaf, 0xf4, 0x00, 0x00, 0x00, 0x9f,
    0xf3, 0xcf, 0xf2, 0x00, 0x10, 0x00, 0x8f, 0xf5,
    0xdf, 0xf2, 0x09, 0xff, 0x30, 0x8f, 0xf6, 0xdf,
    0xf2, 0x0c, 0xff, 0x60, 0x8f, 0xf7, 0xdf, 0xf2,
    0x07, 0xfe, 0x20, 0x8f, 0xf6, 0xcf, 0xf2, 0x00,
    0x00, 0x00, 0x8f, 0xf5, 0xaf, 0xf4, 0x00, 0x00,
    0x00, 0x9f, 0xf3, 0x7f, 0xf6, 0x00, 0x00, 0x00,
    0xcf, 0xf0, 0x2f, 0xfb, 0x00, 0x00, 0x01, 0xff,
    0xc0, 0x0c, 0xff, 0x50, 0x00, 0x0b, 0xff, 0x60,
    0x03, 0xff, 0xfa, 0x78, 0xdf, 0xfc, 0x00, 0x00,
    0x6f, 0xff, 0xff, 0xff, 0xd1, 0x00, 0x00, 0x02,
    0x9d, 0xfe, 0xc7, 0x00, 0x00,

    /* U+0031 "1" */
    0x00, 0x00, 0xaf, 0xff, 0xf4, 0x00, 0x00, 0x00,
    0x08, 0xff, 0xff, 0xf4, 0x00, 0x00, 0x00, 0x6f,
    0xfd, 0xbf, 0xf4, 0x00, 0x00, 0x04, 0xff, 0xe2,
    0x9f, 0xf4, 0x00, 0x00, 0x3f, 0xff, 0x30, 0x9f,
    0xf4, 0x00, 0x00, 0x8f, 0xf4, 0x00, 0x9f, 0xf4,
    0x00, 0x00, 0x08, 0x60, 0x00, 0x9f, 0xf4, 0x00,
    0x00, 0x00, 0x00, 0x00, 0x9f, 0xf4, 0x00, 0x00,
    0x00, 0x00, 0x00, 0x9f, 0xf4, 0x00, 0x00, 0x00,
    0x00, 0x00, 0x9f, 0xf4, 0x00, 0x00, 0x00, 0x00,
    0x00, 0x9f, 0xf4, 0x00, 0x00, 0x00, 0x00, 0x00,
    0x9f, 0xf4, 0x00, 0x00, 0x00, 0x00, 0x00, 0x9f,
    0xf4, 0x00, 0x00, 0x00, 0x00, 0x00, 0x9f, 0xf4,
    0x00, 0x00, 0x00, 0x00, 0x00, 0x9f, 0xf4, 0x00,
    0x00, 0x00, 0x00, 0x00, 0x9f, 0xf4, 0x00, 0x00,
    0x05, 0x77, 0x77, 0xcf, 0xfa, 0x77, 0x75, 0x0b,
    0xff, 0xff, 0xff, 0xff, 0xff, 0xfb, 0x0b, 0xff,
    0xff, 0xff, 0xff, 0xff, 0xfb,

    /* U+0032 "2" */
    0x00, 0x04, 0xae, 0xfe, 0xc6, 0x00, 0x00, 0x00,
    0xaf, 0xff, 0xff, 0xff, 0xd1, 0x00, 0x09, 0xff,
    0xfb, 0x9b, 0xff, 0xfc, 0x00, 0x2f, 0xfe, 0x20,
    0x00, 0x4f, 0xff, 0x30, 0x5e, 0xf6, 0x00, 0x00,
    0x0b, 0xff, 0x70, 0x00, 0x50, 0x00, 0x00, 0x08,
    0xff, 0x80, 0x00, 0x00, 0x00, 0x00, 0x09, 0xff,
    0x70, 0x00, 0x00, 0x00, 0x00, 0x0d, 0xff, 0x40,
    0x00, 0x00, 0x00, 0x00, 0x6f, 0xfd, 0x00, 0x00,
    0x00, 0x00, 0x03, 0xff, 0xf3, 0x00, 0x00, 0x00,
    0x00, 0x3e, 0xff, 0x60, 0x00, 0x00, 0x00, 0x04,
    0xff, 0xf7, 0x00, 0x00, 0x00, 0x00, 0x5f, 0xff,
    0x60, 0x00, 0x00, 0x00, 0x06, 0xff, 0xf4, 0x00,
    0x00, 0x00, 0x00, 0x8f, 0xfe, 0x20, 0x00, 0x00,
    0x00, 0x09, 0xff, 0xc1, 0x00, 0x00, 0x00, 0x00,
    0x5f, 0xff, 0x98, 0x88, 0x88, 0x88, 0x81, 0x5f,
    0xff, 0xff, 0xff, 0xff, 0xff, 0xf2, 0x5f, 0xff,
    0xff, 0xff, 0xff, 0xff, 0xf2,

    /* U+0033 "3" */
    0x00, 0x00, 0x5b, 0xdf, 0xec, 0x70, 0x00, 0x00,
    0x1b, 0xff, 0xff, 0xff, 0xfe, 0x20, 0x00, 0xcf,
    0xfe, 0x98, 0xaf, 0xff, 0xd0, 0x00, 0xbf, 0xb0,
    0x00, 0x02, 0xff, 0xf5, 0x00, 0x08, 0x00, 0x00,
    0x00, 0xaf, 0xf7, 0x00, 0x00, 0x00, 0x00, 0x00,
    0x9f, 0xf7, 0x00, 0x00, 0x00, 0x00, 0x00, 0xdf,
    0xf2, 0x00, 0x00, 0x00, 0x00, 0x3b, 0xff, 0x80,
    0x00, 0x00, 0x0d, 0xff, 0xff, 0xd6, 0x00, 0x00,
    0x00, 0x0d, 0xff, 0xff, 0x93, 0x00, 0x00, 0x00,
    0x06, 0x78, 0xaf, 0xff, 0x80, 0x00, 0x00, 0x00,
    0x00, 0x01, 0xdf, 0xf4, 0x00, 0x00, 0x00, 0x00,
    0x00, 0x5f, 0xfb, 0x00, 0x00, 0x00, 0x00, 0x00,
    0x3f, 0xfd, 0x00, 0x77, 0x00, 0x00, 0x00, 0x5f,
    0xfc, 0x0a, 0xff, 0x60, 0x00, 0x01, 0xdf, 0xf8,
    0x06, 0xff, 0xfd, 0x98, 0xaf, 0xff, 0xe1, 0x00,
    0x6f, 0xff, 0xff, 0xff, 0xfe, 0x30, 0x00, 0x01,
    0x8d, 0xff, 0xeb, 0x60, 0x00,

    /* U+0034 "4" */
    0x00, 0x00, 0x00, 0x00, 0xef, 0xff, 0x30, 0x00,
    0x00, 0x00, 0x00, 0x8f, 0xff, 0xf3, 0x00, 0x00,
    0x00, 0x00, 0x2f, 0xff, 0xff, 0x30, 0x00, 0x00,
    0x00, 0x0b, 0xfd, 0x9f, 0xf3, 0x00, 0x00, 0x00,
    0x04, 0xff, 0x49, 0xff, 0x30, 0x00, 0x00, 0x00,
    0xdf, 0xa0, 0x9f, 0xf3, 0x00, 0x00, 0x00, 0x7f,
    0xf1, 0x09, 0xff, 0x30, 0x00, 0x00, 0x1f, 0xf7,
    0x00, 0x9f, 0xf3, 0x00, 0x00, 0x0a, 0xfd, 0x00,
    0x09, 0xff, 0x30, 0x00, 0x04, 0xff, 0x50, 0x00,
    0x9f, 0xf3, 0x00, 0x00, 0xdf, 0xb0, 0x00, 0x09,
    0xff, 0x30, 0x00, 0x7f, 0xf2, 0x00, 0x00, 0x9f,
    0xf3, 0x00, 0x1f, 0xf8, 0x00, 0x00, 0x09, 0xff,
    0x30, 0x03, 0xff, 0xff, 0xff, 0xff, 0xff, 0xff,
    0xfb, 0x3f, 0xff, 0xff, 0xff, 0xff, 0xff, 0xff,
    0xb1, 0x55, 0x55, 0x55, 0x55, 0xbf, 0xf7, 0x53,
    0x00, 0x00, 0x00, 0x00, 0x09, 0xff, 0x30, 0x00,
    0x00, 0x00, 0x00, 0x00, 0x9f, 0xf3, 0x00, 0x00,
    0x00, 0x00, 0x00, 0x09, 0xff, 0x30, 0x00,

    /* U+0035 "5" */
    0x03, 0xff, 0xff, 0xff, 0xff, 0xff, 0x40, 0x04,
    0xff, 0xff, 0xff, 0xff, 0xff, 0x40, 0x05, 0xff,
    0x99, 0x99, 0x99, 0x99, 0x20, 0x06, 0xff, 0x00,
    0x00, 0x00, 0x00, 0x00, 0x07, 0xfe, 0x00, 0x00,
    0x00, 0x00, 0x00, 0x08, 0xfd, 0x00, 0x00, 0x00,
    0x00, 0x00, 0x09, 0xfc, 0x00, 0x00, 0x00, 0x00,
    0x00, 0x0a, 0xfb, 0x06, 0xdf, 0xeb, 0x40, 0x00,
    0x0b, 0xfa, 0x8f, 0xff, 0xff, 0xf8, 0x00, 0x0c,
    0xfd, 0xfa, 0x78, 0xdf, 0xff, 0x50, 0x08, 0xbc,
    0x20, 0x00, 0x0a, 0xff, 0xd0, 0x00, 0x00, 0x00,
    0x00, 0x01, 0xff, 0xf1, 0x00, 0x00, 0x00, 0x00,
    0x00, 0xdf, 0xf3, 0x00, 0x00, 0x00, 0x00, 0x00,
    0xef, 0xf2, 0x01, 0xb1, 0x00, 0x00, 0x01, 0xff,
    0xf0, 0x2e, 0xfd, 0x10, 0x00, 0x0b, 0xff, 0xa0,
    0x0c, 0xff, 0xfa, 0x89, 0xef, 0xff, 0x20, 0x01,
    0xbf, 0xff, 0xff, 0xff, 0xe4, 0x00, 0x00, 0x04,
    0xbe, 0xff, 0xc8, 0x10, 0x00,

    /* U+0036 "6" */
    0x00, 0x00, 0x00, 0xaf, 0xfe, 0x40, 0x00, 0x00,
    0x00, 0x1c, 0xff, 0xd2, 0x00, 0x00, 0x00, 0x00,
    0xcf, 0xfc, 0x00, 0x00, 0x00, 0x00, 0x0a, 0xff,
    0xb0, 0x00, 0x00, 0x00, 0x00, 0x6f, 0xfd, 0x00,
    0x00, 0x00, 0x00, 0x00, 0xef, 0xf2, 0x00, 0x00,
    0x00, 0x00, 0x07, 0xff, 0x90, 0x00, 0x00, 0x00,
    0x00, 0x0d, 0xff, 0x15, 0xcf, 0xfc, 0x50, 0x00,
    0x2f, 0xfb, 0x8f, 0xff, 0xff, 0xfa, 0x00, 0x6f,
    0xfc, 0xf9, 0x67, 0xbf, 0xff, 0x70, 0x8f, 0xff,
    0x30, 0x00, 0x08, 0xff, 0xe0, 0x9f, 0xf9, 0x00,
    0x00, 0x00, 0xef, 0xf2, 0x9f, 0xf6, 0x00, 0x00,
    0x00, 0xbf, 0xf4, 0x7f, 0xf6, 0x00, 0x00, 0x00,
    0xbf, 0xf3, 0x3f, 0xf9, 0x00, 0x00, 0x00, 0xef,
    0xf1, 0x0d, 0xff, 0x30, 0x00, 0x08, 0xff, 0xb0,
    0x04, 0xff, 0xf9, 0x67, 0xbf, 0xff, 0x30, 0x00,
    0x6f, 0xff, 0xff, 0xff, 0xf4, 0x00, 0x00, 0x02,
    0x9d, 0xff, 0xd8, 0x10, 0x00,

    /* U+0037 "7" */
    0x7f, 0xff, 0xff, 0xff, 0xff, 0xff, 0xf0, 0x7f,
    0xff, 0xff, 0xff, 0xff, 0xff, 0xf0, 0x7f, 0xf8,
    0x77, 0x77, 0x77, 0xff, 0xf0, 0x7f, 0xf1, 0x00,
    0x00, 0x04, 0xff, 0xb0, 0x7f, 0xf1, 0x00, 0x00,
    0x0b, 0xff, 0x40, 0x7f, 0xf1, 0x00, 0x00, 0x1f,
    0xfe, 0x00, 0x00, 0x00, 0x00, 0x00, 0x8f, 0xf7,
    0x00, 0x00, 0x00, 0x00, 0x00, 0xef, 0xf1, 0x00,
    0x00, 0x00, 0x00, 0x05, 0xff, 0xa0, 0x00, 0x00,
    0x00, 0x00, 0x0b, 0xff, 0x40, 0x00, 0x00, 0x00,
    0x00, 0x2f, 0xfe, 0x00, 0x00, 0x00, 0x00, 0x00,
    0x8f, 0xf7, 0x00, 0x00, 0x00, 0x00, 0x00, 0xef,
    0xf1, 0x00, 0x00, 0x00, 0x00, 0x05, 0xff, 0xa0,
    0x00, 0x00, 0x00, 0x00, 0x0c, 0xff, 0x40, 0x00,
    0x00, 0x00, 0x00, 0x2f, 0xfe, 0x00, 0x00, 0x00,
    0x00, 0x00, 0x9f, 0xf7, 0x00, 0x00, 0x00, 0x00,
    0x00, 0xff, 0xf1, 0x00, 0x00, 0x00, 0x00, 0x06,
    0xff, 0xa0, 0x00, 0x00, 0x00,

    /* U+0038 "8" */
    0x00, 0x06, 0xbe, 0xff, 0xd9, 0x20, 0x00, 0x01,
    0xcf, 0xff, 0xff, 0xff, 0xf7, 0x00, 0x0a, 0xff,
    0xf8, 0x67, 0xbf, 0xff, 0x30, 0x1f, 0xff, 0x20,
    0x00, 0x08, 0xff, 0xa0, 0x3f, 0xfb, 0x00, 0x00,
    0x01, 0xff, 0xc0, 0x1f, 0xfa, 0x00, 0x00, 0x00,
    0xff, 0xb0, 0x0d, 0xfd, 0x00, 0x00, 0x04, 0xff,
    0x60, 0x03, 0xff, 0xb3, 0x01, 0x5e, 0xfc, 0x00,
    0x00, 0x3c, 0xff, 0xff, 0xff, 0x80, 0x00, 0x00,
    0x3a, 0xff, 0xff, 0xfe, 0x71, 0x00, 0x07, 0xff,
    0xd7, 0x55, 0x9f, 0xfe, 0x20, 0x4f, 0xfc, 0x00,
    0x00, 0x03, 0xff, 0xd0, 0xaf, 0xf5, 0x00, 0x00,
    0x00, 0xcf, 0xf3, 0xcf, 0xf3, 0x00, 0x00, 0x00,
    0xaf, 0xf5, 0xbf, 0xf6, 0x00, 0x00, 0x00, 0xcf,
    0xf4, 0x7f, 0xfd, 0x00, 0x00, 0x04, 0xff, 0xf0,
    0x0e, 0xff, 0xe8, 0x67, 0xaf, 0xff, 0x80, 0x02,
    0xdf, 0xff, 0xff, 0xff, 0xf9, 0x00, 0x00, 0x06,
    0xbe, 0xff, 0xd9, 0x30, 0x00,

    /* U+0039 "9" */
    0x00, 0x03, 0xae, 0xfe, 0xc6, 0x00, 0x00, 0x00,
    0x9f, 0xff, 0xff, 0xff, 0xd2, 0x00, 0x08, 0xff,
    0xf9, 0x67, 0xcf, 0xfd, 0x00, 0x1f, 0xff, 0x30,
    0x00, 0x0a, 0xff, 0x70, 0x6f, 0xf9, 0x00, 0x00,
    0x01, 0xff, 0xd0, 0xaf, 0xf6, 0x00, 0x00, 0x00,
    0xdf, 0xf1, 0xaf, 0xf5, 0x00, 0x00, 0x00, 0xcf,
    0xf2, 0x9f, 0xf7, 0x00, 0x00, 0x00, 0xff, 0xf3,
    0x6f, 0xfd, 0x00, 0x00, 0x05, 0xff, 0xf2, 0x1f,
    0xff, 0xc3, 0x01, 0x6e, 0xff, 0xf0, 0x05, 0xff,
    0xff, 0xff, 0xf8, 0xff, 0xc0, 0x00, 0x5e, 0xff,
    0xff, 0x75, 0xff, 0x70, 0x00, 0x00, 0x35, 0x41,
    0x0d, 0xff, 0x10, 0x00, 0x00, 0x00, 0x00, 0x6f,
    0xf8, 0x00, 0x00, 0x00, 0x00, 0x03, 0xff, 0xe1,
    0x00, 0x00, 0x00, 0x00, 0x2e, 0xff, 0x40, 0x00,
    0x00, 0x00, 0x03, 0xef, 0xf7, 0x00, 0x00, 0x00,
    0x00, 0x5f, 0xff, 0x70, 0x00, 0x00, 0x00, 0x09,
    0xff, 0xf5, 0x00, 0x00, 0x00,

    /* U+003A ":" */
    0x0b, 0xfe, 0x60, 0x6f, 0xff, 0xf0, 0x7f, 0xff,
    0xf0, 0x2f, 0xff, 0xb0, 0x01, 0x44, 0x00, 0x00,
    0x00, 0x00, 0x00, 0x00, 0x00, 0x00, 0x00, 0x00,
    0x00, 0x00, 0x00, 0x01, 0x44, 0x00, 0x2f, 0xff,
    0xb0, 0x7f, 0xff, 0xf0, 0x6f, 0xff, 0xf0, 0x0b,
    0xfe, 0x60,

    /* U+003B ";" */
    0x00, 0xbf, 0xe6, 0x00, 0x6f, 0xff, 0xf0, 0x07,
    0xff, 0xff, 0x00, 0x2f, 0xff, 0xb0, 0x00, 0x14,
    0x40, 0x00, 0x00, 0x00, 0x00, 0x00, 0x00, 0x00,
    0x00, 0x00, 0x00, 0x00, 0x00, 0x00, 0x00, 0x00,
    0x00, 0x00, 0x00, 0x00, 0xbf, 0xff, 0x20, 0x0e,
    0xff, 0xc0, 0x01, 0xff, 0xf5, 0x00, 0x4f, 0xfe,
    0x00, 0x07, 0xff, 0x80, 0x00, 0xaf, 0xf2, 0x00,
    0x0d, 0xfb, 0x00, 0x00, 0xde, 0x40, 0x00,

    /* U+003C "<" */
    0x00, 0x00, 0x00, 0x00, 0x00, 0x54, 0x00, 0x00,
    0x00, 0x00, 0x3c, 0xf6, 0x00, 0x00, 0x00, 0x1a,
    0xff, 0xf6, 0x00, 0x00, 0x07, 0xff, 0xff, 0x70,
    0x00, 0x05, 0xef, 0xff, 0x91, 0x00, 0x03, 0xcf,
    0xff, 0xb2, 0x00, 0x00, 0x8f, 0xff, 0xd4, 0x00,
    0x00, 0x00, 0xcf, 0xf6, 0x00, 0x00, 0x00, 0x00,
    0xcf, 0xf9, 0x10, 0x00, 0x00, 0x00, 0x6f, 0xff,
    0xf7, 0x00, 0x00, 0x00, 0x01, 0x9f, 0xff, 0xd5,
    0x00, 0x00, 0x00, 0x03, 0xcf, 0xff, 0xc3, 0x00,
    0x00, 0x00, 0x05, 0xdf, 0xff, 0xa1, 0x00, 0x00,
    0x00, 0x07, 0xff, 0xf6, 0x00, 0x00, 0x00, 0x00,
    0x19, 0xf6, 0x00, 0x00, 0x00, 0x00, 0x00, 0x33,

    /* U+003D "=" */
    0x6f, 0xff, 0xff, 0xff, 0xff, 0xff, 0xf6, 0xff,
    0xff, 0xff, 0xff, 0xff, 0xff, 0x25, 0x55, 0x55,
    0x55, 0x55, 0x55, 0x50, 0x00, 0x00, 0x00, 0x00,
    0x00, 0x00, 0x00, 0x00, 0x00, 0x00, 0x00, 0x00,
    0x02, 0x55, 0x55, 0x55, 0x55, 0x55, 0x55, 0x6f,
    0xff, 0xff, 0xff, 0xff, 0xff, 0xf6, 0xff, 0xff,
    0xff, 0xff, 0xff, 0xff,

    /* U+003E ">" */
    0x72, 0x00, 0x00, 0x00, 0x00, 0x00, 0xcf, 0x80,
    0x00, 0x00, 0x00, 0x00, 0xcf, 0xfe, 0x60, 0x00,
    0x00, 0x00, 0x2b, 0xff, 0xfd, 0x40, 0x00, 0x00,
    0x00, 0x4d, 0xff, 0xfa, 0x20, 0x00, 0x00, 0x00,
    0x6e, 0xff, 0xf8, 0x00, 0x00, 0x00, 0x00, 0x8f,
    0xff, 0xe3, 0x00, 0x00, 0x00, 0x01, 0xaf, 0xf6,
    0x00, 0x00, 0x00, 0x03, 0xcf, 0xf6, 0x00, 0x00,
    0x02, 0xaf, 0xff, 0xc2, 0x00, 0x01, 0x8f, 0xff,
    0xe6, 0x00, 0x00, 0x6e, 0xff, 0xf8, 0x00, 0x00,
    0x4d, 0xff, 0xfa, 0x10, 0x00, 0x00, 0xcf, 0xfc,
    0x30, 0x00, 0x00, 0x00, 0xce, 0x60, 0x00, 0x00,
    0x00, 0x00, 0x50, 0x00, 0x00, 0x00, 0x00, 0x00,

    /* U+003F "?" */
    0x00, 0x03, 0xae, 0xff, 0xc6, 0x00, 0x00, 0x06,
    0xff, 0xff, 0xff, 0xfd, 0x10, 0x04, 0xff, 0xfb,
    0x8a, 0xff, 0xfb, 0x00, 0xdf, 0xf5, 0x00, 0x02,
    0xff, 0xf2, 0x09, 0xfa, 0x00, 0x00, 0x0b, 0xff,
    0x50, 0x00, 0x10, 0x00, 0x00, 0x9f, 0xf6, 0x00,
    0x00, 0x00, 0x00, 0x0b, 0xff, 0x40, 0x00, 0x00,
    0x00, 0x03, 0xff, 0xe0, 0x00, 0x00, 0x03, 0x5a,
    0xff, 0xf5, 0x00, 0x00, 0x02, 0xff, 0xff, 0xe4,
    0x00, 0x00, 0x00, 0x2f, 0xfd, 0x61, 0x00, 0x00,
    0x00, 0x02, 0xff, 0x90, 0x00, 0x00, 0x00, 0x00,
    0x2f, 0xf9, 0x00, 0x00, 0x00, 0x00, 0x00, 0x00,
    0x00, 0x00, 0x00, 0x00, 0x00, 0x01, 0x20, 0x00,
    0x00, 0x00, 0x00, 0x07, 0xff, 0xe2, 0x00, 0x00,
    0x00, 0x00, 0xdf, 0xff, 0x70, 0x00, 0x00, 0x00,
    0x0d, 0xff, 0xf6, 0x00, 0x00, 0x00, 0x00, 0x5e,
    0xfc, 0x10, 0x00, 0x00,

    /* U+0040 "@" */
    0x00, 0x02, 0x9d, 0xff, 0xd8, 0x10, 0x00, 0x04,
    0xff, 0xff, 0xff, 0xfe, 0x30, 0x01, 0xff, 0xc4,
    0x11, 0x4c, 0xfe, 0x10, 0x9f, 0xd0, 0x00, 0x00,
    0x0e, 0xf7, 0x0e, 0xf5, 0x00, 0x00, 0x00, 0x8f,
    0xc3, 0xff, 0x00, 0x08, 0xee, 0x85, 0xfe, 0x5f,
    0xd0, 0x07, 0xff, 0xef, 0xaf, 0xf7, 0xfb, 0x00,
    0xef, 0x90, 0x0a, 0xff, 0x9f, 0xb0, 0x2f, 0xf2,
    0x00, 0x5f, 0xf9, 0xfb, 0x04, 0xff, 0x00, 0x04,
    0xff, 0xaf, 0xb0, 0x5f, 0xf0, 0x00, 0x4f, 0xf9,
    0xfb, 0x04, 0xff, 0x00, 0x04, 0xff, 0x9f, 0xb0,
    0x2f, 0xf2, 0x00, 0x5f, 0xf7, 0xfc, 0x00, 0xef,
    0x90, 0x0a, 0xff, 0x5f, 0xe0, 0x08, 0xff, 0xef,
    0xbf, 0xf2, 0xff, 0x10, 0x08, 0xee, 0x83, 0xbb,
    0x0e, 0xf6, 0x00, 0x00, 0x00, 0x00, 0x00, 0x7f,
    0xe2, 0x00, 0x00, 0x00, 0x00, 0x00, 0xdf, 0xe6,
    0x10, 0x00, 0x00, 0x00, 0x02, 0xdf, 0xff, 0xff,
    0xfb, 0x00, 0x00, 0x00, 0x7c, 0xff, 0xff, 0xb0,
    0x00, 0x00, 0x00, 0x00, 0x00, 0x00, 0x00,

    /* U+0041 "A" */
    0x00, 0x00, 0x05, 0xff, 0xfe, 0x00, 0x00, 0x00,
    0x00, 0x00, 0x09, 0xff, 0xff, 0x30, 0x00, 0x00,
    0x00, 0x00, 0x0d, 0xff, 0xff, 0x70, 0x00, 0x00,
    0x00, 0x00, 0x2f, 0xfc, 0xff, 0xc0, 0x00, 0x00,
    0x00, 0x00, 0x6f, 0xf5, 0xdf, 0xf1, 0x00, 0x00,
    0x00, 0x00, 0xbf, 0xf1, 0x9f, 0xf5, 0x00, 0x00,
    0x00, 0x00, 0xff, 0xc0, 0x4f, 0xf9, 0x00, 0x00,
    0x00, 0x04, 0xff, 0x80, 0x0f, 0xfe, 0x00, 0x00,
    0x00, 0x08, 0xff, 0x30, 0x0b, 0xff, 0x20, 0x00,
    0x00, 0x0d, 0xff, 0x00, 0x07, 0xff, 0x70, 0x00,
    0x00, 0x1f, 0xfb, 0x00, 0x03, 0xff, 0xb0, 0x00,
    0x00, 0x6f, 0xfb, 0x77, 0x77, 0xff, 0xf0, 0x00,
    0x00, 0xaf, 0xff, 0xff, 0xff, 0xff, 0xf4, 0x00,
    0x00, 0xef, 0xff, 0xff, 0xff, 0xff, 0xf9, 0x00,
    0x03, 0xff, 0xb0, 0x00, 0x00, 0x3f, 0xfd, 0x00,
    0x08, 0xff, 0x70, 0x00, 0x00, 0x0e, 0xff, 0x20,
    0x0c, 0xff, 0x20, 0x00, 0x00, 0x0a, 0xff, 0x60,
    0x1f, 0xfe, 0x00, 0x00, 0x00, 0x06, 0xff, 0xb0,
    0x5f, 0xf9, 0x00, 0x00, 0x00, 0x01, 0xff, 0xf0,

    /* U+0042 "B" */
    0xdf, 0xff, 0xff, 0xfe, 0xa2, 0x00, 0x0d, 0xff,
    0xff, 0xff, 0xff, 0xf4, 0x00, 0xdf, 0xf4, 0x44,
    0x5a, 0xff, 0xe0, 0x0d, 0xff, 0x00, 0x00, 0x0b,
    0xff, 0x50, 0xdf, 0xf0, 0x00, 0x00, 0x6f, 0xf8,
    0x0d, 0xff, 0x00, 0x00, 0x05, 0xff, 0x90, 0xdf,
    0xf0, 0x00, 0x00, 0x6f, 0xf7, 0x0d, 0xff, 0x00,
    0x00, 0x0a, 0xff, 0x20, 0xdf, 0xf2, 0x22, 0x49,
    0xff, 0x70, 0x0d, 0xff, 0xff, 0xff, 0xfe, 0x40,
    0x00, 0xdf, 0xff, 0xff, 0xff, 0xfe, 0x60, 0x0d,
    0xff, 0x00, 0x00, 0x2a, 0xff, 0x70, 0xdf, 0xf0,
    0x00, 0x00, 0x0e, 0xff, 0x0d, 0xff, 0x00, 0x00,
    0x00, 0xcf, 0xf2, 0xdf, 0xf0, 0x00, 0x00, 0x0c,
    0xff, 0x3d, 0xff, 0x00, 0x00, 0x01, 0xff, 0xf0,
    0xdf, 0xf4, 0x44, 0x57, 0xdf, 0xf9, 0x0d, 0xff,
    0xff, 0xff, 0xff, 0xfd, 0x10, 0xdf, 0xff, 0xff,
    0xff, 0xd7, 0x00, 0x00,

    /* U+0043 "C" */
    0x00, 0x00, 0x6c, 0xef, 0xea, 0x30, 0x00, 0x00,
    0x1d, 0xff, 0xff, 0xff, 0xf6, 0x00, 0x00, 0xcf,
    0xfe, 0x88, 0xbf, 0xff, 0x40, 0x05, 0xff, 0xc0,
    0x00, 0x06, 0xff, 0xc0, 0x0c, 0xff, 0x30, 0x00,
    0x00, 0xbf, 0xd1, 0x1f, 0xfe, 0x00, 0x00, 0x00,
    0x22, 0x00, 0x3f, 0xfb, 0x00, 0x00, 0x00, 0x00,
    0x00, 0x6f, 0xfa, 0x00, 0x00, 0x00, 0x00, 0x00,
    0x7f, 0xf9, 0x00, 0x00, 0x00, 0x00, 0x00, 0x7f,
    0xf9, 0x00, 0x00, 0x00, 0x00, 0x00, 0x7f, 0xf9,
    0x00, 0x00, 0x00, 0x00, 0x00, 0x6f, 0xfa, 0x00,
    0x00, 0x00, 0x00, 0x00, 0x3f, 0xfb, 0x00, 0x00,
    0x00, 0x00, 0x00, 0x1f, 0xfe, 0x00, 0x00, 0x00,
    0x22, 0x00, 0x0c, 0xff, 0x30, 0x00, 0x00, 0xbf,
    0xd1, 0x05, 0xff, 0xc0, 0x00, 0x06, 0xff, 0xc0,
    0x00, 0xcf, 0xfe, 0x88, 0xbf, 0xff, 0x40, 0x00,
    0x1d, 0xff, 0xff, 0xff, 0xf6, 0x00, 0x00, 0x00,
    0x6c, 0xef, 0xea, 0x30, 0x00,

    /* U+0044 "D" */
    0xef, 0xff, 0xff, 0xeb, 0x60, 0x00, 0x0e, 0xff,
    0xff, 0xff, 0xff, 0xc0, 0x00, 0xef, 0xf7, 0x77,
    0x9f, 0xff, 0xb0, 0x0e, 0xff, 0x00, 0x00, 0x1e,
    0xff, 0x40, 0xef, 0xf0, 0x00, 0x00, 0x5f, 0xfa,
    0x0e, 0xff, 0x00, 0x00, 0x00, 0xff, 0xf0, 0xef,
    0xf0, 0x00, 0x00, 0x0c, 0xff, 0x2e, 0xff, 0x00,
    0x00, 0x00, 0xbf, 0xf4, 0xef, 0xf0, 0x00, 0x00,
    0x0b, 0xff, 0x5e, 0xff, 0x00, 0x00, 0x00, 0xbf,
    0xf5, 0xef, 0xf0, 0x00, 0x00, 0x0b, 0xff, 0x5e,
    0xff, 0x00, 0x00, 0x00, 0xbf, 0xf4, 0xef, 0xf0,
    0x00, 0x00, 0x0c, 0xff, 0x2e, 0xff, 0x00, 0x00,
    0x00, 0xff, 0xf0, 0xef, 0xf0, 0x00, 0x00, 0x5f,
    0xfa, 0x0e, 0xff, 0x00, 0x00, 0x1e, 0xff, 0x40,
    0xef, 0xf7, 0x77, 0x9f, 0xff, 0xb0, 0x0e, 0xff,
    0xff, 0xff, 0xff, 0xc0, 0x00, 0xef, 0xff, 0xff,
    0xeb, 0x60, 0x00, 0x00,

    /* U+0045 "E" */
    0xcf, 0xff, 0xff, 0xff, 0xff, 0xf9, 0xcf, 0xff,
    0xff, 0xff, 0xff, 0xf9, 0xcf, 0xf9, 0x88, 0x88,
    0x88, 0x84, 0xcf, 0xf2, 0x00, 0x00, 0x00, 0x00,
    0xcf, 0xf2, 0x00, 0x00, 0x00, 0x00, 0xcf, 0xf2,
    0x00, 0x00, 0x00, 0x00, 0xcf, 0xf2, 0x00, 0x00,
    0x00, 0x00, 0xcf, 0xf2, 0x00, 0x00, 0x00, 0x00,
    0xcf, 0xf8, 0x77, 0x77, 0x77, 0x72, 0xcf, 0xff,
    0xff, 0xff, 0xff, 0xf4, 0xcf, 0xff, 0xff, 0xff,
    0xff, 0xf4, 0xcf, 0xf2, 0x00, 0x00, 0x00, 0x00,
    0xcf, 0xf2, 0x00, 0x00, 0x00, 0x00, 0xcf, 0xf2,
    0x00, 0x00, 0x00, 0x00, 0xcf, 0xf2, 0x00, 0x00,
    0x00, 0x00, 0xcf, 0xf2, 0x00, 0x00, 0x00, 0x00,
    0xcf, 0xf8, 0x77, 0x77, 0x77, 0x74, 0xcf, 0xff,
    0xff, 0xff, 0xff, 0xf9, 0xcf, 0xff, 0xff, 0xff,
    0xff, 0xf9,

    /* U+0046 "F" */
    0xcf, 0xff, 0xff, 0xff, 0xff, 0xfe, 0xcf, 0xff,
    0xff, 0xff, 0xff, 0xfe, 0xcf, 0xf9, 0x88, 0x88,
    0x88, 0x87, 0xcf, 0xf2, 0x00, 0x00, 0x00, 0x00,
    0xcf, 0xf2, 0x00, 0x00, 0x00, 0x00, 0xcf, 0xf2,
    0x00, 0x00, 0x00, 0x00, 0xcf, 0xf2, 0x00, 0x00,
    0x00, 0x00, 0xcf, 0xf2, 0x00, 0x00, 0x00, 0x00,
    0xcf, 0xf8, 0x77, 0x77, 0x77, 0x70, 0xcf, 0xff,
    0xff, 0xff, 0xff, 0xf1, 0xcf, 0xff, 0xff, 0xff,
    0xff, 0xf1, 0xcf, 0xf2, 0x00, 0x00, 0x00, 0x00,
    0xcf, 0xf2, 0x00, 0x00, 0x00, 0x00, 0xcf, 0xf2,
    0x00, 0x00, 0x00, 0x00, 0xcf, 0xf2, 0x00, 0x00,
    0x00, 0x00, 0xcf, 0xf2, 0x00, 0x00, 0x00, 0x00,
    0xcf, 0xf2, 0x00, 0x00, 0x00, 0x00, 0xcf, 0xf2,
    0x00, 0x00, 0x00, 0x00, 0xcf, 0xf2, 0x00, 0x00,
    0x00, 0x00,

    /* U+0047 "G" */
    0x00, 0x02, 0x9d, 0xff, 0xd8, 0x10, 0x00, 0x04,
    0xff, 0xff, 0xff, 0xfe, 0x20, 0x02, 0xff, 0xfc,
    0x79, 0xdf, 0xfd, 0x00, 0xaf, 0xf8, 0x00, 0x00,
    0xcf, 0xf6, 0x1f, 0xfe, 0x00, 0x00, 0x02, 0xfe,
    0x75, 0xff, 0x90, 0x00, 0x00, 0x02, 0x00, 0x8f,
    0xf6, 0x00, 0x00, 0x00, 0x00, 0x0a, 0xff, 0x50,
    0x00, 0x00, 0x00, 0x00, 0xbf, 0xf5, 0x00, 0x00,
    0x00, 0x00, 0x0c, 0xff, 0x50, 0x05, 0xff, 0xff,
    0xfd, 0xbf, 0xf5, 0x00, 0x5f, 0xff, 0xff, 0xdb,
    0xff, 0x50, 0x01, 0x33, 0x3d, 0xfd, 0x9f, 0xf7,
    0x00, 0x00, 0x00, 0xdf, 0xd6, 0xff, 0x90, 0x00,
    0x00, 0x0e, 0xfd, 0x2f, 0xfe, 0x00, 0x00, 0x01,
    0xff, 0xd0, 0xdf, 0xf8, 0x00, 0x00, 0xbf, 0xfd,
    0x05, 0xff, 0xfc, 0x78, 0xdc, 0xdf, 0xd0, 0x09,
    0xff, 0xff, 0xff, 0x3d, 0xfd, 0x00, 0x06, 0xcf,
    0xeb, 0x30, 0xdf, 0xd0,

    /* U+0048 "H" */
    0x2f, 0xfc, 0x00, 0x00, 0x03, 0xff, 0xb2, 0xff,
    0xc0, 0x00, 0x00, 0x3f, 0xfb, 0x2f, 0xfc, 0x00,
    0x00, 0x03, 0xff, 0xb2, 0xff, 0xc0, 0x00, 0x00,
    0x3f, 0xfb, 0x2f, 0xfc, 0x00, 0x00, 0x03, 0xff,
    0xb2, 0xff, 0xc0, 0x00, 0x00, 0x3f, 0xfb, 0x2f,
    0xfc, 0x00, 0x00, 0x03, 0xff, 0xb2, 0xff, 0xc0,
    0x00, 0x00, 0x3f, 0xfb, 0x2f, 0xfe, 0x77, 0x77,
    0x79, 0xff, 0xb2, 0xff, 0xff, 0xff, 0xff, 0xff,
    0xfb, 0x2f, 0xff, 0xff, 0xff, 0xff, 0xff, 0xb2,
    0xff, 0xc0, 0x00, 0x00, 0x3f, 0xfb, 0x2f, 0xfc,
    0x00, 0x00, 0x03, 0xff, 0xb2, 0xff, 0xc0, 0x00,
    0x00, 0x3f, 0xfb, 0x2f, 0xfc, 0x00, 0x00, 0x03,
    0xff, 0xb2, 0xff, 0xc0, 0x00, 0x00, 0x3f, 0xfb,
    0x2f, 0xfc, 0x00, 0x00, 0x03, 0xff, 0xb2, 0xff,
    0xc0, 0x00, 0x00, 0x3f, 0xfb, 0x2f, 0xfc, 0x00,
    0x00, 0x03, 0xff, 0xb0,

    /* U+0049 "I" */
    0xef, 0xff, 0xff, 0xff, 0xff, 0xf8, 0xef, 0xff,
    0xff, 0xff, 0xff, 0xf8, 0x34, 0x44, 0xbf, 0xf7,
    0x44, 0x42, 0x00, 0x00, 0xaf, 0xf4, 0x00, 0x00,
    0x00, 0x00, 0xaf, 0xf4, 0x00, 0x00, 0x00, 0x00,
    0xaf, 0xf4, 0x00, 0x00, 0x00, 0x00, 0xaf, 0xf4,
    0x00, 0x00, 0x00, 0x00, 0xaf, 0xf4, 0x00, 0x00,
    0x00, 0x00, 0xaf, 0xf4, 0x00, 0x00, 0x00, 0x00,
    0xaf, 0xf4, 0x00, 0x00, 0x00, 0x00, 0xaf, 0xf4,
    0x00, 0x00, 0x00, 0x00, 0xaf, 0xf4, 0x00, 0x00,
    0x00, 0x00, 0xaf, 0xf4, 0x00, 0x00, 0x00, 0x00,
    0xaf, 0xf4, 0x00, 0x00, 0x00, 0x00, 0xaf, 0xf4,
    0x00, 0x00, 0x00, 0x00, 0xaf, 0xf4, 0x00, 0x00,
    0x34, 0x44, 0xbf, 0xf7, 0x44, 0x42, 0xef, 0xff,
    0xff, 0xff, 0xff, 0xf8, 0xef, 0xff, 0xff, 0xff,
    0xff, 0xf8,

    /* U+004A "J" */
    0x00, 0x6f, 0xff, 0xff, 0xff, 0xfd, 0x00, 0x6f,
    0xff, 0xff, 0xff, 0xfd, 0x00, 0x38, 0x88, 0x88,
    0x8f, 0xfd, 0x00, 0x00, 0x00, 0x00, 0x1f, 0xfd,
    0x00, 0x00, 0x00, 0x00, 0x1f, 0xfd, 0x00, 0x00,
    0x00, 0x00, 0x1f, 0xfd, 0x00, 0x00, 0x00, 0x00,
    0x1f, 0xfd, 0x00, 0x00, 0x00, 0x00, 0x1f, 0xfd,
    0x00, 0x00, 0x00, 0x00, 0x1f, 0xfd, 0x00, 0x00,
    0x00, 0x00, 0x1f, 0xfd, 0x00, 0x00, 0x00, 0x00,
    0x1f, 0xfd, 0x00, 0x00, 0x00, 0x00, 0x1f, 0xfd,
    0x00, 0x00, 0x00, 0x00, 0x1f, 0xfd, 0x00, 0x00,
    0x00, 0x00, 0x2f, 0xfc, 0x3d, 0xf8, 0x00, 0x00,
    0x4f, 0xfb, 0x1f, 0xfe, 0x10, 0x00, 0xbf, 0xf8,
    0x0a, 0xff, 0xe9, 0x8c, 0xff, 0xf1, 0x00, 0xcf,
    0xff, 0xff, 0xff, 0x50, 0x00, 0x07, 0xcf, 0xfd,
    0x92, 0x00,

    /* U+004B "K" */
    0xff, 0xf0, 0x00, 0x00, 0x0a, 0xff, 0xb0, 0xff,
    0xf0, 0x00, 0x00, 0x6f, 0xfe, 0x10, 0xff, 0xf0,
    0x00, 0x02, 0xff, 0xf3, 0x00, 0xff, 0xf0, 0x00,
    0x0d, 0xff, 0x70, 0x00, 0xff, 0xf0, 0x00, 0xaf,
    0xfb, 0x00, 0x00, 0xff, 0xf0, 0x06, 0xff, 0xe1,
    0x00, 0x00, 0xff, 0xf0, 0x2f, 0xff, 0x30, 0x00,
    0x00, 0xff, 0xf0, 0xcf, 0xf7, 0x00, 0x00, 0x00,
    0xff, 0xf8, 0xff, 0xf5, 0x00, 0x00, 0x00, 0xff,
    0xff, 0xff, 0xfe, 0x00, 0x00, 0x00, 0xff, 0xff,
    0xec, 0xff, 0x80, 0x00, 0x00, 0xff, 0xff, 0x33,
    0xff, 0xf1, 0x00, 0x00, 0xff, 0xf6, 0x00, 0xaf,
    0xfa, 0x00, 0x00, 0xff, 0xf0, 0x00, 0x2f, 0xff,
    0x30, 0x00, 0xff, 0xf0, 0x00, 0x08, 0xff, 0xc0,
    0x00, 0xff, 0xf0, 0x00, 0x00, 0xef, 0xf5, 0x00,
    0xff, 0xf0, 0x00, 0x00, 0x6f, 0xfd, 0x00, 0xff,
    0xf0, 0x00, 0x00, 0x0d, 0xff, 0x70, 0xff, 0xf0,
    0x00, 0x00, 0x04, 0xff, 0xf1,

    /* U+004C "L" */
    0x3f, 0xfb, 0x00, 0x00, 0x00, 0x00, 0x3f, 0xfb,
    0x00, 0x00, 0x00, 0x00, 0x3f, 0xfb, 0x00, 0x00,
    0x00, 0x00, 0x3f, 0xfb, 0x00, 0x00, 0x00, 0x00,
    0x3f, 0xfb, 0x00, 0x00, 0x00, 0x00, 0x3f, 0xfb,
    0x00, 0x00, 0x00, 0x00, 0x3f, 0xfb, 0x00, 0x00,
    0x00, 0x00, 0x3f, 0xfb, 0x00, 0x00, 0x00, 0x00,
    0x3f, 0xfb, 0x00, 0x00, 0x00, 0x00, 0x3f, 0xfb,
    0x00, 0x00, 0x00, 0x00, 0x3f, 0xfb, 0x00, 0x00,
    0x00, 0x00, 0x3f, 0xfb, 0x00, 0x00, 0x00, 0x00,
    0x3f, 0xfb, 0x00, 0x00, 0x00, 0x00, 0x3f, 0xfb,
    0x00, 0x00, 0x00, 0x00, 0x3f, 0xfb, 0x00, 0x00,
    0x00, 0x00, 0x3f, 0xfb, 0x00, 0x00, 0x00, 0x00,
    0x3f, 0xfd, 0x77, 0x77, 0x77, 0x77, 0x3f, 0xff,
    0xff, 0xff, 0xff, 0xff, 0x3f, 0xff, 0xff, 0xff,
    0xff, 0xff,

    /* U+004D "M" */
    0x8f, 0xff, 0x30, 0x00, 0x06, 0xff, 0xf2, 0x8f,
    0xff, 0x90, 0x00, 0x0c, 0xff, 0xf2, 0x8f, 0xff,
    0xe0, 0x00, 0x2f, 0xff, 0xf2, 0x8f, 0xff, 0xf4,
    0x00, 0x8f, 0xff, 0xf2, 0x8f, 0xfc, 0xfa, 0x00,
    0xdf, 0xbf, 0xf2, 0x8f, 0xf5, 0xff, 0x14, 0xfe,
    0x6f, 0xf2, 0x8f, 0xf0, 0xff, 0x6a, 0xf9, 0x6f,
    0xf2, 0x8f, 0xf0, 0x9f, 0xdf, 0xf3, 0x6f, 0xf2,
    0x8f, 0xf0, 0x3f, 0xff, 0xd0, 0x6f, 0xf2, 0x8f,
    0xf0, 0x0d, 0xff, 0x70, 0x6f, 0xf2, 0x8f, 0xf0,
    0x07, 0xff, 0x10, 0x7f, 0xf2, 0x8f, 0xf0, 0x02,
    0xfb, 0x00, 0x7f, 0xf2, 0x8f, 0xf0, 0x00, 0xc5,
    0x00, 0x7f, 0xf2, 0x8f, 0xf0, 0x00, 0x50, 0x00,
    0x7f, 0xf2, 0x8f, 0xf0, 0x00, 0x00, 0x00, 0x7f,
    0xf2, 0x8f, 0xf0, 0x00, 0x00, 0x00, 0x7f, 0xf2,
    0x8f, 0xf0, 0x00, 0x00, 0x00, 0x7f, 0xf2, 0x8f,
    0xf0, 0x00, 0x00, 0x00, 0x7f, 0xf2, 0x8f, 0xf0,
    0x00, 0x00, 0x00, 0x7f, 0xf2,

    /* U+004E "N" */
    0x2f, 0xff, 0xc0, 0x00, 0x00, 0xdf, 0xb2, 0xff,
    0xff, 0x20, 0x00, 0x0d, 0xfb, 0x2f, 0xff, 0xf8,
    0x00, 0x00, 0xdf, 0xb2, 0xff, 0xff, 0xd0, 0x00,
    0x0d, 0xfb, 0x2f, 0xfb, 0xff, 0x30, 0x00, 0xdf,
    0xb2, 0xff, 0x6e, 0xf9, 0x00, 0x0d, 0xfb, 0x2f,
    0xf6, 0x8f, 0xe0, 0x00, 0xdf, 0xb2, 0xff, 0x62,
    0xff, 0x50, 0x0d, 0xfb, 0x2f, 0xf6, 0x0d, 0xfb,
    0x00, 0xdf, 0xb2, 0xff, 0x60, 0x7f, 0xf1, 0x0d,
    0xfb, 0x2f, 0xf6, 0x01, 0xff, 0x60, 0xdf, 0xb2,
    0xff, 0x60, 0x0b, 0xfc, 0x0d, 0xfb, 0x2f, 0xf6,
    0x00, 0x5f, 0xf2, 0xdf, 0xb2, 0xff, 0x60, 0x00,
    0xff, 0x8d, 0xfb, 0x2f, 0xf6, 0x00, 0x0a, 0xfd,
    0xdf, 0xb2, 0xff, 0x60, 0x00, 0x4f, 0xff, 0xfb,
    0x2f, 0xf6, 0x00, 0x00, 0xef, 0xff, 0xb2, 0xff,
    0x60, 0x00, 0x08, 0xff, 0xfb, 0x2f, 0xf6, 0x00,
    0x00, 0x3f, 0xff, 0xb0,

    /* U+004F "O" */
    0x00, 0x02, 0x9d, 0xfe, 0xc7, 0x00, 0x00, 0x00,
    0x5f, 0xff, 0xff, 0xff, 0xd1, 0x00, 0x03, 0xff,
    0xfb, 0x78, 0xdf, 0xfc, 0x00, 0x0c, 0xff, 0x60,
    0x00, 0x0c, 0xff, 0x50, 0x2f, 0xfc, 0x00, 0x00,
    0x03, 0xff, 0xc0, 0x7f, 0xf7, 0x00, 0x00, 0x00,
    0xef, 0xf0, 0xaf, 0xf5, 0x00, 0x00, 0x00, 0xbf,
    0xf3, 0xcf, 0xf4, 0x00, 0x00, 0x00, 0xaf, 0xf5,
    0xdf, 0xf3, 0x00, 0x00, 0x00, 0xaf, 0xf6, 0xdf,
    0xf3, 0x00, 0x00, 0x00, 0xaf, 0xf7, 0xdf, 0xf3,
    0x00, 0x00, 0x00, 0xaf, 0xf6, 0xcf, 0xf4, 0x00,
    0x00, 0x00, 0xaf, 0xf5, 0xaf, 0xf5, 0x00, 0x00,
    0x00, 0xbf, 0xf3, 0x7f, 0xf7, 0x00, 0x00, 0x00,
    0xef, 0xf0, 0x2f, 0xfc, 0x00, 0x00, 0x03, 0xff,
    0xc0, 0x0c, 0xff, 0x60, 0x00, 0x0c, 0xff, 0x60,
    0x03, 0xff, 0xfb, 0x78, 0xdf, 0xfc, 0x00, 0x00,
    0x6f, 0xff, 0xff, 0xff, 0xd1, 0x00, 0x00, 0x02,
    0x9d, 0xfe, 0xc7, 0x00, 0x00,

    /* U+0050 "P" */
    0xdf, 0xff, 0xff, 0xff, 0xd7, 0x00, 0x0d, 0xff,
    0xff, 0xff, 0xff, 0xfc, 0x00, 0xdf, 0xf8, 0x77,
    0x7a, 0xff, 0xf8, 0x0d, 0xff, 0x10, 0x00, 0x03,
    0xff, 0xf0, 0xdf, 0xf1, 0x00, 0x00, 0x0d, 0xff,
    0x3d, 0xff, 0x10, 0x00, 0x00, 0xcf, 0xf4, 0xdf,
    0xf1, 0x00, 0x00, 0x0c, 0xff, 0x3d, 0xff, 0x10,
    0x00, 0x00, 0xff, 0xf1, 0xdf, 0xf1, 0x00, 0x02,
    0xbf, 0xfc, 0x0d, 0xff, 0xff, 0xff, 0xff, 0xff,
    0x30, 0xdf, 0xff, 0xff, 0xff, 0xfe, 0x40, 0x0d,
    0xff, 0x87, 0x77, 0x64, 0x00, 0x00, 0xdf, 0xf1,
    0x00, 0x00, 0x00, 0x00, 0x0d, 0xff, 0x10, 0x00,
    0x00, 0x00, 0x00, 0xdf, 0xf1, 0x00, 0x00, 0x00,
    0x00, 0x0d, 0xff, 0x10, 0x00, 0x00, 0x00, 0x00,
    0xdf, 0xf1, 0x00, 0x00, 0x00, 0x00, 0x0d, 0xff,
    0x10, 0x00, 0x00, 0x00, 0x00, 0xdf, 0xf1, 0x00,
    0x00, 0x00, 0x00, 0x00,

    /* U+0051 "Q" */
    0x00, 0x02, 0x9d, 0xfe, 0xc7, 0x00, 0x00, 0x00,
    0x6f, 0xff, 0xff, 0xff, 0xd1, 0x00, 0x03, 0xff,
    0xfb, 0x78, 0xdf, 0xfc, 0x00, 0x0c, 0xff, 0x60,
    0x00, 0x0c, 0xff, 0x60, 0x2f, 0xfc, 0x00, 0x00,
    0x03, 0xff, 0xc0, 0x7f, 0xf7, 0x00, 0x00, 0x00,
    0xef, 0xf0, 0xaf, 0xf5, 0x00, 0x00, 0x00, 0xbf,
    0xf3, 0xcf, 0xf4, 0x00, 0x00, 0x00, 0xaf, 0xf5,
    0xdf, 0xf3, 0x00, 0x00, 0x00, 0xaf, 0xf6, 0xdf,
    0xf3, 0x00, 0x00, 0x00, 0xaf, 0xf7, 0xdf, 0xf3,
    0x00, 0x00, 0x00, 0xaf, 0xf6, 0xcf, 0xf4, 0x00,
    0x00, 0x00, 0xaf, 0xf5, 0xaf, 0xf5, 0x00, 0x00,
    0x00, 0xbf, 0xf3, 0x7f, 0xf7, 0x00, 0x00, 0x00,
    0xef, 0xf0, 0x2f, 0xfc, 0x00, 0x00, 0x03, 0xff,
    0xb0, 0x0c, 0xff, 0x60, 0x00, 0x0c, 0xff, 0x50,
    0x03, 0xff, 0xfb, 0x89, 0xef, 0xfc, 0x00, 0x00,
    0x4f, 0xff, 0xff, 0xff, 0xc1, 0x00, 0x00, 0x01,
    0x8e, 0xff, 0xb6, 0x00, 0x00, 0x00, 0x00, 0x07,
    0xff, 0x10, 0x00, 0x00, 0x00, 0x00, 0x06, 0xff,
    0x10, 0x00, 0x00, 0x00, 0x00, 0x02, 0xff, 0xff,
    0xff, 0x20, 0x00, 0x00, 0x00, 0x6f, 0xff, 0xff,
    0x20, 0x00, 0x00, 0x00, 0x00, 0x23, 0x33, 0x00,

    /* U+0052 "R" */
    0xdf, 0xff, 0xff, 0xff, 0xd7, 0x00, 0x0d, 0xff,
    0xff, 0xff, 0xff, 0xfc, 0x00, 0xdf, 0xf8, 0x77,
    0x79, 0xff, 0xf8, 0x0d, 0xff, 0x10, 0x00, 0x03,
    0xff, 0xf0, 0xdf, 0xf1, 0x00, 0x00, 0x0d, 0xff,
    0x3d, 0xff, 0x10, 0x00, 0x00, 0xbf, 0xf4, 0xdf,
    0xf1, 0x00, 0x00, 0x0c, 0xff, 0x3d, 0xff, 0x10,
    0x00, 0x00, 0xef, 0xf1, 0xdf, 0xf1, 0x00, 0x02,
    0xaf, 0xfb, 0x0d, 0xff, 0xff, 0xff, 0xff, 0xff,
    0x20, 0xdf, 0xff, 0xff, 0xff, 0xfc, 0x30, 0x0d,
    0xff, 0x66, 0x9f, 0xf9, 0x00, 0x00, 0xdf, 0xf1,
    0x00, 0xef, 0xf2, 0x00, 0x0d, 0xff, 0x10, 0x07,
    0xff, 0xa0, 0x00, 0xdf, 0xf1, 0x00, 0x0e, 0xff,
    0x20, 0x0d, 0xff, 0x10, 0x00, 0x6f, 0xfb, 0x00,
    0xdf, 0xf1, 0x00, 0x00, 0xef, 0xf3, 0x0d, 0xff,
    0x10, 0x00, 0x06, 0xff, 0xc0, 0xdf, 0xf1, 0x00,
    0x00, 0x0e, 0xff, 0x40,

    /* U+0053 "S" */
    0x00, 0x05, 0xae, 0xff, 0xda, 0x40, 0x00, 0x00,
    0xbf, 0xff, 0xff, 0xff, 0xfc, 0x10, 0x09, 0xff,
    0xfa, 0x88, 0xaf, 0xff, 0xc0, 0x0f, 0xff, 0x30,
    0x00, 0x01, 0xbf, 0x40, 0x3f, 0xfb, 0x00, 0x00,
    0x00, 0x03, 0x00, 0x4f, 0xfa, 0x00, 0x00, 0x00,
    0x00, 0x00, 0x2f, 0xfe, 0x10, 0x00, 0x00, 0x00,
    0x00, 0x0d, 0xff, 0xd6, 0x20, 0x00, 0x00, 0x00,
    0x04, 0xff, 0xff, 0xfe, 0xc8, 0x20, 0x00, 0x00,
    0x4d, 0xff, 0xff, 0xff, 0xf8, 0x00, 0x00, 0x00,
    0x36, 0x9c, 0xff, 0xff, 0x60, 0x00, 0x00, 0x00,
    0x00, 0x1a, 0xff, 0xe0, 0x00, 0x00, 0x00, 0x00,
    0x00, 0xef, 0xf2, 0x00, 0x00, 0x00, 0x00, 0x00,
    0xbf, 0xf3, 0x08, 0x40, 0x00, 0x00, 0x00, 0xef,
    0xf2, 0x8f, 0xf7, 0x00, 0x00, 0x07, 0xff, 0xd0,
    0x7f, 0xff, 0xe9, 0x78, 0xcf, 0xff, 0x50, 0x06,
    0xff, 0xff, 0xff, 0xff, 0xf7, 0x00, 0x00, 0x17,
    0xce, 0xff, 0xd8, 0x20, 0x00,

    /* U+0054 "T" */
    0x5f, 0xff, 0xff, 0xff, 0xff, 0xff, 0xff, 0xf5,
    0xff, 0xff, 0xff, 0xff, 0xff, 0xff, 0xff, 0x28,
    0x88, 0x88, 0xdf, 0xfa, 0x88, 0x88, 0x70, 0x00,
    0x00, 0x0a, 0xff, 0x40, 0x00, 0x00, 0x00, 0x00,
    0x00, 0xaf, 0xf4, 0x00, 0x00, 0x00, 0x00, 0x00,
    0x0a, 0xff, 0x40, 0x00, 0x00, 0x00, 0x00, 0x00,
    0xaf, 0xf4, 0x00, 0x00, 0x00, 0x00, 0x00, 0x0a,
    0xff, 0x40, 0x00, 0x00, 0x00, 0x00, 0x00, 0xaf,
    0xf4, 0x00, 0x00, 0x00, 0x00, 0x00, 0x0a, 0xff,
    0x40, 0x00, 0x00, 0x00, 0x00, 0x00, 0xaf, 0xf4,
    0x00, 0x00, 0x00, 0x00, 0x00, 0x0a, 0xff, 0x40,
    0x00, 0x00, 0x00, 0x00, 0x00, 0xaf, 0xf4, 0x00,
    0x00, 0x00, 0x00, 0x00, 0x0a, 0xff, 0x40, 0x00,
    0x00, 0x00, 0x00, 0x00, 0xaf, 0xf4, 0x00, 0x00,
    0x00, 0x00, 0x00, 0x0a, 0xff, 0x40, 0x00, 0x00,
    0x00, 0x00, 0x00, 0xaf, 0xf4, 0x00, 0x00, 0x00,
    0x00, 0x00, 0x0a, 0xff, 0x40, 0x00, 0x00, 0x00,
    0x00, 0x00, 0xaf, 0xf4, 0x00, 0x00, 0x00,

    /* U+0055 "U" */
    0x3f, 0xfb, 0x00, 0x00, 0x01, 0xff, 0xd3, 0xff,
    0xb0, 0x00, 0x00, 0x1f, 0xfd, 0x3f, 0xfb, 0x00,
    0x00, 0x01, 0xff, 0xd3, 0xff, 0xb0, 0x00, 0x00,
    0x1f, 0xfd, 0x3f, 0xfb, 0x00, 0x00, 0x01, 0xff,
    0xd3, 0xff, 0xb0, 0x00, 0x00, 0x1f, 0xfd, 0x3f,
    0xfb, 0x00, 0x00, 0x01, 0xff, 0xd3, 0xff, 0xb0,
    0x00, 0x00, 0x1f, 0xfd, 0x3f, 0xfb, 0x00, 0x00,
    0x01, 0xff, 0xd3, 0xff, 0xb0, 0x00, 0x00, 0x1f,
    0xfd, 0x3f, 0xfb, 0x00, 0x00, 0x01, 0xff, 0xc3,
    0xff, 0xb0, 0x00, 0x00, 0x1f, 0xfc, 0x2f, 0xfb,
    0x00, 0x00, 0x02, 0xff, 0xc1, 0xff, 0xc0, 0x00,
    0x00, 0x2f, 0xfa, 0x0f, 0xfe, 0x00, 0x00, 0x05,
    0xff, 0x80, 0xbf, 0xf5, 0x00, 0x00, 0xcf, 0xf5,
    0x05, 0xff, 0xfa, 0x78, 0xdf, 0xfe, 0x00, 0x0a,
    0xff, 0xff, 0xff, 0xff, 0x40, 0x00, 0x05, 0xbe,
    0xff, 0xd9, 0x20, 0x00,

    /* U+0056 "V" */
    0x3f, 0xfe, 0x00, 0x00, 0x00, 0x03, 0xff, 0xd0,
    0xef, 0xf2, 0x00, 0x00, 0x00, 0x7f, 0xf8, 0x0a,
    0xff, 0x60, 0x00, 0x00, 0x0b, 0xff, 0x40, 0x6f,
    0xfa, 0x00, 0x00, 0x00, 0xff, 0xf0, 0x02, 0xff,
    0xe0, 0x00, 0x00, 0x3f, 0xfb, 0x00, 0x0d, 0xff,
    0x20, 0x00, 0x07, 0xff, 0x70, 0x00, 0x9f, 0xf6,
    0x00, 0x00, 0xbf, 0xf3, 0x00, 0x05, 0xff, 0xa0,
    0x00, 0x0f, 0xfe, 0x00, 0x00, 0x1f, 0xfe, 0x00,
    0x03, 0xff, 0xa0, 0x00, 0x00, 0xcf, 0xf2, 0x00,
    0x7f, 0xf6, 0x00, 0x00, 0x08, 0xff, 0x60, 0x0b,
    0xff, 0x10, 0x00, 0x00, 0x4f, 0xfa, 0x00, 0xff,
    0xd0, 0x00, 0x00, 0x00, 0xff, 0xe0, 0x3f, 0xf9,
    0x00, 0x00, 0x00, 0x0b, 0xff, 0x27, 0xff, 0x40,
    0x00, 0x00, 0x00, 0x7f, 0xf6, 0xbf, 0xf0, 0x00,
    0x00, 0x00, 0x02, 0xff, 0xae, 0xfc, 0x00, 0x00,
    0x00, 0x00, 0x0e, 0xff, 0xff, 0x80, 0x00, 0x00,
    0x00, 0x00, 0xaf, 0xff, 0xf3, 0x00, 0x00, 0x00,
    0x00, 0x05, 0xff, 0xff, 0x00, 0x00, 0x00,

    /* U+0057 "W" */
    0x5f, 0xf3, 0x00, 0x00, 0x00, 0x00, 0x8f, 0xe3,
    0xff, 0x40, 0x00, 0x00, 0x00, 0x09, 0xfd, 0x2f,
    0xf5, 0x00, 0x00, 0x00, 0x00, 0xaf, 0xc1, 0xff,
    0x60, 0x00, 0x00, 0x00, 0x0b, 0xfb, 0x0f, 0xf7,
    0x00, 0x00, 0x00, 0x00, 0xcf, 0xa0, 0xff, 0x80,
    0x0b, 0xff, 0x50, 0x0d, 0xf9, 0x0e, 0xf9, 0x00,
    0xef, 0xf8, 0x00, 0xef, 0x80, 0xdf, 0xa0, 0x1f,
    0xff, 0xb0, 0x0f, 0xf7, 0x0c, 0xfb, 0x04, 0xfc,
    0xfe, 0x00, 0xff, 0x50, 0xbf, 0xb0, 0x7f, 0x7e,
    0xf1, 0x1f, 0xf4, 0x0a, 0xfc, 0x0a, 0xf5, 0xbf,
    0x42, 0xff, 0x30, 0x8f, 0xd0, 0xdf, 0x28, 0xf7,
    0x2f, 0xf2, 0x07, 0xfe, 0x0f, 0xf0, 0x5f, 0xa3,
    0xff, 0x10, 0x6f, 0xf3, 0xfc, 0x03, 0xfd, 0x4f,
    0xf0, 0x05, 0xff, 0x6f, 0xa0, 0x0f, 0xf6, 0xff,
    0x00, 0x4f, 0xfa, 0xf7, 0x00, 0xdf, 0xaf, 0xe0,
    0x03, 0xff, 0xff, 0x40, 0x0a, 0xff, 0xfd, 0x00,
    0x2f, 0xff, 0xf1, 0x00, 0x8f, 0xff, 0xc0, 0x01,
    0xff, 0xfe, 0x00, 0x05, 0xff, 0xfb, 0x00,

    /* U+0058 "X" */
    0x0d, 0xff, 0x60, 0x00, 0x00, 0x08, 0xff, 0x90,
    0x05, 0xff, 0xe0, 0x00, 0x00, 0x1f, 0xff, 0x10,
    0x00, 0xcf, 0xf7, 0x00, 0x00, 0xaf, 0xf7, 0x00,
    0x00, 0x3f, 0xff, 0x10, 0x03, 0xff, 0xd0, 0x00,
    0x00, 0x0a, 0xff, 0x90, 0x0b, 0xff, 0x50, 0x00,
    0x00, 0x01, 0xff, 0xf2, 0x4f, 0xfc, 0x00, 0x00,
    0x00, 0x00, 0x7f, 0xfa, 0xcf, 0xf3, 0x00, 0x00,
    0x00, 0x00, 0x0e, 0xff, 0xff, 0x90, 0x00, 0x00,
    0x00, 0x00, 0x05, 0xff, 0xff, 0x10, 0x00, 0x00,
    0x00, 0x00, 0x01, 0xff, 0xfc, 0x00, 0x00, 0x00,
    0x00, 0x00, 0x0a, 0xff, 0xff, 0x50, 0x00, 0x00,
    0x00, 0x00, 0x3f, 0xfe, 0xff, 0xd0, 0x00, 0x00,
    0x00, 0x00, 0xcf, 0xf3, 0xbf, 0xf7, 0x00, 0x00,
    0x00, 0x05, 0xff, 0xa0, 0x2f, 0xff, 0x10, 0x00,
    0x00, 0x0e, 0xff, 0x20, 0x09, 0xff, 0x90, 0x00,
    0x00, 0x8f, 0xf9, 0x00, 0x01, 0xff, 0xf2, 0x00,
    0x01, 0xff, 0xe1, 0x00, 0x00, 0x8f, 0xfb, 0x00,
    0x0a, 0xff, 0x70, 0x00, 0x00, 0x1e, 0xff, 0x40,
    0x3f, 0xfd, 0x00, 0x00, 0x00, 0x07, 0xff, 0xd0,

    /* U+0059 "Y" */
    0x6f, 0xfc, 0x00, 0x00, 0x00, 0x02, 0xff, 0xf1,
    0x0e, 0xff, 0x40, 0x00, 0x00, 0x0a, 0xff, 0x80,
    0x06, 0xff, 0xc0, 0x00, 0x00, 0x2f, 0xff, 0x10,
    0x00, 0xef, 0xf4, 0x00, 0x00, 0x9f, 0xf7, 0x00,
    0x00, 0x6f, 0xfc, 0x00, 0x01, 0xff, 0xe0, 0x00,
    0x00, 0x0d, 0xff, 0x30, 0x08, 0xff, 0x70, 0x00,
    0x00, 0x06, 0xff, 0xb0, 0x1f, 0xfe, 0x00, 0x00,
    0x00, 0x00, 0xdf, 0xf2, 0x7f, 0xf7, 0x00, 0x00,
    0x00, 0x00, 0x5f, 0xfa, 0xef, 0xe0, 0x00, 0x00,
    0x00, 0x00, 0x0d, 0xff, 0xff, 0x70, 0x00, 0x00,
    0x00, 0x00, 0x05, 0xff, 0xfe, 0x00, 0x00, 0x00,
    0x00, 0x00, 0x00, 0xdf, 0xf6, 0x00, 0x00, 0x00,
    0x00, 0x00, 0x00, 0xaf, 0xf4, 0x00, 0x00, 0x00,
    0x00, 0x00, 0x00, 0xaf, 0xf4, 0x00, 0x00, 0x00,
    0x00, 0x00, 0x00, 0xaf, 0xf4, 0x00, 0x00, 0x00,
    0x00, 0x00, 0x00, 0xaf, 0xf4, 0x00, 0x00, 0x00,
    0x00, 0x00, 0x00, 0xaf, 0xf4, 0x00, 0x00, 0x00,
    0x00, 0x00, 0x00, 0xaf, 0xf4, 0x00, 0x00, 0x00,
    0x00, 0x00, 0x00, 0xaf, 0xf4, 0x00, 0x00, 0x00,

    /* U+005A "Z" */
    0x6f, 0xff, 0xff, 0xff, 0xff, 0xff, 0xf0, 0x6f,
    0xff, 0xff, 0xff, 0xff, 0xff, 0xf0, 0x38, 0x88,
    0x88, 0x88, 0x8b, 0xff, 0xf0, 0x00, 0x00, 0x00,
    0x00, 0x0d, 0xff, 0x60, 0x00, 0x00, 0x00, 0x00,
    0x9f, 0xfb, 0x00, 0x00, 0x00, 0x00, 0x04, 0xff,
    0xe1, 0x00, 0x00, 0x00, 0x00, 0x1e, 0xff, 0x50,
    0x00, 0x00, 0x00, 0x00, 0xaf, 0xfa, 0x00, 0x00,
    0x00, 0x00, 0x05, 0xff, 0xe1, 0x00, 0x00, 0x00,
    0x00, 0x1e, 0xff, 0x40, 0x00, 0x00, 0x00, 0x00,
    0xbf, 0xf9, 0x00, 0x00, 0x00, 0x00, 0x06, 0xff,
    0xd0, 0x00, 0x00, 0x00, 0x00, 0x2f, 0xff, 0x30,
    0x00, 0x00, 0x00, 0x00, 0xcf, 0xf8, 0x00, 0x00,
    0x00, 0x00, 0x07, 0xff, 0xd0, 0x00, 0x00, 0x00,
    0x00, 0x2f, 0xff, 0x20, 0x00, 0x00, 0x00, 0x00,
    0xbf, 0xfc, 0x77, 0x77, 0x77, 0x77, 0x72, 0xcf,
    0xff, 0xff, 0xff, 0xff, 0xff, 0xf5, 0xcf, 0xff,
    0xff, 0xff, 0xff, 0xff, 0xf5,

    /* U+005B "[" */
    0xaf, 0xff, 0xff, 0xff, 0x2a, 0xff, 0xff, 0xff,
    0xf2, 0xaf, 0xb1, 0x11, 0x11, 0x0a, 0xfb, 0x00,
    0x00, 0x00, 0xaf, 0xb0, 0x00, 0x00, 0x0a, 0xfb,
    0x00, 0x00, 0x00, 0xaf, 0xb0, 0x00, 0x00, 0x0a,
    0xfb, 0x00, 0x00, 0x00, 0xaf, 0xb0, 0x00, 0x00,
    0x0a, 0xfb, 0x00, 0x00, 0x00, 0xaf, 0xb0, 0x00,
    0x00, 0x0a, 0xfb, 0x00, 0x00, 0x00, 0xaf, 0xb0,
    0x00, 0x00, 0x0a, 0xfb, 0x00, 0x00, 0x00, 0xaf,
    0xb0, 0x00, 0x00, 0x0a, 0xfb, 0x00, 0x00, 0x00,
    0xaf, 0xb0, 0x00, 0x00, 0x0a, 0xfb, 0x00, 0x00,
    0x00, 0xaf, 0xb0, 0x00, 0x00, 0x0a, 0xfb, 0x00,
    0x00, 0x00, 0xaf, 0xb0, 0x00, 0x00, 0x0a, 0xfb,
    0x11, 0x11, 0x10, 0xaf, 0xff, 0xff, 0xff, 0x2a,
    0xff, 0xff, 0xff, 0xf2,

    /* U+005C "\\" */
    0xaf, 0xd0, 0x00, 0x00, 0x00, 0x00, 0x4f, 0xf3,
    0x00, 0x00, 0x00, 0x00, 0x0e, 0xf9, 0x00, 0x00,
    0x00, 0x00, 0x09, 0xfe, 0x00, 0x00, 0x00, 0x00,
    0x03, 0xff, 0x50, 0x00, 0x00, 0x00, 0x00, 0xdf,
    0xb0, 0x00, 0x00, 0x00, 0x00, 0x7f, 0xf1, 0x00,
    0x00, 0x00, 0x00, 0x1f, 0xf6, 0x00, 0x00, 0x00,
    0x00, 0x0b, 0xfc, 0x00, 0x00, 0x00, 0x00, 0x06,
    0xff, 0x20, 0x00, 0x00, 0x00, 0x00, 0xff, 0x80,
    0x00, 0x00, 0x00, 0x00, 0xaf, 0xd0, 0x00, 0x00,
    0x00, 0x00, 0x4f, 0xf3, 0x00, 0x00, 0x00, 0x00,
    0x0e, 0xf9, 0x00, 0x00, 0x00, 0x00, 0x08, 0xff,
    0x00, 0x00, 0x00, 0x00, 0x02, 0xff, 0x50, 0x00,
    0x00, 0x00, 0x00, 0xdf, 0xb0, 0x00, 0x00, 0x00,
    0x00, 0x7f, 0xf1, 0x00, 0x00, 0x00, 0x00, 0x1f,
    0xf6, 0x00, 0x00, 0x00, 0x00, 0x0b, 0xfc, 0x00,
    0x00, 0x00, 0x00, 0x05, 0xff, 0x20, 0x00, 0x00,
    0x00, 0x00, 0xff, 0x80, 0x00, 0x00, 0x00, 0x00,
    0xaf, 0xe0, 0x00, 0x00, 0x00, 0x00, 0x4f, 0xf4,

    /* U+005D "]" */
    0x9f, 0xff, 0xff, 0xff, 0x39, 0xff, 0xff, 0xff,
    0xf3, 0x01, 0x11, 0x12, 0xff, 0x30, 0x00, 0x00,
    0x2f, 0xf3, 0x00, 0x00, 0x02, 0xff, 0x30, 0x00,
    0x00, 0x2f, 0xf3, 0x00, 0x00, 0x02, 0xff, 0x30,
    0x00, 0x00, 0x2f, 0xf3, 0x00, 0x00, 0x02, 0xff,
    0x30, 0x00, 0x00, 0x2f, 0xf3, 0x00, 0x00, 0x02,
    0xff, 0x30, 0x00, 0x00, 0x2f, 0xf3, 0x00, 0x00,
    0x02, 0xff, 0x30, 0x00, 0x00, 0x2f, 0xf3, 0x00,
    0x00, 0x02, 0xff, 0x30, 0x00, 0x00, 0x2f, 0xf3,
    0x00, 0x00, 0x02, 0xff, 0x30, 0x00, 0x00, 0x2f,
    0xf3, 0x00, 0x00, 0x02, 0xff, 0x30, 0x00, 0x00,
    0x2f, 0xf3, 0x00, 0x00, 0x02, 0xff, 0x30, 0x11,
    0x11, 0x2f, 0xf3, 0x9f, 0xff, 0xff, 0xff, 0x39,
    0xff, 0xff, 0xff, 0xf3,

    /* U+005E "^" */
    0x00, 0x00, 0x00, 0xef, 0xf9, 0x00, 0x00, 0x00,
    0x00, 0x00, 0x8f, 0xff, 0xf1, 0x00, 0x00, 0x00,
    0x00, 0x1f, 0xfd, 0xff, 0x90, 0x00, 0x00, 0x00,
    0x08, 0xff, 0x2b, 0xff, 0x20, 0x00, 0x00, 0x01,
    0xff, 0xa0, 0x3f, 0xfa, 0x00, 0x00, 0x00, 0x8f,
    0xf2, 0x00, 0xaf, 0xf2, 0x00, 0x00, 0x1f, 0xfa,
    0x00, 0x02, 0xff, 0xa0, 0x00, 0x09, 0xff, 0x20,
    0x00, 0x0a, 0xff, 0x20, 0x01, 0xff, 0x90, 0x00,
    0x00, 0x2f, 0xfa, 0x00, 0x9f, 0xf2, 0x00, 0x00,
    0x00, 0xaf, 0xf3, 0x09, 0xf9, 0x00, 0x00, 0x00,
    0x02, 0xfd, 0x40, 0x02, 0x10, 0x00, 0x00, 0x00,
    0x03, 0x00,

    /* U+005F "_" */
    0x38, 0x88, 0x88, 0x88, 0x88, 0x88, 0x80, 0x7f,
    0xff, 0xff, 0xff, 0xff, 0xff, 0xf0, 0x7f, 0xff,
    0xff, 0xff, 0xff, 0xff, 0xf0,

    /* U+0060 "`" */
    0x04, 0xc2, 0x00, 0x4f, 0xf9, 0x00, 0x0a, 0xff,
    0x20, 0x01, 0xef, 0x90, 0x00, 0x4f, 0xf1, 0x00,
    0x06, 0x20,

    /* U+0061 "a" */
    0x00, 0x06, 0xce, 0xfe, 0xb5, 0x00, 0x00, 0x02,
    0xdf, 0xff, 0xff, 0xff, 0x90, 0x00, 0x0c, 0xff,
    0x95, 0x58, 0xff, 0xf5, 0x00, 0x03, 0xd3, 0x00,
    0x00, 0x5f, 0xfa, 0x00, 0x00, 0x00, 0x00, 0x00,
    0x0f, 0xfc, 0x00, 0x00, 0x00, 0x00, 0x00, 0x0f,
    0xfd, 0x00, 0x00, 0x3a, 0xdf, 0xff, 0xff, 0xfd,
    0x00, 0x07, 0xff, 0xfe, 0xdd, 0xdf, 0xfd, 0x00,
    0x2f, 0xfd, 0x20, 0x00, 0x0f, 0xfd, 0x00, 0x6f,
    0xf7, 0x00, 0x00, 0x0f, 0xfd, 0x00, 0x6f, 0xf8,
    0x00, 0x00, 0x3f, 0xfd, 0x00, 0x2f, 0xfe, 0x52,
    0x26, 0xee, 0xfe, 0x42, 0x09, 0xff, 0xff, 0xff,
    0x98, 0xff, 0xf8, 0x00, 0x6c, 0xff, 0xd6, 0x01,
    0xbf, 0xf8,

    /* U+0062 "b" */
    0xff, 0xe0, 0x00, 0x00, 0x00, 0x00, 0x0f, 0xfe,
    0x00, 0x00, 0x00, 0x00, 0x00, 0xff, 0xe0, 0x00,
    0x00, 0x00, 0x00, 0x0f, 0xfe, 0x00, 0x00, 0x00,
    0x00, 0x00, 0xff, 0xe0, 0x00, 0x00, 0x00, 0x00,
    0x0f, 0xfe, 0x00, 0x00, 0x00, 0x00, 0x00, 0xff,
    0xe0, 0x3b, 0xef, 0xc6, 0x00, 0x0f, 0xfe, 0x3f,
    0xff, 0xff, 0xf9, 0x00, 0xff, 0xed, 0xa6, 0x7b,
    0xff, 0xf5, 0x0f, 0xff, 0x50, 0x00, 0x08, 0xff,
    0xc0, 0xff, 0xf0, 0x00, 0x00, 0x0f, 0xff, 0x0f,
    0xfe, 0x00, 0x00, 0x00, 0xcf, 0xf3, 0xff, 0xe0,
    0x00, 0x00, 0x0b, 0xff, 0x4f, 0xfe, 0x00, 0x00,
    0x00, 0xbf, 0xf4, 0xff, 0xe0, 0x00, 0x00, 0x0c,
    0xff, 0x3f, 0xff, 0x00, 0x00, 0x00, 0xff, 0xf0,
    0xff, 0xf5, 0x00, 0x00, 0x8f, 0xfc, 0x0f, 0xfe,
    0xda, 0x67, 0xbf, 0xff, 0x50, 0xff, 0xe3, 0xff,
    0xff, 0xff, 0x90, 0x0f, 0xfe, 0x03, 0xbe, 0xfc,
    0x60, 0x00,

    /* U+0063 "c" */
    0x00, 0x00, 0x6c, 0xef, 0xd9, 0x20, 0x00, 0x01,
    0xdf, 0xff, 0xff, 0xff, 0x40, 0x00, 0xcf, 0xfd,
    0x86, 0xaf, 0xff, 0x10, 0x6f, 0xfb, 0x00, 0x00,
    0x4f, 0xb2, 0x0b, 0xff, 0x20, 0x00, 0x00, 0x20,
    0x00, 0xff, 0xf0, 0x00, 0x00, 0x00, 0x00, 0x0f,
    0xfe, 0x00, 0x00, 0x00, 0x00, 0x00, 0xff, 0xe0,
    0x00, 0x00, 0x00, 0x00, 0x0f, 0xff, 0x00, 0x00,
    0x00, 0x00, 0x00, 0xcf, 0xf2, 0x00, 0x00, 0x03,
    0x00, 0x06, 0xff, 0xb0, 0x00, 0x02, 0xee, 0x40,
    0x0d, 0xff, 0xd8, 0x69, 0xff, 0xf3, 0x00, 0x1d,
    0xff, 0xff, 0xff, 0xf6, 0x00, 0x00, 0x07, 0xce,
    0xfd, 0xa3, 0x00,

    /* U+0064 "d" */
    0x00, 0x00, 0x00, 0x00, 0x04, 0xff, 0x80, 0x00,
    0x00, 0x00, 0x00, 0x4f, 0xf8, 0x00, 0x00, 0x00,
    0x00, 0x04, 0xff, 0x80, 0x00, 0x00, 0x00, 0x00,
    0x4f, 0xf8, 0x00, 0x00, 0x00, 0x00, 0x04, 0xff,
    0x80, 0x00, 0x00, 0x00, 0x00, 0x4f, 0xf8, 0x00,
    0x19, 0xef, 0xd8, 0x04, 0xff, 0x80, 0x1e, 0xff,
    0xff, 0xfc, 0x4f, 0xf8, 0x0b, 0xff, 0xf9, 0x67,
    0xdc, 0xff, 0x82, 0xff, 0xf2, 0x00, 0x00, 0xbf,
    0xf8, 0x6f, 0xf9, 0x00, 0x00, 0x05, 0xff, 0x89,
    0xff, 0x60, 0x00, 0x00, 0x4f, 0xf8, 0xaf, 0xf5,
    0x00, 0x00, 0x04, 0xff, 0x8a, 0xff, 0x50, 0x00,
    0x00, 0x4f, 0xf8, 0x9f, 0xf5, 0x00, 0x00, 0x04,
    0xff, 0x86, 0xff, 0x90, 0x00, 0x00, 0x5f, 0xf8,
    0x2f, 0xff, 0x20, 0x00, 0x0b, 0xff, 0x80, 0xbf,
    0xff, 0x96, 0x7d, 0xcf, 0xf8, 0x01, 0xef, 0xff,
    0xff, 0xc4, 0xff, 0x80, 0x01, 0x9e, 0xfd, 0x80,
    0x4f, 0xf8,

    /* U+0065 "e" */
    0x00, 0x01, 0x8d, 0xff, 0xc6, 0x00, 0x00, 0x00,
    0x4f, 0xff, 0xff, 0xff, 0xd1, 0x00, 0x02, 0xff,
    0xf8, 0x35, 0xaf, 0xfc, 0x00, 0x0b, 0xff, 0x40,
    0x00, 0x09, 0xff, 0x50, 0x1f, 0xfb, 0x00, 0x00,
    0x00, 0xff, 0xb0, 0x4f, 0xf8, 0x00, 0x00, 0x00,
    0xef, 0xe0, 0x6f, 0xff, 0xff, 0xff, 0xff, 0xff,
    0xf0, 0x6f, 0xff, 0xff, 0xff, 0xff, 0xff, 0xf0,
    0x5f, 0xf7, 0x00, 0x00, 0x00, 0x00, 0x00, 0x1f,
    0xfa, 0x00, 0x00, 0x00, 0x00, 0x00, 0x0b, 0xff,
    0x40, 0x00, 0x01, 0xcb, 0x00, 0x03, 0xff, 0xfa,
    0x65, 0x8e, 0xff, 0x50, 0x00, 0x5f, 0xff, 0xff,
    0xff, 0xf7, 0x00, 0x00, 0x01, 0x8d, 0xff, 0xd9,
    0x30, 0x00,

    /* U+0066 "f" */
    0x00, 0x00, 0x00, 0x4c, 0xff, 0xff, 0xf4, 0x00,
    0x00, 0x02, 0xff, 0xff, 0xff, 0xf4, 0x00, 0x00,
    0x08, 0xff, 0x65, 0x55, 0x51, 0x00, 0x00, 0x0a,
    0xff, 0x20, 0x00, 0x00, 0x00, 0x00, 0x0b, 0xff,
    0x20, 0x00, 0x00, 0x00, 0x00, 0x0b, 0xff, 0x20,
    0x00, 0x00, 0x3f, 0xff, 0xff, 0xff, 0xff, 0xff,
    0xf4, 0x3f, 0xff, 0xff, 0xff, 0xff, 0xff, 0xf4,
    0x15, 0x55, 0x5c, 0xff, 0x65, 0x55, 0x51, 0x00,
    0x00, 0x0b, 0xff, 0x20, 0x00, 0x00, 0x00, 0x00,
    0x0b, 0xff, 0x20, 0x00, 0x00, 0x00, 0x00, 0x0b,
    0xff, 0x20, 0x00, 0x00, 0x00, 0x00, 0x0b, 0xff,
    0x20, 0x00, 0x00, 0x00, 0x00, 0x0b, 0xff, 0x20,
    0x00, 0x00, 0x00, 0x00, 0x0b, 0xff, 0x20, 0x00,
    0x00, 0x00, 0x00, 0x0b, 0xff, 0x20, 0x00, 0x00,
    0x00, 0x00, 0x0b, 0xff, 0x20, 0x00, 0x00, 0x05,
    0x55, 0x5c, 0xff, 0x65, 0x55, 0x30, 0x0f, 0xff,
    0xff, 0xff, 0xff, 0xff, 0xa0, 0x0f, 0xff, 0xff,
    0xff, 0xff, 0xff, 0xa0,

    /* U+0067 "g" */
    0x00, 0x00, 0x00, 0x00, 0x00, 0x24, 0x42, 0x00,
    0x00, 0x00, 0x00, 0x07, 0xff, 0xf7, 0x00, 0x00,
    0x00, 0x00, 0x0c, 0xff, 0xf7, 0x00, 0x03, 0xae,
    0xff, 0xff, 0x50, 0x00, 0x00, 0x8f, 0xff, 0xff,
    0xff, 0xe2, 0x00, 0x04, 0xff, 0xc3, 0x01, 0x8f,
    0xfb, 0x00, 0x0a, 0xff, 0x20, 0x00, 0x0c, 0xff,
    0x00, 0x0b, 0xff, 0x00, 0x00, 0x0a, 0xff, 0x20,
    0x0a, 0xff, 0x20, 0x00, 0x0c, 0xff, 0x00, 0x04,
    0xff, 0xc3, 0x01, 0x8f, 0xfa, 0x00, 0x00, 0x7f,
    0xff, 0xff, 0xff, 0xc1, 0x00, 0x00, 0x09, 0xfd,
    0xfe, 0xc6, 0x00, 0x00, 0x01, 0xde, 0x10, 0x00,
    0x00, 0x00, 0x00, 0x08, 0xfa, 0x00, 0x00, 0x00,
    0x00, 0x00, 0x08, 0xff, 0x97, 0x77, 0x76, 0x51,
    0x00, 0x02, 0xef, 0xff, 0xff, 0xff, 0xff, 0x80,
    0x00, 0x7f, 0xff, 0xff, 0xff, 0xff, 0xf6, 0x0d,
    0xf6, 0x00, 0x00, 0x01, 0x5f, 0xfb, 0x6f, 0xf1,
    0x00, 0x00, 0x00, 0x0e, 0xfc, 0x6f, 0xfb, 0x31,
    0x00, 0x13, 0xaf, 0xf8, 0x0d, 0xff, 0xff, 0xff,
    0xff, 0xff, 0xb0, 0x00, 0x6b, 0xdf, 0xff, 0xed,
    0x94, 0x00,

    /* U+0068 "h" */
    0xdf, 0xf0, 0x00, 0x00, 0x00, 0x00, 0xdf, 0xf0,
    0x00, 0x00, 0x00, 0x00, 0xdf, 0xf0, 0x00, 0x00,
    0x00, 0x00, 0xdf, 0xf0, 0x00, 0x00, 0x00, 0x00,
    0xdf, 0xf0, 0x00, 0x00, 0x00, 0x00, 0xdf, 0xf0,
    0x00, 0x00, 0x00, 0x00, 0xdf, 0xf0, 0x3b, 0xef,
    0xc4, 0x00, 0xdf, 0xf3, 0xff, 0xff, 0xff, 0x60,
    0xdf, 0xfc, 0xa6, 0x7c, 0xff, 0xf1, 0xdf, 0xf7,
    0x00, 0x00, 0xcf, 0xf5, 0xdf, 0xf1, 0x00, 0x00,
    0x6f, 0xf7, 0xdf, 0xf0, 0x00, 0x00, 0x4f, 0xf8,
    0xdf, 0xf0, 0x00, 0x00, 0x4f, 0xf8, 0xdf, 0xf0,
    0x00, 0x00, 0x4f, 0xf8, 0xdf, 0xf0, 0x00, 0x00,
    0x4f, 0xf8, 0xdf, 0xf0, 0x00, 0x00, 0x4f, 0xf8,
    0xdf, 0xf0, 0x00, 0x00, 0x4f, 0xf8, 0xdf, 0xf0,
    0x00, 0x00, 0x4f, 0xf8, 0xdf, 0xf0, 0x00, 0x00,
    0x4f, 0xf8, 0xdf, 0xf0, 0x00, 0x00, 0x4f, 0xf8,

    /* U+0069 "i" */
    0x00, 0x00, 0x0b, 0xfd, 0x20, 0x00, 0x00, 0x00,
    0x04, 0xff, 0xf8, 0x00, 0x00, 0x00, 0x00, 0x3f,
    0xff, 0x70, 0x00, 0x00, 0x00, 0x00, 0x6a, 0x80,
    0x00, 0x00, 0x00, 0x00, 0x00, 0x00, 0x00, 0x00,
    0x00, 0x00, 0x00, 0x00, 0x00, 0x00, 0x00, 0x6f,
    0xff, 0xff, 0xff, 0x00, 0x00, 0x06, 0xff, 0xff,
    0xff, 0xf0, 0x00, 0x00, 0x15, 0x55, 0x5d, 0xff,
    0x00, 0x00, 0x00, 0x00, 0x00, 0xcf, 0xf0, 0x00,
    0x00, 0x00, 0x00, 0x0c, 0xff, 0x00, 0x00, 0x00,
    0x00, 0x00, 0xcf, 0xf0, 0x00, 0x00, 0x00, 0x00,
    0x0c, 0xff, 0x00, 0x00, 0x00, 0x00, 0x00, 0xcf,
    0xf0, 0x00, 0x00, 0x00, 0x00, 0x0c, 0xff, 0x00,
    0x00, 0x00, 0x00, 0x00, 0xcf, 0xf0, 0x00, 0x00,
    0x00, 0x00, 0x0c, 0xff, 0x00, 0x00, 0x01, 0x55,
    0x55, 0xdf, 0xf5, 0x55, 0x51, 0x6f, 0xff, 0xff,
    0xff, 0xff, 0xff, 0x56, 0xff, 0xff, 0xff, 0xff,
    0xff, 0xf5,

    /* U+006A "j" */
    0x00, 0x00, 0x00, 0x8f, 0xe5, 0x00, 0x00, 0x00,
    0xff, 0xfc, 0x00, 0x00, 0x00, 0xff, 0xfb, 0x00,
    0x00, 0x00, 0x49, 0x92, 0x00, 0x00, 0x00, 0x00,
    0x00, 0x00, 0x00, 0x00, 0x00, 0x00, 0x9f, 0xff,
    0xff, 0xff, 0xf5, 0x9f, 0xff, 0xff, 0xff, 0xf5,
    0x35, 0x55, 0x55, 0xaf, 0xf5, 0x00, 0x00, 0x00,
    0x8f, 0xf5, 0x00, 0x00, 0x00, 0x8f, 0xf5, 0x00,
    0x00, 0x00, 0x8f, 0xf5, 0x00, 0x00, 0x00, 0x8f,
    0xf5, 0x00, 0x00, 0x00, 0x8f, 0xf5, 0x00, 0x00,
    0x00, 0x8f, 0xf5, 0x00, 0x00, 0x00, 0x8f, 0xf5,
    0x00, 0x00, 0x00, 0x8f, 0xf5, 0x00, 0x00, 0x00,
    0x8f, 0xf5, 0x00, 0x00, 0x00, 0x8f, 0xf5, 0x00,
    0x00, 0x00, 0x8f, 0xf5, 0x00, 0x00, 0x00, 0x8f,
    0xf5, 0x00, 0x00, 0x00, 0x8f, 0xf4, 0x25, 0x55,
    0x55, 0xaf, 0xf2, 0x7f, 0xff, 0xff, 0xff, 0xc0,
    0x7f, 0xff, 0xff, 0xea, 0x10,

    /* U+006B "k" */
    0xbf, 0xf2, 0x00, 0x00, 0x00, 0x00, 0x00, 0xbf,
    0xf2, 0x00, 0x00, 0x00, 0x00, 0x00, 0xbf, 0xf2,
    0x00, 0x00, 0x00, 0x00, 0x00, 0xbf, 0xf2, 0x00,
    0x00, 0x00, 0x00, 0x00, 0xbf, 0xf2, 0x00, 0x00,
    0x00, 0x00, 0x00, 0xbf, 0xf2, 0x00, 0x00, 0x00,
    0x00, 0x00, 0xbf, 0xf2, 0x00, 0x00, 0x6f, 0xfd,
    0x10, 0xbf, 0xf2, 0x00, 0x05, 0xff, 0xe1, 0x00,
    0xbf, 0xf2, 0x00, 0x5f, 0xfe, 0x20, 0x00, 0xbf,
    0xf2, 0x05, 0xff, 0xe2, 0x00, 0x00, 0xbf, 0xf2,
    0x5f, 0xfe, 0x20, 0x00, 0x00, 0xbf, 0xf6, 0xff,
    0xf4, 0x00, 0x00, 0x00, 0xbf, 0xff, 0xff, 0xfb,
    0x00, 0x00, 0x00, 0xbf, 0xff, 0xac, 0xff, 0x70,
    0x00, 0x00, 0xbf, 0xfa, 0x02, 0xff, 0xf3, 0x00,
    0x00, 0xbf, 0xf2, 0x00, 0x6f, 0xfd, 0x00, 0x00,
    0xbf, 0xf2, 0x00, 0x0b, 0xff, 0x90, 0x00, 0xbf,
    0xf2, 0x00, 0x01, 0xef, 0xf4, 0x00, 0xbf, 0xf2,
    0x00, 0x00, 0x5f, 0xfe, 0x10, 0xbf, 0xf2, 0x00,
    0x00, 0x0a, 0xff, 0xb0,

    /* U+006C "l" */
    0x0f, 0xff, 0xff, 0xff, 0x30, 0x00, 0x00, 0xff,
    0xff, 0xff, 0xf3, 0x00, 0x00, 0x05, 0x55, 0x5b,
    0xff, 0x30, 0x00, 0x00, 0x00, 0x00, 0x9f, 0xf3,
    0x00, 0x00, 0x00, 0x00, 0x09, 0xff, 0x30, 0x00,
    0x00, 0x00, 0x00, 0x9f, 0xf3, 0x00, 0x00, 0x00,
    0x00, 0x09, 0xff, 0x30, 0x00, 0x00, 0x00, 0x00,
    0x9f, 0xf3, 0x00, 0x00, 0x00, 0x00, 0x09, 0xff,
    0x30, 0x00, 0x00, 0x00, 0x00, 0x9f, 0xf3, 0x00,
    0x00, 0x00, 0x00, 0x09, 0xff, 0x30, 0x00, 0x00,
    0x00, 0x00, 0x9f, 0xf3, 0x00, 0x00, 0x00, 0x00,
    0x09, 0xff, 0x30, 0x00, 0x00, 0x00, 0x00, 0x9f,
    0xf3, 0x00, 0x00, 0x00, 0x00, 0x09, 0xff, 0x30,
    0x00, 0x00, 0x00, 0x00, 0x9f, 0xf3, 0x00, 0x00,
    0x00, 0x00, 0x09, 0xff, 0x30, 0x00, 0x00, 0x55,
    0x55, 0xbf, 0xf7, 0x55, 0x53, 0x0f, 0xff, 0xff,
    0xff, 0xff, 0xff, 0xa0, 0xff, 0xff, 0xff, 0xff,
    0xff, 0xfa,

    /* U+006D "m" */
    0xdf, 0x94, 0xdf, 0xa0, 0x2c, 0xfd, 0x40, 0xdf,
    0xaf, 0xff, 0xf6, 0xdf, 0xff, 0xe0, 0xdf, 0xf6,
    0x5e, 0xff, 0xb4, 0xaf, 0xf4, 0xdf, 0xa0, 0x08,
    0xff, 0x10, 0x1f, 0xf6, 0xdf, 0x90, 0x07, 0xff,
    0x00, 0x0f, 0xf6, 0xdf, 0x90, 0x06, 0xff, 0x00,
    0x0f, 0xf7, 0xdf, 0x90, 0x06, 0xff, 0x00, 0x0f,
    0xf7, 0xdf, 0x90, 0x06, 0xff, 0x00, 0x0f, 0xf7,
    0xdf, 0x90, 0x06, 0xff, 0x00, 0x0f, 0xf7, 0xdf,
    0x90, 0x06, 0xff, 0x00, 0x0f, 0xf7, 0xdf, 0x90,
    0x06, 0xff, 0x00, 0x0f, 0xf7, 0xdf, 0x90, 0x06,
    0xff, 0x00, 0x0f, 0xf7, 0xdf, 0x90, 0x06, 0xff,
    0x00, 0x0f, 0xf7, 0xdf, 0x90, 0x06, 0xff, 0x00,
    0x0f, 0xf7,

    /* U+006E "n" */
    0xdf, 0xf0, 0x3b, 0xef, 0xc4, 0x00, 0xdf, 0xf3,
    0xff, 0xff, 0xff, 0x60, 0xdf, 0xfc, 0xa6, 0x7c,
    0xff, 0xf1, 0xdf, 0xf7, 0x00, 0x00, 0xcf, 0xf5,
    0xdf, 0xf1, 0x00, 0x00, 0x6f, 0xf7, 0xdf, 0xf0,
    0x00, 0x00, 0x4f, 0xf8, 0xdf, 0xf0, 0x00, 0x00,
    0x4f, 0xf8, 0xdf, 0xf0, 0x00, 0x00, 0x4f, 0xf8,
    0xdf, 0xf0, 0x00, 0x00, 0x4f, 0xf8, 0xdf, 0xf0,
    0x00, 0x00, 0x4f, 0xf8, 0xdf, 0xf0, 0x00, 0x00,
    0x4f, 0xf8, 0xdf, 0xf0, 0x00, 0x00, 0x4f, 0xf8,
    0xdf, 0xf0, 0x00, 0x00, 0x4f, 0xf8, 0xdf, 0xf0,
    0x00, 0x00, 0x4f, 0xf8,

    /* U+006F "o" */
    0x00, 0x02, 0x9d, 0xfe, 0xc7, 0x00, 0x00, 0x00,
    0x6f, 0xff, 0xff, 0xff, 0xd2, 0x00, 0x04, 0xff,
    0xf8, 0x56, 0xbf, 0xfd, 0x00, 0x0d, 0xff, 0x30,
    0x00, 0x09, 0xff, 0x70, 0x3f, 0xfa, 0x00, 0x00,
    0x00, 0xff, 0xd0, 0x6f, 0xf7, 0x00, 0x00, 0x00,
    0xdf, 0xf0, 0x8f, 0xf6, 0x00, 0x00, 0x00, 0xcf,
    0xf2, 0x8f, 0xf6, 0x00, 0x00, 0x00, 0xcf, 0xf2,
    0x7f, 0xf7, 0x00, 0x00, 0x00, 0xdf, 0xf0, 0x3f,
    0xfa, 0x00, 0x00, 0x00, 0xff, 0xd0, 0x0d, 0xff,
    0x20, 0x00, 0x08, 0xff, 0x70, 0x05, 0xff, 0xf8,
    0x56, 0xbf, 0xfd, 0x00, 0x00, 0x7f, 0xff, 0xff,
    0xff, 0xd2, 0x00, 0x00, 0x02, 0x9d, 0xff, 0xc7,
    0x00, 0x00,

    /* U+0070 "p" */
    0xff, 0xe0, 0x3b, 0xef, 0xc6, 0x00, 0x0f, 0xfe,
    0x3f, 0xff, 0xff, 0xf9, 0x00, 0xff, 0xed, 0xa6,
    0x7b, 0xff, 0xf5, 0x0f, 0xff, 0x50, 0x00, 0x08,
    0xff, 0xc0, 0xff, 0xf0, 0x00, 0x00, 0x0f, 0xff,
    0x0f, 0xfe, 0x00, 0x00, 0x00, 0xcf, 0xf3, 0xff,
    0xe0, 0x00, 0x00, 0x0b, 0xff, 0x4f, 0xfe, 0x00,
    0x00, 0x00, 0xbf, 0xf4, 0xff, 0xe0, 0x00, 0x00,
    0x0c, 0xff, 0x3f, 0xff, 0x00, 0x00, 0x00, 0xff,
    0xf0, 0xff, 0xf5, 0x00, 0x00, 0x8f, 0xfc, 0x0f,
    0xfe, 0xda, 0x67, 0xbf, 0xff, 0x50, 0xff, 0xe3,
    0xff, 0xff, 0xff, 0x90, 0x0f, 0xfe, 0x03, 0xbe,
    0xfc, 0x60, 0x00, 0xff, 0xe0, 0x00, 0x00, 0x00,
    0x00, 0x0f, 0xfe, 0x00, 0x00, 0x00, 0x00, 0x00,
    0xff, 0xe0, 0x00, 0x00, 0x00, 0x00, 0x0f, 0xfe,
    0x00, 0x00, 0x00, 0x00, 0x00, 0xff, 0xe0, 0x00,
    0x00, 0x00, 0x00, 0x00,

    /* U+0071 "q" */
    0x00, 0x19, 0xef, 0xd8, 0x04, 0xff, 0x80, 0x1e,
    0xff, 0xff, 0xfc, 0x4f, 0xf8, 0x0b, 0xff, 0xf9,
    0x67, 0xdc, 0xff, 0x82, 0xff, 0xf2, 0x00, 0x00,
    0xbf, 0xf8, 0x6f, 0xf9, 0x00, 0x00, 0x05, 0xff,
    0x89, 0xff, 0x60, 0x00, 0x00, 0x4f, 0xf8, 0xaf,
    0xf5, 0x00, 0x00, 0x04, 0xff, 0x8a, 0xff, 0x50,
    0x00, 0x00, 0x4f, 0xf8, 0x9f, 0xf5, 0x00, 0x00,
    0x04, 0xff, 0x86, 0xff, 0x90, 0x00, 0x00, 0x5f,
    0xf8, 0x2f, 0xff, 0x20, 0x00, 0x0b, 0xff, 0x80,
    0xbf, 0xff, 0x96, 0x7d, 0xcf, 0xf8, 0x01, 0xef,
    0xff, 0xff, 0xc4, 0xff, 0x80, 0x01, 0x9e, 0xfd,
    0x80, 0x4f, 0xf8, 0x00, 0x00, 0x00, 0x00, 0x04,
    0xff, 0x80, 0x00, 0x00, 0x00, 0x00, 0x4f, 0xf8,
    0x00, 0x00, 0x00, 0x00, 0x04, 0xff, 0x80, 0x00,
    0x00, 0x00, 0x00, 0x4f, 0xf8, 0x00, 0x00, 0x00,
    0x00, 0x04, 0xff, 0x80,

    /* U+0072 "r" */
    0x0f, 0xff, 0xff, 0xf6, 0x04, 0xcf, 0xf9, 0x0f,
    0xff, 0xff, 0xf6, 0x6f, 0xff, 0xf9, 0x05, 0x55,
    0xaf, 0xf7, 0xff, 0xdc, 0xc6, 0x00, 0x00, 0x7f,
    0xfd, 0xa1, 0x00, 0x00, 0x00, 0x00, 0x7f, 0xfd,
    0x00, 0x00, 0x00, 0x00, 0x00, 0x7f, 0xf8, 0x00,
    0x00, 0x00, 0x00, 0x00, 0x7f, 0xf6, 0x00, 0x00,
    0x00, 0x00, 0x00, 0x7f, 0xf6, 0x00, 0x00, 0x00,
    0x00, 0x00, 0x7f, 0xf6, 0x00, 0x00, 0x00, 0x00,
    0x00, 0x7f, 0xf6, 0x00, 0x00, 0x00, 0x00, 0x00,
    0x7f, 0xf6, 0x00, 0x00, 0x00, 0x05, 0x55, 0xaf,
    0xf9, 0x55, 0x55, 0x10, 0x0f, 0xff, 0xff, 0xff,
    0xff, 0xff, 0x30, 0x0f, 0xff, 0xff, 0xff, 0xff,
    0xff, 0x30,

    /* U+0073 "s" */
    0x00, 0x04, 0xae, 0xff, 0xda, 0x40, 0x00, 0x09,
    0xff, 0xff, 0xff, 0xff, 0xb0, 0x05, 0xff, 0xd6,
    0x34, 0x6c, 0xff, 0x30, 0xaf, 0xf2, 0x00, 0x00,
    0x06, 0x40, 0x0a, 0xff, 0x30, 0x00, 0x00, 0x00,
    0x00, 0x7f, 0xfe, 0x95, 0x30, 0x00, 0x00, 0x00,
    0xbf, 0xff, 0xff, 0xfc, 0x70, 0x00, 0x00, 0x5b,
    0xef, 0xff, 0xff, 0xc0, 0x00, 0x00, 0x00, 0x13,
    0x6d, 0xff, 0x80, 0x00, 0x00, 0x00, 0x00, 0x2f,
    0xfb, 0x07, 0xd2, 0x00, 0x00, 0x03, 0xff, 0xa3,
    0xff, 0xf9, 0x53, 0x36, 0xef, 0xf4, 0x05, 0xef,
    0xff, 0xff, 0xff, 0xf8, 0x00, 0x00, 0x6b, 0xef,
    0xfd, 0xa3, 0x00,

    /* U+0074 "t" */
    0x00, 0x00, 0xaf, 0xf0, 0x00, 0x00, 0x00, 0x00,
    0x0a, 0xff, 0x00, 0x00, 0x00, 0x00, 0x00, 0xaf,
    0xf0, 0x00, 0x00, 0x00, 0x00, 0x0a, 0xff, 0x00,
    0x00, 0x00, 0x00, 0x01, 0xdf, 0xf0, 0x00, 0x00,
    0x0f, 0xff, 0xff, 0xff, 0xff, 0xff, 0xfb, 0xff,
    0xff, 0xff, 0xff, 0xff, 0xff, 0xb5, 0x55, 0x5e,
    0xff, 0x55, 0x55, 0x53, 0x00, 0x00, 0xdf, 0xf0,
    0x00, 0x00, 0x00, 0x00, 0x0d, 0xff, 0x00, 0x00,
    0x00, 0x00, 0x00, 0xdf, 0xf0, 0x00, 0x00, 0x00,
    0x00, 0x0d, 0xff, 0x00, 0x00, 0x00, 0x00, 0x00,
    0xdf, 0xf0, 0x00, 0x00, 0x00, 0x00, 0x0d, 0xff,
    0x00, 0x00, 0x00, 0x00, 0x00, 0xdf, 0xf0, 0x00,
    0x00, 0x00, 0x00, 0x0c, 0xff, 0x00, 0x00, 0x00,
    0x00, 0x00, 0xaf, 0xf5, 0x55, 0x55, 0x30, 0x00,
    0x04, 0xff, 0xff, 0xff, 0xfb, 0x00, 0x00, 0x05,
    0xdf, 0xff, 0xff, 0xb0,

    /* U+0075 "u" */
    0xff, 0xe0, 0x00, 0x00, 0x6f, 0xf6, 0xff, 0xe0,
    0x00, 0x00, 0x6f, 0xf6, 0xff, 0xe0, 0x00, 0x00,
    0x6f, 0xf6, 0xff, 0xe0, 0x00, 0x00, 0x6f, 0xf6,
    0xff, 0xe0, 0x00, 0x00, 0x6f, 0xf6, 0xff, 0xe0,
    0x00, 0x00, 0x6f, 0xf6, 0xff, 0xe0, 0x00, 0x00,
    0x6f, 0xf6, 0xff, 0xe0, 0x00, 0x00, 0x6f, 0xf6,
    0xff, 0xe0, 0x00, 0x00, 0x6f, 0xf6, 0xef, 0xf0,
    0x00, 0x00, 0x7f, 0xf6, 0xcf, 0xf6, 0x00, 0x00,
    0xdf, 0xf6, 0x6f, 0xff, 0x96, 0x7d, 0xcf, 0xf6,
    0x0c, 0xff, 0xff, 0xfc, 0x6f, 0xf6, 0x00, 0x8d,
    0xfd, 0x80, 0x6f, 0xf6,

    /* U+0076 "v" */
    0x9f, 0xf5, 0x00, 0x00, 0x00, 0xaf, 0xf2, 0x3f,
    0xfa, 0x00, 0x00, 0x00, 0xef, 0xd0, 0x0e, 0xff,
    0x00, 0x00, 0x04, 0xff, 0x70, 0x08, 0xff, 0x40,
    0x00, 0x09, 0xff, 0x20, 0x03, 0xff, 0x90, 0x00,
    0x0e, 0xfc, 0x00, 0x00, 0xdf, 0xe0, 0x00, 0x3f,
    0xf7, 0x00, 0x00, 0x8f, 0xf3, 0x00, 0x8f, 0xf2,
    0x00, 0x00, 0x2f, 0xf8, 0x00, 0xdf, 0xc0, 0x00,
    0x00, 0x0d, 0xfd, 0x02, 0xff, 0x60, 0x00, 0x00,
    0x07, 0xff, 0x26, 0xff, 0x10, 0x00, 0x00, 0x02,
    0xff, 0x7b, 0xfb, 0x00, 0x00, 0x00, 0x00, 0xcf,
    0xdf, 0xf6, 0x00, 0x00, 0x00, 0x00, 0x7f, 0xff,
    0xf1, 0x00, 0x00, 0x00, 0x00, 0x1f, 0xff, 0xb0,
    0x00, 0x00,

    /* U+0077 "w" */
    0x6f, 0xf0, 0x00, 0x9f, 0xf5, 0x00, 0x4f, 0xf0,
    0x4f, 0xf1, 0x00, 0xcf, 0xf7, 0x00, 0x6f, 0xe0,
    0x2f, 0xf3, 0x00, 0xff, 0xfa, 0x00, 0x8f, 0xb0,
    0x0f, 0xf5, 0x02, 0xfa, 0xfd, 0x00, 0xaf, 0x90,
    0x0e, 0xf6, 0x04, 0xf7, 0xdf, 0x00, 0xbf, 0x70,
    0x0c, 0xf8, 0x07, 0xf4, 0xaf, 0x20, 0xdf, 0x50,
    0x09, 0xfa, 0x0a, 0xf2, 0x8f, 0x50, 0xff, 0x30,
    0x07, 0xfc, 0x0c, 0xf0, 0x5f, 0x71, 0xff, 0x10,
    0x05, 0xfd, 0x0f, 0xc0, 0x2f, 0xa3, 0xff, 0x00,
    0x03, 0xff, 0x2f, 0xa0, 0x0f, 0xd4, 0xfc, 0x00,
    0x01, 0xff, 0x6f, 0x70, 0x0d, 0xf6, 0xfa, 0x00,
    0x00, 0xff, 0xbf, 0x40, 0x0b, 0xfb, 0xf8, 0x00,
    0x00, 0xdf, 0xff, 0x10, 0x08, 0xff, 0xf6, 0x00,
    0x00, 0xaf, 0xff, 0x00, 0x05, 0xff, 0xf4, 0x00,

    /* U+0078 "x" */
    0x4f, 0xfe, 0x10, 0x00, 0x03, 0xff, 0xd0, 0x09,
    0xff, 0xa0, 0x00, 0x0d, 0xff, 0x20, 0x00, 0xdf,
    0xf5, 0x00, 0x8f, 0xf7, 0x00, 0x00, 0x3f, 0xfe,
    0x12, 0xff, 0xb0, 0x00, 0x00, 0x08, 0xff, 0xac,
    0xfe, 0x10, 0x00, 0x00, 0x00, 0xcf, 0xff, 0xf5,
    0x00, 0x00, 0x00, 0x00, 0x2f, 0xff, 0xa0, 0x00,
    0x00, 0x00, 0x00, 0x4f, 0xff, 0xd0, 0x00, 0x00,
    0x00, 0x01, 0xef, 0xff, 0xf9, 0x00, 0x00, 0x00,
    0x0a, 0xff, 0x4d, 0xff, 0x40, 0x00, 0x00, 0x6f,
    0xf8, 0x03, 0xff, 0xe1, 0x00, 0x02, 0xff, 0xd0,
    0x00, 0x8f, 0xfb, 0x00, 0x0c, 0xff, 0x40, 0x00,
    0x0d, 0xff, 0x60, 0x7f, 0xf9, 0x00, 0x00, 0x03,
    0xff, 0xf2,

    /* U+0079 "y" */
    0xcf, 0xf2, 0x00, 0x00, 0x00, 0x7f, 0xf6, 0x6f,
    0xf8, 0x00, 0x00, 0x00, 0xdf, 0xf0, 0x0f, 0xfe,
    0x00, 0x00, 0x03, 0xff, 0x90, 0x09, 0xff, 0x40,
    0x00, 0x09, 0xff, 0x30, 0x02, 0xff, 0xa0, 0x00,
    0x0e, 0xfc, 0x00, 0x00, 0xcf, 0xf0, 0x00, 0x5f,
    0xf6, 0x00, 0x00, 0x6f, 0xf6, 0x00, 0xaf, 0xf0,
    0x00, 0x00, 0x0f, 0xfb, 0x00, 0xff, 0x90, 0x00,
    0x00, 0x09, 0xff, 0x16, 0xff, 0x30, 0x00, 0x00,
    0x02, 0xff, 0x7b, 0xfd, 0x00, 0x00, 0x00, 0x00,
    0xcf, 0xef, 0xf6, 0x00, 0x00, 0x00, 0x00, 0x6f,
    0xff, 0xf1, 0x00, 0x00, 0x00, 0x00, 0x0f, 0xff,
    0xa0, 0x00, 0x00, 0x00, 0x00, 0x0a, 0xff, 0x30,
    0x00, 0x00, 0x00, 0x00, 0x0e, 0xfd, 0x00, 0x00,
    0x00, 0x00, 0x00, 0x5f, 0xf6, 0x00, 0x00, 0x00,
    0x05, 0x55, 0xcf, 0xf1, 0x00, 0x00, 0x00, 0x0f,
    0xff, 0xff, 0x70, 0x00, 0x00, 0x00, 0x0f, 0xff,
    0xd6, 0x00, 0x00, 0x00, 0x00,

    /* U+007A "z" */
    0xbf, 0xff, 0xff, 0xff, 0xff, 0xf5, 0xbf, 0xff,
    0xff, 0xff, 0xff, 0xf5, 0x35, 0x55, 0x55, 0x56,
    0xff, 0xf4, 0x00, 0x00, 0x00, 0x0d, 0xff, 0x70,
    0x00, 0x00, 0x00, 0xbf, 0xf9, 0x00, 0x00, 0x00,
    0x0a, 0xff, 0xa0, 0x00, 0x00, 0x00, 0x9f, 0xfc,
    0x00, 0x00, 0x00, 0x07, 0xff, 0xd1, 0x00, 0x00,
    0x00, 0x5f, 0xfe, 0x10, 0x00, 0x00, 0x04, 0xff,
    0xf2, 0x00, 0x00, 0x00, 0x3f, 0xff, 0x40, 0x00,
    0x00, 0x00, 0xef, 0xfa, 0x55, 0x55, 0x55, 0x53,
    0xff, 0xff, 0xff, 0xff, 0xff, 0xf9, 0xff, 0xff,
    0xff, 0xff, 0xff, 0xf9,

    /* U+007B "{" */
    0x00, 0x00, 0x4d, 0xff, 0xff, 0xf0, 0x00, 0x0f,
    0xff, 0xff, 0xff, 0x00, 0x03, 0xff, 0x21, 0x11,
    0x10, 0x00, 0x3f, 0xf1, 0x00, 0x00, 0x00, 0x02,
    0xff, 0x20, 0x00, 0x00, 0x00, 0x0f, 0xf7, 0x00,
    0x00, 0x00, 0x00, 0x8f, 0xf2, 0x00, 0x00, 0x00,
    0x00, 0xcf, 0xc0, 0x00, 0x00, 0x00, 0x02, 0xff,
    0x30, 0x00, 0x00, 0x00, 0x1f, 0xf5, 0x00, 0x00,
    0x00, 0x3b, 0xfe, 0x10, 0x06, 0xff, 0xff, 0xea,
    0x20, 0x00, 0x6f, 0xff, 0xfe, 0x91, 0x00, 0x00,
    0x11, 0x24, 0xcf, 0xe1, 0x00, 0x00, 0x00, 0x01,
    0xff, 0x50, 0x00, 0x00, 0x00, 0x2f, 0xf4, 0x00,
    0x00, 0x00, 0x0b, 0xfc, 0x00, 0x00, 0x00, 0x07,
    0xff, 0x20, 0x00, 0x00, 0x00, 0xff, 0x70, 0x00,
    0x00, 0x00, 0x2f, 0xf2, 0x00, 0x00, 0x00, 0x03,
    0xff, 0x10, 0x00, 0x00, 0x00, 0x3f, 0xf2, 0x11,
    0x11, 0x00, 0x00, 0xff, 0xff, 0xff, 0xf0, 0x00,
    0x05, 0xdf, 0xff, 0xff,

    /* U+007C "|" */
    0x5c, 0xc0, 0x6f, 0xf0, 0x6f, 0xf0, 0x6f, 0xf0,
    0x6f, 0xf0, 0x6f, 0xf0, 0x6f, 0xf0, 0x6f, 0xf0,
    0x6f, 0xf0, 0x6f, 0xf0, 0x6f, 0xf0, 0x6f, 0xf0,
    0x6f, 0xf0, 0x6f, 0xf0, 0x6f, 0xf0, 0x6f, 0xf0,
    0x6f, 0xf0, 0x6f, 0xf0, 0x6f, 0xf0, 0x6f, 0xf0,
    0x6f, 0xf0, 0x6f, 0xf0, 0x6f, 0xf0, 0x6f, 0xf0,

    /* U+007D "}" */
    0x6f, 0xff, 0xff, 0xb1, 0x00, 0x06, 0xff, 0xff,
    0xff, 0x90, 0x00, 0x01, 0x11, 0x18, 0xfc, 0x00,
    0x00, 0x00, 0x00, 0x8f, 0xd0, 0x00, 0x00, 0x00,
    0x09, 0xfc, 0x00, 0x00, 0x00, 0x00, 0xdf, 0x90,
    0x00, 0x00, 0x00, 0x8f, 0xf2, 0x00, 0x00, 0x00,
    0x3f, 0xf6, 0x00, 0x00, 0x00, 0x0a, 0xfc, 0x00,
    0x00, 0x00, 0x00, 0xbf, 0xa0, 0x00, 0x00, 0x00,
    0x06, 0xff, 0x71, 0x00, 0x00, 0x00, 0x06, 0xcf,
    0xff, 0xff, 0x00, 0x00, 0x5b, 0xff, 0xff, 0xf0,
    0x00, 0x6f, 0xf8, 0x31, 0x11, 0x00, 0x0b, 0xfa,
    0x00, 0x00, 0x00, 0x00, 0xaf, 0xc0, 0x00, 0x00,
    0x00, 0x03, 0xff, 0x50, 0x00, 0x00, 0x00, 0x08,
    0xff, 0x10, 0x00, 0x00, 0x00, 0x0e, 0xf8, 0x00,
    0x00, 0x00, 0x00, 0x9f, 0xc0, 0x00, 0x00, 0x00,
    0x08, 0xfd, 0x00, 0x00, 0x11, 0x11, 0x8f, 0xc0,
    0x00, 0x6f, 0xff, 0xff, 0xf9, 0x00, 0x06, 0xff,
    0xff, 0xfb, 0x10, 0x00,

    /* U+007E "~" */
    0x00, 0x04, 0x51, 0x00, 0x00, 0x00, 0x00, 0x01,
    0xdf, 0xff, 0x60, 0x00, 0x0c, 0xe4, 0x0a, 0xff,
    0xff, 0xf4, 0x00, 0x0f, 0xf3, 0x2f, 0xf5, 0x2d,
    0xfe, 0x10, 0x5f, 0xe0, 0x7f, 0xc0, 0x02, 0xff,
    0xd8, 0xef, 0x90, 0xaf, 0x70, 0x00, 0x5f, 0xff,
    0xfe, 0x10, 0x48, 0x30, 0x00, 0x05, 0xdf, 0xc3,
    0x00,

    /* U+00C0 "À" */
    0x00, 0x00, 0x04, 0xc2, 0x00, 0x00, 0x00, 0x00,
    0x00, 0x00, 0x4f, 0xf9, 0x00, 0x00, 0x00, 0x00,
    0x00, 0x00, 0x0a, 0xff, 0x20, 0x00, 0x00, 0x00,
    0x00, 0x00, 0x01, 0xef, 0x90, 0x00, 0x00, 0x00,
    0x00, 0x00, 0x00, 0x4f, 0xf1, 0x00, 0x00, 0x00,
    0x00, 0x00, 0x00, 0x06, 0x20, 0x00, 0x00, 0x00,
    0x00, 0x00, 0x00, 0x00, 0x00, 0x00, 0x00, 0x00,
    0x00, 0x00, 0x05, 0xff, 0xfe, 0x00, 0x00, 0x00,
    0x00, 0x00, 0x09, 0xff, 0xff, 0x30, 0x00, 0x00,
    0x00, 0x00, 0x0d, 0xff, 0xff, 0x70, 0x00, 0x00,
    0x00, 0x00, 0x2f, 0xfc, 0xff, 0xc0, 0x00, 0x00,
    0x00, 0x00, 0x6f, 0xf5, 0xdf, 0xf1, 0x00, 0x00,
    0x00, 0x00, 0xbf, 0xf1, 0x9f, 0xf5, 0x00, 0x00,
    0x00, 0x00, 0xff, 0xc0, 0x4f, 0xf9, 0x00, 0x00,
    0x00, 0x04, 0xff, 0x80, 0x0f, 0xfe, 0x00, 0x00,
    0x00, 0x08, 0xff, 0x30, 0x0b, 0xff, 0x20, 0x00,
    0x00, 0x0d, 0xff, 0x00, 0x07, 0xff, 0x70, 0x00,
    0x00, 0x1f, 0xfb, 0x00, 0x03, 0xff, 0xb0, 0x00,
    0x00, 0x6f, 0xfb, 0x77, 0x77, 0xff, 0xf0, 0x00,
    0x00, 0xaf, 0xff, 0xff, 0xff, 0xff, 0xf4, 0x00,
    0x00, 0xef, 0xff, 0xff, 0xff, 0xff, 0xf9, 0x00,
    0x03, 0xff, 0xb0, 0x00, 0x00, 0x3f, 0xfd, 0x00,
    0x08, 0xff, 0x70, 0x00, 0x00, 0x0e, 0xff, 0x20,
    0x0c, 0xff, 0x20, 0x00, 0x00, 0x0a, 0xff, 0x60,
    0x1f, 0xfe, 0x00, 0x00, 0x00, 0x06, 0xff, 0xb0,
    0x5f, 0xf9, 0x00, 0x00, 0x00, 0x01, 0xff, 0xf0,

    /* U+00C1 "Á" */
    0x00, 0x00, 0x00, 0x00, 0x79, 0x10, 0x00, 0x00,
    0x00, 0x00, 0x00, 0x01, 0xff, 0xd0, 0x00, 0x00,
    0x00, 0x00, 0x00, 0x08, 0xff, 0x40, 0x00, 0x00,
    0x00, 0x00, 0x00, 0x1f, 0xf9, 0x00, 0x00, 0x00,
    0x00, 0x00, 0x00, 0x7f, 0xd0, 0x00, 0x00, 0x00,
    0x00, 0x00, 0x00, 0x05, 0x30, 0x00, 0x00, 0x00,
    0x00, 0x00, 0x00, 0x00, 0x00, 0x00, 0x00, 0x00,
    0x00, 0x00, 0x05, 0xff, 0xfe, 0x00, 0x00, 0x00,
    0x00, 0x00, 0x09, 0xff, 0xff, 0x30, 0x00, 0x00,
    0x00, 0x00, 0x0d, 0xff, 0xff, 0x70, 0x00, 0x00,
    0x00, 0x00, 0x2f, 0xfc, 0xff, 0xc0, 0x00, 0x00,
    0x00, 0x00, 0x6f, 0xf5, 0xdf, 0xf1, 0x00, 0x00,
    0x00, 0x00, 0xbf, 0xf1, 0x9f, 0xf5, 0x00, 0x00,
    0x00, 0x00, 0xff, 0xc0, 0x4f, 0xf9, 0x00, 0x00,
    0x00, 0x04, 0xff, 0x80, 0x0f, 0xfe, 0x00, 0x00,
    0x00, 0x08, 0xff, 0x30, 0x0b, 0xff, 0x20, 0x00,
    0x00, 0x0d, 0xff, 0x00, 0x07, 0xff, 0x70, 0x00,
    0x00, 0x1f, 0xfb, 0x00, 0x03, 0xff, 0xb0, 0x00,
    0x00, 0x6f, 0xfb, 0x77, 0x77, 0xff, 0xf0, 0x00,
    0x00, 0xaf, 0xff, 0xff, 0xff, 0xff, 0xf4, 0x00,
    0x00, 0xef, 0xff, 0xff, 0xff, 0xff, 0xf9, 0x00,
    0x03, 0xff, 0xb0, 0x00, 0x00, 0x3f, 0xfd, 0x00,
    0x08, 0xff, 0x70, 0x00, 0x00, 0x0e, 0xff, 0x20,
    0x0c, 0xff, 0x20, 0x00, 0x00, 0x0a, 0xff, 0x60,
    0x1f, 0xfe, 0x00, 0x00, 0x00, 0x06, 0xff, 0xb0,
    0x5f, 0xf9, 0x00, 0x00, 0x00, 0x01, 0xff, 0xf0,

    /* U+00C2 "Â" */
    0x00, 0x00, 0x02, 0xef, 0xfa, 0x00, 0x00, 0x00,
    0x00, 0x00, 0x1d, 0xff, 0xff, 0x80, 0x00, 0x00,
    0x00, 0x00, 0xbf, 0xe2, 0x8f, 0xf5, 0x00, 0x00,
    0x00, 0x07, 0xfd, 0x20, 0x07, 0xff, 0x10, 0x00,
    0x00, 0x00, 0x71, 0x00, 0x00, 0x53, 0x00, 0x00,
    0x00, 0x00, 0x00, 0x00, 0x00, 0x00, 0x00, 0x00,
    0x00, 0x00, 0x05, 0xff, 0xfe, 0x00, 0x00, 0x00,
    0x00, 0x00, 0x09, 0xff, 0xff, 0x30, 0x00, 0x00,
    0x00, 0x00, 0x0d, 0xff, 0xff, 0x70, 0x00, 0x00,
    0x00, 0x00, 0x2f, 0xfc, 0xff, 0xc0, 0x00, 0x00,
    0x00, 0x00, 0x6f, 0xf5, 0xdf, 0xf1, 0x00, 0x00,
    0x00, 0x00, 0xbf, 0xf1, 0x9f, 0xf5, 0x00, 0x00,
    0x00, 0x00, 0xff, 0xc0, 0x4f, 0xf9, 0x00, 0x00,
    0x00, 0x04, 0xff, 0x80, 0x0f, 0xfe, 0x00, 0x00,
    0x00, 0x08, 0xff, 0x30, 0x0b, 0xff, 0x20, 0x00,
    0x00, 0x0d, 0xff, 0x00, 0x07, 0xff, 0x70, 0x00,
    0x00, 0x1f, 0xfb, 0x00, 0x03, 0xff, 0xb0, 0x00,
    0x00, 0x6f, 0xfb, 0x77, 0x77, 0xff, 0xf0, 0x00,
    0x00, 0xaf, 0xff, 0xff, 0xff, 0xff, 0xf4, 0x00,
    0x00, 0xef, 0xff, 0xff, 0xff, 0xff, 0xf9, 0x00,
    0x03, 0xff, 0xb0, 0x00, 0x00, 0x3f, 0xfd, 0x00,
    0x08, 0xff, 0x70, 0x00, 0x00, 0x0e, 0xff, 0x20,
    0x0c, 0xff, 0x20, 0x00, 0x00, 0x0a, 0xff, 0x60,
    0x1f, 0xfe, 0x00, 0x00, 0x00, 0x06, 0xff, 0xb0,
    0x5f, 0xf9, 0x00, 0x00, 0x00, 0x01, 0xff, 0xf0,

    /* U+00C3 "Ã" */
    0x00, 0x01, 0xaf, 0xea, 0x40, 0x24, 0x00, 0x00,
    0x00, 0x09, 0xff, 0xff, 0xff, 0xff, 0x20, 0x00,
    0x00, 0x01, 0x84, 0x5a, 0xff, 0xfa, 0x00, 0x00,
    0x00, 0x00, 0x00, 0x00, 0x02, 0x10, 0x00, 0x00,
    0x00, 0x00, 0x00, 0x00, 0x00, 0x00, 0x00, 0x00,
    0x00, 0x00, 0x05, 0xff, 0xfe, 0x00, 0x00, 0x00,
    0x00, 0x00, 0x09, 0xff, 0xff, 0x30, 0x00, 0x00,
    0x00, 0x00, 0x0d, 0xff, 0xff, 0x70, 0x00, 0x00,
    0x00, 0x00, 0x2f, 0xfc, 0xff, 0xc0, 0x00, 0x00,
    0x00, 0x00, 0x6f, 0xf5, 0xdf, 0xf1, 0x00, 0x00,
    0x00, 0x00, 0xbf, 0xf1, 0x9f, 0xf5, 0x00, 0x00,
    0x00, 0x00, 0xff, 0xc0, 0x4f, 0xf9, 0x00, 0x00,
    0x00, 0x04, 0xff, 0x80, 0x0f, 0xfe, 0x00, 0x00,
    0x00, 0x08, 0xff, 0x30, 0x0b, 0xff, 0x20, 0x00,
    0x00, 0x0d, 0xff, 0x00, 0x07, 0xff, 0x70, 0x00,
    0x00, 0x1f, 0xfb, 0x00, 0x03, 0xff, 0xb0, 0x00,
    0x00, 0x6f, 0xfb, 0x77, 0x77, 0xff, 0xf0, 0x00,
    0x00, 0xaf, 0xff, 0xff, 0xff, 0xff, 0xf4, 0x00,
    0x00, 0xef, 0xff, 0xff, 0xff, 0xff, 0xf9, 0x00,
    0x03, 0xff, 0xb0, 0x00, 0x00, 0x3f, 0xfd, 0x00,
    0x08, 0xff, 0x70, 0x00, 0x00, 0x0e, 0xff, 0x20,
    0x0c, 0xff, 0x20, 0x00, 0x00, 0x0a, 0xff, 0x60,
    0x1f, 0xfe, 0x00, 0x00, 0x00, 0x06, 0xff, 0xb0,
    0x5f, 0xf9, 0x00, 0x00, 0x00, 0x01, 0xff, 0xf0,

    /* U+00C4 "Ä" */
    0x00, 0x03, 0xef, 0x80, 0x1c, 0xfb, 0x00, 0x00,
    0x00, 0x08, 0xff, 0xe0, 0x5f, 0xff, 0x10, 0x00,
    0x00, 0x05, 0xff, 0xc0, 0x2f, 0xfe, 0x00, 0x00,
    0x00, 0x00, 0x34, 0x00, 0x02, 0x41, 0x00, 0x00,
    0x00, 0x00, 0x00, 0x00, 0x00, 0x00, 0x00, 0x00,
    0x00, 0x00, 0x05, 0xff, 0xfe, 0x00, 0x00, 0x00,
    0x00, 0x00, 0x09, 0xff, 0xff, 0x30, 0x00, 0x00,
    0x00, 0x00, 0x0d, 0xff, 0xff, 0x70, 0x00, 0x00,
    0x00, 0x00, 0x2f, 0xfc, 0xff, 0xc0, 0x00, 0x00,
    0x00, 0x00, 0x6f, 0xf5, 0xdf, 0xf1, 0x00, 0x00,
    0x00, 0x00, 0xbf, 0xf1, 0x9f, 0xf5, 0x00, 0x00,
    0x00, 0x00, 0xff, 0xc0, 0x4f, 0xf9, 0x00, 0x00,
    0x00, 0x04, 0xff, 0x80, 0x0f, 0xfe, 0x00, 0x00,
    0x00, 0x08, 0xff, 0x30, 0x0b, 0xff, 0x20, 0x00,
    0x00, 0x0d, 0xff, 0x00, 0x07, 0xff, 0x70, 0x00,
    0x00, 0x1f, 0xfb, 0x00, 0x03, 0xff, 0xb0, 0x00,
    0x00, 0x6f, 0xfb, 0x77, 0x77, 0xff, 0xf0, 0x00,
    0x00, 0xaf, 0xff, 0xff, 0xff, 0xff, 0xf4, 0x00,
    0x00, 0xef, 0xff, 0xff, 0xff, 0xff, 0xf9, 0x00,
    0x03, 0xff, 0xb0, 0x00, 0x00, 0x3f, 0xfd, 0x00,
    0x08, 0xff, 0x70, 0x00, 0x00, 0x0e, 0xff, 0x20,
    0x0c, 0xff, 0x20, 0x00, 0x00, 0x0a, 0xff, 0x60,
    0x1f, 0xfe, 0x00, 0x00, 0x00, 0x06, 0xff, 0xb0,
    0x5f, 0xf9, 0x00, 0x00, 0x00, 0x01, 0xff, 0xf0,

    /* U+00C5 "Å" */
    0x00, 0x00, 0x02, 0xbe, 0xd8, 0x00, 0x00, 0x00,
    0x00, 0x00, 0x1e, 0xfa, 0xcf, 0x90, 0x00, 0x00,
    0x00, 0x00, 0x6f, 0x70, 0x0d, 0xf0, 0x00, 0x00,
    0x00, 0x00, 0x7f, 0x60, 0x0c, 0xf2, 0x00, 0x00,
    0x00, 0x00, 0x4f, 0xa0, 0x2f, 0xe0, 0x00, 0x00,
    0x00, 0x00, 0x0a, 0xff, 0xff, 0x40, 0x00, 0x00,
    0x00, 0x00, 0x00, 0x48, 0x72, 0x00, 0x00, 0x00,
    0x00, 0x00, 0x05, 0xff, 0xfe, 0x00, 0x00, 0x00,
    0x00, 0x00, 0x09, 0xff, 0xff, 0x30, 0x00, 0x00,
    0x00, 0x00, 0x0d, 0xff, 0xff, 0x70, 0x00, 0x00,
    0x00, 0x00, 0x2f, 0xfc, 0xff, 0xc0, 0x00, 0x00,
    0x00, 0x00, 0x6f, 0xf5, 0xdf, 0xf1, 0x00, 0x00,
    0x00, 0x00, 0xbf, 0xf1, 0x9f, 0xf5, 0x00, 0x00,
    0x00, 0x00, 0xff, 0xc0, 0x4f, 0xf9, 0x00, 0x00,
    0x00, 0x04, 0xff, 0x80, 0x0f, 0xfe, 0x00, 0x00,
    0x00, 0x08, 0xff, 0x30, 0x0b, 0xff, 0x20, 0x00,
    0x00, 0x0d, 0xff, 0x00, 0x07, 0xff, 0x70, 0x00,
    0x00, 0x1f, 0xfb, 0x00, 0x03, 0xff, 0xb0, 0x00,
    0x00, 0x6f, 0xfb, 0x77, 0x77, 0xff, 0xf0, 0x00,
    0x00, 0xaf, 0xff, 0xff, 0xff, 0xff, 0xf4, 0x00,
    0x00, 0xef, 0xff, 0xff, 0xff, 0xff, 0xf9, 0x00,
    0x03, 0xff, 0xb0, 0x00, 0x00, 0x3f, 0xfd, 0x00,
    0x08, 0xff, 0x70, 0x00, 0x00, 0x0e, 0xff, 0x20,
    0x0c, 0xff, 0x20, 0x00, 0x00, 0x0a, 0xff, 0x60,
    0x1f, 0xfe, 0x00, 0x00, 0x00, 0x06, 0xff, 0xb0,
    0x5f, 0xf9, 0x00, 0x00, 0x00, 0x01, 0xff, 0xf0,

    /* U+00C6 "Æ" */
    0x00, 0x00, 0x0f, 0xff, 0xff, 0xff, 0xff, 0xb0,
    0x00, 0x04, 0xff, 0xff, 0xff, 0xff, 0xfb, 0x00,
    0x00, 0x8f, 0xf4, 0xff, 0xa5, 0x55, 0x30, 0x00,
    0x0c, 0xfb, 0x4f, 0xf7, 0x00, 0x00, 0x00, 0x00,
    0xff, 0x74, 0xff, 0x70, 0x00, 0x00, 0x00, 0x4f,
    0xf4, 0x4f, 0xf7, 0x00, 0x00, 0x00, 0x08, 0xff,
    0x04, 0xff, 0x70, 0x00, 0x00, 0x00, 0xdf, 0xc0,
    0x4f, 0xf7, 0x00, 0x00, 0x00, 0x1f, 0xf9, 0x04,
    0xff, 0xa4, 0x44, 0x10, 0x05, 0xff, 0x50, 0x4f,
    0xff, 0xff, 0xf6, 0x00, 0x9f, 0xf1, 0x04, 0xff,
    0xff, 0xff, 0x60, 0x0d, 0xff, 0x55, 0x7f, 0xf7,
    0x00, 0x00, 0x01, 0xff, 0xff, 0xff, 0xff, 0x70,
    0x00, 0x00, 0x5f, 0xff, 0xff, 0xff, 0xf7, 0x00,
    0x00, 0x09, 0xff, 0x30, 0x04, 0xff, 0x70, 0x00,
    0x00, 0xdf, 0xf0, 0x00, 0x4f, 0xf7, 0x00, 0x00,
    0x1f, 0xfb, 0x00, 0x04, 0xff, 0xa5, 0x55, 0x35,
    0xff, 0x70, 0x00, 0x4f, 0xff, 0xff, 0xfb, 0x9f,
    0xf3, 0x00, 0x04, 0xff, 0xff, 0xff, 0xb0,

    /* U+00C7 "Ç" */
    0x00, 0x00, 0x6c, 0xef, 0xea, 0x30, 0x00, 0x00,
    0x1d, 0xff, 0xff, 0xff, 0xf6, 0x00, 0x00, 0xcf,
    0xfe, 0x88, 0xbf, 0xff, 0x40, 0x05, 0xff, 0xc0,
    0x00, 0x06, 0xff, 0xc0, 0x0c, 0xff, 0x30, 0x00,
    0x00, 0xbf, 0xd1, 0x1f, 0xfe, 0x00, 0x00, 0x00,
    0x22, 0x00, 0x3f, 0xfb, 0x00, 0x00, 0x00, 0x00,
    0x00, 0x6f, 0xfa, 0x00, 0x00, 0x00, 0x00, 0x00,
    0x7f, 0xf9, 0x00, 0x00, 0x00, 0x00, 0x00, 0x7f,
    0xf9, 0x00, 0x00, 0x00, 0x00, 0x00, 0x7f, 0xf9,
    0x00, 0x00, 0x00, 0x00, 0x00, 0x6f, 0xfa, 0x00,
    0x00, 0x00, 0x00, 0x00, 0x3f, 0xfb, 0x00, 0x00,
    0x00, 0x00, 0x00, 0x1f, 0xfe, 0x00, 0x00, 0x00,
    0x22, 0x00, 0x0c, 0xff, 0x30, 0x00, 0x00, 0xbf,
    0xc1, 0x05, 0xff, 0xc0, 0x00, 0x06, 0xff, 0xd0,
    0x00, 0xcf, 0xfe, 0x87, 0xbf, 0xff, 0x40, 0x00,
    0x1c, 0xff, 0xff, 0xff, 0xf7, 0x00, 0x00, 0x00,
    0x5a, 0xff, 0xeb, 0x30, 0x00, 0x00, 0x00, 0x00,
    0xf8, 0x00, 0x00, 0x00, 0x00, 0x00, 0x01, 0xac,
    0xc8, 0x00, 0x00, 0x00, 0x00, 0x01, 0x00, 0xcf,
    0x50, 0x00, 0x00, 0x00, 0x3f, 0xcb, 0xff, 0x40,
    0x00, 0x00, 0x00, 0x1a, 0xef, 0xd6, 0x00, 0x00,

    /* U+00C8 "È" */
    0x00, 0x03, 0xb3, 0x00, 0x00, 0x00, 0x00, 0x3f,
    0xfb, 0x00, 0x00, 0x00, 0x00, 0x09, 0xff, 0x30,
    0x00, 0x00, 0x00, 0x00, 0xdf, 0xb0, 0x00, 0x00,
    0x00, 0x00, 0x3f, 0xf2, 0x00, 0x00, 0x00, 0x00,
    0x05, 0x30, 0x00, 0x00, 0x00, 0x00, 0x00, 0x00,
    0x00, 0x00, 0xcf, 0xff, 0xff, 0xff, 0xff, 0xf9,
    0xcf, 0xff, 0xff, 0xff, 0xff, 0xf9, 0xcf, 0xf9,
    0x88, 0x88, 0x88, 0x84, 0xcf, 0xf2, 0x00, 0x00,
    0x00, 0x00, 0xcf, 0xf2, 0x00, 0x00, 0x00, 0x00,
    0xcf, 0xf2, 0x00, 0x00, 0x00, 0x00, 0xcf, 0xf2,
    0x00, 0x00, 0x00, 0x00, 0xcf, 0xf2, 0x00, 0x00,
    0x00, 0x00, 0xcf, 0xf8, 0x77, 0x77, 0x77, 0x72,
    0xcf, 0xff, 0xff, 0xff, 0xff, 0xf4, 0xcf, 0xff,
    0xff, 0xff, 0xff, 0xf4, 0xcf, 0xf2, 0x00, 0x00,
    0x00, 0x00, 0xcf, 0xf2, 0x00, 0x00, 0x00, 0x00,
    0xcf, 0xf2, 0x00, 0x00, 0x00, 0x00, 0xcf, 0xf2,
    0x00, 0x00, 0x00, 0x00, 0xcf, 0xf2, 0x00, 0x00,
    0x00, 0x00, 0xcf, 0xf8, 0x77, 0x77, 0x77, 0x74,
    0xcf, 0xff, 0xff, 0xff, 0xff, 0xf9, 0xcf, 0xff,
    0xff, 0xff, 0xff, 0xf9,

    /* U+00C9 "É" */
    0x00, 0x00, 0x00, 0x6a, 0x20, 0x00, 0x00, 0x00,
    0x00, 0xef, 0xf1, 0x00, 0x00, 0x00, 0x06, 0xff,
    0x60, 0x00, 0x00, 0x00, 0x0e, 0xfb, 0x00, 0x00,
    0x00, 0x00, 0x5f, 0xe1, 0x00, 0x00, 0x00, 0x00,
    0x05, 0x40, 0x00, 0x00, 0x00, 0x00, 0x00, 0x00,
    0x00, 0x00, 0xcf, 0xff, 0xff, 0xff, 0xff, 0xf9,
    0xcf, 0xff, 0xff, 0xff, 0xff, 0xf9, 0xcf, 0xf9,
    0x88, 0x88, 0x88, 0x84, 0xcf, 0xf2, 0x00, 0x00,
    0x00, 0x00, 0xcf, 0xf2, 0x00, 0x00, 0x00, 0x00,
    0xcf, 0xf2, 0x00, 0x00, 0x00, 0x00, 0xcf, 0xf2,
    0x00, 0x00, 0x00, 0x00, 0xcf, 0xf2, 0x00, 0x00,
    0x00, 0x00, 0xcf, 0xf8, 0x77, 0x77, 0x77, 0x72,
    0xcf, 0xff, 0xff, 0xff, 0xff, 0xf4, 0xcf, 0xff,
    0xff, 0xff, 0xff, 0xf4, 0xcf, 0xf2, 0x00, 0x00,
    0x00, 0x00, 0xcf, 0xf2, 0x00, 0x00, 0x00, 0x00,
    0xcf, 0xf2, 0x00, 0x00, 0x00, 0x00, 0xcf, 0xf2,
    0x00, 0x00, 0x00, 0x00, 0xcf, 0xf2, 0x00, 0x00,
    0x00, 0x00, 0xcf, 0xf8, 0x77, 0x77, 0x77, 0x74,
    0xcf, 0xff, 0xff, 0xff, 0xff, 0xf9, 0xcf, 0xff,
    0xff, 0xff, 0xff, 0xf9,

    /* U+00CA "Ê" */
    0x00, 0x01, 0xdf, 0xfb, 0x00, 0x00, 0x00, 0x0c,
    0xff, 0xff, 0x90, 0x00, 0x00, 0xaf, 0xe3, 0x6f,
    0xf7, 0x00, 0x06, 0xfe, 0x20, 0x05, 0xff, 0x30,
    0x00, 0x72, 0x00, 0x00, 0x44, 0x00, 0x00, 0x00,
    0x00, 0x00, 0x00, 0x00, 0xcf, 0xff, 0xff, 0xff,
    0xff, 0xf9, 0xcf, 0xff, 0xff, 0xff, 0xff, 0xf9,
    0xcf, 0xf9, 0x88, 0x88, 0x88, 0x84, 0xcf, 0xf2,
    0x00, 0x00, 0x00, 0x00, 0xcf, 0xf2, 0x00, 0x00,
    0x00, 0x00, 0xcf, 0xf2, 0x00, 0x00, 0x00, 0x00,
    0xcf, 0xf2, 0x00, 0x00, 0x00, 0x00, 0xcf, 0xf2,
    0x00, 0x00, 0x00, 0x00, 0xcf, 0xf8, 0x77, 0x77,
    0x77, 0x72, 0xcf, 0xff, 0xff, 0xff, 0xff, 0xf4,
    0xcf, 0xff, 0xff, 0xff, 0xff, 0xf4, 0xcf, 0xf2,
    0x00, 0x00, 0x00, 0x00, 0xcf, 0xf2, 0x00, 0x00,
    0x00, 0x00, 0xcf, 0xf2, 0x00, 0x00, 0x00, 0x00,
    0xcf, 0xf2, 0x00, 0x00, 0x00, 0x00, 0xcf, 0xf2,
    0x00, 0x00, 0x00, 0x00, 0xcf, 0xf8, 0x77, 0x77,
    0x77, 0x74, 0xcf, 0xff, 0xff, 0xff, 0xff, 0xf9,
    0xcf, 0xff, 0xff, 0xff, 0xff, 0xf9,

    /* U+00CB "Ë" */
    0x02, 0xdf, 0x90, 0x0c, 0xfc, 0x00, 0x06, 0xff,
    0xf0, 0x3f, 0xff, 0x30, 0x04, 0xff, 0xd0, 0x1f,
    0xff, 0x10, 0x00, 0x24, 0x10, 0x01, 0x41, 0x00,
    0x00, 0x00, 0x00, 0x00, 0x00, 0x00, 0xcf, 0xff,
    0xff, 0xff, 0xff, 0xf9, 0xcf, 0xff, 0xff, 0xff,
    0xff, 0xf9, 0xcf, 0xf9, 0x88, 0x88, 0x88, 0x84,
    0xcf, 0xf2, 0x00, 0x00, 0x00, 0x00, 0xcf, 0xf2,
    0x00, 0x00, 0x00, 0x00, 0xcf, 0xf2, 0x00, 0x00,
    0x00, 0x00, 0xcf, 0xf2, 0x00, 0x00, 0x00, 0x00,
    0xcf, 0xf2, 0x00, 0x00, 0x00, 0x00, 0xcf, 0xf8,
    0x77, 0x77, 0x77, 0x72, 0xcf, 0xff, 0xff, 0xff,
    0xff, 0xf4, 0xcf, 0xff, 0xff, 0xff, 0xff, 0xf4,
    0xcf, 0xf2, 0x00, 0x00, 0x00, 0x00, 0xcf, 0xf2,
    0x00, 0x00, 0x00, 0x00, 0xcf, 0xf2, 0x00, 0x00,
    0x00, 0x00, 0xcf, 0xf2, 0x00, 0x00, 0x00, 0x00,
    0xcf, 0xf2, 0x00, 0x00, 0x00, 0x00, 0xcf, 0xf8,
    0x77, 0x77, 0x77, 0x74, 0xcf, 0xff, 0xff, 0xff,
    0xff, 0xf9, 0xcf, 0xff, 0xff, 0xff, 0xff, 0xf9,

    /* U+00CC "Ì" */
    0x00, 0x04, 0xc2, 0x00, 0x00, 0x00, 0x00, 0x4f,
    0xf9, 0x00, 0x00, 0x00, 0x00, 0x0a, 0xff, 0x20,
    0x00, 0x00, 0x00, 0x01, 0xef, 0x90, 0x00, 0x00,
    0x00, 0x00, 0x4f, 0xf1, 0x00, 0x00, 0x00, 0x00,
    0x06, 0x20, 0x00, 0x00, 0x00, 0x00, 0x00, 0x00,
    0x00, 0x00, 0xef, 0xff, 0xff, 0xff, 0xff, 0xf8,
    0xef, 0xff, 0xff, 0xff, 0xff, 0xf8, 0x34, 0x44,
    0xbf, 0xf7, 0x44, 0x42, 0x00, 0x00, 0xaf, 0xf4,
    0x00, 0x00, 0x00, 0x00, 0xaf, 0xf4, 0x00, 0x00,
    0x00, 0x00, 0xaf, 0xf4, 0x00, 0x00, 0x00, 0x00,
    0xaf, 0xf4, 0x00, 0x00, 0x00, 0x00, 0xaf, 0xf4,
    0x00, 0x00, 0x00, 0x00, 0xaf, 0xf4, 0x00, 0x00,
    0x00, 0x00, 0xaf, 0xf4, 0x00, 0x00, 0x00, 0x00,
    0xaf, 0xf4, 0x00, 0x00, 0x00, 0x00, 0xaf, 0xf4,
    0x00, 0x00, 0x00, 0x00, 0xaf, 0xf4, 0x00, 0x00,
    0x00, 0x00, 0xaf, 0xf4, 0x00, 0x00, 0x00, 0x00,
    0xaf, 0xf4, 0x00, 0x00, 0x00, 0x00, 0xaf, 0xf4,
    0x00, 0x00, 0x34, 0x44, 0xbf, 0xf7, 0x44, 0x42,
    0xef, 0xff, 0xff, 0xff, 0xff, 0xf8, 0xef, 0xff,
    0xff, 0xff, 0xff, 0xf8,

    /* U+00CD "Í" */
    0x00, 0x00, 0x00, 0x79, 0x10, 0x00, 0x00, 0x00,
    0x01, 0xff, 0xd0, 0x00, 0x00, 0x00, 0x08, 0xff,
    0x40, 0x00, 0x00, 0x00, 0x1f, 0xf9, 0x00, 0x00,
    0x00, 0x00, 0x7f, 0xd0, 0x00, 0x00, 0x00, 0x00,
    0x05, 0x30, 0x00, 0x00, 0x00, 0x00, 0x00, 0x00,
    0x00, 0x00, 0xef, 0xff, 0xff, 0xff, 0xff, 0xf8,
    0xef, 0xff, 0xff, 0xff, 0xff, 0xf8, 0x34, 0x44,
    0xbf, 0xf7, 0x44, 0x42, 0x00, 0x00, 0xaf, 0xf4,
    0x00, 0x00, 0x00, 0x00, 0xaf, 0xf4, 0x00, 0x00,
    0x00, 0x00, 0xaf, 0xf4, 0x00, 0x00, 0x00, 0x00,
    0xaf, 0xf4, 0x00, 0x00, 0x00, 0x00, 0xaf, 0xf4,
    0x00, 0x00, 0x00, 0x00, 0xaf, 0xf4, 0x00, 0x00,
    0x00, 0x00, 0xaf, 0xf4, 0x00, 0x00, 0x00, 0x00,
    0xaf, 0xf4, 0x00, 0x00, 0x00, 0x00, 0xaf, 0xf4,
    0x00, 0x00, 0x00, 0x00, 0xaf, 0xf4, 0x00, 0x00,
    0x00, 0x00, 0xaf, 0xf4, 0x00, 0x00, 0x00, 0x00,
    0xaf, 0xf4, 0x00, 0x00, 0x00, 0x00, 0xaf, 0xf4,
    0x00, 0x00, 0x34, 0x44, 0xbf, 0xf7, 0x44, 0x42,
    0xef, 0xff, 0xff, 0xff, 0xff, 0xf8, 0xef, 0xff,
    0xff, 0xff, 0xff, 0xf8,

    /* U+00CE "Î" */
    0x00, 0x02, 0xef, 0xfa, 0x00, 0x00, 0x00, 0x1d,
    0xff, 0xff, 0x80, 0x00, 0x00, 0xbf, 0xe2, 0x8f,
    0xf5, 0x00, 0x07, 0xfd, 0x20, 0x07, 0xff, 0x10,
    0x00, 0x71, 0x00, 0x00, 0x53, 0x00, 0x00, 0x00,
    0x00, 0x00, 0x00, 0x00, 0xef, 0xff, 0xff, 0xff,
    0xff, 0xf8, 0xef, 0xff, 0xff, 0xff, 0xff, 0xf8,
    0x34, 0x44, 0xbf, 0xf7, 0x44, 0x42, 0x00, 0x00,
    0xaf, 0xf4, 0x00, 0x00, 0x00, 0x00, 0xaf, 0xf4,
    0x00, 0x00, 0x00, 0x00, 0xaf, 0xf4, 0x00, 0x00,
    0x00, 0x00, 0xaf, 0xf4, 0x00, 0x00, 0x00, 0x00,
    0xaf, 0xf4, 0x00, 0x00, 0x00, 0x00, 0xaf, 0xf4,
    0x00, 0x00, 0x00, 0x00, 0xaf, 0xf4, 0x00, 0x00,
    0x00, 0x00, 0xaf, 0xf4, 0x00, 0x00, 0x00, 0x00,
    0xaf, 0xf4, 0x00, 0x00, 0x00, 0x00, 0xaf, 0xf4,
    0x00, 0x00, 0x00, 0x00, 0xaf, 0xf4, 0x00, 0x00,
    0x00, 0x00, 0xaf, 0xf4, 0x00, 0x00, 0x00, 0x00,
    0xaf, 0xf4, 0x00, 0x00, 0x34, 0x44, 0xbf, 0xf7,
    0x44, 0x42, 0xef, 0xff, 0xff, 0xff, 0xff, 0xf8,
    0xef, 0xff, 0xff, 0xff, 0xff, 0xf8,

    /* U+00CF "Ï" */
    0x03, 0xef, 0x80, 0x1c, 0xfb, 0x00, 0x08, 0xff,
    0xe0, 0x5f, 0xff, 0x10, 0x05, 0xff, 0xc0, 0x2f,
    0xfe, 0x00, 0x00, 0x34, 0x00, 0x02, 0x41, 0x00,
    0x00, 0x00, 0x00, 0x00, 0x00, 0x00, 0xef, 0xff,
    0xff, 0xff, 0xff, 0xf8, 0xef, 0xff, 0xff, 0xff,
    0xff, 0xf8, 0x34, 0x44, 0xbf, 0xf7, 0x44, 0x42,
    0x00, 0x00, 0xaf, 0xf4, 0x00, 0x00, 0x00, 0x00,
    0xaf, 0xf4, 0x00, 0x00, 0x00, 0x00, 0xaf, 0xf4,
    0x00, 0x00, 0x00, 0x00, 0xaf, 0xf4, 0x00, 0x00,
    0x00, 0x00, 0xaf, 0xf4, 0x00, 0x00, 0x00, 0x00,
    0xaf, 0xf4, 0x00, 0x00, 0x00, 0x00, 0xaf, 0xf4,
    0x00, 0x00, 0x00, 0x00, 0xaf, 0xf4, 0x00, 0x00,
    0x00, 0x00, 0xaf, 0xf4, 0x00, 0x00, 0x00, 0x00,
    0xaf, 0xf4, 0x00, 0x00, 0x00, 0x00, 0xaf, 0xf4,
    0x00, 0x00, 0x00, 0x00, 0xaf, 0xf4, 0x00, 0x00,
    0x00, 0x00, 0xaf, 0xf4, 0x00, 0x00, 0x34, 0x44,
    0xbf, 0xf7, 0x44, 0x42, 0xef, 0xff, 0xff, 0xff,
    0xff, 0xf8, 0xef, 0xff, 0xff, 0xff, 0xff, 0xf8,

    /* U+00D0 "Ð" */
    0x00, 0xbf, 0xff, 0xff, 0xeb, 0x60, 0x00, 0x00,
    0x0b, 0xff, 0xff, 0xff, 0xff, 0xc0, 0x00, 0x00,
    0xbf, 0xf8, 0x77, 0x9f, 0xff, 0xb0, 0x00, 0x0b,
    0xff, 0x20, 0x00, 0x1e, 0xff, 0x40, 0x00, 0xbf,
    0xf2, 0x00, 0x00, 0x5f, 0xfa, 0x00, 0x0b, 0xff,
    0x20, 0x00, 0x00, 0xff, 0xf0, 0x00, 0xbf, 0xf2,
    0x00, 0x00, 0x0c, 0xff, 0x20, 0x0b, 0xff, 0x20,
    0x00, 0x00, 0xbf, 0xf4, 0x9f, 0xff, 0xff, 0xff,
    0x80, 0x0b, 0xff, 0x59, 0xff, 0xff, 0xff, 0xf8,
    0x00, 0xbf, 0xf5, 0x24, 0xcf, 0xf6, 0x44, 0x20,
    0x0b, 0xff, 0x50, 0x0b, 0xff, 0x20, 0x00, 0x00,
    0xbf, 0xf4, 0x00, 0xbf, 0xf2, 0x00, 0x00, 0x0c,
    0xff, 0x20, 0x0b, 0xff, 0x20, 0x00, 0x00, 0xff,
    0xf0, 0x00, 0xbf, 0xf2, 0x00, 0x00, 0x5f, 0xfa,
    0x00, 0x0b, 0xff, 0x20, 0x00, 0x1e, 0xff, 0x40,
    0x00, 0xbf, 0xf8, 0x77, 0x9f, 0xff, 0xb0, 0x00,
    0x0b, 0xff, 0xff, 0xff, 0xff, 0xc0, 0x00, 0x00,
    0xbf, 0xff, 0xff, 0xeb, 0x60, 0x00, 0x00,

    /* U+00D1 "Ñ" */
    0x00, 0x1a, 0xfe, 0xa4, 0x02, 0x40, 0x00, 0x09,
    0xff, 0xff, 0xff, 0xff, 0x20, 0x00, 0x18, 0x45,
    0xaf, 0xff, 0xa0, 0x00, 0x00, 0x00, 0x00, 0x02,
    0x10, 0x00, 0x00, 0x00, 0x00, 0x00, 0x00, 0x00,
    0x02, 0xff, 0xfc, 0x00, 0x00, 0x0d, 0xfb, 0x2f,
    0xff, 0xf2, 0x00, 0x00, 0xdf, 0xb2, 0xff, 0xff,
    0x80, 0x00, 0x0d, 0xfb, 0x2f, 0xff, 0xfd, 0x00,
    0x00, 0xdf, 0xb2, 0xff, 0xbf, 0xf3, 0x00, 0x0d,
    0xfb, 0x2f, 0xf6, 0xef, 0x90, 0x00, 0xdf, 0xb2,
    0xff, 0x68, 0xfe, 0x00, 0x0d, 0xfb, 0x2f, 0xf6,
    0x2f, 0xf5, 0x00, 0xdf, 0xb2, 0xff, 0x60, 0xdf,
    0xb0, 0x0d, 0xfb, 0x2f, 0xf6, 0x07, 0xff, 0x10,
    0xdf, 0xb2, 0xff, 0x60, 0x1f, 0xf6, 0x0d, 0xfb,
    0x2f, 0xf6, 0x00, 0xbf, 0xc0, 0xdf, 0xb2, 0xff,
    0x60, 0x05, 0xff, 0x2d, 0xfb, 0x2f, 0xf6, 0x00,
    0x0f, 0xf8, 0xdf, 0xb2, 0xff, 0x60, 0x00, 0xaf,
    0xdd, 0xfb, 0x2f, 0xf6, 0x00, 0x04, 0xff, 0xff,
    0xb2, 0xff, 0x60, 0x00, 0x0e, 0xff, 0xfb, 0x2f,
    0xf6, 0x00, 0x00, 0x8f, 0xff, 0xb2, 0xff, 0x60,
    0x00, 0x03, 0xff, 0xfb,

    /* U+00D2 "Ò" */
    0x00, 0x00, 0x07, 0x00, 0x00, 0x00, 0x00, 0x00,
    0x03, 0xef, 0x70, 0x00, 0x00, 0x00, 0x00, 0x00,
    0xdf, 0xe0, 0x00, 0x00, 0x00, 0x00, 0x00, 0x3f,
    0xf7, 0x00, 0x00, 0x00, 0x00, 0x00, 0x08, 0xfe,
    0x00, 0x00, 0x00, 0x00, 0x00, 0x00, 0xb7, 0x00,
    0x00, 0x00, 0x00, 0x00, 0x00, 0x00, 0x00, 0x00,
    0x00, 0x00, 0x02, 0x9d, 0xfe, 0xc7, 0x00, 0x00,
    0x00, 0x5f, 0xff, 0xff, 0xff, 0xd1, 0x00, 0x03,
    0xff, 0xfb, 0x78, 0xdf, 0xfc, 0x00, 0x0c, 0xff,
    0x60, 0x00, 0x0c, 0xff, 0x50, 0x2f, 0xfc, 0x00,
    0x00, 0x03, 0xff, 0xc0, 0x7f, 0xf7, 0x00, 0x00,
    0x00, 0xef, 0xf0, 0xaf, 0xf5, 0x00, 0x00, 0x00,
    0xbf, 0xf3, 0xcf, 0xf4, 0x00, 0x00, 0x00, 0xaf,
    0xf5, 0xdf, 0xf3, 0x00, 0x00, 0x00, 0xaf, 0xf6,
    0xdf, 0xf3, 0x00, 0x00, 0x00, 0xaf, 0xf7, 0xdf,
    0xf3, 0x00, 0x00, 0x00, 0xaf, 0xf6, 0xcf, 0xf4,
    0x00, 0x00, 0x00, 0xaf, 0xf5, 0xaf, 0xf5, 0x00,
    0x00, 0x00, 0xbf, 0xf3, 0x7f, 0xf7, 0x00, 0x00,
    0x00, 0xef, 0xf0, 0x2f, 0xfc, 0x00, 0x00, 0x03,
    0xff, 0xc0, 0x0c, 0xff, 0x60, 0x00, 0x0c, 0xff,
    0x60, 0x03, 0xff, 0xfb, 0x78, 0xdf, 0xfc, 0x00,
    0x00, 0x6f, 0xff, 0xff, 0xff, 0xd1, 0x00, 0x00,
    0x02, 0x9d, 0xfe, 0xc7, 0x00, 0x00,

    /* U+00D3 "Ó" */
    0x00, 0x00, 0x00, 0x04, 0x40, 0x00, 0x00, 0x00,
    0x00, 0x00, 0x0d, 0xfb, 0x00, 0x00, 0x00, 0x00,
    0x00, 0x5f, 0xf8, 0x00, 0x00, 0x00, 0x00, 0x00,
    0xdf, 0xc0, 0x00, 0x00, 0x00, 0x00, 0x05, 0xff,
    0x20, 0x00, 0x00, 0x00, 0x00, 0x02, 0xa6, 0x00,
    0x00, 0x00, 0x00, 0x00, 0x00, 0x00, 0x00, 0x00,
    0x00, 0x00, 0x02, 0x9d, 0xfe, 0xc7, 0x00, 0x00,
    0x00, 0x5f, 0xff, 0xff, 0xff, 0xd1, 0x00, 0x03,
    0xff, 0xfb, 0x78, 0xdf, 0xfc, 0x00, 0x0c, 0xff,
    0x60, 0x00, 0x0c, 0xff, 0x50, 0x2f, 0xfc, 0x00,
    0x00, 0x03, 0xff, 0xc0, 0x7f, 0xf7, 0x00, 0x00,
    0x00, 0xef, 0xf0, 0xaf, 0xf5, 0x00, 0x00, 0x00,
    0xbf, 0xf3, 0xcf, 0xf4, 0x00, 0x00, 0x00, 0xaf,
    0xf5, 0xdf, 0xf3, 0x00, 0x00, 0x00, 0xaf, 0xf6,
    0xdf, 0xf3, 0x00, 0x00, 0x00, 0xaf, 0xf7, 0xdf,
    0xf3, 0x00, 0x00, 0x00, 0xaf, 0xf6, 0xcf, 0xf4,
    0x00, 0x00, 0x00, 0xaf, 0xf5, 0xaf, 0xf5, 0x00,
    0x00, 0x00, 0xbf, 0xf3, 0x7f, 0xf7, 0x00, 0x00,
    0x00, 0xef, 0xf0, 0x2f, 0xfc, 0x00, 0x00, 0x03,
    0xff, 0xc0, 0x0c, 0xff, 0x60, 0x00, 0x0c, 0xff,
    0x60, 0x03, 0xff, 0xfb, 0x78, 0xdf, 0xfc, 0x00,
    0x00, 0x6f, 0xff, 0xff, 0xff, 0xd1, 0x00, 0x00,
    0x02, 0x9d, 0xfe, 0xc7, 0x00, 0x00,

    /* U+00D4 "Ô" */
    0x00, 0x00, 0x06, 0x88, 0x30, 0x00, 0x00, 0x00,
    0x00, 0x5f, 0xff, 0xe1, 0x00, 0x00, 0x00, 0x02,
    0xff, 0xdf, 0xfb, 0x00, 0x00, 0x00, 0x0d, 0xfd,
    0x16, 0xff, 0x70, 0x00, 0x00, 0x8f, 0xd1, 0x00,
    0x6f, 0xf1, 0x00, 0x00, 0x09, 0x10, 0x00, 0x07,
    0x50, 0x00, 0x00, 0x00, 0x00, 0x00, 0x00, 0x00,
    0x00, 0x00, 0x02, 0x9d, 0xfe, 0xc7, 0x00, 0x00,
    0x00, 0x5f, 0xff, 0xff, 0xff, 0xd1, 0x00, 0x03,
    0xff, 0xfb, 0x78, 0xdf, 0xfc, 0x00, 0x0c, 0xff,
    0x60, 0x00, 0x0c, 0xff, 0x50, 0x2f, 0xfc, 0x00,
    0x00, 0x03, 0xff, 0xc0, 0x7f, 0xf7, 0x00, 0x00,
    0x00, 0xef, 0xf0, 0xaf, 0xf5, 0x00, 0x00, 0x00,
    0xbf, 0xf3, 0xcf, 0xf4, 0x00, 0x00, 0x00, 0xaf,
    0xf5, 0xdf, 0xf3, 0x00, 0x00, 0x00, 0xaf, 0xf6,
    0xdf, 0xf3, 0x00, 0x00, 0x00, 0xaf, 0xf7, 0xdf,
    0xf3, 0x00, 0x00, 0x00, 0xaf, 0xf6, 0xcf, 0xf4,
    0x00, 0x00, 0x00, 0xaf, 0xf5, 0xaf, 0xf5, 0x00,
    0x00, 0x00, 0xbf, 0xf3, 0x7f, 0xf7, 0x00, 0x00,
    0x00, 0xef, 0xf0, 0x2f, 0xfc, 0x00, 0x00, 0x03,
    0xff, 0xc0, 0x0c, 0xff, 0x60, 0x00, 0x0c, 0xff,
    0x60, 0x03, 0xff, 0xfb, 0x78, 0xdf, 0xfc, 0x00,
    0x00, 0x6f, 0xff, 0xff, 0xff, 0xd1, 0x00, 0x00,
    0x02, 0x9d, 0xfe, 0xc7, 0x00, 0x00,

    /* U+00D5 "Õ" */
    0x00, 0x00, 0x21, 0x00, 0x00, 0x00, 0x00, 0x00,
    0x2d, 0xff, 0xc5, 0x12, 0x50, 0x00, 0x00, 0x9f,
    0xff, 0xff, 0xff, 0xf3, 0x00, 0x00, 0x07, 0x12,
    0x8e, 0xff, 0x90, 0x00, 0x00, 0x00, 0x00, 0x00,
    0x21, 0x00, 0x00, 0x00, 0x00, 0x00, 0x00, 0x00,
    0x00, 0x00, 0x00, 0x02, 0x9d, 0xfe, 0xc7, 0x00,
    0x00, 0x00, 0x5f, 0xff, 0xff, 0xff, 0xd1, 0x00,
    0x03, 0xff, 0xfb, 0x78, 0xdf, 0xfc, 0x00, 0x0c,
    0xff, 0x60, 0x00, 0x0c, 0xff, 0x50, 0x2f, 0xfc,
    0x00, 0x00, 0x03, 0xff, 0xc0, 0x7f, 0xf7, 0x00,
    0x00, 0x00, 0xef, 0xf0, 0xaf, 0xf5, 0x00, 0x00,
    0x00, 0xbf, 0xf3, 0xcf, 0xf4, 0x00, 0x00, 0x00,
    0xaf, 0xf5, 0xdf, 0xf3, 0x00, 0x00, 0x00, 0xaf,
    0xf6, 0xdf, 0xf3, 0x00, 0x00, 0x00, 0xaf, 0xf7,
    0xdf, 0xf3, 0x00, 0x00, 0x00, 0xaf, 0xf6, 0xcf,
    0xf4, 0x00, 0x00, 0x00, 0xaf, 0xf5, 0xaf, 0xf5,
    0x00, 0x00, 0x00, 0xbf, 0xf3, 0x7f, 0xf7, 0x00,
    0x00, 0x00, 0xef, 0xf0, 0x2f, 0xfc, 0x00, 0x00,
    0x03, 0xff, 0xc0, 0x0c, 0xff, 0x60, 0x00, 0x0c,
    0xff, 0x60, 0x03, 0xff, 0xfb, 0x78, 0xdf, 0xfc,
    0x00, 0x00, 0x6f, 0xff, 0xff, 0xff, 0xd1, 0x00,
    0x00, 0x02, 0x9d, 0xfe, 0xc7, 0x00, 0x00,

    /* U+00D6 "Ö" */
    0x00, 0x03, 0x40, 0x00, 0x24, 0x10, 0x00, 0x00,
    0x5f, 0xfc, 0x02, 0xff, 0xe0, 0x00, 0x00, 0x8f,
    0xfe, 0x05, 0xff, 0xf1, 0x00, 0x00, 0x3e, 0xf8,
    0x01, 0xdf, 0xb0, 0x00, 0x00, 0x00, 0x00, 0x00,
    0x00, 0x00, 0x00, 0x00, 0x00, 0x00, 0x00, 0x00,
    0x00, 0x00, 0x00, 0x02, 0x9d, 0xfe, 0xc7, 0x00,
    0x00, 0x00, 0x5f, 0xff, 0xff, 0xff, 0xd1, 0x00,
    0x03, 0xff, 0xfb, 0x78, 0xdf, 0xfc, 0x00, 0x0c,
    0xff, 0x60, 0x00, 0x0c, 0xff, 0x50, 0x2f, 0xfc,
    0x00, 0x00, 0x03, 0xff, 0xc0, 0x7f, 0xf7, 0x00,
    0x00, 0x00, 0xef, 0xf0, 0xaf, 0xf5, 0x00, 0x00,
    0x00, 0xbf, 0xf3, 0xcf, 0xf4, 0x00, 0x00, 0x00,
    0xaf, 0xf5, 0xdf, 0xf3, 0x00, 0x00, 0x00, 0xaf,
    0xf6, 0xdf, 0xf3, 0x00, 0x00, 0x00, 0xaf, 0xf7,
    0xdf, 0xf3, 0x00, 0x00, 0x00, 0xaf, 0xf6, 0xcf,
    0xf4, 0x00, 0x00, 0x00, 0xaf, 0xf5, 0xaf, 0xf5,
    0x00, 0x00, 0x00, 0xbf, 0xf3, 0x7f, 0xf7, 0x00,
    0x00, 0x00, 0xef, 0xf0, 0x2f, 0xfc, 0x00, 0x00,
    0x03, 0xff, 0xc0, 0x0c, 0xff, 0x60, 0x00, 0x0c,
    0xff, 0x60, 0x03, 0xff, 0xfb, 0x78, 0xdf, 0xfc,
    0x00, 0x00, 0x6f, 0xff, 0xff, 0xff, 0xd1, 0x00,
    0x00, 0x02, 0x9d, 0xfe, 0xc7, 0x00, 0x00,

    /* U+00D7 "×" */
    0x09, 0x30, 0x00, 0x00, 0x08, 0x40, 0x9f, 0xe3,
    0x00, 0x00, 0x8f, 0xf3, 0x4f, 0xfe, 0x20, 0x08,
    0xff, 0xc0, 0x04, 0xff, 0xe2, 0x8f, 0xfc, 0x00,
    0x00, 0x4f, 0xff, 0xff, 0xc1, 0x00, 0x00, 0x04,
    0xff, 0xfd, 0x10, 0x00, 0x00, 0x06, 0xff, 0xfe,
    0x20, 0x00, 0x00, 0x6f, 0xfd, 0xff, 0xe2, 0x00,
    0x06, 0xff, 0xd1, 0x5f, 0xfe, 0x20, 0x6f, 0xfd,
    0x10, 0x05, 0xff, 0xd1, 0x7f, 0xd1, 0x00, 0x00,
    0x6f, 0xe2, 0x06, 0x20, 0x00, 0x00, 0x06, 0x20,

    /* U+00D8 "Ø" */
    0x00, 0x00, 0x00, 0x00, 0x00, 0x00, 0x00, 0x00,
    0x00, 0x00, 0x00, 0x00, 0x00, 0x09, 0xa1, 0x00,
    0x00, 0x29, 0xdf, 0xfc, 0x73, 0xff, 0x60, 0x00,
    0x5f, 0xff, 0xff, 0xff, 0xff, 0xd0, 0x00, 0x3f,
    0xff, 0xb7, 0x9e, 0xff, 0xf4, 0x00, 0x0c, 0xff,
    0x60, 0x00, 0x1f, 0xff, 0x50, 0x02, 0xff, 0xc0,
    0x00, 0x07, 0xff, 0xfc, 0x00, 0x7f, 0xf7, 0x00,
    0x01, 0xef, 0xff, 0xf0, 0x0a, 0xff, 0x50, 0x00,
    0x9f, 0xab, 0xff, 0x30, 0xcf, 0xf4, 0x00, 0x2f,
    0xf1, 0xaf, 0xf5, 0x0d, 0xff, 0x30, 0x0b, 0xf8,
    0x0a, 0xff, 0x60, 0xdf, 0xf3, 0x05, 0xfe, 0x00,
    0xaf, 0xf7, 0x0d, 0xff, 0x30, 0xdf, 0x50, 0x0a,
    0xff, 0x60, 0xcf, 0xf3, 0x7f, 0xc0, 0x00, 0xaf,
    0xf5, 0x0a, 0xff, 0x6f, 0xf3, 0x00, 0x0b, 0xff,
    0x30, 0x7f, 0xff, 0xf9, 0x00, 0x00, 0xef, 0xf1,
    0x03, 0xff, 0xff, 0x10, 0x00, 0x3f, 0xfc, 0x00,
    0x0c, 0xff, 0xa0, 0x00, 0x0c, 0xff, 0x60, 0x00,
    0xaf, 0xff, 0xb8, 0x8d, 0xff, 0xc0, 0x00, 0x3f,
    0xff, 0xff, 0xff, 0xff, 0xd1, 0x00, 0x0c, 0xfc,
    0x2a, 0xef, 0xec, 0x70, 0x00, 0x00, 0x4d, 0x30,
    0x00, 0x00, 0x00, 0x00, 0x00, 0x00, 0x00, 0x00,
    0x00, 0x00, 0x00, 0x00, 0x00,

    /* U+00D9 "Ù" */
    0x00, 0x00, 0x4c, 0x20, 0x00, 0x00, 0x00, 0x00,
    0x4f, 0xf9, 0x00, 0x00, 0x00, 0x00, 0x00, 0xaf,
    0xf2, 0x00, 0x00, 0x00, 0x00, 0x01, 0xef, 0x90,
    0x00, 0x00, 0x00, 0x00, 0x04, 0xff, 0x10, 0x00,
    0x00, 0x00, 0x00, 0x06, 0x20, 0x00, 0x00, 0x00,
    0x00, 0x00, 0x00, 0x00, 0x00, 0x03, 0xff, 0xb0,
    0x00, 0x00, 0x1f, 0xfd, 0x3f, 0xfb, 0x00, 0x00,
    0x01, 0xff, 0xd3, 0xff, 0xb0, 0x00, 0x00, 0x1f,
    0xfd, 0x3f, 0xfb, 0x00, 0x00, 0x01, 0xff, 0xd3,
    0xff, 0xb0, 0x00, 0x00, 0x1f, 0xfd, 0x3f, 0xfb,
    0x00, 0x00, 0x01, 0xff, 0xd3, 0xff, 0xb0, 0x00,
    0x00, 0x1f, 0xfd, 0x3f, 0xfb, 0x00, 0x00, 0x01,
    0xff, 0xd3, 0xff, 0xb0, 0x00, 0x00, 0x1f, 0xfd,
    0x3f, 0xfb, 0x00, 0x00, 0x01, 0xff, 0xd3, 0xff,
    0xb0, 0x00, 0x00, 0x1f, 0xfc, 0x3f, 0xfb, 0x00,
    0x00, 0x01, 0xff, 0xc2, 0xff, 0xb0, 0x00, 0x00,
    0x2f, 0xfc, 0x1f, 0xfc, 0x00, 0x00, 0x02, 0xff,
    0xa0, 0xff, 0xe0, 0x00, 0x00, 0x5f, 0xf8, 0x0b,
    0xff, 0x50, 0x00, 0x0c, 0xff, 0x50, 0x5f, 0xff,
    0xa7, 0x8d, 0xff, 0xe0, 0x00, 0xaf, 0xff, 0xff,
    0xff, 0xf4, 0x00, 0x00, 0x5b, 0xef, 0xfd, 0x92,
    0x00,

    /* U+00DA "Ú" */
    0x00, 0x00, 0x00, 0x07, 0x91, 0x00, 0x00, 0x00,
    0x00, 0x01, 0xff, 0xd0, 0x00, 0x00, 0x00, 0x00,
    0x8f, 0xf4, 0x00, 0x00, 0x00, 0x00, 0x1f, 0xf9,
    0x00, 0x00, 0x00, 0x00, 0x07, 0xfd, 0x00, 0x00,
    0x00, 0x00, 0x00, 0x05, 0x30, 0x00, 0x00, 0x00,
    0x00, 0x00, 0x00, 0x00, 0x00, 0x03, 0xff, 0xb0,
    0x00, 0x00, 0x1f, 0xfd, 0x3f, 0xfb, 0x00, 0x00,
    0x01, 0xff, 0xd3, 0xff, 0xb0, 0x00, 0x00, 0x1f,
    0xfd, 0x3f, 0xfb, 0x00, 0x00, 0x01, 0xff, 0xd3,
    0xff, 0xb0, 0x00, 0x00, 0x1f, 0xfd, 0x3f, 0xfb,
    0x00, 0x00, 0x01, 0xff, 0xd3, 0xff, 0xb0, 0x00,
    0x00, 0x1f, 0xfd, 0x3f, 0xfb, 0x00, 0x00, 0x01,
    0xff, 0xd3, 0xff, 0xb0, 0x00, 0x00, 0x1f, 0xfd,
    0x3f, 0xfb, 0x00, 0x00, 0x01, 0xff, 0xd3, 0xff,
    0xb0, 0x00, 0x00, 0x1f, 0xfc, 0x3f, 0xfb, 0x00,
    0x00, 0x01, 0xff, 0xc2, 0xff, 0xb0, 0x00, 0x00,
    0x2f, 0xfc, 0x1f, 0xfc, 0x00, 0x00, 0x02, 0xff,
    0xa0, 0xff, 0xe0, 0x00, 0x00, 0x5f, 0xf8, 0x0b,
    0xff, 0x50, 0x00, 0x0c, 0xff, 0x50, 0x5f, 0xff,
    0xa7, 0x8d, 0xff, 0xe0, 0x00, 0xaf, 0xff, 0xff,
    0xff, 0xf4, 0x00, 0x00, 0x5b, 0xef, 0xfd, 0x92,
    0x00,

    /* U+00DB "Û" */
    0x00, 0x00, 0x06, 0x88, 0x30, 0x00, 0x00, 0x00,
    0x06, 0xff, 0xfe, 0x10, 0x00, 0x00, 0x03, 0xff,
    0xcf, 0xfc, 0x00, 0x00, 0x01, 0xef, 0xb0, 0x4f,
    0xf9, 0x00, 0x00, 0x7f, 0xb0, 0x00, 0x4f, 0xf1,
    0x00, 0x00, 0x50, 0x00, 0x00, 0x32, 0x00, 0x00,
    0x00, 0x00, 0x00, 0x00, 0x00, 0x03, 0xff, 0xb0,
    0x00, 0x00, 0x1f, 0xfd, 0x3f, 0xfb, 0x00, 0x00,
    0x01, 0xff, 0xd3, 0xff, 0xb0, 0x00, 0x00, 0x1f,
    0xfd, 0x3f, 0xfb, 0x00, 0x00, 0x01, 0xff, 0xd3,
    0xff, 0xb0, 0x00, 0x00, 0x1f, 0xfd, 0x3f, 0xfb,
    0x00, 0x00, 0x01, 0xff, 0xd3, 0xff, 0xb0, 0x00,
    0x00, 0x1f, 0xfd, 0x3f, 0xfb, 0x00, 0x00, 0x01,
    0xff, 0xd3, 0xff, 0xb0, 0x00, 0x00, 0x1f, 0xfd,
    0x3f, 0xfb, 0x00, 0x00, 0x01, 0xff, 0xd3, 0xff,
    0xb0, 0x00, 0x00, 0x1f, 0xfc, 0x3f, 0xfb, 0x00,
    0x00, 0x01, 0xff, 0xc2, 0xff, 0xb0, 0x00, 0x00,
    0x2f, 0xfc, 0x1f, 0xfc, 0x00, 0x00, 0x02, 0xff,
    0xa0, 0xff, 0xe0, 0x00, 0x00, 0x5f, 0xf8, 0x0b,
    0xff, 0x50, 0x00, 0x0c, 0xff, 0x50, 0x5f, 0xff,
    0xa7, 0x8d, 0xff, 0xe0, 0x00, 0xaf, 0xff, 0xff,
    0xff, 0xf4, 0x00, 0x00, 0x5b, 0xef, 0xfd, 0x92,
    0x00,

    /* U+00DC "Ü" */
    0x00, 0x03, 0x40, 0x00, 0x24, 0x10, 0x00, 0x05,
    0xff, 0xc0, 0x2f, 0xfe, 0x00, 0x00, 0x8f, 0xfe,
    0x05, 0xff, 0xf1, 0x00, 0x03, 0xef, 0x80, 0x1d,
    0xfb, 0x00, 0x00, 0x00, 0x00, 0x00, 0x00, 0x00,
    0x00, 0x00, 0x00, 0x00, 0x00, 0x00, 0x00, 0x3f,
    0xfb, 0x00, 0x00, 0x01, 0xff, 0xd3, 0xff, 0xb0,
    0x00, 0x00, 0x1f, 0xfd, 0x3f, 0xfb, 0x00, 0x00,
    0x01, 0xff, 0xd3, 0xff, 0xb0, 0x00, 0x00, 0x1f,
    0xfd, 0x3f, 0xfb, 0x00, 0x00, 0x01, 0xff, 0xd3,
    0xff, 0xb0, 0x00, 0x00, 0x1f, 0xfd, 0x3f, 0xfb,
    0x00, 0x00, 0x01, 0xff, 0xd3, 0xff, 0xb0, 0x00,
    0x00, 0x1f, 0xfd, 0x3f, 0xfb, 0x00, 0x00, 0x01,
    0xff, 0xd3, 0xff, 0xb0, 0x00, 0x00, 0x1f, 0xfd,
    0x3f, 0xfb, 0x00, 0x00, 0x01, 0xff, 0xc3, 0xff,
    0xb0, 0x00, 0x00, 0x1f, 0xfc, 0x2f, 0xfb, 0x00,
    0x00, 0x02, 0xff, 0xc1, 0xff, 0xc0, 0x00, 0x00,
    0x2f, 0xfa, 0x0f, 0xfe, 0x00, 0x00, 0x05, 0xff,
    0x80, 0xbf, 0xf5, 0x00, 0x00, 0xcf, 0xf5, 0x05,
    0xff, 0xfa, 0x78, 0xdf, 0xfe, 0x00, 0x0a, 0xff,
    0xff, 0xff, 0xff, 0x40, 0x00, 0x05, 0xbe, 0xff,
    0xd9, 0x20, 0x00,

    /* U+00DD "Ý" */
    0x00, 0x00, 0x00, 0x00, 0x79, 0x10, 0x00, 0x00,
    0x00, 0x00, 0x00, 0x01, 0xff, 0xd0, 0x00, 0x00,
    0x00, 0x00, 0x00, 0x08, 0xff, 0x40, 0x00, 0x00,
    0x00, 0x00, 0x00, 0x1f, 0xf9, 0x00, 0x00, 0x00,
    0x00, 0x00, 0x00, 0x7f, 0xd0, 0x00, 0x00, 0x00,
    0x00, 0x00, 0x00, 0x05, 0x30, 0x00, 0x00, 0x00,
    0x00, 0x00, 0x00, 0x00, 0x00, 0x00, 0x00, 0x00,
    0x6f, 0xfc, 0x00, 0x00, 0x00, 0x02, 0xff, 0xf1,
    0x0e, 0xff, 0x40, 0x00, 0x00, 0x0a, 0xff, 0x80,
    0x06, 0xff, 0xc0, 0x00, 0x00, 0x2f, 0xff, 0x10,
    0x00, 0xef, 0xf4, 0x00, 0x00, 0x9f, 0xf7, 0x00,
    0x00, 0x6f, 0xfc, 0x00, 0x01, 0xff, 0xe0, 0x00,
    0x00, 0x0d, 0xff, 0x30, 0x08, 0xff, 0x70, 0x00,
    0x00, 0x06, 0xff, 0xb0, 0x1f, 0xfe, 0x00, 0x00,
    0x00, 0x00, 0xdf, 0xf2, 0x7f, 0xf7, 0x00, 0x00,
    0x00, 0x00, 0x5f, 0xfa, 0xef, 0xe0, 0x00, 0x00,
    0x00, 0x00, 0x0d, 0xff, 0xff, 0x70, 0x00, 0x00,
    0x00, 0x00, 0x05, 0xff, 0xfe, 0x00, 0x00, 0x00,
    0x00, 0x00, 0x00, 0xdf, 0xf6, 0x00, 0x00, 0x00,
    0x00, 0x00, 0x00, 0xaf, 0xf4, 0x00, 0x00, 0x00,
    0x00, 0x00, 0x00, 0xaf, 0xf4, 0x00, 0x00, 0x00,
    0x00, 0x00, 0x00, 0xaf, 0xf4, 0x00, 0x00, 0x00,
    0x00, 0x00, 0x00, 0xaf, 0xf4, 0x00, 0x00, 0x00,
    0x00, 0x00, 0x00, 0xaf, 0xf4, 0x00, 0x00, 0x00,
    0x00, 0x00, 0x00, 0xaf, 0xf4, 0x00, 0x00, 0x00,
    0x00, 0x00, 0x00, 0xaf, 0xf4, 0x00, 0x00, 0x00,

    /* U+00DE "Þ" */
    0xdf, 0xf1, 0x00, 0x00, 0x00, 0x00, 0x0d, 0xff,
    0x10, 0x00, 0x00, 0x00, 0x00, 0xdf, 0xf1, 0x00,
    0x00, 0x00, 0x00, 0x0d, 0xff, 0x10, 0x00, 0x00,
    0x00, 0x00, 0xdf, 0xff, 0xff, 0xff, 0xc7, 0x00,
    0x0d, 0xff, 0xff, 0xff, 0xff, 0xfc, 0x00, 0xdf,
    0xf8, 0x77, 0x79, 0xff, 0xf8, 0x0d, 0xff, 0x10,
    0x00, 0x03, 0xff, 0xf0, 0xdf, 0xf1, 0x00, 0x00,
    0x0d, 0xff, 0x2d, 0xff, 0x10, 0x00, 0x00, 0xcf,
    0xf3, 0xdf, 0xf1, 0x00, 0x00, 0x0d, 0xff, 0x2d,
    0xff, 0x10, 0x00, 0x03, 0xff, 0xf0, 0xdf, 0xf8,
    0x77, 0x79, 0xff, 0xf9, 0x0d, 0xff, 0xff, 0xff,
    0xff, 0xfc, 0x00, 0xdf, 0xff, 0xff, 0xff, 0xd7,
    0x00, 0x0d, 0xff, 0x10, 0x00, 0x00, 0x00, 0x00,
    0xdf, 0xf1, 0x00, 0x00, 0x00, 0x00, 0x0d, 0xff,
    0x10, 0x00, 0x00, 0x00, 0x00, 0xdf, 0xf1, 0x00,
    0x00, 0x00, 0x00, 0x00,

    /* U+00DF "ß" */
    0x05, 0xdf, 0xff, 0xf7, 0x00, 0x00, 0x04, 0xff,
    0xff, 0xff, 0x70, 0x00, 0x00, 0xaf, 0xf4, 0x44,
    0x41, 0x00, 0x00, 0x0c, 0xff, 0x00, 0x00, 0x00,
    0x00, 0x00, 0xdf, 0xf0, 0x00, 0x00, 0x00, 0x00,
    0x0d, 0xff, 0x00, 0x00, 0x00, 0x00, 0x00, 0xdf,
    0xff, 0xff, 0xff, 0xff, 0xfd, 0x0d, 0xff, 0xff,
    0xff, 0xff, 0xff, 0xd0, 0xdf, 0xf4, 0x44, 0x44,
    0x6f, 0xfa, 0x0d, 0xff, 0x00, 0x00, 0x0b, 0xfe,
    0x10, 0xdf, 0xf0, 0x00, 0x07, 0xff, 0x50, 0x0d,
    0xff, 0x00, 0x02, 0xff, 0x90, 0x00, 0xdf, 0xf0,
    0x00, 0xdf, 0xd0, 0x00, 0x0d, 0xff, 0x00, 0x9f,
    0xf3, 0x00, 0x00, 0xdf, 0xf0, 0x0d, 0xff, 0xa6,
    0x00, 0x0d, 0xff, 0x00, 0xdf, 0xff, 0xfe, 0x40,
    0xdf, 0xf0, 0x03, 0x46, 0xbf, 0xff, 0x2d, 0xff,
    0x00, 0x00, 0x00, 0x7f, 0xf9, 0xdf, 0xf0, 0x00,
    0x00, 0x01, 0xff, 0xdd, 0xff, 0x00, 0x00, 0x00,
    0x0f, 0xfd, 0x00, 0x00, 0x00, 0x00, 0x02, 0xff,
    0xc0, 0x00, 0x00, 0x00, 0x00, 0x9f, 0xf8, 0x00,
    0x00, 0x24, 0x46, 0xbf, 0xfe, 0x10, 0x00, 0x0a,
    0xff, 0xff, 0xfd, 0x20, 0x00, 0x00, 0xaf, 0xfe,
    0xb6, 0x00, 0x00,

    /* U+00E0 "à" */
    0x00, 0x00, 0x6b, 0x00, 0x00, 0x00, 0x00, 0x00,
    0x09, 0xff, 0x40, 0x00, 0x00, 0x00, 0x00, 0x01,
    0xef, 0xc0, 0x00, 0x00, 0x00, 0x00, 0x00, 0x4f,
    0xf4, 0x00, 0x00, 0x00, 0x00, 0x00, 0x09, 0xfb,
    0x00, 0x00, 0x00, 0x00, 0x00, 0x00, 0x71, 0x00,
    0x00, 0x00, 0x00, 0x00, 0x00, 0x00, 0x00, 0x00,
    0x00, 0x00, 0x06, 0xce, 0xfe, 0xb5, 0x00, 0x00,
    0x02, 0xdf, 0xff, 0xff, 0xff, 0x90, 0x00, 0x0c,
    0xff, 0x95, 0x58, 0xff, 0xf5, 0x00, 0x03, 0xd3,
    0x00, 0x00, 0x5f, 0xfa, 0x00, 0x00, 0x00, 0x00,
    0x00, 0x0f, 0xfc, 0x00, 0x00, 0x00, 0x00, 0x00,
    0x0f, 0xfd, 0x00, 0x00, 0x3a, 0xdf, 0xff, 0xff,
    0xfd, 0x00, 0x07, 0xff, 0xfe, 0xdd, 0xdf, 0xfd,
    0x00, 0x2f, 0xfd, 0x20, 0x00, 0x0f, 0xfd, 0x00,
    0x6f, 0xf7, 0x00, 0x00, 0x0f, 0xfd, 0x00, 0x6f,
    0xf8, 0x00, 0x00, 0x3f, 0xfd, 0x00, 0x2f, 0xfe,
    0x52, 0x26, 0xee, 0xfe, 0x42, 0x09, 0xff, 0xff,
    0xff, 0x98, 0xff, 0xf8, 0x00, 0x6c, 0xff, 0xd6,
    0x01, 0xbf, 0xf8,

    /* U+00E1 "á" */
    0x00, 0x00, 0x00, 0x0b, 0x60, 0x00, 0x00, 0x00,
    0x00, 0x00, 0x5f, 0xf9, 0x00, 0x00, 0x00, 0x00,
    0x00, 0xdf, 0xe1, 0x00, 0x00, 0x00, 0x00, 0x05,
    0xff, 0x40, 0x00, 0x00, 0x00, 0x00, 0x0c, 0xf9,
    0x00, 0x00, 0x00, 0x00, 0x00, 0x01, 0x70, 0x00,
    0x00, 0x00, 0x00, 0x00, 0x00, 0x00, 0x00, 0x00,
    0x00, 0x00, 0x06, 0xce, 0xfe, 0xb5, 0x00, 0x00,
    0x02, 0xdf, 0xff, 0xff, 0xff, 0x90, 0x00, 0x0c,
    0xff, 0x95, 0x58, 0xff, 0xf5, 0x00, 0x03, 0xd3,
    0x00, 0x00, 0x5f, 0xfa, 0x00, 0x00, 0x00, 0x00,
    0x00, 0x0f, 0xfc, 0x00, 0x00, 0x00, 0x00, 0x00,
    0x0f, 0xfd, 0x00, 0x00, 0x3a, 0xdf, 0xff, 0xff,
    0xfd, 0x00, 0x07, 0xff, 0xfe, 0xdd, 0xdf, 0xfd,
    0x00, 0x2f, 0xfd, 0x20, 0x00, 0x0f, 0xfd, 0x00,
    0x6f, 0xf7, 0x00, 0x00, 0x0f, 0xfd, 0x00, 0x6f,
    0xf8, 0x00, 0x00, 0x3f, 0xfd, 0x00, 0x2f, 0xfe,
    0x52, 0x26, 0xee, 0xfe, 0x42, 0x09, 0xff, 0xff,
    0xff, 0x98, 0xff, 0xf8, 0x00, 0x6c, 0xff, 0xd6,
    0x01, 0xbf, 0xf8,

    /* U+00E2 "â" */
    0x00, 0x00, 0x4f, 0xff, 0x40, 0x00, 0x00, 0x00,
    0x01, 0xef, 0xff, 0xe1, 0x00, 0x00, 0x00, 0x0c,
    0xff, 0x6f, 0xfb, 0x00, 0x00, 0x00, 0x8f, 0xf3,
    0x04, 0xff, 0x70, 0x00, 0x00, 0xbf, 0x40, 0x00,
    0x5f, 0xa0, 0x00, 0x00, 0x03, 0x00, 0x00, 0x03,
    0x00, 0x00, 0x00, 0x00, 0x00, 0x00, 0x00, 0x00,
    0x00, 0x00, 0x06, 0xce, 0xfe, 0xb5, 0x00, 0x00,
    0x02, 0xdf, 0xff, 0xff, 0xff, 0x90, 0x00, 0x0c,
    0xff, 0x95, 0x58, 0xff, 0xf5, 0x00, 0x03, 0xd3,
    0x00, 0x00, 0x5f, 0xfa, 0x00, 0x00, 0x00, 0x00,
    0x00, 0x0f, 0xfc, 0x00, 0x00, 0x00, 0x00, 0x00,
    0x0f, 0xfd, 0x00, 0x00, 0x3a, 0xdf, 0xff, 0xff,
    0xfd, 0x00, 0x07, 0xff, 0xfe, 0xdd, 0xdf, 0xfd,
    0x00, 0x2f, 0xfd, 0x20, 0x00, 0x0f, 0xfd, 0x00,
    0x6f, 0xf7, 0x00, 0x00, 0x0f, 0xfd, 0x00, 0x6f,
    0xf8, 0x00, 0x00, 0x3f, 0xfd, 0x00, 0x2f, 0xfe,
    0x52, 0x26, 0xee, 0xfe, 0x42, 0x09, 0xff, 0xff,
    0xff, 0x98, 0xff, 0xf8, 0x00, 0x6c, 0xff, 0xd6,
    0x01, 0xbf, 0xf8,

    /* U+00E3 "ã" */
    0x00, 0x4c, 0xfd, 0x83, 0x04, 0x20, 0x00, 0x00,
    0xef, 0xff, 0xff, 0xff, 0xc0, 0x00, 0x00, 0x47,
    0x36, 0xbf, 0xff, 0x60, 0x00, 0x00, 0x00, 0x00,
    0x01, 0x20, 0x00, 0x00, 0x00, 0x00, 0x00, 0x00,
    0x00, 0x00, 0x00, 0x00, 0x00, 0x00, 0x00, 0x00,
    0x00, 0x00, 0x00, 0x06, 0xce, 0xfe, 0xb5, 0x00,
    0x00, 0x02, 0xdf, 0xff, 0xff, 0xff, 0x90, 0x00,
    0x0c, 0xff, 0x95, 0x58, 0xff, 0xf5, 0x00, 0x03,
    0xd3, 0x00, 0x00, 0x5f, 0xfa, 0x00, 0x00, 0x00,
    0x00, 0x00, 0x0f, 0xfc, 0x00, 0x00, 0x00, 0x00,
    0x00, 0x0f, 0xfd, 0x00, 0x00, 0x3a, 0xdf, 0xff,
    0xff, 0xfd, 0x00, 0x07, 0xff, 0xfe, 0xdd, 0xdf,
    0xfd, 0x00, 0x2f, 0xfd, 0x20, 0x00, 0x0f, 0xfd,
    0x00, 0x6f, 0xf7, 0x00, 0x00, 0x0f, 0xfd, 0x00,
    0x6f, 0xf8, 0x00, 0x00, 0x3f, 0xfd, 0x00, 0x2f,
    0xfe, 0x52, 0x26, 0xee, 0xfe, 0x42, 0x09, 0xff,
    0xff, 0xff, 0x98, 0xff, 0xf8, 0x00, 0x6c, 0xff,
    0xd6, 0x01, 0xbf, 0xf8,

    /* U+00E4 "ä" */
    0x00, 0x7f, 0xe4, 0x04, 0xef, 0x60, 0x00, 0x00,
    0xdf, 0xf9, 0x0a, 0xff, 0xc0, 0x00, 0x00, 0xbf,
    0xf7, 0x07, 0xff, 0xa0, 0x00, 0x00, 0x04, 0x30,
    0x00, 0x34, 0x00, 0x00, 0x00, 0x00, 0x00, 0x00,
    0x00, 0x00, 0x00, 0x00, 0x00, 0x00, 0x00, 0x00,
    0x00, 0x00, 0x00, 0x06, 0xce, 0xfe, 0xb5, 0x00,
    0x00, 0x02, 0xdf, 0xff, 0xff, 0xff, 0x90, 0x00,
    0x0c, 0xff, 0x95, 0x58, 0xff, 0xf5, 0x00, 0x03,
    0xd3, 0x00, 0x00, 0x5f, 0xfa, 0x00, 0x00, 0x00,
    0x00, 0x00, 0x0f, 0xfc, 0x00, 0x00, 0x00, 0x00,
    0x00, 0x0f, 0xfd, 0x00, 0x00, 0x3a, 0xdf, 0xff,
    0xff, 0xfd, 0x00, 0x07, 0xff, 0xfe, 0xdd, 0xdf,
    0xfd, 0x00, 0x2f, 0xfd, 0x20, 0x00, 0x0f, 0xfd,
    0x00, 0x6f, 0xf7, 0x00, 0x00, 0x0f, 0xfd, 0x00,
    0x6f, 0xf8, 0x00, 0x00, 0x3f, 0xfd, 0x00, 0x2f,
    0xfe, 0x52, 0x26, 0xee, 0xfe, 0x42, 0x09, 0xff,
    0xff, 0xff, 0x98, 0xff, 0xf8, 0x00, 0x6c, 0xff,
    0xd6, 0x01, 0xbf, 0xf8,

    /* U+00E5 "å" */
    0x00, 0x00, 0x5c, 0xfc, 0x40, 0x00, 0x00, 0x00,
    0x04, 0xfd, 0x9d, 0xf4, 0x00, 0x00, 0x00, 0x0b,
    0xf2, 0x02, 0xfb, 0x00, 0x00, 0x00, 0x0c, 0xf1,
    0x01, 0xfd, 0x00, 0x00, 0x00, 0x09, 0xf6, 0x06,
    0xf9, 0x00, 0x00, 0x00, 0x01, 0xdf, 0xff, 0xd1,
    0x00, 0x00, 0x00, 0x00, 0x06, 0x86, 0x00, 0x00,
    0x00, 0x00, 0x00, 0x00, 0x00, 0x00, 0x00, 0x00,
    0x00, 0x06, 0xce, 0xfe, 0xb5, 0x00, 0x00, 0x02,
    0xdf, 0xff, 0xff, 0xff, 0x90, 0x00, 0x0c, 0xff,
    0x95, 0x58, 0xff, 0xf5, 0x00, 0x03, 0xd3, 0x00,
    0x00, 0x5f, 0xfa, 0x00, 0x00, 0x00, 0x00, 0x00,
    0x0f, 0xfc, 0x00, 0x00, 0x00, 0x00, 0x00, 0x0f,
    0xfd, 0x00, 0x00, 0x3a, 0xdf, 0xff, 0xff, 0xfd,
    0x00, 0x07, 0xff, 0xfe, 0xdd, 0xdf, 0xfd, 0x00,
    0x2f, 0xfd, 0x20, 0x00, 0x0f, 0xfd, 0x00, 0x6f,
    0xf7, 0x00, 0x00, 0x0f, 0xfd, 0x00, 0x6f, 0xf8,
    0x00, 0x00, 0x3f, 0xfd, 0x00, 0x2f, 0xfe, 0x52,
    0x26, 0xee, 0xfe, 0x42, 0x09, 0xff, 0xff, 0xff,
    0x98, 0xff, 0xf8, 0x00, 0x6c, 0xff, 0xd6, 0x01,
    0xbf, 0xf8,

    /* U+00E6 "æ" */
    0x00, 0x7d, 0xfd, 0x50, 0x1a, 0xff, 0xa1, 0x00,
    0x0a, 0xff, 0xff, 0xf6, 0xdf, 0xff, 0xfd, 0x10,
    0x4f, 0xf3, 0x06, 0xff, 0xf8, 0x02, 0xdf, 0x80,
    0x18, 0x60, 0x00, 0xdf, 0xe0, 0x00, 0x4f, 0xd0,
    0x00, 0x00, 0x00, 0xcf, 0xb0, 0x00, 0x1f, 0xf0,
    0x00, 0x00, 0x00, 0xbf, 0xa0, 0x00, 0x0f, 0xf1,
    0x01, 0x9d, 0xff, 0xff, 0xff, 0xff, 0xff, 0xf2,
    0x1e, 0xff, 0xcb, 0xef, 0xeb, 0xbb, 0xbb, 0xb1,
    0x8f, 0xe1, 0x00, 0xbf, 0xa0, 0x00, 0x00, 0x00,
    0xcf, 0x90, 0x00, 0xcf, 0xc0, 0x00, 0x00, 0x00,
    0xcf, 0xa0, 0x00, 0xef, 0xf1, 0x00, 0x4e, 0x80,
    0x9f, 0xe3, 0x29, 0xbc, 0xfb, 0x23, 0xdf, 0x90,
    0x2f, 0xff, 0xff, 0x43, 0xff, 0xff, 0xfd, 0x10,
    0x03, 0xcf, 0xd6, 0x00, 0x3b, 0xfe, 0x91, 0x00,

    /* U+00E7 "ç" */
    0x00, 0x00, 0x6c, 0xef, 0xd9, 0x20, 0x00, 0x01,
    0xdf, 0xff, 0xff, 0xff, 0x40, 0x00, 0xcf, 0xfd,
    0x86, 0xaf, 0xff, 0x10, 0x6f, 0xfb, 0x00, 0x00,
    0x4f, 0xb2, 0x0b, 0xff, 0x20, 0x00, 0x00, 0x20,
    0x00, 0xff, 0xf0, 0x00, 0x00, 0x00, 0x00, 0x0f,
    0xfe, 0x00, 0x00, 0x00, 0x00, 0x00, 0xff, 0xe0,
    0x00, 0x00, 0x00, 0x00, 0x0f, 0xff, 0x00, 0x00,
    0x00, 0x00, 0x00, 0xcf, 0xf2, 0x00, 0x00, 0x03,
    0x00, 0x06, 0xff, 0xb0, 0x00, 0x02, 0xee, 0x40,
    0x0d, 0xff, 0xd7, 0x68, 0xff, 0xf4, 0x00, 0x2d,
    0xff, 0xff, 0xff, 0xf7, 0x00, 0x00, 0x07, 0xcf,
    0xfe, 0xb3, 0x00, 0x00, 0x00, 0x00, 0xf6, 0x00,
    0x00, 0x00, 0x00, 0x00, 0x2b, 0xcc, 0x80, 0x00,
    0x00, 0x00, 0x01, 0x00, 0xef, 0x30, 0x00, 0x00,
    0x04, 0xfb, 0xbf, 0xf2, 0x00, 0x00, 0x00, 0x1a,
    0xef, 0xc5, 0x00, 0x00,

    /* U+00E8 "è" */
    0x00, 0x00, 0x4c, 0x20, 0x00, 0x00, 0x00, 0x00,
    0x04, 0xff, 0xa0, 0x00, 0x00, 0x00, 0x00, 0x00,
    0xaf, 0xf2, 0x00, 0x00, 0x00, 0x00, 0x00, 0x1e,
    0xfa, 0x00, 0x00, 0x00, 0x00, 0x00, 0x04, 0xff,
    0x10, 0x00, 0x00, 0x00, 0x00, 0x00, 0x63, 0x00,
    0x00, 0x00, 0x00, 0x00, 0x00, 0x00, 0x00, 0x00,
    0x00, 0x00, 0x01, 0x8d, 0xff, 0xc6, 0x00, 0x00,
    0x00, 0x4f, 0xff, 0xff, 0xff, 0xd1, 0x00, 0x02,
    0xff, 0xf8, 0x35, 0xaf, 0xfc, 0x00, 0x0b, 0xff,
    0x40, 0x00, 0x09, 0xff, 0x50, 0x1f, 0xfb, 0x00,
    0x00, 0x00, 0xff, 0xb0, 0x4f, 0xf8, 0x00, 0x00,
    0x00, 0xef, 0xe0, 0x6f, 0xff, 0xff, 0xff, 0xff,
    0xff, 0xf0, 0x6f, 0xff, 0xff, 0xff, 0xff, 0xff,
    0xf0, 0x5f, 0xf7, 0x00, 0x00, 0x00, 0x00, 0x00,
    0x1f, 0xfa, 0x00, 0x00, 0x00, 0x00, 0x00, 0x0b,
    0xff, 0x40, 0x00, 0x01, 0xcb, 0x00, 0x03, 0xff,
    0xfa, 0x65, 0x8e, 0xff, 0x50, 0x00, 0x5f, 0xff,
    0xff, 0xff, 0xf7, 0x00, 0x00, 0x01, 0x8d, 0xff,
    0xd9, 0x30, 0x00,

    /* U+00E9 "é" */
    0x00, 0x00, 0x00, 0x07, 0x91, 0x00, 0x00, 0x00,
    0x00, 0x00, 0x0e, 0xfe, 0x00, 0x00, 0x00, 0x00,
    0x00, 0x7f, 0xf5, 0x00, 0x00, 0x00, 0x00, 0x00,
    0xef, 0x90, 0x00, 0x00, 0x00, 0x00, 0x06, 0xfd,
    0x00, 0x00, 0x00, 0x00, 0x00, 0x00, 0x53, 0x00,
    0x00, 0x00, 0x00, 0x00, 0x00, 0x00, 0x00, 0x00,
    0x00, 0x00, 0x01, 0x8d, 0xff, 0xc6, 0x00, 0x00,
    0x00, 0x4f, 0xff, 0xff, 0xff, 0xd1, 0x00, 0x02,
    0xff, 0xf8, 0x35, 0xaf, 0xfc, 0x00, 0x0b, 0xff,
    0x40, 0x00, 0x09, 0xff, 0x50, 0x1f, 0xfb, 0x00,
    0x00, 0x00, 0xff, 0xb0, 0x4f, 0xf8, 0x00, 0x00,
    0x00, 0xef, 0xe0, 0x6f, 0xff, 0xff, 0xff, 0xff,
    0xff, 0xf0, 0x6f, 0xff, 0xff, 0xff, 0xff, 0xff,
    0xf0, 0x5f, 0xf7, 0x00, 0x00, 0x00, 0x00, 0x00,
    0x1f, 0xfa, 0x00, 0x00, 0x00, 0x00, 0x00, 0x0b,
    0xff, 0x40, 0x00, 0x01, 0xcb, 0x00, 0x03, 0xff,
    0xfa, 0x65, 0x8e, 0xff, 0x50, 0x00, 0x5f, 0xff,
    0xff, 0xff, 0xf7, 0x00, 0x00, 0x01, 0x8d, 0xff,
    0xd9, 0x30, 0x00,

    /* U+00EA "ê" */
    0x00, 0x00, 0x1e, 0xff, 0x90, 0x00, 0x00, 0x00,
    0x00, 0xbf, 0xff, 0xf5, 0x00, 0x00, 0x00, 0x06,
    0xff, 0x8d, 0xff, 0x20, 0x00, 0x00, 0x3f, 0xf8,
    0x01, 0xdf, 0xc0, 0x00, 0x00, 0x6f, 0x90, 0x00,
    0x2e, 0xe2, 0x00, 0x00, 0x03, 0x00, 0x00, 0x02,
    0x10, 0x00, 0x00, 0x00, 0x00, 0x00, 0x00, 0x00,
    0x00, 0x00, 0x01, 0x8d, 0xff, 0xc6, 0x00, 0x00,
    0x00, 0x4f, 0xff, 0xff, 0xff, 0xd1, 0x00, 0x02,
    0xff, 0xf8, 0x35, 0xaf, 0xfc, 0x00, 0x0b, 0xff,
    0x40, 0x00, 0x09, 0xff, 0x50, 0x1f, 0xfb, 0x00,
    0x00, 0x00, 0xff, 0xb0, 0x4f, 0xf8, 0x00, 0x00,
    0x00, 0xef, 0xe0, 0x6f, 0xff, 0xff, 0xff, 0xff,
    0xff, 0xf0, 0x6f, 0xff, 0xff, 0xff, 0xff, 0xff,
    0xf0, 0x5f, 0xf7, 0x00, 0x00, 0x00, 0x00, 0x00,
    0x1f, 0xfa, 0x00, 0x00, 0x00, 0x00, 0x00, 0x0b,
    0xff, 0x40, 0x00, 0x01, 0xcb, 0x00, 0x03, 0xff,
    0xfa, 0x65, 0x8e, 0xff, 0x50, 0x00, 0x5f, 0xff,
    0xff, 0xff, 0xf7, 0x00, 0x00, 0x01, 0x8d, 0xff,
    0xd9, 0x30, 0x00,

    /* U+00EB "ë" */
    0x00, 0x3d, 0xf8, 0x01, 0xcf, 0xb0, 0x00, 0x00,
    0x8f, 0xff, 0x04, 0xff, 0xf2, 0x00, 0x00, 0x5f,
    0xfc, 0x02, 0xff, 0xf0, 0x00, 0x00, 0x03, 0x40,
    0x00, 0x24, 0x10, 0x00, 0x00, 0x00, 0x00, 0x00,
    0x00, 0x00, 0x00, 0x00, 0x00, 0x00, 0x00, 0x00,
    0x00, 0x00, 0x00, 0x01, 0x8d, 0xff, 0xc6, 0x00,
    0x00, 0x00, 0x4f, 0xff, 0xff, 0xff, 0xd1, 0x00,
    0x02, 0xff, 0xf8, 0x35, 0xaf, 0xfc, 0x00, 0x0b,
    0xff, 0x40, 0x00, 0x09, 0xff, 0x50, 0x1f, 0xfb,
    0x00, 0x00, 0x00, 0xff, 0xb0, 0x4f, 0xf8, 0x00,
    0x00, 0x00, 0xef, 0xe0, 0x6f, 0xff, 0xff, 0xff,
    0xff, 0xff, 0xf0, 0x6f, 0xff, 0xff, 0xff, 0xff,
    0xff, 0xf0, 0x5f, 0xf7, 0x00, 0x00, 0x00, 0x00,
    0x00, 0x1f, 0xfa, 0x00, 0x00, 0x00, 0x00, 0x00,
    0x0b, 0xff, 0x40, 0x00, 0x01, 0xcb, 0x00, 0x03,
    0xff, 0xfa, 0x65, 0x8e, 0xff, 0x50, 0x00, 0x5f,
    0xff, 0xff, 0xff, 0xf7, 0x00, 0x00, 0x01, 0x8d,
    0xff, 0xd9, 0x30, 0x00,

    /* U+00EC "ì" */
    0x00, 0x00, 0x01, 0x00, 0x00, 0x00, 0x00, 0x00,
    0x2a, 0xf2, 0x00, 0x00, 0x00, 0x00, 0x05, 0xff,
    0x90, 0x00, 0x00, 0x00, 0x00, 0x0a, 0xff, 0x20,
    0x00, 0x00, 0x00, 0x00, 0x0d, 0xf9, 0x00, 0x00,
    0x00, 0x00, 0x00, 0x3f, 0xb0, 0x00, 0x00, 0x00,
    0x00, 0x00, 0x20, 0x00, 0x00, 0x00, 0x00, 0x00,
    0x00, 0x00, 0x00, 0x00, 0x6f, 0xff, 0xff, 0xff,
    0x00, 0x00, 0x06, 0xff, 0xff, 0xff, 0xf0, 0x00,
    0x00, 0x15, 0x55, 0x5d, 0xff, 0x00, 0x00, 0x00,
    0x00, 0x00, 0xcf, 0xf0, 0x00, 0x00, 0x00, 0x00,
    0x0c, 0xff, 0x00, 0x00, 0x00, 0x00, 0x00, 0xcf,
    0xf0, 0x00, 0x00, 0x00, 0x00, 0x0c, 0xff, 0x00,
    0x00, 0x00, 0x00, 0x00, 0xcf, 0xf0, 0x00, 0x00,
    0x00, 0x00, 0x0c, 0xff, 0x00, 0x00, 0x00, 0x00,
    0x00, 0xcf, 0xf0, 0x00, 0x00, 0x00, 0x00, 0x0c,
    0xff, 0x00, 0x00, 0x01, 0x55, 0x55, 0xdf, 0xf5,
    0x55, 0x51, 0x6f, 0xff, 0xff, 0xff, 0xff, 0xff,
    0x56, 0xff, 0xff, 0xff, 0xff, 0xff, 0xf5,

    /* U+00ED "í" */
    0x00, 0x00, 0x00, 0x01, 0x00, 0x00, 0x00, 0x00,
    0x00, 0x00, 0xdd, 0x50, 0x00, 0x00, 0x00, 0x00,
    0x5f, 0xf9, 0x00, 0x00, 0x00, 0x00, 0x0d, 0xfd,
    0x00, 0x00, 0x00, 0x00, 0x05, 0xff, 0x30, 0x00,
    0x00, 0x00, 0x00, 0x8f, 0x70, 0x00, 0x00, 0x00,
    0x00, 0x00, 0x20, 0x00, 0x00, 0x00, 0x00, 0x00,
    0x00, 0x00, 0x00, 0x00, 0x6f, 0xff, 0xff, 0xff,
    0x00, 0x00, 0x06, 0xff, 0xff, 0xff, 0xf0, 0x00,
    0x00, 0x15, 0x55, 0x5d, 0xff, 0x00, 0x00, 0x00,
    0x00, 0x00, 0xcf, 0xf0, 0x00, 0x00, 0x00, 0x00,
    0x0c, 0xff, 0x00, 0x00, 0x00, 0x00, 0x00, 0xcf,
    0xf0, 0x00, 0x00, 0x00, 0x00, 0x0c, 0xff, 0x00,
    0x00, 0x00, 0x00, 0x00, 0xcf, 0xf0, 0x00, 0x00,
    0x00, 0x00, 0x0c, 0xff, 0x00, 0x00, 0x00, 0x00,
    0x00, 0xcf, 0xf0, 0x00, 0x00, 0x00, 0x00, 0x0c,
    0xff, 0x00, 0x00, 0x01, 0x55, 0x55, 0xdf, 0xf5,
    0x55, 0x51, 0x6f, 0xff, 0xff, 0xff, 0xff, 0xff,
    0x56, 0xff, 0xff, 0xff, 0xff, 0xff, 0xf5,

    /* U+00EE "î" */
    0x00, 0x00, 0x07, 0x88, 0x20, 0x00, 0x00, 0x00,
    0x09, 0xff, 0xfd, 0x00, 0x00, 0x00, 0x07, 0xff,
    0xaf, 0xfb, 0x00, 0x00, 0x04, 0xff, 0x70, 0x4f,
    0xf8, 0x00, 0x00, 0x8f, 0x60, 0x00, 0x4f, 0xc0,
    0x00, 0x00, 0x20, 0x00, 0x00, 0x20, 0x00, 0x00,
    0x00, 0x00, 0x00, 0x00, 0x00, 0x06, 0xff, 0xff,
    0xff, 0xf0, 0x00, 0x00, 0x6f, 0xff, 0xff, 0xff,
    0x00, 0x00, 0x01, 0x55, 0x55, 0xdf, 0xf0, 0x00,
    0x00, 0x00, 0x00, 0x0c, 0xff, 0x00, 0x00, 0x00,
    0x00, 0x00, 0xcf, 0xf0, 0x00, 0x00, 0x00, 0x00,
    0x0c, 0xff, 0x00, 0x00, 0x00, 0x00, 0x00, 0xcf,
    0xf0, 0x00, 0x00, 0x00, 0x00, 0x0c, 0xff, 0x00,
    0x00, 0x00, 0x00, 0x00, 0xcf, 0xf0, 0x00, 0x00,
    0x00, 0x00, 0x0c, 0xff, 0x00, 0x00, 0x00, 0x00,
    0x00, 0xcf, 0xf0, 0x00, 0x00, 0x15, 0x55, 0x5d,
    0xff, 0x55, 0x55, 0x16, 0xff, 0xff, 0xff, 0xff,
    0xff, 0xf5, 0x6f, 0xff, 0xff, 0xff, 0xff, 0xff,
    0x50,

    /* U+00EF "ï" */
    0x00, 0x5e, 0xe6, 0x03, 0xdf, 0x80, 0x00, 0x0b,
    0xff, 0xc0, 0x8f, 0xff, 0x00, 0x00, 0x8f, 0xf9,
    0x05, 0xff, 0xc0, 0x00, 0x00, 0x34, 0x00, 0x03,
    0x40, 0x00, 0x00, 0x00, 0x00, 0x00, 0x00, 0x00,
    0x00, 0x00, 0x00, 0x00, 0x00, 0x00, 0x00, 0x6f,
    0xff, 0xff, 0xff, 0x00, 0x00, 0x06, 0xff, 0xff,
    0xff, 0xf0, 0x00, 0x00, 0x15, 0x55, 0x5d, 0xff,
    0x00, 0x00, 0x00, 0x00, 0x00, 0xcf, 0xf0, 0x00,
    0x00, 0x00, 0x00, 0x0c, 0xff, 0x00, 0x00, 0x00,
    0x00, 0x00, 0xcf, 0xf0, 0x00, 0x00, 0x00, 0x00,
    0x0c, 0xff, 0x00, 0x00, 0x00, 0x00, 0x00, 0xcf,
    0xf0, 0x00, 0x00, 0x00, 0x00, 0x0c, 0xff, 0x00,
    0x00, 0x00, 0x00, 0x00, 0xcf, 0xf0, 0x00, 0x00,
    0x00, 0x00, 0x0c, 0xff, 0x00, 0x00, 0x01, 0x55,
    0x55, 0xdf, 0xf5, 0x55, 0x51, 0x6f, 0xff, 0xff,
    0xff, 0xff, 0xff, 0x56, 0xff, 0xff, 0xff, 0xff,
    0xff, 0xf5,

    /* U+00F0 "ð" */
    0x00, 0x00, 0x00, 0x00, 0x01, 0x10, 0x00, 0x00,
    0x7f, 0xff, 0xb1, 0x5e, 0xc0, 0x00, 0x00, 0x01,
    0xbf, 0xff, 0xfe, 0x60, 0x00, 0x00, 0x00, 0x0c,
    0xff, 0xf5, 0x00, 0x00, 0x00, 0x03, 0xcf, 0xdf,
    0xfe, 0x10, 0x00, 0x00, 0x03, 0xe8, 0x03, 0xff,
    0xc0, 0x00, 0x00, 0x00, 0x00, 0x00, 0x6f, 0xf5,
    0x00, 0x00, 0x06, 0xcf, 0xeb, 0x3b, 0xfe, 0x00,
    0x00, 0xaf, 0xff, 0xff, 0xf7, 0xff, 0x40, 0x07,
    0xff, 0xf8, 0x56, 0xbe, 0xef, 0x90, 0x0e, 0xff,
    0x30, 0x00, 0x09, 0xff, 0xe0, 0x4f, 0xfa, 0x00,
    0x00, 0x01, 0xff, 0xf0, 0x7f, 0xf7, 0x00, 0x00,
    0x00, 0xdf, 0xf1, 0x8f, 0xf6, 0x00, 0x00, 0x00,
    0xcf, 0xf2, 0x8f, 0xf6, 0x00, 0x00, 0x00, 0xcf,
    0xf1, 0x6f, 0xf7, 0x00, 0x00, 0x00, 0xdf, 0xf0,
    0x3f, 0xfa, 0x00, 0x00, 0x00, 0xff, 0xc0, 0x0d,
    0xff, 0x30, 0x00, 0x08, 0xff, 0x60, 0x04, 0xff,
    0xf8, 0x56, 0xbf, 0xfd, 0x00, 0x00, 0x6f, 0xff,
    0xff, 0xff, 0xe2, 0x00, 0x00, 0x02, 0x9d, 0xff,
    0xc8, 0x10, 0x00,

    /* U+00F1 "ñ" */
    0x01, 0xaf, 0xea, 0x40, 0x24, 0x00, 0x08, 0xff,
    0xff, 0xff, 0xff, 0x30, 0x00, 0x94, 0x49, 0xff,
    0xfb, 0x00, 0x00, 0x00, 0x00, 0x02, 0x10, 0x00,
    0x00, 0x00, 0x00, 0x00, 0x00, 0x00, 0x00, 0x00,
    0x00, 0x00, 0x00, 0x00, 0xdf, 0xf0, 0x3b, 0xef,
    0xc4, 0x00, 0xdf, 0xf3, 0xff, 0xff, 0xff, 0x60,
    0xdf, 0xfc, 0xa6, 0x7c, 0xff, 0xf1, 0xdf, 0xf7,
    0x00, 0x00, 0xcf, 0xf5, 0xdf, 0xf1, 0x00, 0x00,
    0x6f, 0xf7, 0xdf, 0xf0, 0x00, 0x00, 0x4f, 0xf8,
    0xdf, 0xf0, 0x00, 0x00, 0x4f, 0xf8, 0xdf, 0xf0,
    0x00, 0x00, 0x4f, 0xf8, 0xdf, 0xf0, 0x00, 0x00,
    0x4f, 0xf8, 0xdf, 0xf0, 0x00, 0x00, 0x4f, 0xf8,
    0xdf, 0xf0, 0x00, 0x00, 0x4f, 0xf8, 0xdf, 0xf0,
    0x00, 0x00, 0x4f, 0xf8, 0xdf, 0xf0, 0x00, 0x00,
    0x4f, 0xf8, 0xdf, 0xf0, 0x00, 0x00, 0x4f, 0xf8,

    /* U+00F2 "ò" */
    0x00, 0x00, 0x4c, 0x20, 0x00, 0x00, 0x00, 0x00,
    0x04, 0xff, 0x90, 0x00, 0x00, 0x00, 0x00, 0x00,
    0xaf, 0xf2, 0x00, 0x00, 0x00, 0x00, 0x00, 0x1e,
    0xf9, 0x00, 0x00, 0x00, 0x00, 0x00, 0x04, 0xff,
    0x10, 0x00, 0x00, 0x00, 0x00, 0x00, 0x62, 0x00,
    0x00, 0x00, 0x00, 0x00, 0x00, 0x00, 0x00, 0x00,
    0x00, 0x00, 0x02, 0x9d, 0xfe, 0xc7, 0x00, 0x00,
    0x00, 0x6f, 0xff, 0xff, 0xff, 0xd2, 0x00, 0x04,
    0xff, 0xf8, 0x56, 0xbf, 0xfd, 0x00, 0x0d, 0xff,
    0x30, 0x00, 0x09, 0xff, 0x70, 0x3f, 0xfa, 0x00,
    0x00, 0x00, 0xff, 0xd0, 0x6f, 0xf7, 0x00, 0x00,
    0x00, 0xdf, 0xf0, 0x8f, 0xf6, 0x00, 0x00, 0x00,
    0xcf, 0xf2, 0x8f, 0xf6, 0x00, 0x00, 0x00, 0xcf,
    0xf2, 0x7f, 0xf7, 0x00, 0x00, 0x00, 0xdf, 0xf0,
    0x3f, 0xfa, 0x00, 0x00, 0x00, 0xff, 0xd0, 0x0d,
    0xff, 0x20, 0x00, 0x08, 0xff, 0x70, 0x05, 0xff,
    0xf8, 0x56, 0xbf, 0xfd, 0x00, 0x00, 0x7f, 0xff,
    0xff, 0xff, 0xd2, 0x00, 0x00, 0x02, 0x9d, 0xff,
    0xc7, 0x00, 0x00,

    /* U+00F3 "ó" */
    0x00, 0x00, 0x00, 0x07, 0x91, 0x00, 0x00, 0x00,
    0x00, 0x00, 0x1f, 0xfd, 0x00, 0x00, 0x00, 0x00,
    0x00, 0x8f, 0xf4, 0x00, 0x00, 0x00, 0x00, 0x01,
    0xff, 0x90, 0x00, 0x00, 0x00, 0x00, 0x07, 0xfd,
    0x00, 0x00, 0x00, 0x00, 0x00, 0x00, 0x53, 0x00,
    0x00, 0x00, 0x00, 0x00, 0x00, 0x00, 0x00, 0x00,
    0x00, 0x00, 0x02, 0x9d, 0xfe, 0xc7, 0x00, 0x00,
    0x00, 0x6f, 0xff, 0xff, 0xff, 0xd2, 0x00, 0x04,
    0xff, 0xf8, 0x56, 0xbf, 0xfd, 0x00, 0x0d, 0xff,
    0x30, 0x00, 0x09, 0xff, 0x70, 0x3f, 0xfa, 0x00,
    0x00, 0x00, 0xff, 0xd0, 0x6f, 0xf7, 0x00, 0x00,
    0x00, 0xdf, 0xf0, 0x8f, 0xf6, 0x00, 0x00, 0x00,
    0xcf, 0xf2, 0x8f, 0xf6, 0x00, 0x00, 0x00, 0xcf,
    0xf2, 0x7f, 0xf7, 0x00, 0x00, 0x00, 0xdf, 0xf0,
    0x3f, 0xfa, 0x00, 0x00, 0x00, 0xff, 0xd0, 0x0d,
    0xff, 0x20, 0x00, 0x08, 0xff, 0x70, 0x05, 0xff,
    0xf8, 0x56, 0xbf, 0xfd, 0x00, 0x00, 0x7f, 0xff,
    0xff, 0xff, 0xd2, 0x00, 0x00, 0x02, 0x9d, 0xff,
    0xc7, 0x00, 0x00,

    /* U+00F4 "ô" */
    0x00, 0x00, 0x1e, 0xff, 0x90, 0x00, 0x00, 0x00,
    0x00, 0xbf, 0xff, 0xf5, 0x00, 0x00, 0x00, 0x07,
    0xff, 0x8d, 0xfe, 0x10, 0x00, 0x00, 0x3f, 0xf8,
    0x01, 0xdf, 0xc0, 0x00, 0x00, 0x6f, 0x90, 0x00,
    0x2e, 0xd1, 0x00, 0x00, 0x03, 0x00, 0x00, 0x02,
    0x10, 0x00, 0x00, 0x00, 0x00, 0x00, 0x00, 0x00,
    0x00, 0x00, 0x02, 0x9d, 0xfe, 0xc7, 0x00, 0x00,
    0x00, 0x6f, 0xff, 0xff, 0xff, 0xd2, 0x00, 0x04,
    0xff, 0xf8, 0x56, 0xbf, 0xfd, 0x00, 0x0d, 0xff,
    0x30, 0x00, 0x09, 0xff, 0x70, 0x3f, 0xfa, 0x00,
    0x00, 0x00, 0xff, 0xd0, 0x6f, 0xf7, 0x00, 0x00,
    0x00, 0xdf, 0xf0, 0x8f, 0xf6, 0x00, 0x00, 0x00,
    0xcf, 0xf2, 0x8f, 0xf6, 0x00, 0x00, 0x00, 0xcf,
    0xf2, 0x7f, 0xf7, 0x00, 0x00, 0x00, 0xdf, 0xf0,
    0x3f, 0xfa, 0x00, 0x00, 0x00, 0xff, 0xd0, 0x0d,
    0xff, 0x20, 0x00, 0x08, 0xff, 0x70, 0x05, 0xff,
    0xf8, 0x56, 0xbf, 0xfd, 0x00, 0x00, 0x7f, 0xff,
    0xff, 0xff, 0xd2, 0x00, 0x00, 0x02, 0x9d, 0xff,
    0xc7, 0x00, 0x00,

    /* U+00F5 "õ" */
    0x00, 0x1a, 0xfe, 0xa4, 0x02, 0x40, 0x00, 0x00,
    0x9f, 0xff, 0xff, 0xff, 0xf2, 0x00, 0x00, 0x18,
    0x45, 0x9f, 0xff, 0xa0, 0x00, 0x00, 0x00, 0x00,
    0x00, 0x21, 0x00, 0x00, 0x00, 0x00, 0x00, 0x00,
    0x00, 0x00, 0x00, 0x00, 0x00, 0x00, 0x00, 0x00,
    0x00, 0x00, 0x00, 0x02, 0x9d, 0xfe, 0xc7, 0x00,
    0x00, 0x00, 0x6f, 0xff, 0xff, 0xff, 0xd2, 0x00,
    0x04, 0xff, 0xf8, 0x56, 0xbf, 0xfd, 0x00, 0x0d,
    0xff, 0x30, 0x00, 0x09, 0xff, 0x70, 0x3f, 0xfa,
    0x00, 0x00, 0x00, 0xff, 0xd0, 0x6f, 0xf7, 0x00,
    0x00, 0x00, 0xdf, 0xf0, 0x8f, 0xf6, 0x00, 0x00,
    0x00, 0xcf, 0xf2, 0x8f, 0xf6, 0x00, 0x00, 0x00,
    0xcf, 0xf2, 0x7f, 0xf7, 0x00, 0x00, 0x00, 0xdf,
    0xf0, 0x3f, 0xfa, 0x00, 0x00, 0x00, 0xff, 0xd0,
    0x0d, 0xff, 0x20, 0x00, 0x08, 0xff, 0x70, 0x05,
    0xff, 0xf8, 0x56, 0xbf, 0xfd, 0x00, 0x00, 0x7f,
    0xff, 0xff, 0xff, 0xd2, 0x00, 0x00, 0x02, 0x9d,
    0xff, 0xc7, 0x00, 0x00,

    /* U+00F6 "ö" */
    0x00, 0x3e, 0xf8, 0x01, 0xcf, 0xb0, 0x00, 0x00,
    0x8f, 0xfe, 0x05, 0xff, 0xf1, 0x00, 0x00, 0x6f,
    0xfc, 0x02, 0xff, 0xe0, 0x00, 0x00, 0x03, 0x40,
    0x00, 0x24, 0x10, 0x00, 0x00, 0x00, 0x00, 0x00,
    0x00, 0x00, 0x00, 0x00, 0x00, 0x00, 0x00, 0x00,
    0x00, 0x00, 0x00, 0x02, 0x9d, 0xfe, 0xc7, 0x00,
    0x00, 0x00, 0x6f, 0xff, 0xff, 0xff, 0xd2, 0x00,
    0x04, 0xff, 0xf8, 0x56, 0xbf, 0xfd, 0x00, 0x0d,
    0xff, 0x30, 0x00, 0x09, 0xff, 0x70, 0x3f, 0xfa,
    0x00, 0x00, 0x00, 0xff, 0xd0, 0x6f, 0xf7, 0x00,
    0x00, 0x00, 0xdf, 0xf0, 0x8f, 0xf6, 0x00, 0x00,
    0x00, 0xcf, 0xf2, 0x8f, 0xf6, 0x00, 0x00, 0x00,
    0xcf, 0xf2, 0x7f, 0xf7, 0x00, 0x00, 0x00, 0xdf,
    0xf0, 0x3f, 0xfa, 0x00, 0x00, 0x00, 0xff, 0xd0,
    0x0d, 0xff, 0x20, 0x00, 0x08, 0xff, 0x70, 0x05,
    0xff, 0xf8, 0x56, 0xbf, 0xfd, 0x00, 0x00, 0x7f,
    0xff, 0xff, 0xff, 0xd2, 0x00, 0x00, 0x02, 0x9d,
    0xff, 0xc7, 0x00, 0x00,

    /* U+00F7 "÷" */
    0x00, 0x00, 0x09, 0xfe, 0x40, 0x00, 0x00, 0x00,
    0x01, 0xff, 0xfa, 0x00, 0x00, 0x00, 0x00, 0x0f,
    0xff, 0x90, 0x00, 0x00, 0x00, 0x00, 0x49, 0x81,
    0x00, 0x00, 0x00, 0x00, 0x00, 0x00, 0x00, 0x00,
    0x00, 0x00, 0x00, 0x00, 0x00, 0x00, 0x00, 0x6f,
    0xff, 0xff, 0xff, 0xff, 0xff, 0xf6, 0xff, 0xff,
    0xff, 0xff, 0xff, 0xff, 0x25, 0x55, 0x55, 0x55,
    0x55, 0x55, 0x50, 0x00, 0x00, 0x00, 0x00, 0x00,
    0x00, 0x00, 0x00, 0x04, 0x98, 0x10, 0x00, 0x00,
    0x00, 0x00, 0xff, 0xf9, 0x00, 0x00, 0x00, 0x00,
    0x1f, 0xff, 0xa0, 0x00, 0x00, 0x00, 0x00, 0x9f,
    0xe4, 0x00, 0x00,

    /* U+00F8 "ø" */
    0x00, 0x00, 0x00, 0x00, 0x00, 0x00, 0x4a, 0x00,
    0x00, 0x02, 0x9d, 0xff, 0xc7, 0x2e, 0xf5, 0x00,
    0x06, 0xff, 0xff, 0xff, 0xff, 0xfa, 0x00, 0x04,
    0xff, 0xf8, 0x56, 0xbf, 0xff, 0x10, 0x00, 0xdf,
    0xf3, 0x00, 0x06, 0xff, 0xf7, 0x00, 0x3f, 0xfa,
    0x00, 0x04, 0xfe, 0xff, 0xd0, 0x07, 0xff, 0x70,
    0x02, 0xef, 0x3d, 0xff, 0x00, 0x8f, 0xf6, 0x01,
    0xdf, 0x50, 0xcf, 0xf2, 0x08, 0xff, 0x60, 0xbf,
    0x80, 0x0c, 0xff, 0x20, 0x7f, 0xf6, 0x9f, 0xa0,
    0x00, 0xdf, 0xf0, 0x03, 0xff, 0xdf, 0xd0, 0x00,
    0x0f, 0xfd, 0x00, 0x0d, 0xff, 0xe1, 0x00, 0x08,
    0xff, 0x70, 0x00, 0x7f, 0xff, 0x85, 0x6b, 0xff,
    0xd0, 0x00, 0x1e, 0xff, 0xff, 0xff, 0xff, 0xd2,
    0x00, 0x0c, 0xfa, 0x29, 0xef, 0xfc, 0x70, 0x00,
    0x00, 0x3b, 0x00, 0x00, 0x00, 0x00, 0x00, 0x00,

    /* U+00F9 "ù" */
    0x00, 0x00, 0x10, 0x00, 0x00, 0x00, 0x00, 0x29,
    0xf4, 0x00, 0x00, 0x00, 0x00, 0x3f, 0xfc, 0x00,
    0x00, 0x00, 0x00, 0x07, 0xff, 0x30, 0x00, 0x00,
    0x00, 0x00, 0xcf, 0xb0, 0x00, 0x00, 0x00, 0x00,
    0x2f, 0xd1, 0x00, 0x00, 0x00, 0x00, 0x02, 0x00,
    0x00, 0x00, 0x00, 0x00, 0x00, 0x00, 0x00, 0x00,
    0xff, 0xe0, 0x00, 0x00, 0x6f, 0xf6, 0xff, 0xe0,
    0x00, 0x00, 0x6f, 0xf6, 0xff, 0xe0, 0x00, 0x00,
    0x6f, 0xf6, 0xff, 0xe0, 0x00, 0x00, 0x6f, 0xf6,
    0xff, 0xe0, 0x00, 0x00, 0x6f, 0xf6, 0xff, 0xe0,
    0x00, 0x00, 0x6f, 0xf6, 0xff, 0xe0, 0x00, 0x00,
    0x6f, 0xf6, 0xff, 0xe0, 0x00, 0x00, 0x6f, 0xf6,
    0xff, 0xe0, 0x00, 0x00, 0x6f, 0xf6, 0xef, 0xf0,
    0x00, 0x00, 0x7f, 0xf6, 0xcf, 0xf6, 0x00, 0x00,
    0xdf, 0xf6, 0x6f, 0xff, 0x96, 0x7d, 0xcf, 0xf6,
    0x0c, 0xff, 0xff, 0xfc, 0x6f, 0xf6, 0x00, 0x8d,
    0xfd, 0x80, 0x6f, 0xf6,

    /* U+00FA "ú" */
    0x00, 0x00, 0x00, 0x10, 0x00, 0x00, 0x00, 0x00,
    0x00, 0xbd, 0x60, 0x00, 0x00, 0x00, 0x03, 0xff,
    0xb0, 0x00, 0x00, 0x00, 0x0b, 0xfe, 0x10, 0x00,
    0x00, 0x00, 0x3f, 0xf5, 0x00, 0x00, 0x00, 0x00,
    0x6f, 0xa0, 0x00, 0x00, 0x00, 0x00, 0x01, 0x00,
    0x00, 0x00, 0x00, 0x00, 0x00, 0x00, 0x00, 0x00,
    0xff, 0xe0, 0x00, 0x00, 0x6f, 0xf6, 0xff, 0xe0,
    0x00, 0x00, 0x6f, 0xf6, 0xff, 0xe0, 0x00, 0x00,
    0x6f, 0xf6, 0xff, 0xe0, 0x00, 0x00, 0x6f, 0xf6,
    0xff, 0xe0, 0x00, 0x00, 0x6f, 0xf6, 0xff, 0xe0,
    0x00, 0x00, 0x6f, 0xf6, 0xff, 0xe0, 0x00, 0x00,
    0x6f, 0xf6, 0xff, 0xe0, 0x00, 0x00, 0x6f, 0xf6,
    0xff, 0xe0, 0x00, 0x00, 0x6f, 0xf6, 0xef, 0xf0,
    0x00, 0x00, 0x7f, 0xf6, 0xcf, 0xf6, 0x00, 0x00,
    0xdf, 0xf6, 0x6f, 0xff, 0x96, 0x7d, 0xcf, 0xf6,
    0x0c, 0xff, 0xff, 0xfc, 0x6f, 0xf6, 0x00, 0x8d,
    0xfd, 0x80, 0x6f, 0xf6,

    /* U+00FB "û" */
    0x00, 0x01, 0xef, 0xf9, 0x00, 0x00, 0x00, 0x0c,
    0xff, 0xff, 0x50, 0x00, 0x00, 0x9f, 0xf6, 0xcf,
    0xf2, 0x00, 0x05, 0xff, 0x50, 0x0c, 0xfd, 0x00,
    0x04, 0xe5, 0x00, 0x01, 0xca, 0x00, 0x00, 0x00,
    0x00, 0x00, 0x00, 0x00, 0x00, 0x00, 0x00, 0x00,
    0x00, 0x00, 0xff, 0xe0, 0x00, 0x00, 0x6f, 0xf6,
    0xff, 0xe0, 0x00, 0x00, 0x6f, 0xf6, 0xff, 0xe0,
    0x00, 0x00, 0x6f, 0xf6, 0xff, 0xe0, 0x00, 0x00,
    0x6f, 0xf6, 0xff, 0xe0, 0x00, 0x00, 0x6f, 0xf6,
    0xff, 0xe0, 0x00, 0x00, 0x6f, 0xf6, 0xff, 0xe0,
    0x00, 0x00, 0x6f, 0xf6, 0xff, 0xe0, 0x00, 0x00,
    0x6f, 0xf6, 0xff, 0xe0, 0x00, 0x00, 0x6f, 0xf6,
    0xef, 0xf0, 0x00, 0x00, 0x7f, 0xf6, 0xcf, 0xf6,
    0x00, 0x00, 0xdf, 0xf6, 0x6f, 0xff, 0x96, 0x7d,
    0xcf, 0xf6, 0x0c, 0xff, 0xff, 0xfc, 0x6f, 0xf6,
    0x00, 0x8d, 0xfd, 0x80, 0x6f, 0xf6,

    /* U+00FC "ü" */
    0x03, 0xef, 0x80, 0x1d, 0xfa, 0x00, 0x08, 0xff,
    0xe0, 0x5f, 0xff, 0x10, 0x06, 0xff, 0xc0, 0x3f,
    0xfe, 0x00, 0x00, 0x34, 0x00, 0x02, 0x41, 0x00,
    0x00, 0x00, 0x00, 0x00, 0x00, 0x00, 0x00, 0x00,
    0x00, 0x00, 0x00, 0x00, 0xff, 0xe0, 0x00, 0x00,
    0x6f, 0xf6, 0xff, 0xe0, 0x00, 0x00, 0x6f, 0xf6,
    0xff, 0xe0, 0x00, 0x00, 0x6f, 0xf6, 0xff, 0xe0,
    0x00, 0x00, 0x6f, 0xf6, 0xff, 0xe0, 0x00, 0x00,
    0x6f, 0xf6, 0xff, 0xe0, 0x00, 0x00, 0x6f, 0xf6,
    0xff, 0xe0, 0x00, 0x00, 0x6f, 0xf6, 0xff, 0xe0,
    0x00, 0x00, 0x6f, 0xf6, 0xff, 0xe0, 0x00, 0x00,
    0x6f, 0xf6, 0xef, 0xf0, 0x00, 0x00, 0x7f, 0xf6,
    0xcf, 0xf6, 0x00, 0x00, 0xdf, 0xf6, 0x6f, 0xff,
    0x96, 0x7d, 0xcf, 0xf6, 0x0c, 0xff, 0xff, 0xfc,
    0x6f, 0xf6, 0x00, 0x8d, 0xfd, 0x80, 0x6f, 0xf6,

    /* U+00FD "ý" */
    0x00, 0x00, 0x00, 0x01, 0x00, 0x00, 0x00, 0x00,
    0x00, 0x00, 0x0a, 0xe6, 0x00, 0x00, 0x00, 0x00,
    0x00, 0x2f, 0xfc, 0x00, 0x00, 0x00, 0x00, 0x00,
    0xaf, 0xf2, 0x00, 0x00, 0x00, 0x00, 0x02, 0xff,
    0x60, 0x00, 0x00, 0x00, 0x00, 0x05, 0xfa, 0x00,
    0x00, 0x00, 0x00, 0x00, 0x00, 0x11, 0x00, 0x00,
    0x00, 0x00, 0x00, 0x00, 0x00, 0x00, 0x00, 0x00,
    0xcf, 0xf2, 0x00, 0x00, 0x00, 0x7f, 0xf6, 0x6f,
    0xf8, 0x00, 0x00, 0x00, 0xdf, 0xf0, 0x0f, 0xfe,
    0x00, 0x00, 0x03, 0xff, 0x90, 0x09, 0xff, 0x40,
    0x00, 0x09, 0xff, 0x30, 0x02, 0xff, 0xa0, 0x00,
    0x0e, 0xfc, 0x00, 0x00, 0xcf, 0xf0, 0x00, 0x5f,
    0xf6, 0x00, 0x00, 0x6f, 0xf6, 0x00, 0xaf, 0xf0,
    0x00, 0x00, 0x0f, 0xfb, 0x00, 0xff, 0x90, 0x00,
    0x00, 0x09, 0xff, 0x16, 0xff, 0x30, 0x00, 0x00,
    0x02, 0xff, 0x7b, 0xfd, 0x00, 0x00, 0x00, 0x00,
    0xcf, 0xef, 0xf6, 0x00, 0x00, 0x00, 0x00, 0x6f,
    0xff, 0xf1, 0x00, 0x00, 0x00, 0x00, 0x0f, 0xff,
    0xa0, 0x00, 0x00, 0x00, 0x00, 0x0a, 0xff, 0x30,
    0x00, 0x00, 0x00, 0x00, 0x0e, 0xfd, 0x00, 0x00,
    0x00, 0x00, 0x00, 0x5f, 0xf6, 0x00, 0x00, 0x00,
    0x05, 0x55, 0xcf, 0xf1, 0x00, 0x00, 0x00, 0x0f,
    0xff, 0xff, 0x70, 0x00, 0x00, 0x00, 0x0f, 0xff,
    0xd6, 0x00, 0x00, 0x00, 0x00,

    /* U+00FE "þ" */
    0xff, 0xe0, 0x00, 0x00, 0x00, 0x00, 0x0f, 0xfe,
    0x00, 0x00, 0x00, 0x00, 0x00, 0xff, 0xe0, 0x00,
    0x00, 0x00, 0x00, 0x0f, 0xfe, 0x00, 0x00, 0x00,
    0x00, 0x00, 0xff, 0xe0, 0x00, 0x00, 0x00, 0x00,
    0x0f, 0xfe, 0x00, 0x00, 0x00, 0x00, 0x00, 0xff,
    0xe0, 0x3b, 0xef, 0xc6, 0x00, 0x0f, 0xfe, 0x3f,
    0xff, 0xff, 0xf9, 0x00, 0xff, 0xed, 0xa6, 0x7b,
    0xff, 0xf5, 0x0f, 0xff, 0x50, 0x00, 0x08, 0xff,
    0xc0, 0xff, 0xf0, 0x00, 0x00, 0x0f, 0xff, 0x0f,
    0xfe, 0x00, 0x00, 0x00, 0xcf, 0xf3, 0xff, 0xe0,
    0x00, 0x00, 0x0b, 0xff, 0x4f, 0xfe, 0x00, 0x00,
    0x00, 0xbf, 0xf4, 0xff, 0xe0, 0x00, 0x00, 0x0c,
    0xff, 0x3f, 0xff, 0x00, 0x00, 0x00, 0xff, 0xf0,
    0xff, 0xf5, 0x00, 0x00, 0x8f, 0xfc, 0x0f, 0xfe,
    0xda, 0x67, 0xbf, 0xff, 0x50, 0xff, 0xe3, 0xff,
    0xff, 0xff, 0x90, 0x0f, 0xfe, 0x03, 0xbe, 0xfc,
    0x60, 0x00, 0xff, 0xe0, 0x00, 0x00, 0x00, 0x00,
    0x0f, 0xfe, 0x00, 0x00, 0x00, 0x00, 0x00, 0xff,
    0xe0, 0x00, 0x00, 0x00, 0x00, 0x0f, 0xfe, 0x00,
    0x00, 0x00, 0x00, 0x00, 0xff, 0xe0, 0x00, 0x00,
    0x00, 0x00, 0x00,

    /* U+00FF "ÿ" */
    0x00, 0x3d, 0xf8, 0x01, 0xcf, 0xb0, 0x00, 0x00,
    0x8f, 0xff, 0x04, 0xff, 0xf2, 0x00, 0x00, 0x5f,
    0xfc, 0x02, 0xff, 0xf0, 0x00, 0x00, 0x03, 0x40,
    0x00, 0x24, 0x10, 0x00, 0x00, 0x00, 0x00, 0x00,
    0x00, 0x00, 0x00, 0x00, 0x00, 0x00, 0x00, 0x00,
    0x00, 0x00, 0xcf, 0xf2, 0x00, 0x00, 0x00, 0x7f,
    0xf6, 0x6f, 0xf8, 0x00, 0x00, 0x00, 0xdf, 0xf0,
    0x0f, 0xfe, 0x00, 0x00, 0x03, 0xff, 0x90, 0x09,
    0xff, 0x40, 0x00, 0x09, 0xff, 0x30, 0x02, 0xff,
    0xa0, 0x00, 0x0e, 0xfc, 0x00, 0x00, 0xcf, 0xf0,
    0x00, 0x5f, 0xf6, 0x00, 0x00, 0x6f, 0xf6, 0x00,
    0xaf, 0xf0, 0x00, 0x00, 0x0f, 0xfb, 0x00, 0xff,
    0x90, 0x00, 0x00, 0x09, 0xff, 0x16, 0xff, 0x30,
    0x00, 0x00, 0x02, 0xff, 0x7b, 0xfd, 0x00, 0x00,
    0x00, 0x00, 0xcf, 0xef, 0xf6, 0x00, 0x00, 0x00,
    0x00, 0x6f, 0xff, 0xf1, 0x00, 0x00, 0x00, 0x00,
    0x0f, 0xff, 0xa0, 0x00, 0x00, 0x00, 0x00, 0x0a,
    0xff, 0x30, 0x00, 0x00, 0x00, 0x00, 0x0e, 0xfd,
    0x00, 0x00, 0x00, 0x00, 0x00, 0x5f, 0xf6, 0x00,
    0x00, 0x00, 0x05, 0x55, 0xcf, 0xf1, 0x00, 0x00,
    0x00, 0x0f, 0xff, 0xff, 0x70, 0x00, 0x00, 0x00,
    0x0f, 0xff, 0xd6, 0x00, 0x00, 0x00, 0x00,

    /* U+011E "Ğ" */
    0x00, 0x3c, 0x50, 0x00, 0x09, 0xa1, 0x00, 0x06,
    0xfe, 0x10, 0x03, 0xff, 0x20, 0x00, 0x0e, 0xfb,
    0x24, 0xef, 0xa0, 0x00, 0x00, 0x4f, 0xff, 0xff,
    0xe1, 0x00, 0x00, 0x00, 0x3c, 0xfe, 0xa1, 0x00,
    0x00, 0x00, 0x00, 0x00, 0x00, 0x00, 0x00, 0x00,
    0x02, 0x9d, 0xff, 0xd8, 0x10, 0x00, 0x04, 0xff,
    0xff, 0xff, 0xfe, 0x20, 0x02, 0xff, 0xfc, 0x79,
    0xdf, 0xfd, 0x00, 0xaf, 0xf8, 0x00, 0x00, 0xcf,
    0xf6, 0x1f, 0xfe, 0x00, 0x00, 0x02, 0xfe, 0x75,
    0xff, 0x90, 0x00, 0x00, 0x02, 0x00, 0x8f, 0xf6,
    0x00, 0x00, 0x00, 0x00, 0x0a, 0xff, 0x50, 0x00,
    0x00, 0x00, 0x00, 0xbf, 0xf5, 0x00, 0x00, 0x00,
    0x00, 0x0c, 0xff, 0x50, 0x05, 0xff, 0xff, 0xfd,
    0xbf, 0xf5, 0x00, 0x5f, 0xff, 0xff, 0xdb, 0xff,
    0x50, 0x01, 0x33, 0x3d, 0xfd, 0x9f, 0xf7, 0x00,
    0x00, 0x00, 0xdf, 0xd6, 0xff, 0x90, 0x00, 0x00,
    0x0e, 0xfd, 0x2f, 0xfe, 0x00, 0x00, 0x01, 0xff,
    0xd0, 0xdf, 0xf8, 0x00, 0x00, 0xbf, 0xfd, 0x05,
    0xff, 0xfc, 0x78, 0xdc, 0xdf, 0xd0, 0x09, 0xff,
    0xff, 0xff, 0x3d, 0xfd, 0x00, 0x06, 0xcf, 0xeb,
    0x30, 0xdf, 0xd0,

    /* U+011F "ğ" */
    0x00, 0x00, 0x00, 0x00, 0x00, 0x00, 0x00, 0x00,
    0x4c, 0x40, 0x00, 0x0a, 0x91, 0x00, 0x00, 0x7f,
    0xd0, 0x00, 0x4f, 0xf1, 0x00, 0x00, 0x1e, 0xfb,
    0x24, 0xef, 0x90, 0x00, 0x00, 0x05, 0xff, 0xff,
    0xfd, 0x10, 0x00, 0x00, 0x00, 0x4c, 0xfe, 0x90,
    0x00, 0x00, 0x00, 0x00, 0x00, 0x00, 0x00, 0x00,
    0x00, 0x00, 0x00, 0x00, 0x00, 0x00, 0x00, 0x00,
    0x00, 0x03, 0xae, 0xff, 0xff, 0xff, 0xfb, 0x00,
    0x8f, 0xff, 0xff, 0xff, 0xff, 0xfb, 0x04, 0xff,
    0xc3, 0x01, 0x8f, 0xfa, 0x10, 0x0a, 0xff, 0x20,
    0x00, 0x0c, 0xff, 0x00, 0x0b, 0xff, 0x00, 0x00,
    0x0a, 0xff, 0x20, 0x0a, 0xff, 0x20, 0x00, 0x0c,
    0xff, 0x00, 0x04, 0xff, 0xc3, 0x01, 0x8f, 0xfa,
    0x00, 0x00, 0x7f, 0xff, 0xff, 0xff, 0xc1, 0x00,
    0x00, 0x09, 0xfd, 0xfe, 0xc6, 0x00, 0x00, 0x01,
    0xde, 0x10, 0x00, 0x00, 0x00, 0x00, 0x08, 0xfa,
    0x00, 0x00, 0x00, 0x00, 0x00, 0x08, 0xff, 0x97,
    0x77, 0x76, 0x51, 0x00, 0x02, 0xef, 0xff, 0xff,
    0xff, 0xff, 0x80, 0x00, 0x7f, 0xff, 0xff, 0xff,
    0xff, 0xf6, 0x0d, 0xf6, 0x00, 0x00, 0x01, 0x5f,
    0xfb, 0x6f, 0xf1, 0x00, 0x00, 0x00, 0x0e, 0xfc,
    0x6f, 0xfb, 0x31, 0x00, 0x13, 0xaf, 0xf8, 0x0d,
    0xff, 0xff, 0xff, 0xff, 0xff, 0xb0, 0x00, 0x6b,
    0xdf, 0xff, 0xed, 0x94, 0x00,

    /* U+0130 "İ" */
    0x00, 0x00, 0x9f, 0xe4, 0x00, 0x00, 0x00, 0x01,
    0xff, 0xfb, 0x00, 0x00, 0x00, 0x01, 0xff, 0xfa,
    0x00, 0x00, 0x00, 0x00, 0x5a, 0x91, 0x00, 0x00,
    0x00, 0x00, 0x00, 0x00, 0x00, 0x00, 0xef, 0xff,
    0xff, 0xff, 0xff, 0xf8, 0xef, 0xff, 0xff, 0xff,
    0xff, 0xf8, 0x34, 0x44, 0xbf, 0xf7, 0x44, 0x42,
    0x00, 0x00, 0xaf, 0xf4, 0x00, 0x00, 0x00, 0x00,
    0xaf, 0xf4, 0x00, 0x00, 0x00, 0x00, 0xaf, 0xf4,
    0x00, 0x00, 0x00, 0x00, 0xaf, 0xf4, 0x00, 0x00,
    0x00, 0x00, 0xaf, 0xf4, 0x00, 0x00, 0x00, 0x00,
    0xaf, 0xf4, 0x00, 0x00, 0x00, 0x00, 0xaf, 0xf4,
    0x00, 0x00, 0x00, 0x00, 0xaf, 0xf4, 0x00, 0x00,
    0x00, 0x00, 0xaf, 0xf4, 0x00, 0x00, 0x00, 0x00,
    0xaf, 0xf4, 0x00, 0x00, 0x00, 0x00, 0xaf, 0xf4,
    0x00, 0x00, 0x00, 0x00, 0xaf, 0xf4, 0x00, 0x00,
    0x00, 0x00, 0xaf, 0xf4, 0x00, 0x00, 0x34, 0x44,
    0xbf, 0xf7, 0x44, 0x42, 0xef, 0xff, 0xff, 0xff,
    0xff, 0xf8, 0xef, 0xff, 0xff, 0xff, 0xff, 0xf8,

    /* U+0131 "ı" */
    0x6f, 0xff, 0xff, 0xff, 0x00, 0x00, 0x06, 0xff,
    0xff, 0xff, 0xf0, 0x00, 0x00, 0x15, 0x55, 0x5d,
    0xff, 0x00, 0x00, 0x00, 0x00, 0x00, 0xcf, 0xf0,
    0x00, 0x00, 0x00, 0x00, 0x0c, 0xff, 0x00, 0x00,
    0x00, 0x00, 0x00, 0xcf, 0xf0, 0x00, 0x00, 0x00,
    0x00, 0x0c, 0xff, 0x00, 0x00, 0x00, 0x00, 0x00,
    0xcf, 0xf0, 0x00, 0x00, 0x00, 0x00, 0x0c, 0xff,
    0x00, 0x00, 0x00, 0x00, 0x00, 0xcf, 0xf0, 0x00,
    0x00, 0x00, 0x00, 0x0c, 0xff, 0x00, 0x00, 0x01,
    0x55, 0x55, 0xdf, 0xf5, 0x55, 0x51, 0x6f, 0xff,
    0xff, 0xff, 0xff, 0xff, 0x56, 0xff, 0xff, 0xff,
    0xff, 0xff, 0xf5,

    /* U+015E "Ş" */
    0x00, 0x05, 0xae, 0xff, 0xda, 0x40, 0x00, 0x00,
    0xbf, 0xff, 0xff, 0xff, 0xfb, 0x10, 0x09, 0xff,
    0xfa, 0x88, 0xaf, 0xff, 0xc0, 0x0f, 0xff, 0x30,
    0x00, 0x01, 0xcf, 0x40, 0x3f, 0xfc, 0x00, 0x00,
    0x00, 0x03, 0x00, 0x4f, 0xfa, 0x00, 0x00, 0x00,
    0x00, 0x00, 0x2f, 0xfe, 0x00, 0x00, 0x00, 0x00,
    0x00, 0x0e, 0xff, 0xc4, 0x00, 0x00, 0x00, 0x00,
    0x05, 0xff, 0xff, 0xfd, 0xa6, 0x10, 0x00, 0x00,
    0x4e, 0xff, 0xff, 0xff, 0xf6, 0x00, 0x00, 0x00,
    0x47, 0xad, 0xff, 0xff, 0x50, 0x00, 0x00, 0x00,
    0x00, 0x1a, 0xff, 0xe0, 0x00, 0x00, 0x00, 0x00,
    0x00, 0xef, 0xf2, 0x00, 0x00, 0x00, 0x00, 0x00,
    0xbf, 0xf3, 0x07, 0x30, 0x00, 0x00, 0x00, 0xdf,
    0xf2, 0x7f, 0xf5, 0x00, 0x00, 0x06, 0xff, 0xe0,
    0x8f, 0xff, 0xd8, 0x67, 0xbf, 0xff, 0x70, 0x07,
    0xff, 0xff, 0xff, 0xff, 0xfa, 0x00, 0x00, 0x29,
    0xdf, 0xff, 0xeb, 0x50, 0x00, 0x00, 0x00, 0x03,
    0xf3, 0x00, 0x00, 0x00, 0x00, 0x00, 0x04, 0xcb,
    0xb5, 0x00, 0x00, 0x00, 0x00, 0x01, 0x02, 0xff,
    0x00, 0x00, 0x00, 0x00, 0x7f, 0xbc, 0xff, 0x00,
    0x00, 0x00, 0x00, 0x3c, 0xff, 0xc3, 0x00, 0x00,

    /* U+015F "ş" */
    0x00, 0x04, 0xad, 0xff, 0xda, 0x40, 0x00, 0x09,
    0xff, 0xff, 0xff, 0xff, 0xb0, 0x05, 0xff, 0xd6,
    0x34, 0x6c, 0xff, 0x30, 0xaf, 0xf3, 0x00, 0x00,
    0x06, 0x40, 0x0a, 0xff, 0x30, 0x00, 0x00, 0x00,
    0x00, 0x7f, 0xfe, 0x85, 0x20, 0x00, 0x00, 0x00,
    0xbf, 0xff, 0xff, 0xfc, 0x60, 0x00, 0x00, 0x5b,
    0xef, 0xff, 0xff, 0xc0, 0x00, 0x00, 0x00, 0x14,
    0x7e, 0xff, 0x80, 0x00, 0x00, 0x00, 0x00, 0x2f,
    0xfb, 0x06, 0xd2, 0x00, 0x00, 0x03, 0xff, 0xa3,
    0xff, 0xf9, 0x42, 0x36, 0xef, 0xf5, 0x05, 0xff,
    0xff, 0xff, 0xff, 0xfa, 0x00, 0x01, 0x7c, 0xef,
    0xfe, 0xb5, 0x00, 0x00, 0x00, 0x03, 0xf3, 0x00,
    0x00, 0x00, 0x00, 0x00, 0x3b, 0xcb, 0x60, 0x00,
    0x00, 0x00, 0x01, 0x01, 0xff, 0x10, 0x00, 0x00,
    0x07, 0xfb, 0xcf, 0xf0, 0x00, 0x00, 0x00, 0x3b,
    0xff, 0xc3, 0x00, 0x00,

    /* U+2022 "•" */
    0x05, 0xce, 0xea, 0x10, 0x4f, 0xff, 0xff, 0xd0,
    0x9f, 0xff, 0xff, 0xf3, 0xbf, 0xff, 0xff, 0xf4,
    0x9f, 0xff, 0xff, 0xf3, 0x4f, 0xff, 0xff, 0xd0,
    0x06, 0xdf, 0xfb, 0x20
};

/*---------------------
 *  GLYPH DESCRIPTION
 *--------------------*/

static const lv_font_fmt_txt_glyph_dsc_t glyph_dsc[] = {
    {.bitmap_index = 0, .adv_w = 0, .box_w = 0, .box_h = 0, .ofs_x = 0, .ofs_y = 0} /* id = 0 reserved */,
    {.bitmap_index = 0, .adv_w = 250, .box_w = 0, .box_h = 0, .ofs_x = 0, .ofs_y = 0},
    {.bitmap_index = 0, .adv_w = 250, .box_w = 5, .box_h = 19, .ofs_x = 5, .ofs_y = 0},
    {.bitmap_index = 48, .adv_w = 250, .box_w = 9, .box_h = 8, .ofs_x = 3, .ofs_y = 12},
    {.bitmap_index = 84, .adv_w = 250, .box_w = 16, .box_h = 19, .ofs_x = 0, .ofs_y = 0},
    {.bitmap_index = 236, .adv_w = 250, .box_w = 14, .box_h = 25, .ofs_x = 1, .ofs_y = -3},
    {.bitmap_index = 411, .adv_w = 250, .box_w = 16, .box_h = 19, .ofs_x = 0, .ofs_y = 0},
    {.bitmap_index = 563, .adv_w = 250, .box_w = 16, .box_h = 19, .ofs_x = 0, .ofs_y = 0},
    {.bitmap_index = 715, .adv_w = 250, .box_w = 4, .box_h = 8, .ofs_x = 6, .ofs_y = 12},
    {.bitmap_index = 731, .adv_w = 250, .box_w = 10, .box_h = 24, .ofs_x = 4, .ofs_y = -4},
    {.bitmap_index = 851, .adv_w = 250, .box_w = 9, .box_h = 24, .ofs_x = 2, .ofs_y = -4},
    {.bitmap_index = 959, .adv_w = 250, .box_w = 15, .box_h = 14, .ofs_x = 0, .ofs_y = 1},
    {.bitmap_index = 1064, .adv_w = 250, .box_w = 13, .box_h = 13, .ofs_x = 1, .ofs_y = 2},
    {.bitmap_index = 1149, .adv_w = 250, .box_w = 7, .box_h = 8, .ofs_x = 4, .ofs_y = -4},
    {.bitmap_index = 1177, .adv_w = 250, .box_w = 9, .box_h = 3, .ofs_x = 3, .ofs_y = 7},
    {.bitmap_index = 1191, .adv_w = 250, .box_w = 6, .box_h = 5, .ofs_x = 5, .ofs_y = 0},
    {.bitmap_index = 1206, .adv_w = 250, .box_w = 12, .box_h = 24, .ofs_x = 2, .ofs_y = -4},
    {.bitmap_index = 1350, .adv_w = 250, .box_w = 14, .box_h = 19, .ofs_x = 1, .ofs_y = 0},
    {.bitmap_index = 1483, .adv_w = 250, .box_w = 14, .box_h = 19, .ofs_x = 1, .ofs_y = 0},
    {.bitmap_index = 1616, .adv_w = 250, .box_w = 14, .box_h = 19, .ofs_x = 1, .ofs_y = 0},
    {.bitmap_index = 1749, .adv_w = 250, .box_w = 14, .box_h = 19, .ofs_x = 0, .ofs_y = 0},
    {.bitmap_index = 1882, .adv_w = 250, .box_w = 15, .box_h = 19, .ofs_x = 0, .ofs_y = 0},
    {.bitmap_index = 2025, .adv_w = 250, .box_w = 14, .box_h = 19, .ofs_x = 1, .ofs_y = 0},
    {.bitmap_index = 2158, .adv_w = 250, .box_w = 14, .box_h = 19, .ofs_x = 1, .ofs_y = 0},
    {.bitmap_index = 2291, .adv_w = 250, .box_w = 14, .box_h = 19, .ofs_x = 1, .ofs_y = 0},
    {.bitmap_index = 2424, .adv_w = 250, .box_w = 14, .box_h = 19, .ofs_x = 1, .ofs_y = 0},
    {.bitmap_index = 2557, .adv_w = 250, .box_w = 14, .box_h = 19, .ofs_x = 1, .ofs_y = 0},
    {.bitmap_index = 2690, .adv_w = 250, .box_w = 6, .box_h = 14, .ofs_x = 5, .ofs_y = 0},
    {.bitmap_index = 2732, .adv_w = 250, .box_w = 7, .box_h = 18, .ofs_x = 4, .ofs_y = -4},
    {.bitmap_index = 2795, .adv_w = 250, .box_w = 12, .box_h = 16, .ofs_x = 2, .ofs_y = 0},
    {.bitmap_index = 2891, .adv_w = 250, .box_w = 13, .box_h = 8, .ofs_x = 1, .ofs_y = 4},
    {.bitmap_index = 2943, .adv_w = 250, .box_w = 12, .box_h = 16, .ofs_x = 2, .ofs_y = 0},
    {.bitmap_index = 3039, .adv_w = 250, .box_w = 13, .box_h = 19, .ofs_x = 1, .ofs_y = 0},
    {.bitmap_index = 3163, .adv_w = 250, .box_w = 13, .box_h = 22, .ofs_x = 1, .ofs_y = -3},
    {.bitmap_index = 3306, .adv_w = 250, .box_w = 16, .box_h = 19, .ofs_x = 0, .ofs_y = 0},
    {.bitmap_index = 3458, .adv_w = 250, .box_w = 13, .box_h = 19, .ofs_x = 2, .ofs_y = 0},
    {.bitmap_index = 3582, .adv_w = 250, .box_w = 14, .box_h = 19, .ofs_x = 1, .ofs_y = 0},
    {.bitmap_index = 3715, .adv_w = 250, .box_w = 13, .box_h = 19, .ofs_x = 2, .ofs_y = 0},
    {.bitmap_index = 3839, .adv_w = 250, .box_w = 12, .box_h = 19, .ofs_x = 2, .ofs_y = 0},
    {.bitmap_index = 3953, .adv_w = 250, .box_w = 12, .box_h = 19, .ofs_x = 2, .ofs_y = 0},
    {.bitmap_index = 4067, .adv_w = 250, .box_w = 13, .box_h = 19, .ofs_x = 1, .ofs_y = 0},
    {.bitmap_index = 4191, .adv_w = 250, .box_w = 13, .box_h = 19, .ofs_x = 1, .ofs_y = 0},
    {.bitmap_index = 4315, .adv_w = 250, .box_w = 12, .box_h = 19, .ofs_x = 2, .ofs_y = 0},
    {.bitmap_index = 4429, .adv_w = 250, .box_w = 12, .box_h = 19, .ofs_x = 1, .ofs_y = 0},
    {.bitmap_index = 4543, .adv_w = 250, .box_w = 14, .box_h = 19, .ofs_x = 2, .ofs_y = 0},
    {.bitmap_index = 4676, .adv_w = 250, .box_w = 12, .box_h = 19, .ofs_x = 2, .ofs_y = 0},
    {.bitmap_index = 4790, .adv_w = 250, .box_w = 14, .box_h = 19, .ofs_x = 1, .ofs_y = 0},
    {.bitmap_index = 4923, .adv_w = 250, .box_w = 13, .box_h = 19, .ofs_x = 1, .ofs_y = 0},
    {.bitmap_index = 5047, .adv_w = 250, .box_w = 14, .box_h = 19, .ofs_x = 1, .ofs_y = 0},
    {.bitmap_index = 5180, .adv_w = 250, .box_w = 13, .box_h = 19, .ofs_x = 2, .ofs_y = 0},
    {.bitmap_index = 5304, .adv_w = 250, .box_w = 14, .box_h = 24, .ofs_x = 1, .ofs_y = -5},
    {.bitmap_index = 5472, .adv_w = 250, .box_w = 13, .box_h = 19, .ofs_x = 2, .ofs_y = 0},
    {.bitmap_index = 5596, .adv_w = 250, .box_w = 14, .box_h = 19, .ofs_x = 1, .ofs_y = 0},
    {.bitmap_index = 5729, .adv_w = 250, .box_w = 15, .box_h = 19, .ofs_x = 0, .ofs_y = 0},
    {.bitmap_index = 5872, .adv_w = 250, .box_w = 13, .box_h = 19, .ofs_x = 1, .ofs_y = 0},
    {.bitmap_index = 5996, .adv_w = 250, .box_w = 15, .box_h = 19, .ofs_x = 0, .ofs_y = 0},
    {.bitmap_index = 6139, .adv_w = 250, .box_w = 15, .box_h = 19, .ofs_x = 0, .ofs_y = 0},
    {.bitmap_index = 6282, .adv_w = 250, .box_w = 16, .box_h = 19, .ofs_x = 0, .ofs_y = 0},
    {.bitmap_index = 6434, .adv_w = 250, .box_w = 16, .box_h = 19, .ofs_x = 0, .ofs_y = 0},
    {.bitmap_index = 6586, .adv_w = 250, .box_w = 14, .box_h = 19, .ofs_x = 1, .ofs_y = 0},
    {.bitmap_index = 6719, .adv_w = 250, .box_w = 9, .box_h = 24, .ofs_x = 5, .ofs_y = -4},
    {.bitmap_index = 6827, .adv_w = 250, .box_w = 12, .box_h = 24, .ofs_x = 2, .ofs_y = -4},
    {.bitmap_index = 6971, .adv_w = 250, .box_w = 9, .box_h = 24, .ofs_x = 2, .ofs_y = -4},
    {.bitmap_index = 7079, .adv_w = 250, .box_w = 15, .box_h = 12, .ofs_x = 0, .ofs_y = 7},
    {.bitmap_index = 7169, .adv_w = 250, .box_w = 14, .box_h = 3, .ofs_x = 1, .ofs_y = -5},
    {.bitmap_index = 7190, .adv_w = 250, .box_w = 6, .box_h = 6, .ofs_x = 4, .ofs_y = 15},
    {.bitmap_index = 7208, .adv_w = 250, .box_w = 14, .box_h = 14, .ofs_x = 1, .ofs_y = 0},
    {.bitmap_index = 7306, .adv_w = 250, .box_w = 13, .box_h = 20, .ofs_x = 2, .ofs_y = 0},
    {.bitmap_index = 7436, .adv_w = 250, .box_w = 13, .box_h = 14, .ofs_x = 1, .ofs_y = 0},
    {.bitmap_index = 7527, .adv_w = 250, .box_w = 13, .box_h = 20, .ofs_x = 1, .ofs_y = 0},
    {.bitmap_index = 7657, .adv_w = 250, .box_w = 14, .box_h = 14, .ofs_x = 1, .ofs_y = 0},
    {.bitmap_index = 7755, .adv_w = 250, .box_w = 14, .box_h = 20, .ofs_x = 1, .ofs_y = 0},
    {.bitmap_index = 7895, .adv_w = 250, .box_w = 14, .box_h = 22, .ofs_x = 1, .ofs_y = -5},
    {.bitmap_index = 8049, .adv_w = 250, .box_w = 12, .box_h = 20, .ofs_x = 2, .ofs_y = 0},
    {.bitmap_index = 8169, .adv_w = 250, .box_w = 13, .box_h = 20, .ofs_x = 2, .ofs_y = 0},
    {.bitmap_index = 8299, .adv_w = 250, .box_w = 10, .box_h = 25, .ofs_x = 2, .ofs_y = -5},
    {.bitmap_index = 8424, .adv_w = 250, .box_w = 14, .box_h = 20, .ofs_x = 2, .ofs_y = 0},
    {.bitmap_index = 8564, .adv_w = 250, .box_w = 13, .box_h = 20, .ofs_x = 1, .ofs_y = 0},
    {.bitmap_index = 8694, .adv_w = 250, .box_w = 14, .box_h = 14, .ofs_x = 1, .ofs_y = 0},
    {.bitmap_index = 8792, .adv_w = 250, .box_w = 12, .box_h = 14, .ofs_x = 2, .ofs_y = 0},
    {.bitmap_index = 8876, .adv_w = 250, .box_w = 14, .box_h = 14, .ofs_x = 1, .ofs_y = 0},
    {.bitmap_index = 8974, .adv_w = 250, .box_w = 13, .box_h = 19, .ofs_x = 2, .ofs_y = -5},
    {.bitmap_index = 9098, .adv_w = 250, .box_w = 13, .box_h = 19, .ofs_x = 1, .ofs_y = -5},
    {.bitmap_index = 9222, .adv_w = 250, .box_w = 14, .box_h = 14, .ofs_x = 1, .ofs_y = 0},
    {.bitmap_index = 9320, .adv_w = 250, .box_w = 13, .box_h = 14, .ofs_x = 1, .ofs_y = 0},
    {.bitmap_index = 9411, .adv_w = 250, .box_w = 13, .box_h = 19, .ofs_x = 1, .ofs_y = 0},
    {.bitmap_index = 9535, .adv_w = 250, .box_w = 12, .box_h = 14, .ofs_x = 2, .ofs_y = 0},
    {.bitmap_index = 9619, .adv_w = 250, .box_w = 14, .box_h = 14, .ofs_x = 1, .ofs_y = 0},
    {.bitmap_index = 9717, .adv_w = 250, .box_w = 16, .box_h = 14, .ofs_x = 0, .ofs_y = 0},
    {.bitmap_index = 9829, .adv_w = 250, .box_w = 14, .box_h = 14, .ofs_x = 1, .ofs_y = 0},
    {.bitmap_index = 9927, .adv_w = 250, .box_w = 14, .box_h = 19, .ofs_x = 1, .ofs_y = -5},
    {.bitmap_index = 10060, .adv_w = 250, .box_w = 12, .box_h = 14, .ofs_x = 2, .ofs_y = 0},
    {.bitmap_index = 10144, .adv_w = 250, .box_w = 11, .box_h = 24, .ofs_x = 2, .ofs_y = -4},
    {.bitmap_index = 10276, .adv_w = 250, .box_w = 4, .box_h = 24, .ofs_x = 6, .ofs_y = -4},
    {.bitmap_index = 10324, .adv_w = 250, .box_w = 11, .box_h = 24, .ofs_x = 2, .ofs_y = -4},
    {.bitmap_index = 10456, .adv_w = 250, .box_w = 14, .box_h = 7, .ofs_x = 1, .ofs_y = 5},
    {.bitmap_index = 10505, .adv_w = 250, .box_w = 16, .box_h = 26, .ofs_x = 0, .ofs_y = 0},
    {.bitmap_index = 10713, .adv_w = 250, .box_w = 16, .box_h = 26, .ofs_x = 0, .ofs_y = 0},
    {.bitmap_index = 10921, .adv_w = 250, .box_w = 16, .box_h = 25, .ofs_x = 0, .ofs_y = 0},
    {.bitmap_index = 11121, .adv_w = 250, .box_w = 16, .box_h = 24, .ofs_x = 0, .ofs_y = 0},
    {.bitmap_index = 11313, .adv_w = 250, .box_w = 16, .box_h = 24, .ofs_x = 0, .ofs_y = 0},
    {.bitmap_index = 11505, .adv_w = 250, .box_w = 16, .box_h = 26, .ofs_x = 0, .ofs_y = 0},
    {.bitmap_index = 11713, .adv_w = 250, .box_w = 15, .box_h = 19, .ofs_x = 0, .ofs_y = 0},
    {.bitmap_index = 11856, .adv_w = 250, .box_w = 14, .box_h = 24, .ofs_x = 1, .ofs_y = -5},
    {.bitmap_index = 12024, .adv_w = 250, .box_w = 12, .box_h = 26, .ofs_x = 2, .ofs_y = 0},
    {.bitmap_index = 12180, .adv_w = 250, .box_w = 12, .box_h = 26, .ofs_x = 2, .ofs_y = 0},
    {.bitmap_index = 12336, .adv_w = 250, .box_w = 12, .box_h = 25, .ofs_x = 2, .ofs_y = 0},
    {.bitmap_index = 12486, .adv_w = 250, .box_w = 12, .box_h = 24, .ofs_x = 2, .ofs_y = 0},
    {.bitmap_index = 12630, .adv_w = 250, .box_w = 12, .box_h = 26, .ofs_x = 2, .ofs_y = 0},
    {.bitmap_index = 12786, .adv_w = 250, .box_w = 12, .box_h = 26, .ofs_x = 2, .ofs_y = 0},
    {.bitmap_index = 12942, .adv_w = 250, .box_w = 12, .box_h = 25, .ofs_x = 2, .ofs_y = 0},
    {.bitmap_index = 13092, .adv_w = 250, .box_w = 12, .box_h = 24, .ofs_x = 2, .ofs_y = 0},
    {.bitmap_index = 13236, .adv_w = 250, .box_w = 15, .box_h = 19, .ofs_x = 0, .ofs_y = 0},
    {.bitmap_index = 13379, .adv_w = 250, .box_w = 13, .box_h = 24, .ofs_x = 1, .ofs_y = 0},
    {.bitmap_index = 13535, .adv_w = 250, .box_w = 14, .box_h = 26, .ofs_x = 1, .ofs_y = 0},
    {.bitmap_index = 13717, .adv_w = 250, .box_w = 14, .box_h = 26, .ofs_x = 1, .ofs_y = 0},
    {.bitmap_index = 13899, .adv_w = 250, .box_w = 14, .box_h = 26, .ofs_x = 1, .ofs_y = 0},
    {.bitmap_index = 14081, .adv_w = 250, .box_w = 14, .box_h = 25, .ofs_x = 1, .ofs_y = 0},
    {.bitmap_index = 14256, .adv_w = 250, .box_w = 14, .box_h = 25, .ofs_x = 1, .ofs_y = 0},
    {.bitmap_index = 14431, .adv_w = 250, .box_w = 12, .box_h = 12, .ofs_x = 2, .ofs_y = 2},
    {.bitmap_index = 14503, .adv_w = 250, .box_w = 15, .box_h = 23, .ofs_x = 0, .ofs_y = -2},
    {.bitmap_index = 14676, .adv_w = 250, .box_w = 13, .box_h = 26, .ofs_x = 1, .ofs_y = 0},
    {.bitmap_index = 14845, .adv_w = 250, .box_w = 13, .box_h = 26, .ofs_x = 1, .ofs_y = 0},
    {.bitmap_index = 15014, .adv_w = 250, .box_w = 13, .box_h = 26, .ofs_x = 1, .ofs_y = 0},
    {.bitmap_index = 15183, .adv_w = 250, .box_w = 13, .box_h = 25, .ofs_x = 1, .ofs_y = 0},
    {.bitmap_index = 15346, .adv_w = 250, .box_w = 16, .box_h = 26, .ofs_x = 0, .ofs_y = 0},
    {.bitmap_index = 15554, .adv_w = 250, .box_w = 13, .box_h = 19, .ofs_x = 2, .ofs_y = 0},
    {.bitmap_index = 15678, .adv_w = 250, .box_w = 13, .box_h = 25, .ofs_x = 2, .ofs_y = -5},
    {.bitmap_index = 15841, .adv_w = 250, .box_w = 14, .box_h = 21, .ofs_x = 1, .ofs_y = 0},
    {.bitmap_index = 15988, .adv_w = 250, .box_w = 14, .box_h = 21, .ofs_x = 1, .ofs_y = 0},
    {.bitmap_index = 16135, .adv_w = 250, .box_w = 14, .box_h = 21, .ofs_x = 1, .ofs_y = 0},
    {.bitmap_index = 16282, .adv_w = 250, .box_w = 14, .box_h = 20, .ofs_x = 1, .ofs_y = 0},
    {.bitmap_index = 16422, .adv_w = 250, .box_w = 14, .box_h = 20, .ofs_x = 1, .ofs_y = 0},
    {.bitmap_index = 16562, .adv_w = 250, .box_w = 14, .box_h = 22, .ofs_x = 1, .ofs_y = 0},
    {.bitmap_index = 16716, .adv_w = 250, .box_w = 16, .box_h = 14, .ofs_x = 0, .ofs_y = 0},
    {.bitmap_index = 16828, .adv_w = 250, .box_w = 13, .box_h = 19, .ofs_x = 1, .ofs_y = -5},
    {.bitmap_index = 16952, .adv_w = 250, .box_w = 14, .box_h = 21, .ofs_x = 1, .ofs_y = 0},
    {.bitmap_index = 17099, .adv_w = 250, .box_w = 14, .box_h = 21, .ofs_x = 1, .ofs_y = 0},
    {.bitmap_index = 17246, .adv_w = 250, .box_w = 14, .box_h = 21, .ofs_x = 1, .ofs_y = 0},
    {.bitmap_index = 17393, .adv_w = 250, .box_w = 14, .box_h = 20, .ofs_x = 1, .ofs_y = 0},
    {.bitmap_index = 17533, .adv_w = 250, .box_w = 13, .box_h = 22, .ofs_x = 2, .ofs_y = 0},
    {.bitmap_index = 17676, .adv_w = 250, .box_w = 13, .box_h = 22, .ofs_x = 2, .ofs_y = 0},
    {.bitmap_index = 17819, .adv_w = 250, .box_w = 13, .box_h = 21, .ofs_x = 2, .ofs_y = 0},
    {.bitmap_index = 17956, .adv_w = 250, .box_w = 13, .box_h = 20, .ofs_x = 2, .ofs_y = 0},
    {.bitmap_index = 18086, .adv_w = 250, .box_w = 14, .box_h = 21, .ofs_x = 1, .ofs_y = 0},
    {.bitmap_index = 18233, .adv_w = 250, .box_w = 12, .box_h = 20, .ofs_x = 2, .ofs_y = 0},
    {.bitmap_index = 18353, .adv_w = 250, .box_w = 14, .box_h = 21, .ofs_x = 1, .ofs_y = 0},
    {.bitmap_index = 18500, .adv_w = 250, .box_w = 14, .box_h = 21, .ofs_x = 1, .ofs_y = 0},
    {.bitmap_index = 18647, .adv_w = 250, .box_w = 14, .box_h = 21, .ofs_x = 1, .ofs_y = 0},
    {.bitmap_index = 18794, .adv_w = 250, .box_w = 14, .box_h = 20, .ofs_x = 1, .ofs_y = 0},
    {.bitmap_index = 18934, .adv_w = 250, .box_w = 14, .box_h = 20, .ofs_x = 1, .ofs_y = 0},
    {.bitmap_index = 19074, .adv_w = 250, .box_w = 13, .box_h = 14, .ofs_x = 1, .ofs_y = 1},
    {.bitmap_index = 19165, .adv_w = 250, .box_w = 15, .box_h = 16, .ofs_x = 0, .ofs_y = -1},
    {.bitmap_index = 19285, .adv_w = 250, .box_w = 12, .box_h = 22, .ofs_x = 2, .ofs_y = 0},
    {.bitmap_index = 19417, .adv_w = 250, .box_w = 12, .box_h = 22, .ofs_x = 2, .ofs_y = 0},
    {.bitmap_index = 19549, .adv_w = 250, .box_w = 12, .box_h = 21, .ofs_x = 2, .ofs_y = 0},
    {.bitmap_index = 19675, .adv_w = 250, .box_w = 12, .box_h = 20, .ofs_x = 2, .ofs_y = 0},
    {.bitmap_index = 19795, .adv_w = 250, .box_w = 14, .box_h = 27, .ofs_x = 1, .ofs_y = -5},
    {.bitmap_index = 19984, .adv_w = 250, .box_w = 13, .box_h = 25, .ofs_x = 2, .ofs_y = -5},
    {.bitmap_index = 20147, .adv_w = 250, .box_w = 14, .box_h = 25, .ofs_x = 1, .ofs_y = -5},
    {.bitmap_index = 20322, .adv_w = 250, .box_w = 13, .box_h = 25, .ofs_x = 1, .ofs_y = 0},
    {.bitmap_index = 20485, .adv_w = 250, .box_w = 14, .box_h = 27, .ofs_x = 1, .ofs_y = -5},
    {.bitmap_index = 20674, .adv_w = 250, .box_w = 12, .box_h = 24, .ofs_x = 2, .ofs_y = 0},
    {.bitmap_index = 20818, .adv_w = 250, .box_w = 13, .box_h = 14, .ofs_x = 2, .ofs_y = 0},
    {.bitmap_index = 20909, .adv_w = 250, .box_w = 14, .box_h = 24, .ofs_x = 1, .ofs_y = -5},
    {.bitmap_index = 21077, .adv_w = 250, .box_w = 13, .box_h = 19, .ofs_x = 1, .ofs_y = -5},
    {.bitmap_index = 21201, .adv_w = 250, .box_w = 8, .box_h = 7, .ofs_x = 4, .ofs_y = 5}
};

/*---------------------
 *  CHARACTER MAPPING
 *--------------------*/

static const uint16_t unicode_list_2[] = {
    0x00, 0x01, 0x12, 0x13, 0x40, 0x41, 0x1f04
};

/*Collect the unicode lists and glyph_id offsets*/
static const lv_font_fmt_txt_cmap_t cmaps[] =
{
    {
        .range_start = 32, .range_length = 95, .glyph_id_start = 1,
        .unicode_list = NULL, .glyph_id_ofs_list = NULL, .list_length = 0, .type = LV_FONT_FMT_TXT_CMAP_FORMAT0_TINY
    },
    {
        .range_start = 192, .range_length = 64, .glyph_id_start = 96,
        .unicode_list = NULL, .glyph_id_ofs_list = NULL, .list_length = 0, .type = LV_FONT_FMT_TXT_CMAP_FORMAT0_TINY
    },
    {
        .range_start = 286, .range_length = 7941, .glyph_id_start = 160,
        .unicode_list = unicode_list_2, .glyph_id_ofs_list = NULL, .list_length = 7, .type = LV_FONT_FMT_TXT_CMAP_SPARSE_TINY
    }
};



/*--------------------
 *  ALL CUSTOM DATA
 *--------------------*/

#if LVGL_VERSION_MAJOR == 8
/*Store all the custom data of the font*/
static  lv_font_fmt_txt_glyph_cache_t cache;
#endif

#if LVGL_VERSION_MAJOR >= 8
static const lv_font_fmt_txt_dsc_t font_dsc = {
#else
static lv_font_fmt_txt_dsc_t font_dsc = {
#endif
    .glyph_bitmap = glyph_bitmap,
    .glyph_dsc = glyph_dsc,
    .cmaps = cmaps,
    .kern_dsc = NULL,
    .kern_scale = 0,
    .cmap_num = 3,
    .bpp = 4,
    .kern_classes = 0,
    .bitmap_format = 0,
#if LVGL_VERSION_MAJOR == 8
    .cache = &cache
#endif

};



/*-----------------
 *  PUBLIC FONT
 *----------------*/

/*Initialize a public general font descriptor*/
#if LVGL_VERSION_MAJOR >= 8
const lv_font_t mono_26_data = {
#else
lv_font_t mono_26_data = {
#endif
    .get_glyph_dsc = lv_font_get_glyph_dsc_fmt_txt,    /*Function pointer to get glyph's data*/
    .get_glyph_bitmap = lv_font_get_bitmap_fmt_txt,    /*Function pointer to get glyph's bitmap*/
    .line_height = 31,          /*The maximum line height required by the font*/
    .base_line = 5,             /*Baseline measured from the bottom of the line*/
#if LV_VERSION_CHECK(9, 6, 0) || LVGL_VERSION_MAJOR >= 10
    .cap_height = 18,           /*Cap height of the font*/
    .x_height = 13,               /*x-height of the font*/
#endif
#if !(LVGL_VERSION_MAJOR == 6 && LVGL_VERSION_MINOR == 0)
    .subpx = LV_FONT_SUBPX_NONE,
#endif
#if LV_VERSION_CHECK(7, 4, 0) || LVGL_VERSION_MAJOR >= 8
    .underline_position = -3,
    .underline_thickness = 2,
#endif

#if LV_VERSION_CHECK(9, 3, 0)
    .static_bitmap = 1,    /*Bitmaps are stored as const so they are always static if not compressed */
#endif

    .dsc = &font_dsc,          /*The custom font data. Will be accessed by `get_glyph_bitmap/dsc` */
#if LV_VERSION_CHECK(8, 2, 0) || LVGL_VERSION_MAJOR >= 9
    .fallback = NULL,
#endif
    .user_data = NULL,
};



#endif /*#if MONO_26_DATA*/
